[dotenv@17.3.1] injecting env (15) from .env.local -- tip: ⚙️  load multiple .env files with { path: ['.env.local', '.env'] }
✅ All required environment variables present: [ 'JWT_SECRET' ]
[IdentityRegistry] Authority Layer Loaded: 19747 locked identities.
[DB] Connecting to URI: mongodb://localhost:27017/cei_v2
{"level":"INFO","timestamp":"2026-04-26T18:38:09.042Z","service":"cei-backend","env":"development","message":"[Scheduler] All jobs registered.","jobs":["weekly-anomaly-scan","monthly-integrity-recompute","freeze-window-check","daily-report-processing","weekly-placement-scan","monthly-full-verification","rebuild-ranking-caches","rebuild-page-caches","sync-meilisearch-index"]}

[36m[1m================================================================[0m
[35m[1m   ✨ CEI CORE INTELLIGENCE ENGINE ONLINE ✨[0m
[36m[1m================================================================[0m

  [1m🚀 API Base URL     :[0m [34mhttp://localhost:4000[0m
  [1m🌍 Environment      :[0m [36mdevelopment[0m
  [1m🛡️  Maintenance Mode :[0m [32mInactive (Healthy)[0m

[36m[1m================================================================[0m

[32mReady to accept connections...[0m

⚠️  Redis connection closed.
MongoDB Connected: localhost/cei_v2
[Startup] Triggering High-Density GZIP Hydration...
{"level":"INFO","timestamp":"2026-04-26T18:38:17.732Z","service":"cei-backend","env":"development","message":"[DataStore] Loaded 145 core institutions."}
[IdentityResolver] Batch 1 Registry loaded. 1098 unique resolution targets indexed.
{"level":"WARN","timestamp":"2026-04-26T18:38:19.635Z","service":"cei-backend","env":"development","message":"[DataStore] Unresolved truth row: Indian Institute of Technology BHU"}
{"level":"WARN","timestamp":"2026-04-26T18:38:19.647Z","service":"cei-backend","env":"development","message":"[DataStore] Unresolved truth row: Indian Institute of Technology Dhanbad"}
{"level":"WARN","timestamp":"2026-04-26T18:38:19.648Z","service":"cei-backend","env":"development","message":"[DataStore] Unresolved truth row: Indian Institute of Management Shillong"}
{"level":"WARN","timestamp":"2026-04-26T18:38:19.649Z","service":"cei-backend","env":"development","message":"[DataStore] Unresolved truth row: Indian Institute of Management Rohtak"}
{"level":"WARN","timestamp":"2026-04-26T18:38:19.649Z","service":"cei-backend","env":"development","message":"[DataStore] Unresolved truth row: Indian Institute of Management Ranchi"}
{"level":"WARN","timestamp":"2026-04-26T18:38:19.650Z","service":"cei-backend","env":"development","message":"[DataStore] Unresolved truth row: Indian Institute of Management Raipur"}
{"level":"WARN","timestamp":"2026-04-26T18:38:19.651Z","service":"cei-backend","env":"development","message":"[DataStore] Unresolved truth row: Indian Institute of Management Tiruchirappalli"}
{"level":"WARN","timestamp":"2026-04-26T18:38:19.651Z","service":"cei-backend","env":"development","message":"[DataStore] Unresolved truth row: Indian Institute of Management Kashipur"}
{"level":"WARN","timestamp":"2026-04-26T18:38:19.652Z","service":"cei-backend","env":"development","message":"[DataStore] Unresolved truth row: Indian Institute of Management Udaipur"}
{"level":"INFO","timestamp":"2026-04-26T18:38:20.245Z","service":"cei-backend","env":"development","message":"[DataStore] Canonicalized truth rows: 168129 resolved, 19680 unresolved."}
{"level":"INFO","timestamp":"2026-04-26T18:38:20.272Z","service":"cei-backend","env":"development","message":"[DataStore] Loaded 608 verified fields."}
{"level":"INFO","timestamp":"2026-04-26T18:38:20.277Z","service":"cei-backend","env":"development","message":"[DataStore] Loaded 606 evidence records."}
{"level":"INFO","timestamp":"2026-04-26T18:38:22.761Z","service":"cei-backend","env":"development","message":"[DataStore] Ingestion Complete: Loaded 67294 institutes in 5036ms."}
[Startup] Hydration Complete! Records: 67294
::1 - - [26/Apr/2026:18:38:23 +0000] "GET /api/colleges?authority=JOSAA HTTP/1.1" 200 - "-" "axios/1.13.4"
{"level":"INFO","timestamp":"2026-04-26T18:38:23.418Z","service":"cei-backend","env":"development","message":"HTTP Request","requestId":"05e2c0d4-300a-47b5-827f-e6edf92167a7","method":"GET","route":"/api/colleges?authority=JOSAA","status":200,"durationMs":649,"ip":"::1","userAgent":"axios/1.13.4","apiKey":"anon"}
::1 - - [26/Apr/2026:18:38:34 +0000] "GET /api/colleges?authority=STATE&state=UNKNOWN HTTP/1.1" 200 - "-" "axios/1.13.4"
{"level":"INFO","timestamp":"2026-04-26T18:38:34.365Z","service":"cei-backend","env":"development","message":"HTTP Request","requestId":"ab4b4810-878d-45b7-b6ac-b761f0f1d17d","method":"GET","route":"/api/colleges?authority=STATE&state=UNKNOWN","status":200,"durationMs":477,"ip":"::1","userAgent":"axios/1.13.4","apiKey":"anon"}
::1 - - [26/Apr/2026:18:38:34 +0000] "GET /api/colleges?authority=STATE&state=UNKNOWN HTTP/1.1" 200 - "-" "axios/1.13.4"
{"level":"INFO","timestamp":"2026-04-26T18:38:34.538Z","service":"cei-backend","env":"development","message":"HTTP Request","requestId":"221d165b-c68c-422f-bed1-a3848453b311","method":"GET","route":"/api/colleges?authority=STATE&state=UNKNOWN","status":200,"durationMs":112,"ip":"::1","userAgent":"axios/1.13.4","apiKey":"anon"}
::1 - - [26/Apr/2026:18:38:34 +0000] "GET /api/colleges?authority=STATE&state=Punjab HTTP/1.1" 200 - "-" "axios/1.13.4"
{"level":"INFO","timestamp":"2026-04-26T18:38:34.919Z","service":"cei-backend","env":"development","message":"HTTP Request","requestId":"b2645421-cf16-49a5-99f3-930a7918e86d","method":"GET","route":"/api/colleges?authority=STATE&state=Punjab","status":200,"durationMs":321,"ip":"::1","userAgent":"axios/1.13.4","apiKey":"anon"}
::1 - - [26/Apr/2026:18:38:35 +0000] "GET /api/colleges?authority=STATE&state=Tamil%20Nadu HTTP/1.1" 200 - "-" "axios/1.13.4"
{"level":"INFO","timestamp":"2026-04-26T18:38:35.368Z","service":"cei-backend","env":"development","message":"HTTP Request","requestId":"117a77b4-531d-4cd0-9727-d07efe35abd5","method":"GET","route":"/api/colleges?authority=STATE&state=Tamil%20Nadu","status":200,"durationMs":398,"ip":"::1","userAgent":"axios/1.13.4","apiKey":"anon"}
::1 - - [26/Apr/2026:18:38:35 +0000] "GET /api/colleges?authority=STATE&state=UNKNOWN HTTP/1.1" 200 - "-" "axios/1.13.4"
{"level":"INFO","timestamp":"2026-04-26T18:38:35.534Z","service":"cei-backend","env":"development","message":"HTTP Request","requestId":"70686e56-4b3e-4782-9198-095d3402bc21","method":"GET","route":"/api/colleges?authority=STATE&state=UNKNOWN","status":200,"durationMs":112,"ip":"::1","userAgent":"axios/1.13.4","apiKey":"anon"}
::1 - - [26/Apr/2026:18:38:36 +0000] "GET /api/colleges?authority=STATE&state=West%20Bengal HTTP/1.1" 200 - "-" "axios/1.13.4"
{"level":"INFO","timestamp":"2026-04-26T18:38:36.006Z","service":"cei-backend","env":"development","message":"HTTP Request","requestId":"67cb99fc-763a-4488-8fb5-5dbeca006183","method":"GET","route":"/api/colleges?authority=STATE&state=West%20Bengal","status":200,"durationMs":411,"ip":"::1","userAgent":"axios/1.13.4","apiKey":"anon"}
::1 - - [26/Apr/2026:18:38:36 +0000] "GET /api/colleges?authority=STATE&state=UNKNOWN HTTP/1.1" 200 - "-" "axios/1.13.4"
{"level":"INFO","timestamp":"2026-04-26T18:38:36.173Z","service":"cei-backend","env":"development","message":"HTTP Request","requestId":"4df81db3-e697-4637-9388-8d10e91c4abc","method":"GET","route":"/api/colleges?authority=STATE&state=UNKNOWN","status":200,"durationMs":110,"ip":"::1","userAgent":"axios/1.13.4","apiKey":"anon"}
::1 - - [26/Apr/2026:18:38:36 +0000] "GET /api/colleges?authority=STATE&state=UNKNOWN HTTP/1.1" 200 - "-" "axios/1.13.4"
{"level":"INFO","timestamp":"2026-04-26T18:38:36.360Z","service":"cei-backend","env":"development","message":"HTTP Request","requestId":"aa2f1935-92ab-4593-a9dc-bdd221eb5458","method":"GET","route":"/api/colleges?authority=STATE&state=UNKNOWN","status":200,"durationMs":126,"ip":"::1","userAgent":"axios/1.13.4","apiKey":"anon"}
::1 - - [26/Apr/2026:18:38:36 +0000] "GET /api/colleges?authority=STATE&state=UNKNOWN HTTP/1.1" 200 - "-" "axios/1.13.4"
{"level":"INFO","timestamp":"2026-04-26T18:38:36.530Z","service":"cei-backend","env":"development","message":"HTTP Request","requestId":"f0c39d76-c302-46a9-aca0-723c1b9725d2","method":"GET","route":"/api/colleges?authority=STATE&state=UNKNOWN","status":200,"durationMs":110,"ip":"::1","userAgent":"axios/1.13.4","apiKey":"anon"}
::1 - - [26/Apr/2026:18:38:36 +0000] "GET /api/colleges?authority=STATE&state=Karnataka HTTP/1.1" 200 - "-" "axios/1.13.4"
{"level":"INFO","timestamp":"2026-04-26T18:38:36.985Z","service":"cei-backend","env":"development","message":"HTTP Request","requestId":"e4f37489-a8bb-409d-82a5-0f240e187a86","method":"GET","route":"/api/colleges?authority=STATE&state=Karnataka","status":200,"durationMs":394,"ip":"::1","userAgent":"axios/1.13.4","apiKey":"anon"}
::1 - - [26/Apr/2026:18:38:37 +0000] "GET /api/colleges?authority=STATE&state=Maharashtra HTTP/1.1" 200 - "-" "axios/1.13.4"
{"level":"INFO","timestamp":"2026-04-26T18:38:37.520Z","service":"cei-backend","env":"development","message":"HTTP Request","requestId":"ea3259dc-6f65-4acc-9c03-bafc571871cb","method":"GET","route":"/api/colleges?authority=STATE&state=Maharashtra","status":200,"durationMs":477,"ip":"::1","userAgent":"axios/1.13.4","apiKey":"anon"}
::1 - - [26/Apr/2026:18:38:37 +0000] "GET /api/colleges?authority=STATE&state=UNKNOWN HTTP/1.1" 200 - "-" "axios/1.13.4"
{"level":"INFO","timestamp":"2026-04-26T18:38:37.685Z","service":"cei-backend","env":"development","message":"HTTP Request","requestId":"99e36776-3f6b-40cf-8085-d8a2d1b5124d","method":"GET","route":"/api/colleges?authority=STATE&state=UNKNOWN","status":200,"durationMs":112,"ip":"::1","userAgent":"axios/1.13.4","apiKey":"anon"}
::1 - - [26/Apr/2026:18:38:37 +0000] "GET /api/colleges?authority=STATE&state=West%20Bengal HTTP/1.1" 200 - "-" "axios/1.13.4"
{"level":"INFO","timestamp":"2026-04-26T18:38:37.854Z","service":"cei-backend","env":"development","message":"HTTP Request","requestId":"91fd6e22-cdaa-49ca-98f6-bfc92bd8a100","method":"GET","route":"/api/colleges?authority=STATE&state=West%20Bengal","status":200,"durationMs":110,"ip":"::1","userAgent":"axios/1.13.4","apiKey":"anon"}
::1 - - [26/Apr/2026:18:38:38 +0000] "GET /api/colleges?authority=STATE&state=UNKNOWN HTTP/1.1" 200 - "-" "axios/1.13.4"
{"level":"INFO","timestamp":"2026-04-26T18:38:38.014Z","service":"cei-backend","env":"development","message":"HTTP Request","requestId":"f74bb40a-97a5-40ee-aafe-8ffb1bdb48d1","method":"GET","route":"/api/colleges?authority=STATE&state=UNKNOWN","status":200,"durationMs":99,"ip":"::1","userAgent":"axios/1.13.4","apiKey":"anon"}
::1 - - [26/Apr/2026:18:38:38 +0000] "GET /api/colleges?authority=STATE&state=UNKNOWN HTTP/1.1" 200 - "-" "axios/1.13.4"
{"level":"INFO","timestamp":"2026-04-26T18:38:38.185Z","service":"cei-backend","env":"development","message":"HTTP Request","requestId":"f55f26ed-b92e-4a6a-bde1-f65960350ec6","method":"GET","route":"/api/colleges?authority=STATE&state=UNKNOWN","status":200,"durationMs":114,"ip":"::1","userAgent":"axios/1.13.4","apiKey":"anon"}
::1 - - [26/Apr/2026:18:38:38 +0000] "GET /api/colleges?authority=STATE&state=UNKNOWN HTTP/1.1" 200 - "-" "axios/1.13.4"
{"level":"INFO","timestamp":"2026-04-26T18:38:38.358Z","service":"cei-backend","env":"development","message":"HTTP Request","requestId":"530803f2-75e9-4824-9f8d-a2d06014c98c","method":"GET","route":"/api/colleges?authority=STATE&state=UNKNOWN","status":200,"durationMs":113,"ip":"::1","userAgent":"axios/1.13.4","apiKey":"anon"}
::1 - - [26/Apr/2026:18:38:38 +0000] "GET /api/colleges?authority=STATE&state=UNKNOWN HTTP/1.1" 200 - "-" "axios/1.13.4"
{"level":"INFO","timestamp":"2026-04-26T18:38:38.537Z","service":"cei-backend","env":"development","message":"HTTP Request","requestId":"b57af3f0-3bc7-4016-a0ab-114dc46c70e0","method":"GET","route":"/api/colleges?authority=STATE&state=UNKNOWN","status":200,"durationMs":121,"ip":"::1","userAgent":"axios/1.13.4","apiKey":"anon"}
::1 - - [26/Apr/2026:18:38:38 +0000] "GET /api/colleges?authority=STATE&state=UNKNOWN HTTP/1.1" 200 - "-" "axios/1.13.4"
{"level":"INFO","timestamp":"2026-04-26T18:38:38.699Z","service":"cei-backend","env":"development","message":"HTTP Request","requestId":"996e58ee-cbf7-421a-a9c9-b99086ac16c3","method":"GET","route":"/api/colleges?authority=STATE&state=UNKNOWN","status":200,"durationMs":112,"ip":"::1","userAgent":"axios/1.13.4","apiKey":"anon"}
::1 - - [26/Apr/2026:18:38:38 +0000] "GET /api/colleges?authority=STATE&state=Maharashtra HTTP/1.1" 200 - "-" "axios/1.13.4"
{"level":"INFO","timestamp":"2026-04-26T18:38:38.867Z","service":"cei-backend","env":"development","message":"HTTP Request","requestId":"f56e5cfd-24dc-4bbc-8377-4e2ab2eb17cc","method":"GET","route":"/api/colleges?authority=STATE&state=Maharashtra","status":200,"durationMs":109,"ip":"::1","userAgent":"axios/1.13.4","apiKey":"anon"}
::1 - - [26/Apr/2026:18:38:39 +0000] "GET /api/colleges?authority=STATE&state=UNKNOWN HTTP/1.1" 200 - "-" "axios/1.13.4"
{"level":"INFO","timestamp":"2026-04-26T18:38:39.036Z","service":"cei-backend","env":"development","message":"HTTP Request","requestId":"7ce0b8a1-55b4-4563-b846-9fa86f097d44","method":"GET","route":"/api/colleges?authority=STATE&state=UNKNOWN","status":200,"durationMs":108,"ip":"::1","userAgent":"axios/1.13.4","apiKey":"anon"}
::1 - - [26/Apr/2026:18:38:39 +0000] "GET /api/colleges?authority=STATE&state=UNKNOWN HTTP/1.1" 200 - "-" "axios/1.13.4"
{"level":"INFO","timestamp":"2026-04-26T18:38:39.212Z","service":"cei-backend","env":"development","message":"HTTP Request","requestId":"4871703e-b066-4a55-8616-f003ce1c33db","method":"GET","route":"/api/colleges?authority=STATE&state=UNKNOWN","status":200,"durationMs":114,"ip":"::1","userAgent":"axios/1.13.4","apiKey":"anon"}
::1 - - [26/Apr/2026:18:38:39 +0000] "GET /api/colleges?authority=STATE&state=Telangana HTTP/1.1" 200 - "-" "axios/1.13.4"
{"level":"INFO","timestamp":"2026-04-26T18:38:39.688Z","service":"cei-backend","env":"development","message":"HTTP Request","requestId":"4c41e273-629f-405f-a53c-6a685f6857b7","method":"GET","route":"/api/colleges?authority=STATE&state=Telangana","status":200,"durationMs":418,"ip":"::1","userAgent":"axios/1.13.4","apiKey":"anon"}
::1 - - [26/Apr/2026:18:38:40 +0000] "GET /api/colleges?authority=STATE&state=Chhattisgarh HTTP/1.1" 200 - "-" "axios/1.13.4"
{"level":"INFO","timestamp":"2026-04-26T18:38:40.136Z","service":"cei-backend","env":"development","message":"HTTP Request","requestId":"203b37b0-5e59-43da-9876-cc04a73ab6b6","method":"GET","route":"/api/colleges?authority=STATE&state=Chhattisgarh","status":200,"durationMs":394,"ip":"::1","userAgent":"axios/1.13.4","apiKey":"anon"}
::1 - - [26/Apr/2026:18:38:40 +0000] "GET /api/colleges?authority=STATE&state=Odisha HTTP/1.1" 200 - "-" "axios/1.13.4"
{"level":"INFO","timestamp":"2026-04-26T18:38:40.586Z","service":"cei-backend","env":"development","message":"HTTP Request","requestId":"e9b06447-b2ca-4c89-8a7a-71552931fffb","method":"GET","route":"/api/colleges?authority=STATE&state=Odisha","status":200,"durationMs":395,"ip":"::1","userAgent":"axios/1.13.4","apiKey":"anon"}
::1 - - [26/Apr/2026:18:38:40 +0000] "GET /api/colleges?authority=STATE&state=UNKNOWN HTTP/1.1" 200 - "-" "axios/1.13.4"
{"level":"INFO","timestamp":"2026-04-26T18:38:40.757Z","service":"cei-backend","env":"development","message":"HTTP Request","requestId":"98e46199-13a7-4f11-a19a-6a38638af234","method":"GET","route":"/api/colleges?authority=STATE&state=UNKNOWN","status":200,"durationMs":113,"ip":"::1","userAgent":"axios/1.13.4","apiKey":"anon"}
::1 - - [26/Apr/2026:18:38:40 +0000] "GET /api/colleges?authority=STATE&state=UNKNOWN HTTP/1.1" 200 - "-" "axios/1.13.4"
{"level":"INFO","timestamp":"2026-04-26T18:38:40.936Z","service":"cei-backend","env":"development","message":"HTTP Request","requestId":"3e257f1e-19d4-46e6-9200-1ac525e85576","method":"GET","route":"/api/colleges?authority=STATE&state=UNKNOWN","status":200,"durationMs":120,"ip":"::1","userAgent":"axios/1.13.4","apiKey":"anon"}
::1 - - [26/Apr/2026:18:38:41 +0000] "GET /api/colleges?authority=STATE&state=UNKNOWN HTTP/1.1" 200 - "-" "axios/1.13.4"
{"level":"INFO","timestamp":"2026-04-26T18:38:41.108Z","service":"cei-backend","env":"development","message":"HTTP Request","requestId":"5449d372-f86b-4448-97cc-4f6de860abdc","method":"GET","route":"/api/colleges?authority=STATE&state=UNKNOWN","status":200,"durationMs":121,"ip":"::1","userAgent":"axios/1.13.4","apiKey":"anon"}
::1 - - [26/Apr/2026:18:38:41 +0000] "GET /api/colleges?authority=STATE&state=Uttar%20Pradesh HTTP/1.1" 200 - "-" "axios/1.13.4"
{"level":"INFO","timestamp":"2026-04-26T18:38:41.595Z","service":"cei-backend","env":"development","message":"HTTP Request","requestId":"371e3a17-2110-431a-a2c6-4a0dc2650fde","method":"GET","route":"/api/colleges?authority=STATE&state=Uttar%20Pradesh","status":200,"durationMs":434,"ip":"::1","userAgent":"axios/1.13.4","apiKey":"anon"}
::1 - - [26/Apr/2026:18:38:41 +0000] "GET /api/colleges?authority=STATE&state=Uttar%20Pradesh HTTP/1.1" 200 - "-" "axios/1.13.4"
{"level":"INFO","timestamp":"2026-04-26T18:38:41.771Z","service":"cei-backend","env":"development","message":"HTTP Request","requestId":"d3f63286-762d-4005-81f6-a09c4a350d1a","method":"GET","route":"/api/colleges?authority=STATE&state=Uttar%20Pradesh","status":200,"durationMs":112,"ip":"::1","userAgent":"axios/1.13.4","apiKey":"anon"}
::1 - - [26/Apr/2026:18:38:41 +0000] "GET /api/colleges?authority=STATE&state=UNKNOWN HTTP/1.1" 200 - "-" "axios/1.13.4"
{"level":"INFO","timestamp":"2026-04-26T18:38:41.941Z","service":"cei-backend","env":"development","message":"HTTP Request","requestId":"3bcac51b-1d56-4dbc-86d1-8e1e89d653a1","method":"GET","route":"/api/colleges?authority=STATE&state=UNKNOWN","status":200,"durationMs":110,"ip":"::1","userAgent":"axios/1.13.4","apiKey":"anon"}
::1 - - [26/Apr/2026:18:38:42 +0000] "GET /api/colleges?authority=STATE&state=UNKNOWN HTTP/1.1" 200 - "-" "axios/1.13.4"
{"level":"INFO","timestamp":"2026-04-26T18:38:42.110Z","service":"cei-backend","env":"development","message":"HTTP Request","requestId":"c2c34c13-d31c-4234-ac7b-bc7cc46131f7","method":"GET","route":"/api/colleges?authority=STATE&state=UNKNOWN","status":200,"durationMs":110,"ip":"::1","userAgent":"axios/1.13.4","apiKey":"anon"}
::1 - - [26/Apr/2026:18:38:42 +0000] "GET /api/colleges?authority=STATE&state=UNKNOWN HTTP/1.1" 200 - "-" "axios/1.13.4"
{"level":"INFO","timestamp":"2026-04-26T18:38:42.285Z","service":"cei-backend","env":"development","message":"HTTP Request","requestId":"763b95f4-d29f-47de-9ff4-886fb0d4d068","method":"GET","route":"/api/colleges?authority=STATE&state=UNKNOWN","status":200,"durationMs":112,"ip":"::1","userAgent":"axios/1.13.4","apiKey":"anon"}
::1 - - [26/Apr/2026:18:38:42 +0000] "GET /api/colleges?authority=STATE&state=UNKNOWN HTTP/1.1" 200 - "-" "axios/1.13.4"
{"level":"INFO","timestamp":"2026-04-26T18:38:42.459Z","service":"cei-backend","env":"development","message":"HTTP Request","requestId":"f21213c0-9559-44c0-bb98-dc2c60d5b77c","method":"GET","route":"/api/colleges?authority=STATE&state=UNKNOWN","status":200,"durationMs":112,"ip":"::1","userAgent":"axios/1.13.4","apiKey":"anon"}
::1 - - [26/Apr/2026:18:38:42 +0000] "GET /api/colleges?authority=STATE&state=UNKNOWN HTTP/1.1" 200 - "-" "axios/1.13.4"
{"level":"INFO","timestamp":"2026-04-26T18:38:42.631Z","service":"cei-backend","env":"development","message":"HTTP Request","requestId":"868e0194-f99c-42a2-9d65-4845bf5eea7f","method":"GET","route":"/api/colleges?authority=STATE&state=UNKNOWN","status":200,"durationMs":112,"ip":"::1","userAgent":"axios/1.13.4","apiKey":"anon"}
::1 - - [26/Apr/2026:18:38:43 +0000] "GET /api/colleges?authority=STATE&state=Madhya%20Pradesh HTTP/1.1" 200 - "-" "axios/1.13.4"
{"level":"INFO","timestamp":"2026-04-26T18:38:43.081Z","service":"cei-backend","env":"development","message":"HTTP Request","requestId":"582320f8-a33f-4c28-9dec-f0cea286c70e","method":"GET","route":"/api/colleges?authority=STATE&state=Madhya%20Pradesh","status":200,"durationMs":390,"ip":"::1","userAgent":"axios/1.13.4","apiKey":"anon"}
::1 - - [26/Apr/2026:18:38:43 +0000] "GET /api/colleges?authority=STATE&state=Maharashtra HTTP/1.1" 200 - "-" "axios/1.13.4"
{"level":"INFO","timestamp":"2026-04-26T18:38:43.255Z","service":"cei-backend","env":"development","message":"HTTP Request","requestId":"f49cc83c-ca09-40b5-9ec0-9345a15842c0","method":"GET","route":"/api/colleges?authority=STATE&state=Maharashtra","status":200,"durationMs":111,"ip":"::1","userAgent":"axios/1.13.4","apiKey":"anon"}
::1 - - [26/Apr/2026:18:38:43 +0000] "GET /api/colleges?authority=STATE&state=UNKNOWN HTTP/1.1" 200 - "-" "axios/1.13.4"
{"level":"INFO","timestamp":"2026-04-26T18:38:43.419Z","service":"cei-backend","env":"development","message":"HTTP Request","requestId":"15fde228-abaf-40c7-a9d7-d179bb7534ca","method":"GET","route":"/api/colleges?authority=STATE&state=UNKNOWN","status":200,"durationMs":105,"ip":"::1","userAgent":"axios/1.13.4","apiKey":"anon"}
::1 - - [26/Apr/2026:18:38:43 +0000] "GET /api/colleges?authority=STATE&state=UNKNOWN HTTP/1.1" 200 - "-" "axios/1.13.4"
{"level":"INFO","timestamp":"2026-04-26T18:38:43.582Z","service":"cei-backend","env":"development","message":"HTTP Request","requestId":"0057d1f4-6152-484d-894f-7098ee0a1b19","method":"GET","route":"/api/colleges?authority=STATE&state=UNKNOWN","status":200,"durationMs":115,"ip":"::1","userAgent":"axios/1.13.4","apiKey":"anon"}
::1 - - [26/Apr/2026:18:38:43 +0000] "GET /api/colleges?authority=STATE&state=UNKNOWN HTTP/1.1" 200 - "-" "axios/1.13.4"
{"level":"INFO","timestamp":"2026-04-26T18:38:43.755Z","service":"cei-backend","env":"development","message":"HTTP Request","requestId":"936caa83-e4d7-4667-a431-0b3ade02c31b","method":"GET","route":"/api/colleges?authority=STATE&state=UNKNOWN","status":200,"durationMs":112,"ip":"::1","userAgent":"axios/1.13.4","apiKey":"anon"}
::1 - - [26/Apr/2026:18:38:43 +0000] "GET /api/colleges?authority=STATE&state=Tamil%20Nadu HTTP/1.1" 200 - "-" "axios/1.13.4"
{"level":"INFO","timestamp":"2026-04-26T18:38:43.925Z","service":"cei-backend","env":"development","message":"HTTP Request","requestId":"1f0dfa23-0b4b-4a30-8c07-98f193de9d4f","method":"GET","route":"/api/colleges?authority=STATE&state=Tamil%20Nadu","status":200,"durationMs":112,"ip":"::1","userAgent":"axios/1.13.4","apiKey":"anon"}
::1 - - [26/Apr/2026:18:38:44 +0000] "GET /api/colleges?authority=STATE&state=Telangana HTTP/1.1" 200 - "-" "axios/1.13.4"
{"level":"INFO","timestamp":"2026-04-26T18:38:44.098Z","service":"cei-backend","env":"development","message":"HTTP Request","requestId":"48d8ec18-f8c5-440f-92b0-aa53cca955d0","method":"GET","route":"/api/colleges?authority=STATE&state=Telangana","status":200,"durationMs":113,"ip":"::1","userAgent":"axios/1.13.4","apiKey":"anon"}
::1 - - [26/Apr/2026:18:38:44 +0000] "GET /api/colleges?authority=STATE&state=UNKNOWN HTTP/1.1" 200 - "-" "axios/1.13.4"
{"level":"INFO","timestamp":"2026-04-26T18:38:44.271Z","service":"cei-backend","env":"development","message":"HTTP Request","requestId":"3cb17c59-5bca-4d9b-9a2f-3015a40aae55","method":"GET","route":"/api/colleges?authority=STATE&state=UNKNOWN","status":200,"durationMs":113,"ip":"::1","userAgent":"axios/1.13.4","apiKey":"anon"}
::1 - - [26/Apr/2026:18:38:44 +0000] "GET /api/colleges?authority=STATE&state=UNKNOWN HTTP/1.1" 200 - "-" "axios/1.13.4"
{"level":"INFO","timestamp":"2026-04-26T18:38:44.442Z","service":"cei-backend","env":"development","message":"HTTP Request","requestId":"a597bc1a-99c3-44ee-ac61-9c190132e566","method":"GET","route":"/api/colleges?authority=STATE&state=UNKNOWN","status":200,"durationMs":113,"ip":"::1","userAgent":"axios/1.13.4","apiKey":"anon"}
::1 - - [26/Apr/2026:18:38:44 +0000] "GET /api/colleges?authority=STATE&state=Tamil%20Nadu HTTP/1.1" 200 - "-" "axios/1.13.4"
{"level":"INFO","timestamp":"2026-04-26T18:38:44.611Z","service":"cei-backend","env":"development","message":"HTTP Request","requestId":"96bc068a-40b9-443c-aa84-8d81684acaeb","method":"GET","route":"/api/colleges?authority=STATE&state=Tamil%20Nadu","status":200,"durationMs":109,"ip":"::1","userAgent":"axios/1.13.4","apiKey":"anon"}
::1 - - [26/Apr/2026:18:38:44 +0000] "GET /api/colleges?authority=STATE&state=Uttar%20Pradesh HTTP/1.1" 200 - "-" "axios/1.13.4"
{"level":"INFO","timestamp":"2026-04-26T18:38:44.786Z","service":"cei-backend","env":"development","message":"HTTP Request","requestId":"19cf9e03-674c-4897-b557-2272ccb917e2","method":"GET","route":"/api/colleges?authority=STATE&state=Uttar%20Pradesh","status":200,"durationMs":114,"ip":"::1","userAgent":"axios/1.13.4","apiKey":"anon"}
::1 - - [26/Apr/2026:18:38:45 +0000] "GET /api/colleges?authority=STATE&state=Himachal%20Pradesh HTTP/1.1" 200 - "-" "axios/1.13.4"
{"level":"INFO","timestamp":"2026-04-26T18:38:45.240Z","service":"cei-backend","env":"development","message":"HTTP Request","requestId":"13e57aa2-7dd5-4aa1-a0a3-f2006e653350","method":"GET","route":"/api/colleges?authority=STATE&state=Himachal%20Pradesh","status":200,"durationMs":396,"ip":"::1","userAgent":"axios/1.13.4","apiKey":"anon"}
::1 - - [26/Apr/2026:18:38:45 +0000] "GET /api/colleges?authority=STATE&state=Maharashtra HTTP/1.1" 200 - "-" "axios/1.13.4"
{"level":"INFO","timestamp":"2026-04-26T18:38:45.413Z","service":"cei-backend","env":"development","message":"HTTP Request","requestId":"1a5ffc45-5e3f-4ec2-b507-456713380b6e","method":"GET","route":"/api/colleges?authority=STATE&state=Maharashtra","status":200,"durationMs":115,"ip":"::1","userAgent":"axios/1.13.4","apiKey":"anon"}
::1 - - [26/Apr/2026:18:38:45 +0000] "GET /api/colleges?authority=STATE&state=UNKNOWN HTTP/1.1" 200 - "-" "axios/1.13.4"
{"level":"INFO","timestamp":"2026-04-26T18:38:45.579Z","service":"cei-backend","env":"development","message":"HTTP Request","requestId":"45d8c9c0-2702-4a81-a923-88d3f509ba26","method":"GET","route":"/api/colleges?authority=STATE&state=UNKNOWN","status":200,"durationMs":110,"ip":"::1","userAgent":"axios/1.13.4","apiKey":"anon"}
::1 - - [26/Apr/2026:18:38:45 +0000] "GET /api/colleges?authority=STATE&state=Uttar%20Pradesh HTTP/1.1" 200 - "-" "axios/1.13.4"
{"level":"INFO","timestamp":"2026-04-26T18:38:45.764Z","service":"cei-backend","env":"development","message":"HTTP Request","requestId":"651128a5-22f7-4f29-b53b-177c51499f4b","method":"GET","route":"/api/colleges?authority=STATE&state=Uttar%20Pradesh","status":200,"durationMs":122,"ip":"::1","userAgent":"axios/1.13.4","apiKey":"anon"}
::1 - - [26/Apr/2026:18:38:45 +0000] "GET /api/colleges?authority=STATE&state=UNKNOWN HTTP/1.1" 200 - "-" "axios/1.13.4"
{"level":"INFO","timestamp":"2026-04-26T18:38:45.924Z","service":"cei-backend","env":"development","message":"HTTP Request","requestId":"78904788-e8bd-4bed-9565-7b7590e26b84","method":"GET","route":"/api/colleges?authority=STATE&state=UNKNOWN","status":200,"durationMs":116,"ip":"::1","userAgent":"axios/1.13.4","apiKey":"anon"}
::1 - - [26/Apr/2026:18:38:46 +0000] "GET /api/colleges?authority=STATE&state=UNKNOWN HTTP/1.1" 200 - "-" "axios/1.13.4"
{"level":"INFO","timestamp":"2026-04-26T18:38:46.095Z","service":"cei-backend","env":"development","message":"HTTP Request","requestId":"7d170dbf-5506-4008-9557-bab23e31ae65","method":"GET","route":"/api/colleges?authority=STATE&state=UNKNOWN","status":200,"durationMs":111,"ip":"::1","userAgent":"axios/1.13.4","apiKey":"anon"}
::1 - - [26/Apr/2026:18:38:46 +0000] "GET /api/colleges?authority=STATE&state=UNKNOWN HTTP/1.1" 200 - "-" "axios/1.13.4"
{"level":"INFO","timestamp":"2026-04-26T18:38:46.263Z","service":"cei-backend","env":"development","message":"HTTP Request","requestId":"c04821ec-059e-4191-8d50-b51fa81409c9","method":"GET","route":"/api/colleges?authority=STATE&state=UNKNOWN","status":200,"durationMs":109,"ip":"::1","userAgent":"axios/1.13.4","apiKey":"anon"}
::1 - - [26/Apr/2026:18:38:46 +0000] "GET /api/colleges?authority=STATE&state=Chhattisgarh HTTP/1.1" 200 - "-" "axios/1.13.4"
{"level":"INFO","timestamp":"2026-04-26T18:38:46.440Z","service":"cei-backend","env":"development","message":"HTTP Request","requestId":"343fc7f2-52b5-4670-aa3e-dc0308aa7918","method":"GET","route":"/api/colleges?authority=STATE&state=Chhattisgarh","status":200,"durationMs":114,"ip":"::1","userAgent":"axios/1.13.4","apiKey":"anon"}
::1 - - [26/Apr/2026:18:38:46 +0000] "GET /api/colleges?authority=STATE&state=UNKNOWN HTTP/1.1" 200 - "-" "axios/1.13.4"
{"level":"INFO","timestamp":"2026-04-26T18:38:46.617Z","service":"cei-backend","env":"development","message":"HTTP Request","requestId":"436be6ee-9a98-4dc5-ad21-4dfa37e57610","method":"GET","route":"/api/colleges?authority=STATE&state=UNKNOWN","status":200,"durationMs":121,"ip":"::1","userAgent":"axios/1.13.4","apiKey":"anon"}
::1 - - [26/Apr/2026:18:38:46 +0000] "GET /api/colleges?authority=STATE&state=UNKNOWN HTTP/1.1" 200 - "-" "axios/1.13.4"
{"level":"INFO","timestamp":"2026-04-26T18:38:46.780Z","service":"cei-backend","env":"development","message":"HTTP Request","requestId":"0c6ffc06-d93c-455e-8296-5092533c4769","method":"GET","route":"/api/colleges?authority=STATE&state=UNKNOWN","status":200,"durationMs":114,"ip":"::1","userAgent":"axios/1.13.4","apiKey":"anon"}
::1 - - [26/Apr/2026:18:38:46 +0000] "GET /api/colleges?authority=STATE&state=Madhya%20Pradesh HTTP/1.1" 200 - "-" "axios/1.13.4"
{"level":"INFO","timestamp":"2026-04-26T18:38:46.951Z","service":"cei-backend","env":"development","message":"HTTP Request","requestId":"05e6a08e-3dbc-4f53-bd71-bb684e10050f","method":"GET","route":"/api/colleges?authority=STATE&state=Madhya%20Pradesh","status":200,"durationMs":112,"ip":"::1","userAgent":"axios/1.13.4","apiKey":"anon"}
::1 - - [26/Apr/2026:18:38:47 +0000] "GET /api/colleges?authority=STATE&state=UNKNOWN HTTP/1.1" 200 - "-" "axios/1.13.4"
{"level":"INFO","timestamp":"2026-04-26T18:38:47.120Z","service":"cei-backend","env":"development","message":"HTTP Request","requestId":"70544375-94b1-4c62-bb67-3a5c1053bcf2","method":"GET","route":"/api/colleges?authority=STATE&state=UNKNOWN","status":200,"durationMs":110,"ip":"::1","userAgent":"axios/1.13.4","apiKey":"anon"}
::1 - - [26/Apr/2026:18:38:47 +0000] "GET /api/colleges?authority=STATE&state=UNKNOWN HTTP/1.1" 200 - "-" "axios/1.13.4"
{"level":"INFO","timestamp":"2026-04-26T18:38:47.189Z","service":"cei-backend","env":"development","message":"HTTP Request","requestId":"d251fa48-a777-42ba-801d-29ef01ffc8de","method":"GET","route":"/api/colleges?authority=STATE&state=UNKNOWN","status":200,"durationMs":8,"ip":"::1","userAgent":"axios/1.13.4","apiKey":"anon"}
::1 - - [26/Apr/2026:18:38:47 +0000] "GET /api/colleges?authority=STATE&state=Bihar HTTP/1.1" 200 - "-" "axios/1.13.4"
{"level":"INFO","timestamp":"2026-04-26T18:38:47.709Z","service":"cei-backend","env":"development","message":"HTTP Request","requestId":"fde74bf9-76a4-4544-b6ca-1f70a6f6e1ee","method":"GET","route":"/api/colleges?authority=STATE&state=Bihar","status":200,"durationMs":466,"ip":"::1","userAgent":"axios/1.13.4","apiKey":"anon"}
::1 - - [26/Apr/2026:18:38:47 +0000] "GET /api/colleges?authority=STATE&state=UNKNOWN HTTP/1.1" 200 - "-" "axios/1.13.4"
{"level":"INFO","timestamp":"2026-04-26T18:38:47.872Z","service":"cei-backend","env":"development","message":"HTTP Request","requestId":"adc21dbf-7495-48ee-bd39-7779dc791edd","method":"GET","route":"/api/colleges?authority=STATE&state=UNKNOWN","status":200,"durationMs":110,"ip":"::1","userAgent":"axios/1.13.4","apiKey":"anon"}
::1 - - [26/Apr/2026:18:38:48 +0000] "GET /api/colleges?authority=STATE&state=Andhra%20Pradesh HTTP/1.1" 200 - "-" "axios/1.13.4"
{"level":"INFO","timestamp":"2026-04-26T18:38:48.368Z","service":"cei-backend","env":"development","message":"HTTP Request","requestId":"29073251-0fda-473d-bf6e-6721a4a7639d","method":"GET","route":"/api/colleges?authority=STATE&state=Andhra%20Pradesh","status":200,"durationMs":438,"ip":"::1","userAgent":"axios/1.13.4","apiKey":"anon"}
::1 - - [26/Apr/2026:18:38:48 +0000] "GET /api/colleges?authority=STATE&state=Gujarat HTTP/1.1" 200 - "-" "axios/1.13.4"
{"level":"INFO","timestamp":"2026-04-26T18:38:48.770Z","service":"cei-backend","env":"development","message":"HTTP Request","requestId":"0b89a572-f796-4442-b4e0-81707092842e","method":"GET","route":"/api/colleges?authority=STATE&state=Gujarat","status":200,"durationMs":343,"ip":"::1","userAgent":"axios/1.13.4","apiKey":"anon"}
::1 - - [26/Apr/2026:18:38:48 +0000] "GET /api/colleges?authority=STATE&state=UNKNOWN HTTP/1.1" 200 - "-" "axios/1.13.4"
{"level":"INFO","timestamp":"2026-04-26T18:38:48.942Z","service":"cei-backend","env":"development","message":"HTTP Request","requestId":"a8fe6057-d62f-4f31-aedd-c068f96b62d3","method":"GET","route":"/api/colleges?authority=STATE&state=UNKNOWN","status":200,"durationMs":108,"ip":"::1","userAgent":"axios/1.13.4","apiKey":"anon"}
::1 - - [26/Apr/2026:18:38:49 +0000] "GET /api/colleges?authority=STATE&state=UNKNOWN HTTP/1.1" 200 - "-" "axios/1.13.4"
{"level":"INFO","timestamp":"2026-04-26T18:38:49.115Z","service":"cei-backend","env":"development","message":"HTTP Request","requestId":"2c8ef725-dafd-4b57-bbcc-c0d687f60cea","method":"GET","route":"/api/colleges?authority=STATE&state=UNKNOWN","status":200,"durationMs":112,"ip":"::1","userAgent":"axios/1.13.4","apiKey":"anon"}
::1 - - [26/Apr/2026:18:38:49 +0000] "GET /api/colleges?authority=STATE&state=UNKNOWN HTTP/1.1" 200 - "-" "axios/1.13.4"
{"level":"INFO","timestamp":"2026-04-26T18:38:49.281Z","service":"cei-backend","env":"development","message":"HTTP Request","requestId":"b14c01b8-207d-4f29-bc90-1568943c94ff","method":"GET","route":"/api/colleges?authority=STATE&state=UNKNOWN","status":200,"durationMs":110,"ip":"::1","userAgent":"axios/1.13.4","apiKey":"anon"}
::1 - - [26/Apr/2026:18:38:49 +0000] "GET /api/colleges?authority=STATE&state=Nagaland HTTP/1.1" 200 - "-" "axios/1.13.4"
{"level":"INFO","timestamp":"2026-04-26T18:38:49.632Z","service":"cei-backend","env":"development","message":"HTTP Request","requestId":"dc348b7a-4b27-4d54-8d59-d43127131b84","method":"GET","route":"/api/colleges?authority=STATE&state=Nagaland","status":200,"durationMs":289,"ip":"::1","userAgent":"axios/1.13.4","apiKey":"anon"}
::1 - - [26/Apr/2026:18:38:49 +0000] "GET /api/colleges?authority=STATE&state=UNKNOWN HTTP/1.1" 200 - "-" "axios/1.13.4"
{"level":"INFO","timestamp":"2026-04-26T18:38:49.810Z","service":"cei-backend","env":"development","message":"HTTP Request","requestId":"c958bc11-d89a-4315-a8b9-7167bd16a23f","method":"GET","route":"/api/colleges?authority=STATE&state=UNKNOWN","status":200,"durationMs":122,"ip":"::1","userAgent":"axios/1.13.4","apiKey":"anon"}
::1 - - [26/Apr/2026:18:38:50 +0000] "GET /api/colleges?authority=STATE&state=Delhi HTTP/1.1" 200 - "-" "axios/1.13.4"
{"level":"INFO","timestamp":"2026-04-26T18:38:50.243Z","service":"cei-backend","env":"development","message":"HTTP Request","requestId":"bac416d5-8b01-4c78-96c0-e0c686710821","method":"GET","route":"/api/colleges?authority=STATE&state=Delhi","status":200,"durationMs":384,"ip":"::1","userAgent":"axios/1.13.4","apiKey":"anon"}
::1 - - [26/Apr/2026:18:38:50 +0000] "GET /api/colleges?authority=STATE&state=Tamil%20Nadu HTTP/1.1" 200 - "-" "axios/1.13.4"
{"level":"INFO","timestamp":"2026-04-26T18:38:50.416Z","service":"cei-backend","env":"development","message":"HTTP Request","requestId":"35d130b6-5354-494c-b4f9-1457b3cce866","method":"GET","route":"/api/colleges?authority=STATE&state=Tamil%20Nadu","status":200,"durationMs":122,"ip":"::1","userAgent":"axios/1.13.4","apiKey":"anon"}
::1 - - [26/Apr/2026:18:38:50 +0000] "GET /api/colleges?authority=STATE&state=UNKNOWN HTTP/1.1" 200 - "-" "axios/1.13.4"
{"level":"INFO","timestamp":"2026-04-26T18:38:50.582Z","service":"cei-backend","env":"development","message":"HTTP Request","requestId":"be334233-19da-439d-af06-d5a58ca93239","method":"GET","route":"/api/colleges?authority=STATE&state=UNKNOWN","status":200,"durationMs":115,"ip":"::1","userAgent":"axios/1.13.4","apiKey":"anon"}
::1 - - [26/Apr/2026:18:38:50 +0000] "GET /api/colleges?authority=STATE&state=Rajasthan HTTP/1.1" 200 - "-" "axios/1.13.4"
{"level":"INFO","timestamp":"2026-04-26T18:38:50.960Z","service":"cei-backend","env":"development","message":"HTTP Request","requestId":"52aa1f66-c223-420c-b6f0-67e1dfc075c4","method":"GET","route":"/api/colleges?authority=STATE&state=Rajasthan","status":200,"durationMs":321,"ip":"::1","userAgent":"axios/1.13.4","apiKey":"anon"}
::1 - - [26/Apr/2026:18:38:51 +0000] "GET /api/colleges?authority=STATE&state=UNKNOWN HTTP/1.1" 200 - "-" "axios/1.13.4"
{"level":"INFO","timestamp":"2026-04-26T18:38:51.123Z","service":"cei-backend","env":"development","message":"HTTP Request","requestId":"49d82ce5-02dc-4d29-90e6-d6eef5b19c80","method":"GET","route":"/api/colleges?authority=STATE&state=UNKNOWN","status":200,"durationMs":112,"ip":"::1","userAgent":"axios/1.13.4","apiKey":"anon"}
::1 - - [26/Apr/2026:18:38:51 +0000] "GET /api/colleges?authority=STATE&state=UNKNOWN HTTP/1.1" 200 - "-" "axios/1.13.4"
{"level":"INFO","timestamp":"2026-04-26T18:38:51.291Z","service":"cei-backend","env":"development","message":"HTTP Request","requestId":"332359b5-3831-4729-8b5f-b33af4aaf8be","method":"GET","route":"/api/colleges?authority=STATE&state=UNKNOWN","status":200,"durationMs":109,"ip":"::1","userAgent":"axios/1.13.4","apiKey":"anon"}
::1 - - [26/Apr/2026:18:38:51 +0000] "GET /api/colleges?authority=STATE&state=UNKNOWN HTTP/1.1" 200 - "-" "axios/1.13.4"
{"level":"INFO","timestamp":"2026-04-26T18:38:51.474Z","service":"cei-backend","env":"development","message":"HTTP Request","requestId":"d06370a4-70fe-46e5-9759-e7fbb4e38199","method":"GET","route":"/api/colleges?authority=STATE&state=UNKNOWN","status":200,"durationMs":122,"ip":"::1","userAgent":"axios/1.13.4","apiKey":"anon"}
::1 - - [26/Apr/2026:18:38:51 +0000] "GET /api/colleges?authority=STATE&state=Bihar HTTP/1.1" 200 - "-" "axios/1.13.4"
{"level":"INFO","timestamp":"2026-04-26T18:38:51.635Z","service":"cei-backend","env":"development","message":"HTTP Request","requestId":"d4b00bc1-e148-4275-999c-fcebef06eae4","method":"GET","route":"/api/colleges?authority=STATE&state=Bihar","status":200,"durationMs":111,"ip":"::1","userAgent":"axios/1.13.4","apiKey":"anon"}
::1 - - [26/Apr/2026:18:38:51 +0000] "GET /api/colleges?authority=STATE&state=UNKNOWN HTTP/1.1" 200 - "-" "axios/1.13.4"
{"level":"INFO","timestamp":"2026-04-26T18:38:51.808Z","service":"cei-backend","env":"development","message":"HTTP Request","requestId":"7083c777-4b8d-48ba-bb80-64840ea2ab61","method":"GET","route":"/api/colleges?authority=STATE&state=UNKNOWN","status":200,"durationMs":115,"ip":"::1","userAgent":"axios/1.13.4","apiKey":"anon"}
::1 - - [26/Apr/2026:18:38:51 +0000] "GET /api/colleges?authority=STATE&state=UNKNOWN HTTP/1.1" 200 - "-" "axios/1.13.4"
{"level":"INFO","timestamp":"2026-04-26T18:38:51.977Z","service":"cei-backend","env":"development","message":"HTTP Request","requestId":"98539533-a08f-472a-a65e-9788852caa39","method":"GET","route":"/api/colleges?authority=STATE&state=UNKNOWN","status":200,"durationMs":112,"ip":"::1","userAgent":"axios/1.13.4","apiKey":"anon"}
::1 - - [26/Apr/2026:18:38:52 +0000] "GET /api/colleges?authority=STATE&state=UNKNOWN HTTP/1.1" 200 - "-" "axios/1.13.4"
{"level":"INFO","timestamp":"2026-04-26T18:38:52.149Z","service":"cei-backend","env":"development","message":"HTTP Request","requestId":"aadc3e82-ec00-40b7-b245-869163ac8824","method":"GET","route":"/api/colleges?authority=STATE&state=UNKNOWN","status":200,"durationMs":111,"ip":"::1","userAgent":"axios/1.13.4","apiKey":"anon"}
::1 - - [26/Apr/2026:18:38:52 +0000] "GET /api/colleges?authority=STATE&state=Andhra%20Pradesh HTTP/1.1" 200 - "-" "axios/1.13.4"
{"level":"INFO","timestamp":"2026-04-26T18:38:52.324Z","service":"cei-backend","env":"development","message":"HTTP Request","requestId":"c8952a4a-35a1-46bf-858c-4b704ab4c67e","method":"GET","route":"/api/colleges?authority=STATE&state=Andhra%20Pradesh","status":200,"durationMs":114,"ip":"::1","userAgent":"axios/1.13.4","apiKey":"anon"}
::1 - - [26/Apr/2026:18:38:52 +0000] "GET /api/colleges?authority=STATE&state=Tamil%20Nadu HTTP/1.1" 200 - "-" "axios/1.13.4"
{"level":"INFO","timestamp":"2026-04-26T18:38:52.493Z","service":"cei-backend","env":"development","message":"HTTP Request","requestId":"c1df3d4c-feed-422b-b54a-66a159c1594e","method":"GET","route":"/api/colleges?authority=STATE&state=Tamil%20Nadu","status":200,"durationMs":111,"ip":"::1","userAgent":"axios/1.13.4","apiKey":"anon"}
::1 - - [26/Apr/2026:18:38:52 +0000] "GET /api/colleges?authority=STATE&state=UNKNOWN HTTP/1.1" 200 - "-" "axios/1.13.4"
{"level":"INFO","timestamp":"2026-04-26T18:38:52.667Z","service":"cei-backend","env":"development","message":"HTTP Request","requestId":"c7792f6a-88f3-4b84-8307-d957bad73e20","method":"GET","route":"/api/colleges?authority=STATE&state=UNKNOWN","status":200,"durationMs":113,"ip":"::1","userAgent":"axios/1.13.4","apiKey":"anon"}
::1 - - [26/Apr/2026:18:38:52 +0000] "GET /api/colleges?authority=STATE&state=UNKNOWN HTTP/1.1" 200 - "-" "axios/1.13.4"
{"level":"INFO","timestamp":"2026-04-26T18:38:52.842Z","service":"cei-backend","env":"development","message":"HTTP Request","requestId":"a8193bf2-26b1-472a-8c27-2f278b76eb48","method":"GET","route":"/api/colleges?authority=STATE&state=UNKNOWN","status":200,"durationMs":115,"ip":"::1","userAgent":"axios/1.13.4","apiKey":"anon"}
::1 - - [26/Apr/2026:18:38:53 +0000] "GET /api/colleges?authority=STATE&state=Karnataka HTTP/1.1" 200 - "-" "axios/1.13.4"
{"level":"INFO","timestamp":"2026-04-26T18:38:53.011Z","service":"cei-backend","env":"development","message":"HTTP Request","requestId":"42a004a5-adf6-4bd4-910c-499b257d922d","method":"GET","route":"/api/colleges?authority=STATE&state=Karnataka","status":200,"durationMs":111,"ip":"::1","userAgent":"axios/1.13.4","apiKey":"anon"}
::1 - - [26/Apr/2026:18:38:53 +0000] "GET /api/colleges?authority=STATE&state=UNKNOWN HTTP/1.1" 200 - "-" "axios/1.13.4"
{"level":"INFO","timestamp":"2026-04-26T18:38:53.168Z","service":"cei-backend","env":"development","message":"HTTP Request","requestId":"283f5925-c0bb-456b-a5e8-8d305b274c68","method":"GET","route":"/api/colleges?authority=STATE&state=UNKNOWN","status":200,"durationMs":96,"ip":"::1","userAgent":"axios/1.13.4","apiKey":"anon"}
::1 - - [26/Apr/2026:18:38:53 +0000] "GET /api/colleges?authority=STATE&state=UNKNOWN HTTP/1.1" 200 - "-" "axios/1.13.4"
{"level":"INFO","timestamp":"2026-04-26T18:38:53.342Z","service":"cei-backend","env":"development","message":"HTTP Request","requestId":"74ef0171-cdab-469e-a848-e6a64c40a465","method":"GET","route":"/api/colleges?authority=STATE&state=UNKNOWN","status":200,"durationMs":113,"ip":"::1","userAgent":"axios/1.13.4","apiKey":"anon"}
::1 - - [26/Apr/2026:18:38:53 +0000] "GET /api/colleges?authority=STATE&state=UNKNOWN HTTP/1.1" 200 - "-" "axios/1.13.4"
{"level":"INFO","timestamp":"2026-04-26T18:38:53.513Z","service":"cei-backend","env":"development","message":"HTTP Request","requestId":"53b08329-014b-499f-bb69-f170d608e1ce","method":"GET","route":"/api/colleges?authority=STATE&state=UNKNOWN","status":200,"durationMs":113,"ip":"::1","userAgent":"axios/1.13.4","apiKey":"anon"}
::1 - - [26/Apr/2026:18:38:53 +0000] "GET /api/colleges?authority=STATE&state=Maharashtra HTTP/1.1" 200 - "-" "axios/1.13.4"
{"level":"INFO","timestamp":"2026-04-26T18:38:53.684Z","service":"cei-backend","env":"development","message":"HTTP Request","requestId":"36280516-ed2e-4f1f-8afa-bda4f2152359","method":"GET","route":"/api/colleges?authority=STATE&state=Maharashtra","status":200,"durationMs":113,"ip":"::1","userAgent":"axios/1.13.4","apiKey":"anon"}
::1 - - [26/Apr/2026:18:38:53 +0000] "GET /api/colleges?authority=STATE&state=UNKNOWN HTTP/1.1" 200 - "-" "axios/1.13.4"
{"level":"INFO","timestamp":"2026-04-26T18:38:53.856Z","service":"cei-backend","env":"development","message":"HTTP Request","requestId":"2504058c-9bd2-490c-b395-b8a5cf8b9b31","method":"GET","route":"/api/colleges?authority=STATE&state=UNKNOWN","status":200,"durationMs":114,"ip":"::1","userAgent":"axios/1.13.4","apiKey":"anon"}
::1 - - [26/Apr/2026:18:38:54 +0000] "GET /api/colleges?authority=STATE&state=UNKNOWN HTTP/1.1" 200 - "-" "axios/1.13.4"
{"level":"INFO","timestamp":"2026-04-26T18:38:54.023Z","service":"cei-backend","env":"development","message":"HTTP Request","requestId":"0cf8dcb1-db4b-4d09-9431-97775515c750","method":"GET","route":"/api/colleges?authority=STATE&state=UNKNOWN","status":200,"durationMs":109,"ip":"::1","userAgent":"axios/1.13.4","apiKey":"anon"}
::1 - - [26/Apr/2026:18:38:54 +0000] "GET /api/colleges?authority=STATE&state=UNKNOWN HTTP/1.1" 200 - "-" "axios/1.13.4"
{"level":"INFO","timestamp":"2026-04-26T18:38:54.198Z","service":"cei-backend","env":"development","message":"HTTP Request","requestId":"0ea94930-671d-4028-8866-f3a2c385ccf1","method":"GET","route":"/api/colleges?authority=STATE&state=UNKNOWN","status":200,"durationMs":114,"ip":"::1","userAgent":"axios/1.13.4","apiKey":"anon"}
::1 - - [26/Apr/2026:18:38:54 +0000] "GET /api/colleges?authority=STATE&state=Uttar%20Pradesh HTTP/1.1" 200 - "-" "axios/1.13.4"
{"level":"INFO","timestamp":"2026-04-26T18:38:54.365Z","service":"cei-backend","env":"development","message":"HTTP Request","requestId":"84674ac2-d7fb-4a41-adc4-465a3bca58f4","method":"GET","route":"/api/colleges?authority=STATE&state=Uttar%20Pradesh","status":200,"durationMs":109,"ip":"::1","userAgent":"axios/1.13.4","apiKey":"anon"}
::1 - - [26/Apr/2026:18:38:54 +0000] "GET /api/colleges?authority=STATE&state=UNKNOWN HTTP/1.1" 200 - "-" "axios/1.13.4"
{"level":"INFO","timestamp":"2026-04-26T18:38:54.540Z","service":"cei-backend","env":"development","message":"HTTP Request","requestId":"5cbd67f5-f5e6-455d-84d7-2a21d1537593","method":"GET","route":"/api/colleges?authority=STATE&state=UNKNOWN","status":200,"durationMs":116,"ip":"::1","userAgent":"axios/1.13.4","apiKey":"anon"}
::1 - - [26/Apr/2026:18:38:54 +0000] "GET /api/colleges?authority=STATE&state=UNKNOWN HTTP/1.1" 200 - "-" "axios/1.13.4"
{"level":"INFO","timestamp":"2026-04-26T18:38:54.711Z","service":"cei-backend","env":"development","message":"HTTP Request","requestId":"21c2f0b2-54d8-44ec-9a71-dc6e97b0a511","method":"GET","route":"/api/colleges?authority=STATE&state=UNKNOWN","status":200,"durationMs":113,"ip":"::1","userAgent":"axios/1.13.4","apiKey":"anon"}
::1 - - [26/Apr/2026:18:38:54 +0000] "GET /api/colleges?authority=STATE&state=UNKNOWN HTTP/1.1" 200 - "-" "axios/1.13.4"
{"level":"INFO","timestamp":"2026-04-26T18:38:54.883Z","service":"cei-backend","env":"development","message":"HTTP Request","requestId":"97169395-e194-4254-8642-d48bdd020a20","method":"GET","route":"/api/colleges?authority=STATE&state=UNKNOWN","status":200,"durationMs":113,"ip":"::1","userAgent":"axios/1.13.4","apiKey":"anon"}
::1 - - [26/Apr/2026:18:38:55 +0000] "GET /api/colleges?authority=STATE&state=UNKNOWN HTTP/1.1" 200 - "-" "axios/1.13.4"
{"level":"INFO","timestamp":"2026-04-26T18:38:55.052Z","service":"cei-backend","env":"development","message":"HTTP Request","requestId":"b6a2e6d1-c9ea-413a-9629-e4058f36334c","method":"GET","route":"/api/colleges?authority=STATE&state=UNKNOWN","status":200,"durationMs":110,"ip":"::1","userAgent":"axios/1.13.4","apiKey":"anon"}
::1 - - [26/Apr/2026:18:38:55 +0000] "GET /api/colleges?authority=STATE&state=Maharashtra HTTP/1.1" 200 - "-" "axios/1.13.4"
{"level":"INFO","timestamp":"2026-04-26T18:38:55.179Z","service":"cei-backend","env":"development","message":"HTTP Request","requestId":"28d8e615-b775-4c3d-9008-c4d85f98cc38","method":"GET","route":"/api/colleges?authority=STATE&state=Maharashtra","status":200,"durationMs":67,"ip":"::1","userAgent":"axios/1.13.4","apiKey":"anon"}
::1 - - [26/Apr/2026:18:38:55 +0000] "GET /api/colleges?authority=JOSAA&state=Karnataka HTTP/1.1" 200 - "-" "axios/1.13.4"
{"level":"INFO","timestamp":"2026-04-26T18:38:55.604Z","service":"cei-backend","env":"development","message":"HTTP Request","requestId":"b31b3693-5789-4aa5-a183-b146a8867603","method":"GET","route":"/api/colleges?authority=JOSAA&state=Karnataka","status":200,"durationMs":366,"ip":"::1","userAgent":"axios/1.13.4","apiKey":"anon"}
::1 - - [26/Apr/2026:18:38:55 +0000] "GET /api/colleges?authority=STATE&state=Madhya%20Pradesh HTTP/1.1" 200 - "-" "axios/1.13.4"
{"level":"INFO","timestamp":"2026-04-26T18:38:55.802Z","service":"cei-backend","env":"development","message":"HTTP Request","requestId":"d8105d11-c831-4f43-a057-051c0919f92a","method":"GET","route":"/api/colleges?authority=STATE&state=Madhya%20Pradesh","status":200,"durationMs":114,"ip":"::1","userAgent":"axios/1.13.4","apiKey":"anon"}
::1 - - [26/Apr/2026:18:38:55 +0000] "GET /api/colleges?authority=STATE&state=UNKNOWN HTTP/1.1" 200 - "-" "axios/1.13.4"
{"level":"INFO","timestamp":"2026-04-26T18:38:55.981Z","service":"cei-backend","env":"development","message":"HTTP Request","requestId":"b14d6f9d-64c4-4ff6-a0c3-a1b2f172f3f5","method":"GET","route":"/api/colleges?authority=STATE&state=UNKNOWN","status":200,"durationMs":121,"ip":"::1","userAgent":"axios/1.13.4","apiKey":"anon"}
::1 - - [26/Apr/2026:18:38:56 +0000] "GET /api/colleges?authority=STATE&state=UNKNOWN HTTP/1.1" 200 - "-" "axios/1.13.4"
{"level":"INFO","timestamp":"2026-04-26T18:38:56.146Z","service":"cei-backend","env":"development","message":"HTTP Request","requestId":"0c64eac8-7891-42c8-9fe8-d32b18da0a21","method":"GET","route":"/api/colleges?authority=STATE&state=UNKNOWN","status":200,"durationMs":114,"ip":"::1","userAgent":"axios/1.13.4","apiKey":"anon"}
::1 - - [26/Apr/2026:18:38:56 +0000] "GET /api/colleges?authority=STATE&state=UNKNOWN HTTP/1.1" 200 - "-" "axios/1.13.4"
{"level":"INFO","timestamp":"2026-04-26T18:38:56.318Z","service":"cei-backend","env":"development","message":"HTTP Request","requestId":"74faafa1-7d69-44ec-8140-39c957dd1310","method":"GET","route":"/api/colleges?authority=STATE&state=UNKNOWN","status":200,"durationMs":113,"ip":"::1","userAgent":"axios/1.13.4","apiKey":"anon"}
::1 - - [26/Apr/2026:18:38:56 +0000] "GET /api/colleges?authority=STATE&state=UNKNOWN HTTP/1.1" 200 - "-" "axios/1.13.4"
{"level":"INFO","timestamp":"2026-04-26T18:38:56.489Z","service":"cei-backend","env":"development","message":"HTTP Request","requestId":"bd5411ae-7932-44c3-993b-3222e7f7f21f","method":"GET","route":"/api/colleges?authority=STATE&state=UNKNOWN","status":200,"durationMs":111,"ip":"::1","userAgent":"axios/1.13.4","apiKey":"anon"}
::1 - - [26/Apr/2026:18:38:56 +0000] "GET /api/colleges?authority=STATE&state=UNKNOWN HTTP/1.1" 200 - "-" "axios/1.13.4"
{"level":"INFO","timestamp":"2026-04-26T18:38:56.660Z","service":"cei-backend","env":"development","message":"HTTP Request","requestId":"f4a0064e-6674-4295-a076-ed77b7fc2727","method":"GET","route":"/api/colleges?authority=STATE&state=UNKNOWN","status":200,"durationMs":112,"ip":"::1","userAgent":"axios/1.13.4","apiKey":"anon"}
::1 - - [26/Apr/2026:18:38:56 +0000] "GET /api/colleges?authority=STATE&state=Uttar%20Pradesh HTTP/1.1" 200 - "-" "axios/1.13.4"
{"level":"INFO","timestamp":"2026-04-26T18:38:56.832Z","service":"cei-backend","env":"development","message":"HTTP Request","requestId":"00dc4a51-ca5b-4ad0-8090-32d6962c1f01","method":"GET","route":"/api/colleges?authority=STATE&state=Uttar%20Pradesh","status":200,"durationMs":113,"ip":"::1","userAgent":"axios/1.13.4","apiKey":"anon"}
::1 - - [26/Apr/2026:18:38:56 +0000] "GET /api/colleges?authority=STATE&state=UNKNOWN HTTP/1.1" 200 - "-" "axios/1.13.4"
{"level":"INFO","timestamp":"2026-04-26T18:38:57.002Z","service":"cei-backend","env":"development","message":"HTTP Request","requestId":"ee4f5c4b-e105-4d67-8e0a-dfee31bdb4d9","method":"GET","route":"/api/colleges?authority=STATE&state=UNKNOWN","status":200,"durationMs":113,"ip":"::1","userAgent":"axios/1.13.4","apiKey":"anon"}
::1 - - [26/Apr/2026:18:38:57 +0000] "GET /api/colleges?authority=STATE&state=UNKNOWN HTTP/1.1" 200 - "-" "axios/1.13.4"
{"level":"INFO","timestamp":"2026-04-26T18:38:57.173Z","service":"cei-backend","env":"development","message":"HTTP Request","requestId":"98129da6-f5ba-4404-b208-4b84b27f076a","method":"GET","route":"/api/colleges?authority=STATE&state=UNKNOWN","status":200,"durationMs":113,"ip":"::1","userAgent":"axios/1.13.4","apiKey":"anon"}
::1 - - [26/Apr/2026:18:38:57 +0000] "GET /api/colleges?authority=STATE&state=UNKNOWN HTTP/1.1" 200 - "-" "axios/1.13.4"
{"level":"INFO","timestamp":"2026-04-26T18:38:57.344Z","service":"cei-backend","env":"development","message":"HTTP Request","requestId":"dacb3f7c-f7d5-4d49-996f-f477376aa699","method":"GET","route":"/api/colleges?authority=STATE&state=UNKNOWN","status":200,"durationMs":114,"ip":"::1","userAgent":"axios/1.13.4","apiKey":"anon"}
::1 - - [26/Apr/2026:18:38:57 +0000] "GET /api/colleges?authority=STATE&state=UNKNOWN HTTP/1.1" 200 - "-" "axios/1.13.4"
{"level":"INFO","timestamp":"2026-04-26T18:38:57.514Z","service":"cei-backend","env":"development","message":"HTTP Request","requestId":"b27d814e-102b-4f9d-9022-84b4f855e55a","method":"GET","route":"/api/colleges?authority=STATE&state=UNKNOWN","status":200,"durationMs":111,"ip":"::1","userAgent":"axios/1.13.4","apiKey":"anon"}
::1 - - [26/Apr/2026:18:38:57 +0000] "GET /api/colleges?authority=STATE&state=West%20Bengal HTTP/1.1" 200 - "-" "axios/1.13.4"
{"level":"INFO","timestamp":"2026-04-26T18:38:57.686Z","service":"cei-backend","env":"development","message":"HTTP Request","requestId":"2f2ab4a3-f189-43b4-b5dd-5761215ebe3a","method":"GET","route":"/api/colleges?authority=STATE&state=West%20Bengal","status":200,"durationMs":112,"ip":"::1","userAgent":"axios/1.13.4","apiKey":"anon"}
::1 - - [26/Apr/2026:18:38:57 +0000] "GET /api/colleges?authority=STATE&state=UNKNOWN HTTP/1.1" 200 - "-" "axios/1.13.4"
{"level":"INFO","timestamp":"2026-04-26T18:38:57.858Z","service":"cei-backend","env":"development","message":"HTTP Request","requestId":"9557642e-e766-4951-8ee3-2f96e76c495e","method":"GET","route":"/api/colleges?authority=STATE&state=UNKNOWN","status":200,"durationMs":113,"ip":"::1","userAgent":"axios/1.13.4","apiKey":"anon"}
::1 - - [26/Apr/2026:18:38:58 +0000] "GET /api/colleges?authority=STATE&state=UNKNOWN HTTP/1.1" 200 - "-" "axios/1.13.4"
{"level":"INFO","timestamp":"2026-04-26T18:38:58.029Z","service":"cei-backend","env":"development","message":"HTTP Request","requestId":"3c10a5d3-5eb2-4802-a876-438fe6f7a0a7","method":"GET","route":"/api/colleges?authority=STATE&state=UNKNOWN","status":200,"durationMs":113,"ip":"::1","userAgent":"axios/1.13.4","apiKey":"anon"}
::1 - - [26/Apr/2026:18:38:58 +0000] "GET /api/colleges?authority=STATE&state=Punjab HTTP/1.1" 200 - "-" "axios/1.13.4"
{"level":"INFO","timestamp":"2026-04-26T18:38:58.202Z","service":"cei-backend","env":"development","message":"HTTP Request","requestId":"9bcbcab3-6c15-4472-a131-82df541cd23c","method":"GET","route":"/api/colleges?authority=STATE&state=Punjab","status":200,"durationMs":114,"ip":"::1","userAgent":"axios/1.13.4","apiKey":"anon"}
::1 - - [26/Apr/2026:18:38:58 +0000] "GET /api/colleges?authority=STATE&state=Uttar%20Pradesh HTTP/1.1" 200 - "-" "axios/1.13.4"
{"level":"INFO","timestamp":"2026-04-26T18:38:58.372Z","service":"cei-backend","env":"development","message":"HTTP Request","requestId":"6c9ba1a8-5ccd-4a4a-87c1-f685621f5735","method":"GET","route":"/api/colleges?authority=STATE&state=Uttar%20Pradesh","status":200,"durationMs":110,"ip":"::1","userAgent":"axios/1.13.4","apiKey":"anon"}
::1 - - [26/Apr/2026:18:38:58 +0000] "GET /api/colleges?authority=STATE&state=UNKNOWN HTTP/1.1" 200 - "-" "axios/1.13.4"
{"level":"INFO","timestamp":"2026-04-26T18:38:58.543Z","service":"cei-backend","env":"development","message":"HTTP Request","requestId":"42c2ef31-5009-46e8-8e89-f0a16b8522a9","method":"GET","route":"/api/colleges?authority=STATE&state=UNKNOWN","status":200,"durationMs":111,"ip":"::1","userAgent":"axios/1.13.4","apiKey":"anon"}
::1 - - [26/Apr/2026:18:38:58 +0000] "GET /api/colleges?authority=STATE&state=UNKNOWN HTTP/1.1" 200 - "-" "axios/1.13.4"
{"level":"INFO","timestamp":"2026-04-26T18:38:58.713Z","service":"cei-backend","env":"development","message":"HTTP Request","requestId":"d3be9c11-19cb-4851-a9b3-e548a9eb9558","method":"GET","route":"/api/colleges?authority=STATE&state=UNKNOWN","status":200,"durationMs":111,"ip":"::1","userAgent":"axios/1.13.4","apiKey":"anon"}
::1 - - [26/Apr/2026:18:38:58 +0000] "GET /api/colleges?authority=STATE&state=UNKNOWN HTTP/1.1" 200 - "-" "axios/1.13.4"
{"level":"INFO","timestamp":"2026-04-26T18:38:58.887Z","service":"cei-backend","env":"development","message":"HTTP Request","requestId":"3803b80f-38d2-4b0c-8889-6ad482fc50a8","method":"GET","route":"/api/colleges?authority=STATE&state=UNKNOWN","status":200,"durationMs":114,"ip":"::1","userAgent":"axios/1.13.4","apiKey":"anon"}
::1 - - [26/Apr/2026:18:38:59 +0000] "GET /api/colleges?authority=STATE&state=UNKNOWN HTTP/1.1" 200 - "-" "axios/1.13.4"
{"level":"INFO","timestamp":"2026-04-26T18:38:59.056Z","service":"cei-backend","env":"development","message":"HTTP Request","requestId":"bce6efa4-cca9-4856-bed5-6a928f3950e8","method":"GET","route":"/api/colleges?authority=STATE&state=UNKNOWN","status":200,"durationMs":112,"ip":"::1","userAgent":"axios/1.13.4","apiKey":"anon"}
::1 - - [26/Apr/2026:18:38:59 +0000] "GET /api/colleges?authority=STATE&state=Tamil%20Nadu HTTP/1.1" 200 - "-" "axios/1.13.4"
{"level":"INFO","timestamp":"2026-04-26T18:38:59.198Z","service":"cei-backend","env":"development","message":"HTTP Request","requestId":"0df383e5-821a-45f8-bcfe-e0cf1268cc90","method":"GET","route":"/api/colleges?authority=STATE&state=Tamil%20Nadu","status":200,"durationMs":83,"ip":"::1","userAgent":"axios/1.13.4","apiKey":"anon"}
::1 - - [26/Apr/2026:18:38:59 +0000] "GET /api/colleges?authority=STATE&state=UNKNOWN HTTP/1.1" 200 - "-" "axios/1.13.4"
{"level":"INFO","timestamp":"2026-04-26T18:38:59.365Z","service":"cei-backend","env":"development","message":"HTTP Request","requestId":"a02a6c4a-6847-4a0c-b9ce-f21b4df1785c","method":"GET","route":"/api/colleges?authority=STATE&state=UNKNOWN","status":200,"durationMs":111,"ip":"::1","userAgent":"axios/1.13.4","apiKey":"anon"}
::1 - - [26/Apr/2026:18:38:59 +0000] "GET /api/colleges?authority=STATE&state=Tamil%20Nadu HTTP/1.1" 200 - "-" "axios/1.13.4"
{"level":"INFO","timestamp":"2026-04-26T18:38:59.540Z","service":"cei-backend","env":"development","message":"HTTP Request","requestId":"1290e398-4df7-4978-896b-b4f3a80a9a31","method":"GET","route":"/api/colleges?authority=STATE&state=Tamil%20Nadu","status":200,"durationMs":115,"ip":"::1","userAgent":"axios/1.13.4","apiKey":"anon"}
::1 - - [26/Apr/2026:18:38:59 +0000] "GET /api/colleges?authority=STATE&state=UNKNOWN HTTP/1.1" 200 - "-" "axios/1.13.4"
{"level":"INFO","timestamp":"2026-04-26T18:38:59.711Z","service":"cei-backend","env":"development","message":"HTTP Request","requestId":"47a06dd1-a166-4612-b734-622a737f5351","method":"GET","route":"/api/colleges?authority=STATE&state=UNKNOWN","status":200,"durationMs":113,"ip":"::1","userAgent":"axios/1.13.4","apiKey":"anon"}
::1 - - [26/Apr/2026:18:38:59 +0000] "GET /api/colleges?authority=STATE&state=Maharashtra HTTP/1.1" 200 - "-" "axios/1.13.4"
{"level":"INFO","timestamp":"2026-04-26T18:38:59.880Z","service":"cei-backend","env":"development","message":"HTTP Request","requestId":"82a16201-c219-4c5c-ab0a-f02c9d8336a0","method":"GET","route":"/api/colleges?authority=STATE&state=Maharashtra","status":200,"durationMs":111,"ip":"::1","userAgent":"axios/1.13.4","apiKey":"anon"}
::1 - - [26/Apr/2026:18:39:00 +0000] "GET /api/colleges?authority=STATE&state=Andhra%20Pradesh HTTP/1.1" 200 - "-" "axios/1.13.4"
{"level":"INFO","timestamp":"2026-04-26T18:39:00.048Z","service":"cei-backend","env":"development","message":"HTTP Request","requestId":"150d15f5-8dbd-4780-ae18-87cebcacce5f","method":"GET","route":"/api/colleges?authority=STATE&state=Andhra%20Pradesh","status":200,"durationMs":109,"ip":"::1","userAgent":"axios/1.13.4","apiKey":"anon"}
::1 - - [26/Apr/2026:18:39:00 +0000] "GET /api/colleges?authority=STATE&state=UNKNOWN HTTP/1.1" 200 - "-" "axios/1.13.4"
{"level":"INFO","timestamp":"2026-04-26T18:39:00.220Z","service":"cei-backend","env":"development","message":"HTTP Request","requestId":"e51e2413-f699-4de4-9162-6fdd913a43cc","method":"GET","route":"/api/colleges?authority=STATE&state=UNKNOWN","status":200,"durationMs":110,"ip":"::1","userAgent":"axios/1.13.4","apiKey":"anon"}
::1 - - [26/Apr/2026:18:39:00 +0000] "GET /api/colleges?authority=STATE&state=UNKNOWN HTTP/1.1" 200 - "-" "axios/1.13.4"
{"level":"INFO","timestamp":"2026-04-26T18:39:00.393Z","service":"cei-backend","env":"development","message":"HTTP Request","requestId":"1ac8af08-01fe-4bc6-9e56-3e3591f69179","method":"GET","route":"/api/colleges?authority=STATE&state=UNKNOWN","status":200,"durationMs":112,"ip":"::1","userAgent":"axios/1.13.4","apiKey":"anon"}
::1 - - [26/Apr/2026:18:39:00 +0000] "GET /api/colleges?authority=STATE&state=UNKNOWN HTTP/1.1" 200 - "-" "axios/1.13.4"
{"level":"INFO","timestamp":"2026-04-26T18:39:00.567Z","service":"cei-backend","env":"development","message":"HTTP Request","requestId":"c938fd67-5c6f-4c17-991f-8ccffa2968d6","method":"GET","route":"/api/colleges?authority=STATE&state=UNKNOWN","status":200,"durationMs":113,"ip":"::1","userAgent":"axios/1.13.4","apiKey":"anon"}
::1 - - [26/Apr/2026:18:39:00 +0000] "GET /api/colleges?authority=STATE&state=UNKNOWN HTTP/1.1" 200 - "-" "axios/1.13.4"
{"level":"INFO","timestamp":"2026-04-26T18:39:00.737Z","service":"cei-backend","env":"development","message":"HTTP Request","requestId":"2ad9644b-0afc-4266-928c-00cf1a74eee1","method":"GET","route":"/api/colleges?authority=STATE&state=UNKNOWN","status":200,"durationMs":112,"ip":"::1","userAgent":"axios/1.13.4","apiKey":"anon"}
::1 - - [26/Apr/2026:18:39:00 +0000] "GET /api/colleges?authority=STATE&state=Maharashtra HTTP/1.1" 200 - "-" "axios/1.13.4"
{"level":"INFO","timestamp":"2026-04-26T18:39:00.909Z","service":"cei-backend","env":"development","message":"HTTP Request","requestId":"0897d2f0-528a-41d3-af1c-36186729c7b3","method":"GET","route":"/api/colleges?authority=STATE&state=Maharashtra","status":200,"durationMs":113,"ip":"::1","userAgent":"axios/1.13.4","apiKey":"anon"}
::1 - - [26/Apr/2026:18:39:01 +0000] "GET /api/colleges?authority=STATE&state=UNKNOWN HTTP/1.1" 200 - "-" "axios/1.13.4"
{"level":"INFO","timestamp":"2026-04-26T18:39:01.079Z","service":"cei-backend","env":"development","message":"HTTP Request","requestId":"5aa4d480-657c-4331-8ee2-e2f5a5691762","method":"GET","route":"/api/colleges?authority=STATE&state=UNKNOWN","status":200,"durationMs":112,"ip":"::1","userAgent":"axios/1.13.4","apiKey":"anon"}
::1 - - [26/Apr/2026:18:39:01 +0000] "GET /api/colleges?authority=STATE&state=UNKNOWN HTTP/1.1" 200 - "-" "axios/1.13.4"
{"level":"INFO","timestamp":"2026-04-26T18:39:01.202Z","service":"cei-backend","env":"development","message":"HTTP Request","requestId":"63c11ae4-7c66-4701-b8a1-957d31af98f7","method":"GET","route":"/api/colleges?authority=STATE&state=UNKNOWN","status":200,"durationMs":65,"ip":"::1","userAgent":"axios/1.13.4","apiKey":"anon"}
::1 - - [26/Apr/2026:18:39:01 +0000] "GET /api/colleges?authority=STATE&state=UNKNOWN HTTP/1.1" 200 - "-" "axios/1.13.4"
{"level":"INFO","timestamp":"2026-04-26T18:39:01.383Z","service":"cei-backend","env":"development","message":"HTTP Request","requestId":"b39de4e9-ead4-4491-b733-7c0013336428","method":"GET","route":"/api/colleges?authority=STATE&state=UNKNOWN","status":200,"durationMs":122,"ip":"::1","userAgent":"axios/1.13.4","apiKey":"anon"}
::1 - - [26/Apr/2026:18:39:01 +0000] "GET /api/colleges?authority=STATE&state=UNKNOWN HTTP/1.1" 200 - "-" "axios/1.13.4"
{"level":"INFO","timestamp":"2026-04-26T18:39:01.555Z","service":"cei-backend","env":"development","message":"HTTP Request","requestId":"de9b92da-280d-461c-9457-e705709514a0","method":"GET","route":"/api/colleges?authority=STATE&state=UNKNOWN","status":200,"durationMs":123,"ip":"::1","userAgent":"axios/1.13.4","apiKey":"anon"}
::1 - - [26/Apr/2026:18:39:01 +0000] "GET /api/colleges?authority=STATE&state=UNKNOWN HTTP/1.1" 200 - "-" "axios/1.13.4"
{"level":"INFO","timestamp":"2026-04-26T18:39:01.719Z","service":"cei-backend","env":"development","message":"HTTP Request","requestId":"41c9bccc-3485-4ac3-a6e1-7c1fdf9b09b4","method":"GET","route":"/api/colleges?authority=STATE&state=UNKNOWN","status":200,"durationMs":111,"ip":"::1","userAgent":"axios/1.13.4","apiKey":"anon"}
::1 - - [26/Apr/2026:18:39:01 +0000] "GET /api/colleges?authority=STATE&state=UNKNOWN HTTP/1.1" 200 - "-" "axios/1.13.4"
{"level":"INFO","timestamp":"2026-04-26T18:39:01.891Z","service":"cei-backend","env":"development","message":"HTTP Request","requestId":"8fc82218-0b28-4b5b-978f-8b0c31d9d039","method":"GET","route":"/api/colleges?authority=STATE&state=UNKNOWN","status":200,"durationMs":113,"ip":"::1","userAgent":"axios/1.13.4","apiKey":"anon"}
::1 - - [26/Apr/2026:18:39:02 +0000] "GET /api/colleges?authority=STATE&state=Madhya%20Pradesh HTTP/1.1" 200 - "-" "axios/1.13.4"
{"level":"INFO","timestamp":"2026-04-26T18:39:02.063Z","service":"cei-backend","env":"development","message":"HTTP Request","requestId":"8619c560-af6d-4cb0-b129-ee43b363881f","method":"GET","route":"/api/colleges?authority=STATE&state=Madhya%20Pradesh","status":200,"durationMs":113,"ip":"::1","userAgent":"axios/1.13.4","apiKey":"anon"}
::1 - - [26/Apr/2026:18:39:02 +0000] "GET /api/colleges?authority=STATE&state=Madhya%20Pradesh HTTP/1.1" 200 - "-" "axios/1.13.4"
{"level":"INFO","timestamp":"2026-04-26T18:39:02.233Z","service":"cei-backend","env":"development","message":"HTTP Request","requestId":"5fa90462-dd74-4104-aa14-e883831e8a19","method":"GET","route":"/api/colleges?authority=STATE&state=Madhya%20Pradesh","status":200,"durationMs":112,"ip":"::1","userAgent":"axios/1.13.4","apiKey":"anon"}
::1 - - [26/Apr/2026:18:39:02 +0000] "GET /api/colleges?authority=STATE&state=UNKNOWN HTTP/1.1" 200 - "-" "axios/1.13.4"
{"level":"INFO","timestamp":"2026-04-26T18:39:02.405Z","service":"cei-backend","env":"development","message":"HTTP Request","requestId":"8619aba1-d87b-4e9e-a1ff-d473e872ccfd","method":"GET","route":"/api/colleges?authority=STATE&state=UNKNOWN","status":200,"durationMs":113,"ip":"::1","userAgent":"axios/1.13.4","apiKey":"anon"}
::1 - - [26/Apr/2026:18:39:02 +0000] "GET /api/colleges?authority=STATE&state=Haryana HTTP/1.1" 200 - "-" "axios/1.13.4"
{"level":"INFO","timestamp":"2026-04-26T18:39:02.836Z","service":"cei-backend","env":"development","message":"HTTP Request","requestId":"93fe7660-8efe-498f-9338-c80663953356","method":"GET","route":"/api/colleges?authority=STATE&state=Haryana","status":200,"durationMs":372,"ip":"::1","userAgent":"axios/1.13.4","apiKey":"anon"}
::1 - - [26/Apr/2026:18:39:03 +0000] "GET /api/colleges?authority=STATE&state=UNKNOWN HTTP/1.1" 200 - "-" "axios/1.13.4"
{"level":"INFO","timestamp":"2026-04-26T18:39:03.011Z","service":"cei-backend","env":"development","message":"HTTP Request","requestId":"91de3301-eb5f-41ce-beac-3b7b7a70380b","method":"GET","route":"/api/colleges?authority=STATE&state=UNKNOWN","status":200,"durationMs":113,"ip":"::1","userAgent":"axios/1.13.4","apiKey":"anon"}
::1 - - [26/Apr/2026:18:39:03 +0000] "GET /api/colleges?authority=STATE&state=UNKNOWN HTTP/1.1" 200 - "-" "axios/1.13.4"
{"level":"INFO","timestamp":"2026-04-26T18:39:03.181Z","service":"cei-backend","env":"development","message":"HTTP Request","requestId":"7e46741f-2ddb-433b-a045-09de6b69b896","method":"GET","route":"/api/colleges?authority=STATE&state=UNKNOWN","status":200,"durationMs":111,"ip":"::1","userAgent":"axios/1.13.4","apiKey":"anon"}
::1 - - [26/Apr/2026:18:39:03 +0000] "GET /api/colleges?authority=STATE&state=Uttar%20Pradesh HTTP/1.1" 200 - "-" "axios/1.13.4"
{"level":"INFO","timestamp":"2026-04-26T18:39:03.356Z","service":"cei-backend","env":"development","message":"HTTP Request","requestId":"93efbf59-f525-496e-92cf-e448c22cce37","method":"GET","route":"/api/colleges?authority=STATE&state=Uttar%20Pradesh","status":200,"durationMs":114,"ip":"::1","userAgent":"axios/1.13.4","apiKey":"anon"}
::1 - - [26/Apr/2026:18:39:03 +0000] "GET /api/colleges?authority=STATE&state=Gujarat HTTP/1.1" 200 - "-" "axios/1.13.4"
{"level":"INFO","timestamp":"2026-04-26T18:39:03.528Z","service":"cei-backend","env":"development","message":"HTTP Request","requestId":"768e0b80-977a-4087-b352-0c895906d4b3","method":"GET","route":"/api/colleges?authority=STATE&state=Gujarat","status":200,"durationMs":113,"ip":"::1","userAgent":"axios/1.13.4","apiKey":"anon"}
::1 - - [26/Apr/2026:18:39:03 +0000] "GET /api/colleges?authority=STATE&state=Maharashtra HTTP/1.1" 200 - "-" "axios/1.13.4"
{"level":"INFO","timestamp":"2026-04-26T18:39:03.708Z","service":"cei-backend","env":"development","message":"HTTP Request","requestId":"cd5f0d08-69c6-4a76-b55c-7fc38a3444f9","method":"GET","route":"/api/colleges?authority=STATE&state=Maharashtra","status":200,"durationMs":123,"ip":"::1","userAgent":"axios/1.13.4","apiKey":"anon"}
::1 - - [26/Apr/2026:18:39:03 +0000] "GET /api/colleges?authority=STATE&state=Maharashtra HTTP/1.1" 200 - "-" "axios/1.13.4"
{"level":"INFO","timestamp":"2026-04-26T18:39:03.868Z","service":"cei-backend","env":"development","message":"HTTP Request","requestId":"9c59dad4-f516-49ee-9de4-e01459e32f9d","method":"GET","route":"/api/colleges?authority=STATE&state=Maharashtra","status":200,"durationMs":109,"ip":"::1","userAgent":"axios/1.13.4","apiKey":"anon"}
::1 - - [26/Apr/2026:18:39:04 +0000] "GET /api/colleges?authority=STATE&state=West%20Bengal HTTP/1.1" 200 - "-" "axios/1.13.4"
{"level":"INFO","timestamp":"2026-04-26T18:39:04.040Z","service":"cei-backend","env":"development","message":"HTTP Request","requestId":"2db619eb-b0e0-40c6-942e-543d83a6f377","method":"GET","route":"/api/colleges?authority=STATE&state=West%20Bengal","status":200,"durationMs":111,"ip":"::1","userAgent":"axios/1.13.4","apiKey":"anon"}
::1 - - [26/Apr/2026:18:39:04 +0000] "GET /api/colleges?authority=STATE&state=UNKNOWN HTTP/1.1" 200 - "-" "axios/1.13.4"
{"level":"INFO","timestamp":"2026-04-26T18:39:04.209Z","service":"cei-backend","env":"development","message":"HTTP Request","requestId":"1a78a4df-f77a-4566-aa5f-3a6d48141ce7","method":"GET","route":"/api/colleges?authority=STATE&state=UNKNOWN","status":200,"durationMs":110,"ip":"::1","userAgent":"axios/1.13.4","apiKey":"anon"}
::1 - - [26/Apr/2026:18:39:04 +0000] "GET /api/colleges?authority=STATE&state=UNKNOWN HTTP/1.1" 200 - "-" "axios/1.13.4"
{"level":"INFO","timestamp":"2026-04-26T18:39:04.382Z","service":"cei-backend","env":"development","message":"HTTP Request","requestId":"278134f1-0106-40fa-bc16-e3f1dd271aed","method":"GET","route":"/api/colleges?authority=STATE&state=UNKNOWN","status":200,"durationMs":112,"ip":"::1","userAgent":"axios/1.13.4","apiKey":"anon"}
::1 - - [26/Apr/2026:18:39:04 +0000] "GET /api/colleges?authority=STATE&state=UNKNOWN HTTP/1.1" 200 - "-" "axios/1.13.4"
{"level":"INFO","timestamp":"2026-04-26T18:39:04.556Z","service":"cei-backend","env":"development","message":"HTTP Request","requestId":"0fd93b87-3dbf-427b-ab97-3528a81a0da0","method":"GET","route":"/api/colleges?authority=STATE&state=UNKNOWN","status":200,"durationMs":113,"ip":"::1","userAgent":"axios/1.13.4","apiKey":"anon"}
::1 - - [26/Apr/2026:18:39:04 +0000] "GET /api/colleges?authority=STATE&state=UNKNOWN HTTP/1.1" 200 - "-" "axios/1.13.4"
{"level":"INFO","timestamp":"2026-04-26T18:39:04.724Z","service":"cei-backend","env":"development","message":"HTTP Request","requestId":"b65ee989-a1f1-4f51-b297-c34b0a58ea0d","method":"GET","route":"/api/colleges?authority=STATE&state=UNKNOWN","status":200,"durationMs":110,"ip":"::1","userAgent":"axios/1.13.4","apiKey":"anon"}
::1 - - [26/Apr/2026:18:39:04 +0000] "GET /api/colleges?authority=STATE&state=UNKNOWN HTTP/1.1" 200 - "-" "axios/1.13.4"
{"level":"INFO","timestamp":"2026-04-26T18:39:04.895Z","service":"cei-backend","env":"development","message":"HTTP Request","requestId":"87320b86-00a6-4409-8486-454f5b3792d1","method":"GET","route":"/api/colleges?authority=STATE&state=UNKNOWN","status":200,"durationMs":110,"ip":"::1","userAgent":"axios/1.13.4","apiKey":"anon"}
::1 - - [26/Apr/2026:18:39:05 +0000] "GET /api/colleges?authority=STATE&state=Andhra%20Pradesh HTTP/1.1" 200 - "-" "axios/1.13.4"
{"level":"INFO","timestamp":"2026-04-26T18:39:05.066Z","service":"cei-backend","env":"development","message":"HTTP Request","requestId":"2a8d466b-3339-41f1-a4dc-ff48156ad4c7","method":"GET","route":"/api/colleges?authority=STATE&state=Andhra%20Pradesh","status":200,"durationMs":110,"ip":"::1","userAgent":"axios/1.13.4","apiKey":"anon"}
::1 - - [26/Apr/2026:18:39:05 +0000] "GET /api/colleges?authority=STATE&state=UNKNOWN HTTP/1.1" 200 - "-" "axios/1.13.4"
{"level":"INFO","timestamp":"2026-04-26T18:39:05.227Z","service":"cei-backend","env":"development","message":"HTTP Request","requestId":"cc6c3cb1-b23e-478c-a2ca-44015c35c7bc","method":"GET","route":"/api/colleges?authority=STATE&state=UNKNOWN","status":200,"durationMs":101,"ip":"::1","userAgent":"axios/1.13.4","apiKey":"anon"}
::1 - - [26/Apr/2026:18:39:05 +0000] "GET /api/colleges?authority=STATE&state=UNKNOWN HTTP/1.1" 200 - "-" "axios/1.13.4"
{"level":"INFO","timestamp":"2026-04-26T18:39:05.394Z","service":"cei-backend","env":"development","message":"HTTP Request","requestId":"1e3e1435-cbfc-4260-aac7-9373a419feef","method":"GET","route":"/api/colleges?authority=STATE&state=UNKNOWN","status":200,"durationMs":113,"ip":"::1","userAgent":"axios/1.13.4","apiKey":"anon"}
::1 - - [26/Apr/2026:18:39:05 +0000] "GET /api/colleges?authority=STATE&state=UNKNOWN HTTP/1.1" 200 - "-" "axios/1.13.4"
{"level":"INFO","timestamp":"2026-04-26T18:39:05.563Z","service":"cei-backend","env":"development","message":"HTTP Request","requestId":"a5b7c43b-e74f-4cd7-a032-5ba4ae4ecb07","method":"GET","route":"/api/colleges?authority=STATE&state=UNKNOWN","status":200,"durationMs":111,"ip":"::1","userAgent":"axios/1.13.4","apiKey":"anon"}
::1 - - [26/Apr/2026:18:39:05 +0000] "GET /api/colleges?authority=STATE&state=UNKNOWN HTTP/1.1" 200 - "-" "axios/1.13.4"
{"level":"INFO","timestamp":"2026-04-26T18:39:05.735Z","service":"cei-backend","env":"development","message":"HTTP Request","requestId":"dcd51a4f-15c7-4000-8e71-dbf87ea8c32f","method":"GET","route":"/api/colleges?authority=STATE&state=UNKNOWN","status":200,"durationMs":112,"ip":"::1","userAgent":"axios/1.13.4","apiKey":"anon"}
::1 - - [26/Apr/2026:18:39:05 +0000] "GET /api/colleges?authority=STATE&state=UNKNOWN HTTP/1.1" 200 - "-" "axios/1.13.4"
{"level":"INFO","timestamp":"2026-04-26T18:39:05.906Z","service":"cei-backend","env":"development","message":"HTTP Request","requestId":"1d8e6fb5-cf14-4843-9418-37ab6113bc98","method":"GET","route":"/api/colleges?authority=STATE&state=UNKNOWN","status":200,"durationMs":113,"ip":"::1","userAgent":"axios/1.13.4","apiKey":"anon"}
::1 - - [26/Apr/2026:18:39:06 +0000] "GET /api/colleges?authority=STATE&state=UNKNOWN HTTP/1.1" 200 - "-" "axios/1.13.4"
{"level":"INFO","timestamp":"2026-04-26T18:39:06.076Z","service":"cei-backend","env":"development","message":"HTTP Request","requestId":"9ff8c334-7c81-4319-ac06-30554218e2da","method":"GET","route":"/api/colleges?authority=STATE&state=UNKNOWN","status":200,"durationMs":111,"ip":"::1","userAgent":"axios/1.13.4","apiKey":"anon"}
::1 - - [26/Apr/2026:18:39:06 +0000] "GET /api/colleges?authority=STATE&state=Odisha HTTP/1.1" 200 - "-" "axios/1.13.4"
{"level":"INFO","timestamp":"2026-04-26T18:39:06.248Z","service":"cei-backend","env":"development","message":"HTTP Request","requestId":"5fb7e142-4586-4f4f-8953-2c553c6182a7","method":"GET","route":"/api/colleges?authority=STATE&state=Odisha","status":200,"durationMs":111,"ip":"::1","userAgent":"axios/1.13.4","apiKey":"anon"}
::1 - - [26/Apr/2026:18:39:06 +0000] "GET /api/colleges?authority=STATE&state=Madhya%20Pradesh HTTP/1.1" 200 - "-" "axios/1.13.4"
{"level":"INFO","timestamp":"2026-04-26T18:39:06.419Z","service":"cei-backend","env":"development","message":"HTTP Request","requestId":"0d8e3605-beb0-4b90-9b54-5d6f445c097a","method":"GET","route":"/api/colleges?authority=STATE&state=Madhya%20Pradesh","status":200,"durationMs":109,"ip":"::1","userAgent":"axios/1.13.4","apiKey":"anon"}
::1 - - [26/Apr/2026:18:39:06 +0000] "GET /api/colleges?authority=STATE&state=UNKNOWN HTTP/1.1" 200 - "-" "axios/1.13.4"
{"level":"INFO","timestamp":"2026-04-26T18:39:06.590Z","service":"cei-backend","env":"development","message":"HTTP Request","requestId":"21efc79d-227b-4d24-8644-9be65070e0e7","method":"GET","route":"/api/colleges?authority=STATE&state=UNKNOWN","status":200,"durationMs":112,"ip":"::1","userAgent":"axios/1.13.4","apiKey":"anon"}
::1 - - [26/Apr/2026:18:39:06 +0000] "GET /api/colleges?authority=STATE&state=UNKNOWN HTTP/1.1" 200 - "-" "axios/1.13.4"
{"level":"INFO","timestamp":"2026-04-26T18:39:06.763Z","service":"cei-backend","env":"development","message":"HTTP Request","requestId":"f79fad7a-b3b5-437d-bc5d-62a0610a195f","method":"GET","route":"/api/colleges?authority=STATE&state=UNKNOWN","status":200,"durationMs":114,"ip":"::1","userAgent":"axios/1.13.4","apiKey":"anon"}
::1 - - [26/Apr/2026:18:39:06 +0000] "GET /api/colleges?authority=STATE&state=UNKNOWN HTTP/1.1" 200 - "-" "axios/1.13.4"
{"level":"INFO","timestamp":"2026-04-26T18:39:06.935Z","service":"cei-backend","env":"development","message":"HTTP Request","requestId":"f91afb4a-6528-45f1-ace6-a735d3aed672","method":"GET","route":"/api/colleges?authority=STATE&state=UNKNOWN","status":200,"durationMs":114,"ip":"::1","userAgent":"axios/1.13.4","apiKey":"anon"}
::1 - - [26/Apr/2026:18:39:07 +0000] "GET /api/colleges?authority=STATE&state=UNKNOWN HTTP/1.1" 200 - "-" "axios/1.13.4"
{"level":"INFO","timestamp":"2026-04-26T18:39:07.108Z","service":"cei-backend","env":"development","message":"HTTP Request","requestId":"9a0df6cb-6b75-4d2f-bd48-f59095dc82c9","method":"GET","route":"/api/colleges?authority=STATE&state=UNKNOWN","status":200,"durationMs":112,"ip":"::1","userAgent":"axios/1.13.4","apiKey":"anon"}
::1 - - [26/Apr/2026:18:39:07 +0000] "GET /api/colleges?authority=STATE&state=UNKNOWN HTTP/1.1" 200 - "-" "axios/1.13.4"
{"level":"INFO","timestamp":"2026-04-26T18:39:07.232Z","service":"cei-backend","env":"development","message":"HTTP Request","requestId":"12216496-149f-478e-a903-3f6d6fbc5fed","method":"GET","route":"/api/colleges?authority=STATE&state=UNKNOWN","status":200,"durationMs":66,"ip":"::1","userAgent":"axios/1.13.4","apiKey":"anon"}
::1 - - [26/Apr/2026:18:39:07 +0000] "GET /api/colleges?authority=STATE&state=Jharkhand HTTP/1.1" 200 - "-" "axios/1.13.4"
{"level":"INFO","timestamp":"2026-04-26T18:39:07.687Z","service":"cei-backend","env":"development","message":"HTTP Request","requestId":"a078bed5-1c2e-4cbd-b6de-d37e4dd3d385","method":"GET","route":"/api/colleges?authority=STATE&state=Jharkhand","status":200,"durationMs":396,"ip":"::1","userAgent":"axios/1.13.4","apiKey":"anon"}
::1 - - [26/Apr/2026:18:39:07 +0000] "GET /api/colleges?authority=STATE&state=Himachal%20Pradesh HTTP/1.1" 200 - "-" "axios/1.13.4"
{"level":"INFO","timestamp":"2026-04-26T18:39:07.867Z","service":"cei-backend","env":"development","message":"HTTP Request","requestId":"5288bd1f-bb4d-45e7-a37d-cc1d6c522321","method":"GET","route":"/api/colleges?authority=STATE&state=Himachal%20Pradesh","status":200,"durationMs":111,"ip":"::1","userAgent":"axios/1.13.4","apiKey":"anon"}
::1 - - [26/Apr/2026:18:39:08 +0000] "GET /api/colleges?authority=STATE&state=UNKNOWN HTTP/1.1" 200 - "-" "axios/1.13.4"
{"level":"INFO","timestamp":"2026-04-26T18:39:08.049Z","service":"cei-backend","env":"development","message":"HTTP Request","requestId":"fa1ab032-4684-4148-9f84-1eb53c470bdb","method":"GET","route":"/api/colleges?authority=STATE&state=UNKNOWN","status":200,"durationMs":121,"ip":"::1","userAgent":"axios/1.13.4","apiKey":"anon"}
::1 - - [26/Apr/2026:18:39:08 +0000] "GET /api/colleges?authority=STATE&state=UNKNOWN HTTP/1.1" 200 - "-" "axios/1.13.4"
{"level":"INFO","timestamp":"2026-04-26T18:39:08.212Z","service":"cei-backend","env":"development","message":"HTTP Request","requestId":"2191a348-a082-4f1c-b0e5-03b2f75215a8","method":"GET","route":"/api/colleges?authority=STATE&state=UNKNOWN","status":200,"durationMs":112,"ip":"::1","userAgent":"axios/1.13.4","apiKey":"anon"}
::1 - - [26/Apr/2026:18:39:08 +0000] "GET /api/colleges?authority=STATE&state=UNKNOWN HTTP/1.1" 200 - "-" "axios/1.13.4"
{"level":"INFO","timestamp":"2026-04-26T18:39:08.392Z","service":"cei-backend","env":"development","message":"HTTP Request","requestId":"e4aae039-e4d4-4486-b5e4-d98bdc461b69","method":"GET","route":"/api/colleges?authority=STATE&state=UNKNOWN","status":200,"durationMs":122,"ip":"::1","userAgent":"axios/1.13.4","apiKey":"anon"}
::1 - - [26/Apr/2026:18:39:08 +0000] "GET /api/colleges?authority=STATE&state=UNKNOWN HTTP/1.1" 200 - "-" "axios/1.13.4"
{"level":"INFO","timestamp":"2026-04-26T18:39:08.561Z","service":"cei-backend","env":"development","message":"HTTP Request","requestId":"b0415481-e155-4ae8-8e6f-0671c102ffff","method":"GET","route":"/api/colleges?authority=STATE&state=UNKNOWN","status":200,"durationMs":118,"ip":"::1","userAgent":"axios/1.13.4","apiKey":"anon"}
::1 - - [26/Apr/2026:18:39:08 +0000] "GET /api/colleges?authority=STATE&state=Madhya%20Pradesh HTTP/1.1" 200 - "-" "axios/1.13.4"
{"level":"INFO","timestamp":"2026-04-26T18:39:08.728Z","service":"cei-backend","env":"development","message":"HTTP Request","requestId":"ed41319f-b569-4701-8bdd-a9903967e121","method":"GET","route":"/api/colleges?authority=STATE&state=Madhya%20Pradesh","status":200,"durationMs":116,"ip":"::1","userAgent":"axios/1.13.4","apiKey":"anon"}
::1 - - [26/Apr/2026:18:39:08 +0000] "GET /api/colleges?authority=STATE&state=Uttar%20Pradesh HTTP/1.1" 200 - "-" "axios/1.13.4"
{"level":"INFO","timestamp":"2026-04-26T18:39:08.895Z","service":"cei-backend","env":"development","message":"HTTP Request","requestId":"165110dc-87bf-4eae-96f5-9b47367b5d53","method":"GET","route":"/api/colleges?authority=STATE&state=Uttar%20Pradesh","status":200,"durationMs":111,"ip":"::1","userAgent":"axios/1.13.4","apiKey":"anon"}
::1 - - [26/Apr/2026:18:39:09 +0000] "GET /api/colleges?authority=STATE&state=UNKNOWN HTTP/1.1" 200 - "-" "axios/1.13.4"
{"level":"INFO","timestamp":"2026-04-26T18:39:09.066Z","service":"cei-backend","env":"development","message":"HTTP Request","requestId":"85c4a38e-c2f1-44cd-a37d-baaf1c1926b5","method":"GET","route":"/api/colleges?authority=STATE&state=UNKNOWN","status":200,"durationMs":110,"ip":"::1","userAgent":"axios/1.13.4","apiKey":"anon"}
::1 - - [26/Apr/2026:18:39:09 +0000] "GET /api/colleges?authority=STATE&state=UNKNOWN HTTP/1.1" 200 - "-" "axios/1.13.4"
{"level":"INFO","timestamp":"2026-04-26T18:39:09.237Z","service":"cei-backend","env":"development","message":"HTTP Request","requestId":"83e0d5a8-c114-441d-b4c9-a6f637db28d9","method":"GET","route":"/api/colleges?authority=STATE&state=UNKNOWN","status":200,"durationMs":111,"ip":"::1","userAgent":"axios/1.13.4","apiKey":"anon"}
::1 - - [26/Apr/2026:18:39:09 +0000] "GET /api/colleges?authority=STATE&state=UNKNOWN HTTP/1.1" 200 - "-" "axios/1.13.4"
{"level":"INFO","timestamp":"2026-04-26T18:39:09.418Z","service":"cei-backend","env":"development","message":"HTTP Request","requestId":"ca5a5eec-b053-434a-9de2-0630bc350781","method":"GET","route":"/api/colleges?authority=STATE&state=UNKNOWN","status":200,"durationMs":121,"ip":"::1","userAgent":"axios/1.13.4","apiKey":"anon"}
::1 - - [26/Apr/2026:18:39:09 +0000] "GET /api/colleges?authority=STATE&state=Odisha HTTP/1.1" 200 - "-" "axios/1.13.4"
{"level":"INFO","timestamp":"2026-04-26T18:39:09.580Z","service":"cei-backend","env":"development","message":"HTTP Request","requestId":"d15fda7d-f4e9-40bc-870c-06ae9cd96143","method":"GET","route":"/api/colleges?authority=STATE&state=Odisha","status":200,"durationMs":111,"ip":"::1","userAgent":"axios/1.13.4","apiKey":"anon"}
::1 - - [26/Apr/2026:18:39:09 +0000] "GET /api/colleges?authority=STATE&state=Andhra%20Pradesh HTTP/1.1" 200 - "-" "axios/1.13.4"
{"level":"INFO","timestamp":"2026-04-26T18:39:09.751Z","service":"cei-backend","env":"development","message":"HTTP Request","requestId":"3452fef1-599b-4bff-88ab-56e6ae0f87eb","method":"GET","route":"/api/colleges?authority=STATE&state=Andhra%20Pradesh","status":200,"durationMs":113,"ip":"::1","userAgent":"axios/1.13.4","apiKey":"anon"}
::1 - - [26/Apr/2026:18:39:09 +0000] "GET /api/colleges?authority=STATE&state=UNKNOWN HTTP/1.1" 200 - "-" "axios/1.13.4"
{"level":"INFO","timestamp":"2026-04-26T18:39:09.924Z","service":"cei-backend","env":"development","message":"HTTP Request","requestId":"4efdeb20-9cec-438e-8447-a0dbcee7c31d","method":"GET","route":"/api/colleges?authority=STATE&state=UNKNOWN","status":200,"durationMs":115,"ip":"::1","userAgent":"axios/1.13.4","apiKey":"anon"}
::1 - - [26/Apr/2026:18:39:10 +0000] "GET /api/colleges?authority=STATE&state=UNKNOWN HTTP/1.1" 200 - "-" "axios/1.13.4"
{"level":"INFO","timestamp":"2026-04-26T18:39:10.097Z","service":"cei-backend","env":"development","message":"HTTP Request","requestId":"46b51ec2-cd78-4094-a364-2b63a41963e7","method":"GET","route":"/api/colleges?authority=STATE&state=UNKNOWN","status":200,"durationMs":115,"ip":"::1","userAgent":"axios/1.13.4","apiKey":"anon"}
::1 - - [26/Apr/2026:18:39:10 +0000] "GET /api/colleges?authority=STATE&state=UNKNOWN HTTP/1.1" 200 - "-" "axios/1.13.4"
{"level":"INFO","timestamp":"2026-04-26T18:39:10.268Z","service":"cei-backend","env":"development","message":"HTTP Request","requestId":"dfb6129a-83ee-44d4-b60b-bba98f32e8cd","method":"GET","route":"/api/colleges?authority=STATE&state=UNKNOWN","status":200,"durationMs":112,"ip":"::1","userAgent":"axios/1.13.4","apiKey":"anon"}
::1 - - [26/Apr/2026:18:39:10 +0000] "GET /api/colleges?authority=STATE&state=UNKNOWN HTTP/1.1" 200 - "-" "axios/1.13.4"
{"level":"INFO","timestamp":"2026-04-26T18:39:10.442Z","service":"cei-backend","env":"development","message":"HTTP Request","requestId":"5f33d56b-2785-4218-8ab2-8fdf544d210a","method":"GET","route":"/api/colleges?authority=STATE&state=UNKNOWN","status":200,"durationMs":115,"ip":"::1","userAgent":"axios/1.13.4","apiKey":"anon"}
::1 - - [26/Apr/2026:18:39:10 +0000] "GET /api/colleges?authority=STATE&state=UNKNOWN HTTP/1.1" 200 - "-" "axios/1.13.4"
{"level":"INFO","timestamp":"2026-04-26T18:39:10.615Z","service":"cei-backend","env":"development","message":"HTTP Request","requestId":"f231f8d6-f3ff-47df-9795-b43d5c07ddc1","method":"GET","route":"/api/colleges?authority=STATE&state=UNKNOWN","status":200,"durationMs":115,"ip":"::1","userAgent":"axios/1.13.4","apiKey":"anon"}
::1 - - [26/Apr/2026:18:39:10 +0000] "GET /api/colleges?authority=STATE&state=UNKNOWN HTTP/1.1" 200 - "-" "axios/1.13.4"
{"level":"INFO","timestamp":"2026-04-26T18:39:10.785Z","service":"cei-backend","env":"development","message":"HTTP Request","requestId":"2bd29b00-c829-4217-9460-3dbf40a9ae0e","method":"GET","route":"/api/colleges?authority=STATE&state=UNKNOWN","status":200,"durationMs":113,"ip":"::1","userAgent":"axios/1.13.4","apiKey":"anon"}
::1 - - [26/Apr/2026:18:39:10 +0000] "GET /api/colleges?authority=STATE&state=UNKNOWN HTTP/1.1" 200 - "-" "axios/1.13.4"
{"level":"INFO","timestamp":"2026-04-26T18:39:10.955Z","service":"cei-backend","env":"development","message":"HTTP Request","requestId":"956908d8-f4af-4469-93bd-d5bdd51d0c1a","method":"GET","route":"/api/colleges?authority=STATE&state=UNKNOWN","status":200,"durationMs":111,"ip":"::1","userAgent":"axios/1.13.4","apiKey":"anon"}
::1 - - [26/Apr/2026:18:39:11 +0000] "GET /api/colleges?authority=STATE&state=UNKNOWN HTTP/1.1" 200 - "-" "axios/1.13.4"
{"level":"INFO","timestamp":"2026-04-26T18:39:11.133Z","service":"cei-backend","env":"development","message":"HTTP Request","requestId":"30bdcb7a-1095-4815-8465-f397d9dd9b38","method":"GET","route":"/api/colleges?authority=STATE&state=UNKNOWN","status":200,"durationMs":119,"ip":"::1","userAgent":"axios/1.13.4","apiKey":"anon"}
::1 - - [26/Apr/2026:18:39:11 +0000] "GET /api/colleges?authority=STATE&state=Uttar%20Pradesh HTTP/1.1" 200 - "-" "axios/1.13.4"
{"level":"INFO","timestamp":"2026-04-26T18:39:11.258Z","service":"cei-backend","env":"development","message":"HTTP Request","requestId":"9490a294-49b1-4e10-92ee-d4da8337d165","method":"GET","route":"/api/colleges?authority=STATE&state=Uttar%20Pradesh","status":200,"durationMs":73,"ip":"::1","userAgent":"axios/1.13.4","apiKey":"anon"}
::1 - - [26/Apr/2026:18:39:11 +0000] "GET /api/colleges?authority=STATE&state=UNKNOWN HTTP/1.1" 200 - "-" "axios/1.13.4"
{"level":"INFO","timestamp":"2026-04-26T18:39:11.423Z","service":"cei-backend","env":"development","message":"HTTP Request","requestId":"f1aadb02-0a07-4b12-97da-5037ad084dd6","method":"GET","route":"/api/colleges?authority=STATE&state=UNKNOWN","status":200,"durationMs":114,"ip":"::1","userAgent":"axios/1.13.4","apiKey":"anon"}
::1 - - [26/Apr/2026:18:39:11 +0000] "GET /api/colleges?authority=STATE&state=UNKNOWN HTTP/1.1" 200 - "-" "axios/1.13.4"
{"level":"INFO","timestamp":"2026-04-26T18:39:11.594Z","service":"cei-backend","env":"development","message":"HTTP Request","requestId":"06da1d7d-9714-4a15-b208-c2ec3119b94c","method":"GET","route":"/api/colleges?authority=STATE&state=UNKNOWN","status":200,"durationMs":113,"ip":"::1","userAgent":"axios/1.13.4","apiKey":"anon"}
::1 - - [26/Apr/2026:18:39:12 +0000] "GET /api/colleges?authority=STATE&state=Kerala HTTP/1.1" 200 - "-" "axios/1.13.4"
{"level":"INFO","timestamp":"2026-04-26T18:39:12.038Z","service":"cei-backend","env":"development","message":"HTTP Request","requestId":"ce546364-d809-42b8-9999-f28ed42603fd","method":"GET","route":"/api/colleges?authority=STATE&state=Kerala","status":200,"durationMs":386,"ip":"::1","userAgent":"axios/1.13.4","apiKey":"anon"}
::1 - - [26/Apr/2026:18:39:12 +0000] "GET /api/colleges?authority=STATE&state=UNKNOWN HTTP/1.1" 200 - "-" "axios/1.13.4"
{"level":"INFO","timestamp":"2026-04-26T18:39:12.226Z","service":"cei-backend","env":"development","message":"HTTP Request","requestId":"14fdb731-bdde-4969-adfa-162f7d12a0d1","method":"GET","route":"/api/colleges?authority=STATE&state=UNKNOWN","status":200,"durationMs":123,"ip":"::1","userAgent":"axios/1.13.4","apiKey":"anon"}
::1 - - [26/Apr/2026:18:39:12 +0000] "GET /api/colleges?authority=STATE&state=UNKNOWN HTTP/1.1" 200 - "-" "axios/1.13.4"
{"level":"INFO","timestamp":"2026-04-26T18:39:12.390Z","service":"cei-backend","env":"development","message":"HTTP Request","requestId":"a2b52226-7fce-4aa8-802e-3c48e53f2d99","method":"GET","route":"/api/colleges?authority=STATE&state=UNKNOWN","status":200,"durationMs":114,"ip":"::1","userAgent":"axios/1.13.4","apiKey":"anon"}
::1 - - [26/Apr/2026:18:39:12 +0000] "GET /api/colleges?authority=STATE&state=UNKNOWN HTTP/1.1" 200 - "-" "axios/1.13.4"
{"level":"INFO","timestamp":"2026-04-26T18:39:12.561Z","service":"cei-backend","env":"development","message":"HTTP Request","requestId":"699ca47b-3eb4-4609-b82d-bb8ed08c80e6","method":"GET","route":"/api/colleges?authority=STATE&state=UNKNOWN","status":200,"durationMs":113,"ip":"::1","userAgent":"axios/1.13.4","apiKey":"anon"}
::1 - - [26/Apr/2026:18:39:12 +0000] "GET /api/colleges?authority=STATE&state=UNKNOWN HTTP/1.1" 200 - "-" "axios/1.13.4"
{"level":"INFO","timestamp":"2026-04-26T18:39:12.733Z","service":"cei-backend","env":"development","message":"HTTP Request","requestId":"f72c08c6-62ae-445b-85f6-d4fc80a92eff","method":"GET","route":"/api/colleges?authority=STATE&state=UNKNOWN","status":200,"durationMs":112,"ip":"::1","userAgent":"axios/1.13.4","apiKey":"anon"}
::1 - - [26/Apr/2026:18:39:12 +0000] "GET /api/colleges?authority=STATE&state=UNKNOWN HTTP/1.1" 200 - "-" "axios/1.13.4"
{"level":"INFO","timestamp":"2026-04-26T18:39:12.911Z","service":"cei-backend","env":"development","message":"HTTP Request","requestId":"96659ab2-8074-4818-931a-709e5c657599","method":"GET","route":"/api/colleges?authority=STATE&state=UNKNOWN","status":200,"durationMs":120,"ip":"::1","userAgent":"axios/1.13.4","apiKey":"anon"}
::1 - - [26/Apr/2026:18:39:13 +0000] "GET /api/colleges?authority=STATE&state=Karnataka HTTP/1.1" 200 - "-" "axios/1.13.4"
{"level":"INFO","timestamp":"2026-04-26T18:39:13.071Z","service":"cei-backend","env":"development","message":"HTTP Request","requestId":"eb13efa1-1268-420d-b000-1348cdca42c7","method":"GET","route":"/api/colleges?authority=STATE&state=Karnataka","status":200,"durationMs":110,"ip":"::1","userAgent":"axios/1.13.4","apiKey":"anon"}
::1 - - [26/Apr/2026:18:39:13 +0000] "GET /api/colleges?authority=STATE&state=Punjab HTTP/1.1" 200 - "-" "axios/1.13.4"
{"level":"INFO","timestamp":"2026-04-26T18:39:13.241Z","service":"cei-backend","env":"development","message":"HTTP Request","requestId":"d8252c07-f871-420b-b431-ef65666f3820","method":"GET","route":"/api/colleges?authority=STATE&state=Punjab","status":200,"durationMs":108,"ip":"::1","userAgent":"axios/1.13.4","apiKey":"anon"}
::1 - - [26/Apr/2026:18:39:13 +0000] "GET /api/colleges?authority=STATE&state=UNKNOWN HTTP/1.1" 200 - "-" "axios/1.13.4"
{"level":"INFO","timestamp":"2026-04-26T18:39:13.414Z","service":"cei-backend","env":"development","message":"HTTP Request","requestId":"0ff1f2bd-3353-4381-8ac8-8aaad1ca1b63","method":"GET","route":"/api/colleges?authority=STATE&state=UNKNOWN","status":200,"durationMs":113,"ip":"::1","userAgent":"axios/1.13.4","apiKey":"anon"}
::1 - - [26/Apr/2026:18:39:13 +0000] "GET /api/colleges?authority=STATE&state=UNKNOWN HTTP/1.1" 200 - "-" "axios/1.13.4"
{"level":"INFO","timestamp":"2026-04-26T18:39:13.585Z","service":"cei-backend","env":"development","message":"HTTP Request","requestId":"1204e1f7-a957-45a9-a12c-cc190712ab3b","method":"GET","route":"/api/colleges?authority=STATE&state=UNKNOWN","status":200,"durationMs":112,"ip":"::1","userAgent":"axios/1.13.4","apiKey":"anon"}
::1 - - [26/Apr/2026:18:39:13 +0000] "GET /api/colleges?authority=STATE&state=Tamil%20Nadu HTTP/1.1" 200 - "-" "axios/1.13.4"
{"level":"INFO","timestamp":"2026-04-26T18:39:13.757Z","service":"cei-backend","env":"development","message":"HTTP Request","requestId":"f1dffb87-0a8f-40cf-a415-4dc8620d77af","method":"GET","route":"/api/colleges?authority=STATE&state=Tamil%20Nadu","status":200,"durationMs":114,"ip":"::1","userAgent":"axios/1.13.4","apiKey":"anon"}
::1 - - [26/Apr/2026:18:39:13 +0000] "GET /api/colleges?authority=STATE&state=UNKNOWN HTTP/1.1" 200 - "-" "axios/1.13.4"
{"level":"INFO","timestamp":"2026-04-26T18:39:13.939Z","service":"cei-backend","env":"development","message":"HTTP Request","requestId":"2b0005f5-1fbe-4bfd-9813-071aad9f0272","method":"GET","route":"/api/colleges?authority=STATE&state=UNKNOWN","status":200,"durationMs":123,"ip":"::1","userAgent":"axios/1.13.4","apiKey":"anon"}
::1 - - [26/Apr/2026:18:39:14 +0000] "GET /api/colleges?authority=STATE&state=UNKNOWN HTTP/1.1" 200 - "-" "axios/1.13.4"
{"level":"INFO","timestamp":"2026-04-26T18:39:14.100Z","service":"cei-backend","env":"development","message":"HTTP Request","requestId":"d0802570-bbba-4d84-8dfc-9c0e326fc4c7","method":"GET","route":"/api/colleges?authority=STATE&state=UNKNOWN","status":200,"durationMs":113,"ip":"::1","userAgent":"axios/1.13.4","apiKey":"anon"}
::1 - - [26/Apr/2026:18:39:14 +0000] "GET /api/colleges?authority=STATE&state=UNKNOWN HTTP/1.1" 200 - "-" "axios/1.13.4"
{"level":"INFO","timestamp":"2026-04-26T18:39:14.269Z","service":"cei-backend","env":"development","message":"HTTP Request","requestId":"95932c34-d2bf-4b26-910c-a9b1287ce66f","method":"GET","route":"/api/colleges?authority=STATE&state=UNKNOWN","status":200,"durationMs":110,"ip":"::1","userAgent":"axios/1.13.4","apiKey":"anon"}
::1 - - [26/Apr/2026:18:39:14 +0000] "GET /api/colleges?authority=STATE&state=Jharkhand HTTP/1.1" 200 - "-" "axios/1.13.4"
{"level":"INFO","timestamp":"2026-04-26T18:39:14.450Z","service":"cei-backend","env":"development","message":"HTTP Request","requestId":"5d53205b-93e2-4c10-8cfc-ef6c2c9f1c4e","method":"GET","route":"/api/colleges?authority=STATE&state=Jharkhand","status":200,"durationMs":120,"ip":"::1","userAgent":"axios/1.13.4","apiKey":"anon"}
::1 - - [26/Apr/2026:18:39:14 +0000] "GET /api/colleges?authority=STATE&state=UNKNOWN HTTP/1.1" 200 - "-" "axios/1.13.4"
{"level":"INFO","timestamp":"2026-04-26T18:39:14.644Z","service":"cei-backend","env":"development","message":"HTTP Request","requestId":"ea850886-680c-4128-b562-1e0553e48ecc","method":"GET","route":"/api/colleges?authority=STATE&state=UNKNOWN","status":200,"durationMs":113,"ip":"::1","userAgent":"axios/1.13.4","apiKey":"anon"}
::1 - - [26/Apr/2026:18:39:14 +0000] "GET /api/colleges?authority=STATE&state=UNKNOWN HTTP/1.1" 200 - "-" "axios/1.13.4"
{"level":"INFO","timestamp":"2026-04-26T18:39:14.818Z","service":"cei-backend","env":"development","message":"HTTP Request","requestId":"48046cf6-5ffd-4fb5-a3a8-ee85cbeb46a0","method":"GET","route":"/api/colleges?authority=STATE&state=UNKNOWN","status":200,"durationMs":114,"ip":"::1","userAgent":"axios/1.13.4","apiKey":"anon"}
::1 - - [26/Apr/2026:18:39:14 +0000] "GET /api/colleges?authority=STATE&state=UNKNOWN HTTP/1.1" 200 - "-" "axios/1.13.4"
{"level":"INFO","timestamp":"2026-04-26T18:39:14.985Z","service":"cei-backend","env":"development","message":"HTTP Request","requestId":"f87bc999-af84-44c9-965a-1b2c55799000","method":"GET","route":"/api/colleges?authority=STATE&state=UNKNOWN","status":200,"durationMs":110,"ip":"::1","userAgent":"axios/1.13.4","apiKey":"anon"}
::1 - - [26/Apr/2026:18:39:15 +0000] "GET /api/colleges?authority=STATE&state=UNKNOWN HTTP/1.1" 200 - "-" "axios/1.13.4"
{"level":"INFO","timestamp":"2026-04-26T18:39:15.159Z","service":"cei-backend","env":"development","message":"HTTP Request","requestId":"3f6c19a6-1868-4309-b715-9665c044c5b6","method":"GET","route":"/api/colleges?authority=STATE&state=UNKNOWN","status":200,"durationMs":114,"ip":"::1","userAgent":"axios/1.13.4","apiKey":"anon"}
::1 - - [26/Apr/2026:18:39:15 +0000] "GET /api/colleges?authority=STATE&state=Maharashtra HTTP/1.1" 200 - "-" "axios/1.13.4"
{"level":"INFO","timestamp":"2026-04-26T18:39:15.277Z","service":"cei-backend","env":"development","message":"HTTP Request","requestId":"cee62b73-1ff7-41f7-86bc-45248739d198","method":"GET","route":"/api/colleges?authority=STATE&state=Maharashtra","status":200,"durationMs":60,"ip":"::1","userAgent":"axios/1.13.4","apiKey":"anon"}
::1 - - [26/Apr/2026:18:39:15 +0000] "GET /api/colleges?authority=STATE&state=Punjab HTTP/1.1" 200 - "-" "axios/1.13.4"
{"level":"INFO","timestamp":"2026-04-26T18:39:15.436Z","service":"cei-backend","env":"development","message":"HTTP Request","requestId":"6f7051b1-809a-4b1a-907c-b36868c7d5da","method":"GET","route":"/api/colleges?authority=STATE&state=Punjab","status":200,"durationMs":110,"ip":"::1","userAgent":"axios/1.13.4","apiKey":"anon"}
::1 - - [26/Apr/2026:18:39:15 +0000] "GET /api/colleges?authority=STATE&state=Gujarat HTTP/1.1" 200 - "-" "axios/1.13.4"
{"level":"INFO","timestamp":"2026-04-26T18:39:15.609Z","service":"cei-backend","env":"development","message":"HTTP Request","requestId":"cea41816-fa6e-4e4d-a875-246c66d6b192","method":"GET","route":"/api/colleges?authority=STATE&state=Gujarat","status":200,"durationMs":110,"ip":"::1","userAgent":"axios/1.13.4","apiKey":"anon"}
::1 - - [26/Apr/2026:18:39:15 +0000] "GET /api/colleges?authority=STATE&state=UNKNOWN HTTP/1.1" 200 - "-" "axios/1.13.4"
{"level":"INFO","timestamp":"2026-04-26T18:39:15.789Z","service":"cei-backend","env":"development","message":"HTTP Request","requestId":"c8c0cc77-acf6-42aa-91be-b83c3b33b469","method":"GET","route":"/api/colleges?authority=STATE&state=UNKNOWN","status":200,"durationMs":122,"ip":"::1","userAgent":"axios/1.13.4","apiKey":"anon"}
::1 - - [26/Apr/2026:18:39:15 +0000] "GET /api/colleges?authority=STATE&state=Gujarat HTTP/1.1" 200 - "-" "axios/1.13.4"
{"level":"INFO","timestamp":"2026-04-26T18:39:15.952Z","service":"cei-backend","env":"development","message":"HTTP Request","requestId":"aa4f53cf-c814-4293-9faa-faec2974069e","method":"GET","route":"/api/colleges?authority=STATE&state=Gujarat","status":200,"durationMs":113,"ip":"::1","userAgent":"axios/1.13.4","apiKey":"anon"}
::1 - - [26/Apr/2026:18:39:16 +0000] "GET /api/colleges?authority=STATE&state=UNKNOWN HTTP/1.1" 200 - "-" "axios/1.13.4"
{"level":"INFO","timestamp":"2026-04-26T18:39:16.124Z","service":"cei-backend","env":"development","message":"HTTP Request","requestId":"30a66c2a-468c-405b-a0c9-c7a68fb3b9a1","method":"GET","route":"/api/colleges?authority=STATE&state=UNKNOWN","status":200,"durationMs":114,"ip":"::1","userAgent":"axios/1.13.4","apiKey":"anon"}
::1 - - [26/Apr/2026:18:39:16 +0000] "GET /api/colleges?authority=STATE&state=UNKNOWN HTTP/1.1" 200 - "-" "axios/1.13.4"
{"level":"INFO","timestamp":"2026-04-26T18:39:16.294Z","service":"cei-backend","env":"development","message":"HTTP Request","requestId":"d2c26c19-c85a-4d67-bf56-299ffacaf65f","method":"GET","route":"/api/colleges?authority=STATE&state=UNKNOWN","status":200,"durationMs":113,"ip":"::1","userAgent":"axios/1.13.4","apiKey":"anon"}
::1 - - [26/Apr/2026:18:39:16 +0000] "GET /api/colleges?authority=STATE&state=Telangana HTTP/1.1" 200 - "-" "axios/1.13.4"
{"level":"INFO","timestamp":"2026-04-26T18:39:16.466Z","service":"cei-backend","env":"development","message":"HTTP Request","requestId":"62867974-c9a2-4dbb-a54d-33ae709a2d0b","method":"GET","route":"/api/colleges?authority=STATE&state=Telangana","status":200,"durationMs":112,"ip":"::1","userAgent":"axios/1.13.4","apiKey":"anon"}
::1 - - [26/Apr/2026:18:39:16 +0000] "GET /api/colleges?authority=STATE&state=Kerala HTTP/1.1" 200 - "-" "axios/1.13.4"
{"level":"INFO","timestamp":"2026-04-26T18:39:16.636Z","service":"cei-backend","env":"development","message":"HTTP Request","requestId":"8043652e-ab27-47ac-8d50-8e94fd551e2a","method":"GET","route":"/api/colleges?authority=STATE&state=Kerala","status":200,"durationMs":112,"ip":"::1","userAgent":"axios/1.13.4","apiKey":"anon"}
::1 - - [26/Apr/2026:18:39:16 +0000] "GET /api/colleges?authority=STATE&state=UNKNOWN HTTP/1.1" 200 - "-" "axios/1.13.4"
{"level":"INFO","timestamp":"2026-04-26T18:39:16.807Z","service":"cei-backend","env":"development","message":"HTTP Request","requestId":"618d57c5-104b-40ad-a5b0-91d46272608d","method":"GET","route":"/api/colleges?authority=STATE&state=UNKNOWN","status":200,"durationMs":113,"ip":"::1","userAgent":"axios/1.13.4","apiKey":"anon"}
::1 - - [26/Apr/2026:18:39:16 +0000] "GET /api/colleges?authority=STATE&state=UNKNOWN HTTP/1.1" 200 - "-" "axios/1.13.4"
{"level":"INFO","timestamp":"2026-04-26T18:39:16.979Z","service":"cei-backend","env":"development","message":"HTTP Request","requestId":"86761ce8-a067-4130-ab81-67bf008fe6ca","method":"GET","route":"/api/colleges?authority=STATE&state=UNKNOWN","status":200,"durationMs":113,"ip":"::1","userAgent":"axios/1.13.4","apiKey":"anon"}
::1 - - [26/Apr/2026:18:39:17 +0000] "GET /api/colleges?authority=STATE&state=UNKNOWN HTTP/1.1" 200 - "-" "axios/1.13.4"
{"level":"INFO","timestamp":"2026-04-26T18:39:17.150Z","service":"cei-backend","env":"development","message":"HTTP Request","requestId":"fbe2c30e-48da-4c21-92d7-410f3291e6e9","method":"GET","route":"/api/colleges?authority=STATE&state=UNKNOWN","status":200,"durationMs":113,"ip":"::1","userAgent":"axios/1.13.4","apiKey":"anon"}
::1 - - [26/Apr/2026:18:39:17 +0000] "GET /api/colleges?authority=STATE&state=Tamil%20Nadu HTTP/1.1" 200 - "-" "axios/1.13.4"
{"level":"INFO","timestamp":"2026-04-26T18:39:17.277Z","service":"cei-backend","env":"development","message":"HTTP Request","requestId":"9399c3f1-0a89-4744-bc49-74f98d713a1c","method":"GET","route":"/api/colleges?authority=STATE&state=Tamil%20Nadu","status":200,"durationMs":67,"ip":"::1","userAgent":"axios/1.13.4","apiKey":"anon"}
::1 - - [26/Apr/2026:18:39:17 +0000] "GET /api/colleges?authority=STATE&state=UNKNOWN HTTP/1.1" 200 - "-" "axios/1.13.4"
{"level":"INFO","timestamp":"2026-04-26T18:39:17.456Z","service":"cei-backend","env":"development","message":"HTTP Request","requestId":"26ddeb71-76d0-4a72-a3cb-33e33dc3e732","method":"GET","route":"/api/colleges?authority=STATE&state=UNKNOWN","status":200,"durationMs":120,"ip":"::1","userAgent":"axios/1.13.4","apiKey":"anon"}
::1 - - [26/Apr/2026:18:39:17 +0000] "GET /api/colleges?authority=STATE&state=UNKNOWN HTTP/1.1" 200 - "-" "axios/1.13.4"
{"level":"INFO","timestamp":"2026-04-26T18:39:17.618Z","service":"cei-backend","env":"development","message":"HTTP Request","requestId":"5c6527b2-57c8-40d3-9c88-681cc2e7259a","method":"GET","route":"/api/colleges?authority=STATE&state=UNKNOWN","status":200,"durationMs":113,"ip":"::1","userAgent":"axios/1.13.4","apiKey":"anon"}
::1 - - [26/Apr/2026:18:39:17 +0000] "GET /api/colleges?authority=STATE&state=UNKNOWN HTTP/1.1" 200 - "-" "axios/1.13.4"
{"level":"INFO","timestamp":"2026-04-26T18:39:17.789Z","service":"cei-backend","env":"development","message":"HTTP Request","requestId":"ccc81efb-cfc0-41c1-b36b-45cd596ed2e5","method":"GET","route":"/api/colleges?authority=STATE&state=UNKNOWN","status":200,"durationMs":112,"ip":"::1","userAgent":"axios/1.13.4","apiKey":"anon"}
::1 - - [26/Apr/2026:18:39:17 +0000] "GET /api/colleges?authority=STATE&state=UNKNOWN HTTP/1.1" 200 - "-" "axios/1.13.4"
{"level":"INFO","timestamp":"2026-04-26T18:39:17.959Z","service":"cei-backend","env":"development","message":"HTTP Request","requestId":"0c4c3c3f-b61b-4c0e-aa3d-dcf90c40aeac","method":"GET","route":"/api/colleges?authority=STATE&state=UNKNOWN","status":200,"durationMs":109,"ip":"::1","userAgent":"axios/1.13.4","apiKey":"anon"}
::1 - - [26/Apr/2026:18:39:18 +0000] "GET /api/colleges?authority=STATE&state=UNKNOWN HTTP/1.1" 200 - "-" "axios/1.13.4"
{"level":"INFO","timestamp":"2026-04-26T18:39:18.132Z","service":"cei-backend","env":"development","message":"HTTP Request","requestId":"0148e90c-08c4-4aad-85ce-108245cd04c6","method":"GET","route":"/api/colleges?authority=STATE&state=UNKNOWN","status":200,"durationMs":111,"ip":"::1","userAgent":"axios/1.13.4","apiKey":"anon"}
::1 - - [26/Apr/2026:18:39:18 +0000] "GET /api/colleges?authority=STATE&state=UNKNOWN HTTP/1.1" 200 - "-" "axios/1.13.4"
{"level":"INFO","timestamp":"2026-04-26T18:39:18.303Z","service":"cei-backend","env":"development","message":"HTTP Request","requestId":"e2946ed3-9b4f-40a9-b305-8c06cf989472","method":"GET","route":"/api/colleges?authority=STATE&state=UNKNOWN","status":200,"durationMs":111,"ip":"::1","userAgent":"axios/1.13.4","apiKey":"anon"}
::1 - - [26/Apr/2026:18:39:18 +0000] "GET /api/colleges?authority=STATE&state=UNKNOWN HTTP/1.1" 200 - "-" "axios/1.13.4"
{"level":"INFO","timestamp":"2026-04-26T18:39:18.476Z","service":"cei-backend","env":"development","message":"HTTP Request","requestId":"8ce5726b-0c12-4692-995c-1b459eb1b973","method":"GET","route":"/api/colleges?authority=STATE&state=UNKNOWN","status":200,"durationMs":112,"ip":"::1","userAgent":"axios/1.13.4","apiKey":"anon"}
::1 - - [26/Apr/2026:18:39:18 +0000] "GET /api/colleges?authority=STATE&state=UNKNOWN HTTP/1.1" 200 - "-" "axios/1.13.4"
{"level":"INFO","timestamp":"2026-04-26T18:39:18.647Z","service":"cei-backend","env":"development","message":"HTTP Request","requestId":"b0ec371b-188e-4922-875d-71f2719c8bc0","method":"GET","route":"/api/colleges?authority=STATE&state=UNKNOWN","status":200,"durationMs":113,"ip":"::1","userAgent":"axios/1.13.4","apiKey":"anon"}
::1 - - [26/Apr/2026:18:39:18 +0000] "GET /api/colleges?authority=STATE&state=UNKNOWN HTTP/1.1" 200 - "-" "axios/1.13.4"
{"level":"INFO","timestamp":"2026-04-26T18:39:18.819Z","service":"cei-backend","env":"development","message":"HTTP Request","requestId":"c62d603d-6ae9-4f72-bbf5-5da790ca2f0e","method":"GET","route":"/api/colleges?authority=STATE&state=UNKNOWN","status":200,"durationMs":113,"ip":"::1","userAgent":"axios/1.13.4","apiKey":"anon"}
::1 - - [26/Apr/2026:18:39:18 +0000] "GET /api/colleges?authority=STATE&state=UNKNOWN HTTP/1.1" 200 - "-" "axios/1.13.4"
{"level":"INFO","timestamp":"2026-04-26T18:39:18.992Z","service":"cei-backend","env":"development","message":"HTTP Request","requestId":"501e1e17-da28-4cbb-a3f1-30b9a22ee63c","method":"GET","route":"/api/colleges?authority=STATE&state=UNKNOWN","status":200,"durationMs":115,"ip":"::1","userAgent":"axios/1.13.4","apiKey":"anon"}
::1 - - [26/Apr/2026:18:39:19 +0000] "GET /api/colleges?authority=STATE&state=Tamil%20Nadu HTTP/1.1" 200 - "-" "axios/1.13.4"
{"level":"INFO","timestamp":"2026-04-26T18:39:19.170Z","service":"cei-backend","env":"development","message":"HTTP Request","requestId":"fbe0216d-2c8a-4e8d-88fd-674b81ac4b47","method":"GET","route":"/api/colleges?authority=STATE&state=Tamil%20Nadu","status":200,"durationMs":119,"ip":"::1","userAgent":"axios/1.13.4","apiKey":"anon"}
::1 - - [26/Apr/2026:18:39:19 +0000] "GET /api/colleges?authority=STATE&state=UNKNOWN HTTP/1.1" 200 - "-" "axios/1.13.4"
{"level":"INFO","timestamp":"2026-04-26T18:39:19.293Z","service":"cei-backend","env":"development","message":"HTTP Request","requestId":"ab10f723-7903-4af4-89b4-53019738a52a","method":"GET","route":"/api/colleges?authority=STATE&state=UNKNOWN","status":200,"durationMs":74,"ip":"::1","userAgent":"axios/1.13.4","apiKey":"anon"}
::1 - - [26/Apr/2026:18:39:19 +0000] "GET /api/colleges?authority=STATE&state=UNKNOWN HTTP/1.1" 200 - "-" "axios/1.13.4"
{"level":"INFO","timestamp":"2026-04-26T18:39:19.456Z","service":"cei-backend","env":"development","message":"HTTP Request","requestId":"47959c9a-ca8b-438e-842b-f558485ab9ef","method":"GET","route":"/api/colleges?authority=STATE&state=UNKNOWN","status":200,"durationMs":112,"ip":"::1","userAgent":"axios/1.13.4","apiKey":"anon"}
::1 - - [26/Apr/2026:18:39:19 +0000] "GET /api/colleges?authority=STATE&state=Karnataka HTTP/1.1" 200 - "-" "axios/1.13.4"
{"level":"INFO","timestamp":"2026-04-26T18:39:19.631Z","service":"cei-backend","env":"development","message":"HTTP Request","requestId":"5963a102-cb3a-41b7-814c-3a0346c4d75a","method":"GET","route":"/api/colleges?authority=STATE&state=Karnataka","status":200,"durationMs":114,"ip":"::1","userAgent":"axios/1.13.4","apiKey":"anon"}
::1 - - [26/Apr/2026:18:39:19 +0000] "GET /api/colleges?authority=STATE&state=UNKNOWN HTTP/1.1" 200 - "-" "axios/1.13.4"
{"level":"INFO","timestamp":"2026-04-26T18:39:19.800Z","service":"cei-backend","env":"development","message":"HTTP Request","requestId":"967af9e3-4b44-4c6b-8f85-0d453ac0bc97","method":"GET","route":"/api/colleges?authority=STATE&state=UNKNOWN","status":200,"durationMs":112,"ip":"::1","userAgent":"axios/1.13.4","apiKey":"anon"}
::1 - - [26/Apr/2026:18:39:19 +0000] "GET /api/colleges?authority=STATE&state=Bihar HTTP/1.1" 200 - "-" "axios/1.13.4"
{"level":"INFO","timestamp":"2026-04-26T18:39:19.973Z","service":"cei-backend","env":"development","message":"HTTP Request","requestId":"fada3ac1-3bbf-40f0-9815-f347a6168fd7","method":"GET","route":"/api/colleges?authority=STATE&state=Bihar","status":200,"durationMs":113,"ip":"::1","userAgent":"axios/1.13.4","apiKey":"anon"}
::1 - - [26/Apr/2026:18:39:20 +0000] "GET /api/colleges?authority=STATE&state=UNKNOWN HTTP/1.1" 200 - "-" "axios/1.13.4"
{"level":"INFO","timestamp":"2026-04-26T18:39:20.142Z","service":"cei-backend","env":"development","message":"HTTP Request","requestId":"8403e5a6-9b8d-4688-9a55-956c3062046a","method":"GET","route":"/api/colleges?authority=STATE&state=UNKNOWN","status":200,"durationMs":111,"ip":"::1","userAgent":"axios/1.13.4","apiKey":"anon"}
::1 - - [26/Apr/2026:18:39:20 +0000] "GET /api/colleges?authority=STATE&state=Haryana HTTP/1.1" 200 - "-" "axios/1.13.4"
{"level":"INFO","timestamp":"2026-04-26T18:39:20.310Z","service":"cei-backend","env":"development","message":"HTTP Request","requestId":"8ee1b22e-df5a-4fd5-9a17-557cbd6f95ce","method":"GET","route":"/api/colleges?authority=STATE&state=Haryana","status":200,"durationMs":109,"ip":"::1","userAgent":"axios/1.13.4","apiKey":"anon"}
::1 - - [26/Apr/2026:18:39:20 +0000] "GET /api/colleges?authority=STATE&state=Madhya%20Pradesh HTTP/1.1" 200 - "-" "axios/1.13.4"
{"level":"INFO","timestamp":"2026-04-26T18:39:20.485Z","service":"cei-backend","env":"development","message":"HTTP Request","requestId":"49f6d578-2338-471b-83bb-a485e036b138","method":"GET","route":"/api/colleges?authority=STATE&state=Madhya%20Pradesh","status":200,"durationMs":112,"ip":"::1","userAgent":"axios/1.13.4","apiKey":"anon"}
::1 - - [26/Apr/2026:18:39:20 +0000] "GET /api/colleges?authority=STATE&state=Bihar HTTP/1.1" 200 - "-" "axios/1.13.4"
{"level":"INFO","timestamp":"2026-04-26T18:39:20.654Z","service":"cei-backend","env":"development","message":"HTTP Request","requestId":"cd4c4620-b1e1-47a7-96ad-67e9911bc1be","method":"GET","route":"/api/colleges?authority=STATE&state=Bihar","status":200,"durationMs":109,"ip":"::1","userAgent":"axios/1.13.4","apiKey":"anon"}
::1 - - [26/Apr/2026:18:39:20 +0000] "GET /api/colleges?authority=STATE&state=UNKNOWN HTTP/1.1" 200 - "-" "axios/1.13.4"
{"level":"INFO","timestamp":"2026-04-26T18:39:20.827Z","service":"cei-backend","env":"development","message":"HTTP Request","requestId":"e4ed8031-2aea-43fd-ac63-e2733b856834","method":"GET","route":"/api/colleges?authority=STATE&state=UNKNOWN","status":200,"durationMs":112,"ip":"::1","userAgent":"axios/1.13.4","apiKey":"anon"}
::1 - - [26/Apr/2026:18:39:20 +0000] "GET /api/colleges?authority=STATE&state=Bihar HTTP/1.1" 200 - "-" "axios/1.13.4"
{"level":"INFO","timestamp":"2026-04-26T18:39:21.002Z","service":"cei-backend","env":"development","message":"HTTP Request","requestId":"66b7a331-ee23-4ef9-928a-24d0b79dc543","method":"GET","route":"/api/colleges?authority=STATE&state=Bihar","status":200,"durationMs":115,"ip":"::1","userAgent":"axios/1.13.4","apiKey":"anon"}
::1 - - [26/Apr/2026:18:39:21 +0000] "GET /api/colleges?authority=STATE&state=Maharashtra HTTP/1.1" 200 - "-" "axios/1.13.4"
{"level":"INFO","timestamp":"2026-04-26T18:39:21.168Z","service":"cei-backend","env":"development","message":"HTTP Request","requestId":"e7cd7d8c-3d8b-4fe3-a23f-62eb01806eb3","method":"GET","route":"/api/colleges?authority=STATE&state=Maharashtra","status":200,"durationMs":110,"ip":"::1","userAgent":"axios/1.13.4","apiKey":"anon"}
::1 - - [26/Apr/2026:18:39:21 +0000] "GET /api/colleges?authority=STATE&state=Andhra%20Pradesh HTTP/1.1" 200 - "-" "axios/1.13.4"
{"level":"INFO","timestamp":"2026-04-26T18:39:21.297Z","service":"cei-backend","env":"development","message":"HTTP Request","requestId":"c09a4919-e844-493f-851a-98e7cb91a54b","method":"GET","route":"/api/colleges?authority=STATE&state=Andhra%20Pradesh","status":200,"durationMs":69,"ip":"::1","userAgent":"axios/1.13.4","apiKey":"anon"}
::1 - - [26/Apr/2026:18:39:21 +0000] "GET /api/colleges?authority=STATE&state=UNKNOWN HTTP/1.1" 200 - "-" "axios/1.13.4"
{"level":"INFO","timestamp":"2026-04-26T18:39:21.463Z","service":"cei-backend","env":"development","message":"HTTP Request","requestId":"b8c74bce-6011-4c4f-bfd4-8d36d777cf65","method":"GET","route":"/api/colleges?authority=STATE&state=UNKNOWN","status":200,"durationMs":110,"ip":"::1","userAgent":"axios/1.13.4","apiKey":"anon"}
::1 - - [26/Apr/2026:18:39:21 +0000] "GET /api/colleges?authority=STATE&state=UNKNOWN HTTP/1.1" 200 - "-" "axios/1.13.4"
{"level":"INFO","timestamp":"2026-04-26T18:39:21.635Z","service":"cei-backend","env":"development","message":"HTTP Request","requestId":"b6a5ab37-9986-4076-976d-07471061c806","method":"GET","route":"/api/colleges?authority=STATE&state=UNKNOWN","status":200,"durationMs":111,"ip":"::1","userAgent":"axios/1.13.4","apiKey":"anon"}
::1 - - [26/Apr/2026:18:39:21 +0000] "GET /api/colleges?authority=STATE&state=UNKNOWN HTTP/1.1" 200 - "-" "axios/1.13.4"
{"level":"INFO","timestamp":"2026-04-26T18:39:21.808Z","service":"cei-backend","env":"development","message":"HTTP Request","requestId":"0c689e8e-c1b4-45dc-bdc9-d24edba41855","method":"GET","route":"/api/colleges?authority=STATE&state=UNKNOWN","status":200,"durationMs":112,"ip":"::1","userAgent":"axios/1.13.4","apiKey":"anon"}
::1 - - [26/Apr/2026:18:39:21 +0000] "GET /api/colleges?authority=STATE&state=Kerala HTTP/1.1" 200 - "-" "axios/1.13.4"
{"level":"INFO","timestamp":"2026-04-26T18:39:21.979Z","service":"cei-backend","env":"development","message":"HTTP Request","requestId":"73e86e84-eca5-404a-b95c-b2a7439a2d8c","method":"GET","route":"/api/colleges?authority=STATE&state=Kerala","status":200,"durationMs":111,"ip":"::1","userAgent":"axios/1.13.4","apiKey":"anon"}
::1 - - [26/Apr/2026:18:39:22 +0000] "GET /api/colleges?authority=STATE&state=Punjab HTTP/1.1" 200 - "-" "axios/1.13.4"
{"level":"INFO","timestamp":"2026-04-26T18:39:22.151Z","service":"cei-backend","env":"development","message":"HTTP Request","requestId":"8469fd41-beb5-4d04-80e0-9aa35781aab4","method":"GET","route":"/api/colleges?authority=STATE&state=Punjab","status":200,"durationMs":112,"ip":"::1","userAgent":"axios/1.13.4","apiKey":"anon"}
::1 - - [26/Apr/2026:18:39:22 +0000] "GET /api/colleges?authority=STATE&state=UNKNOWN HTTP/1.1" 200 - "-" "axios/1.13.4"
{"level":"INFO","timestamp":"2026-04-26T18:39:22.328Z","service":"cei-backend","env":"development","message":"HTTP Request","requestId":"9e64ec52-bbe9-441f-a58c-a0713c121847","method":"GET","route":"/api/colleges?authority=STATE&state=UNKNOWN","status":200,"durationMs":120,"ip":"::1","userAgent":"axios/1.13.4","apiKey":"anon"}
::1 - - [26/Apr/2026:18:39:22 +0000] "GET /api/colleges?authority=STATE&state=UNKNOWN HTTP/1.1" 200 - "-" "axios/1.13.4"
{"level":"INFO","timestamp":"2026-04-26T18:39:22.489Z","service":"cei-backend","env":"development","message":"HTTP Request","requestId":"d933767f-b0fb-4160-bd4f-c3f98202dae0","method":"GET","route":"/api/colleges?authority=STATE&state=UNKNOWN","status":200,"durationMs":111,"ip":"::1","userAgent":"axios/1.13.4","apiKey":"anon"}
::1 - - [26/Apr/2026:18:39:22 +0000] "GET /api/colleges?authority=STATE&state=Madhya%20Pradesh HTTP/1.1" 200 - "-" "axios/1.13.4"
{"level":"INFO","timestamp":"2026-04-26T18:39:22.657Z","service":"cei-backend","env":"development","message":"HTTP Request","requestId":"88863f6e-8530-42da-a179-f22016012c9f","method":"GET","route":"/api/colleges?authority=STATE&state=Madhya%20Pradesh","status":200,"durationMs":111,"ip":"::1","userAgent":"axios/1.13.4","apiKey":"anon"}
::1 - - [26/Apr/2026:18:39:22 +0000] "GET /api/colleges?authority=STATE&state=UNKNOWN HTTP/1.1" 200 - "-" "axios/1.13.4"
{"level":"INFO","timestamp":"2026-04-26T18:39:22.827Z","service":"cei-backend","env":"development","message":"HTTP Request","requestId":"ce084553-16b8-45d6-be7b-fdf5861f63bd","method":"GET","route":"/api/colleges?authority=STATE&state=UNKNOWN","status":200,"durationMs":111,"ip":"::1","userAgent":"axios/1.13.4","apiKey":"anon"}
::1 - - [26/Apr/2026:18:39:23 +0000] "GET /api/colleges?authority=STATE&state=Odisha HTTP/1.1" 200 - "-" "axios/1.13.4"
{"level":"INFO","timestamp":"2026-04-26T18:39:23.004Z","service":"cei-backend","env":"development","message":"HTTP Request","requestId":"b59dbf7d-4ee0-4018-ac1c-d16d63dc6366","method":"GET","route":"/api/colleges?authority=STATE&state=Odisha","status":200,"durationMs":117,"ip":"::1","userAgent":"axios/1.13.4","apiKey":"anon"}
::1 - - [26/Apr/2026:18:39:23 +0000] "GET /api/colleges?authority=STATE&state=UNKNOWN HTTP/1.1" 200 - "-" "axios/1.13.4"
{"level":"INFO","timestamp":"2026-04-26T18:39:23.173Z","service":"cei-backend","env":"development","message":"HTTP Request","requestId":"95d74c54-aa43-4e7c-9e57-5cd2f30d3fde","method":"GET","route":"/api/colleges?authority=STATE&state=UNKNOWN","status":200,"durationMs":111,"ip":"::1","userAgent":"axios/1.13.4","apiKey":"anon"}
::1 - - [26/Apr/2026:18:39:23 +0000] "GET /api/colleges?authority=STATE&state=UNKNOWN HTTP/1.1" 200 - "-" "axios/1.13.4"
{"level":"INFO","timestamp":"2026-04-26T18:39:23.298Z","service":"cei-backend","env":"development","message":"HTTP Request","requestId":"5aed255c-b155-4880-a329-3bc3f7eaac8d","method":"GET","route":"/api/colleges?authority=STATE&state=UNKNOWN","status":200,"durationMs":65,"ip":"::1","userAgent":"axios/1.13.4","apiKey":"anon"}
::1 - - [26/Apr/2026:18:39:23 +0000] "GET /api/colleges?authority=STATE&state=Uttar%20Pradesh HTTP/1.1" 200 - "-" "axios/1.13.4"
{"level":"INFO","timestamp":"2026-04-26T18:39:23.482Z","service":"cei-backend","env":"development","message":"HTTP Request","requestId":"131caf52-e83d-4044-ad15-65673a89df33","method":"GET","route":"/api/colleges?authority=STATE&state=Uttar%20Pradesh","status":200,"durationMs":122,"ip":"::1","userAgent":"axios/1.13.4","apiKey":"anon"}
::1 - - [26/Apr/2026:18:39:24 +0000] "GET /api/colleges?authority=STATE&state=National HTTP/1.1" 200 - "-" "axios/1.13.4"
{"level":"INFO","timestamp":"2026-04-26T18:39:24.081Z","service":"cei-backend","env":"development","message":"HTTP Request","requestId":"23a51fa2-b1cf-4261-9aea-b1f8ddbaa1d4","method":"GET","route":"/api/colleges?authority=STATE&state=National","status":200,"durationMs":549,"ip":"::1","userAgent":"axios/1.13.4","apiKey":"anon"}
::1 - - [26/Apr/2026:18:39:24 +0000] "GET /api/colleges?authority=STATE&state=UNKNOWN HTTP/1.1" 200 - "-" "axios/1.13.4"
{"level":"INFO","timestamp":"2026-04-26T18:39:24.299Z","service":"cei-backend","env":"development","message":"HTTP Request","requestId":"333c11b1-e331-4d7f-9169-2160683372fd","method":"GET","route":"/api/colleges?authority=STATE&state=UNKNOWN","status":200,"durationMs":113,"ip":"::1","userAgent":"axios/1.13.4","apiKey":"anon"}
::1 - - [26/Apr/2026:18:39:24 +0000] "GET /api/colleges?authority=STATE&state=UNKNOWN HTTP/1.1" 200 - "-" "axios/1.13.4"
{"level":"INFO","timestamp":"2026-04-26T18:39:24.469Z","service":"cei-backend","env":"development","message":"HTTP Request","requestId":"9c595966-e8e3-40df-a35d-6f55de17d381","method":"GET","route":"/api/colleges?authority=STATE&state=UNKNOWN","status":200,"durationMs":114,"ip":"::1","userAgent":"axios/1.13.4","apiKey":"anon"}
::1 - - [26/Apr/2026:18:39:24 +0000] "GET /api/colleges?authority=STATE&state=UNKNOWN HTTP/1.1" 200 - "-" "axios/1.13.4"
{"level":"INFO","timestamp":"2026-04-26T18:39:24.641Z","service":"cei-backend","env":"development","message":"HTTP Request","requestId":"b775bd0e-9471-4b4a-bd27-226c007a8f71","method":"GET","route":"/api/colleges?authority=STATE&state=UNKNOWN","status":200,"durationMs":111,"ip":"::1","userAgent":"axios/1.13.4","apiKey":"anon"}
::1 - - [26/Apr/2026:18:39:24 +0000] "GET /api/colleges?authority=STATE&state=UNKNOWN HTTP/1.1" 200 - "-" "axios/1.13.4"
{"level":"INFO","timestamp":"2026-04-26T18:39:24.817Z","service":"cei-backend","env":"development","message":"HTTP Request","requestId":"f7ebb284-de56-45c0-985f-7f60854805c9","method":"GET","route":"/api/colleges?authority=STATE&state=UNKNOWN","status":200,"durationMs":113,"ip":"::1","userAgent":"axios/1.13.4","apiKey":"anon"}
::1 - - [26/Apr/2026:18:39:24 +0000] "GET /api/colleges?authority=STATE&state=UNKNOWN HTTP/1.1" 200 - "-" "axios/1.13.4"
{"level":"INFO","timestamp":"2026-04-26T18:39:24.990Z","service":"cei-backend","env":"development","message":"HTTP Request","requestId":"487c084c-1a72-4582-9636-b6df4d9eb0c6","method":"GET","route":"/api/colleges?authority=STATE&state=UNKNOWN","status":200,"durationMs":115,"ip":"::1","userAgent":"axios/1.13.4","apiKey":"anon"}
::1 - - [26/Apr/2026:18:39:25 +0000] "GET /api/colleges?authority=STATE&state=Karnataka HTTP/1.1" 200 - "-" "axios/1.13.4"
{"level":"INFO","timestamp":"2026-04-26T18:39:25.159Z","service":"cei-backend","env":"development","message":"HTTP Request","requestId":"5b910f4b-976e-48d6-a232-0da20d98cf9d","method":"GET","route":"/api/colleges?authority=STATE&state=Karnataka","status":200,"durationMs":112,"ip":"::1","userAgent":"axios/1.13.4","apiKey":"anon"}
::1 - - [26/Apr/2026:18:39:25 +0000] "GET /api/colleges?authority=STATE&state=UNKNOWN HTTP/1.1" 200 - "-" "axios/1.13.4"
{"level":"INFO","timestamp":"2026-04-26T18:39:25.318Z","service":"cei-backend","env":"development","message":"HTTP Request","requestId":"0176496f-6f9a-405f-8954-bc79fbdc5533","method":"GET","route":"/api/colleges?authority=STATE&state=UNKNOWN","status":200,"durationMs":98,"ip":"::1","userAgent":"axios/1.13.4","apiKey":"anon"}
::1 - - [26/Apr/2026:18:39:25 +0000] "GET /api/colleges?authority=STATE&state=UNKNOWN HTTP/1.1" 200 - "-" "axios/1.13.4"
{"level":"INFO","timestamp":"2026-04-26T18:39:25.489Z","service":"cei-backend","env":"development","message":"HTTP Request","requestId":"3cecb8f1-a1c5-4c09-aba9-34c1b8ab6cc4","method":"GET","route":"/api/colleges?authority=STATE&state=UNKNOWN","status":200,"durationMs":115,"ip":"::1","userAgent":"axios/1.13.4","apiKey":"anon"}
::1 - - [26/Apr/2026:18:39:25 +0000] "GET /api/colleges?authority=STATE&state=UNKNOWN HTTP/1.1" 200 - "-" "axios/1.13.4"
{"level":"INFO","timestamp":"2026-04-26T18:39:25.671Z","service":"cei-backend","env":"development","message":"HTTP Request","requestId":"1fa4bc93-25f4-4a4a-a98e-41d781a95311","method":"GET","route":"/api/colleges?authority=STATE&state=UNKNOWN","status":200,"durationMs":124,"ip":"::1","userAgent":"axios/1.13.4","apiKey":"anon"}
::1 - - [26/Apr/2026:18:39:25 +0000] "GET /api/colleges?authority=STATE&state=UNKNOWN HTTP/1.1" 200 - "-" "axios/1.13.4"
{"level":"INFO","timestamp":"2026-04-26T18:39:25.833Z","service":"cei-backend","env":"development","message":"HTTP Request","requestId":"627904b0-84d9-424e-8f6d-a9510e74dfd0","method":"GET","route":"/api/colleges?authority=STATE&state=UNKNOWN","status":200,"durationMs":113,"ip":"::1","userAgent":"axios/1.13.4","apiKey":"anon"}
::1 - - [26/Apr/2026:18:39:26 +0000] "GET /api/colleges?authority=STATE&state=UNKNOWN HTTP/1.1" 200 - "-" "axios/1.13.4"
{"level":"INFO","timestamp":"2026-04-26T18:39:26.001Z","service":"cei-backend","env":"development","message":"HTTP Request","requestId":"b85cdefe-7100-42a2-aeca-4791870416e1","method":"GET","route":"/api/colleges?authority=STATE&state=UNKNOWN","status":200,"durationMs":109,"ip":"::1","userAgent":"axios/1.13.4","apiKey":"anon"}
::1 - - [26/Apr/2026:18:39:26 +0000] "GET /api/colleges?authority=STATE&state=Punjab HTTP/1.1" 200 - "-" "axios/1.13.4"
{"level":"INFO","timestamp":"2026-04-26T18:39:26.177Z","service":"cei-backend","env":"development","message":"HTTP Request","requestId":"c8f09455-7fd1-4d55-9c98-5d865049096e","method":"GET","route":"/api/colleges?authority=STATE&state=Punjab","status":200,"durationMs":115,"ip":"::1","userAgent":"axios/1.13.4","apiKey":"anon"}
::1 - - [26/Apr/2026:18:39:26 +0000] "GET /api/colleges?authority=STATE&state=UNKNOWN HTTP/1.1" 200 - "-" "axios/1.13.4"
{"level":"INFO","timestamp":"2026-04-26T18:39:26.348Z","service":"cei-backend","env":"development","message":"HTTP Request","requestId":"208a8892-e9b4-4cab-b1dc-051f0fb1315f","method":"GET","route":"/api/colleges?authority=STATE&state=UNKNOWN","status":200,"durationMs":113,"ip":"::1","userAgent":"axios/1.13.4","apiKey":"anon"}
::1 - - [26/Apr/2026:18:39:26 +0000] "GET /api/colleges?authority=STATE&state=UNKNOWN HTTP/1.1" 200 - "-" "axios/1.13.4"
{"level":"INFO","timestamp":"2026-04-26T18:39:26.518Z","service":"cei-backend","env":"development","message":"HTTP Request","requestId":"1b1e55c2-563e-4ab1-b1f6-432999d93054","method":"GET","route":"/api/colleges?authority=STATE&state=UNKNOWN","status":200,"durationMs":113,"ip":"::1","userAgent":"axios/1.13.4","apiKey":"anon"}
::1 - - [26/Apr/2026:18:39:26 +0000] "GET /api/colleges?authority=STATE&state=UNKNOWN HTTP/1.1" 200 - "-" "axios/1.13.4"
{"level":"INFO","timestamp":"2026-04-26T18:39:26.691Z","service":"cei-backend","env":"development","message":"HTTP Request","requestId":"ec00928a-c041-464f-8341-e77b128ef92f","method":"GET","route":"/api/colleges?authority=STATE&state=UNKNOWN","status":200,"durationMs":112,"ip":"::1","userAgent":"axios/1.13.4","apiKey":"anon"}
::1 - - [26/Apr/2026:18:39:26 +0000] "GET /api/colleges?authority=STATE&state=Uttar%20Pradesh HTTP/1.1" 200 - "-" "axios/1.13.4"
{"level":"INFO","timestamp":"2026-04-26T18:39:26.871Z","service":"cei-backend","env":"development","message":"HTTP Request","requestId":"62b9efc9-5e31-4288-af65-c76882c4d898","method":"GET","route":"/api/colleges?authority=STATE&state=Uttar%20Pradesh","status":200,"durationMs":121,"ip":"::1","userAgent":"axios/1.13.4","apiKey":"anon"}
::1 - - [26/Apr/2026:18:39:27 +0000] "GET /api/colleges?authority=STATE&state=Maharashtra HTTP/1.1" 200 - "-" "axios/1.13.4"
{"level":"INFO","timestamp":"2026-04-26T18:39:27.032Z","service":"cei-backend","env":"development","message":"HTTP Request","requestId":"ff2fda67-fcc1-4007-b122-332f0f8f8175","method":"GET","route":"/api/colleges?authority=STATE&state=Maharashtra","status":200,"durationMs":111,"ip":"::1","userAgent":"axios/1.13.4","apiKey":"anon"}
::1 - - [26/Apr/2026:18:39:27 +0000] "GET /api/colleges?authority=STATE&state=Maharashtra HTTP/1.1" 200 - "-" "axios/1.13.4"
{"level":"INFO","timestamp":"2026-04-26T18:39:27.207Z","service":"cei-backend","env":"development","message":"HTTP Request","requestId":"cdc86f6f-6952-4778-a96e-97291030a11c","method":"GET","route":"/api/colleges?authority=STATE&state=Maharashtra","status":200,"durationMs":112,"ip":"::1","userAgent":"axios/1.13.4","apiKey":"anon"}
::1 - - [26/Apr/2026:18:39:27 +0000] "GET /api/colleges?authority=STATE&state=UNKNOWN HTTP/1.1" 200 - "-" "axios/1.13.4"
{"level":"INFO","timestamp":"2026-04-26T18:39:27.339Z","service":"cei-backend","env":"development","message":"HTTP Request","requestId":"805d8eb1-4082-457b-93d9-0b5511faad25","method":"GET","route":"/api/colleges?authority=STATE&state=UNKNOWN","status":200,"durationMs":75,"ip":"::1","userAgent":"axios/1.13.4","apiKey":"anon"}
::1 - - [26/Apr/2026:18:39:27 +0000] "GET /api/colleges?authority=STATE&state=Uttar%20Pradesh HTTP/1.1" 200 - "-" "axios/1.13.4"
{"level":"INFO","timestamp":"2026-04-26T18:39:27.501Z","service":"cei-backend","env":"development","message":"HTTP Request","requestId":"2ab18867-59c0-4d80-986b-bf85fc2d5ad1","method":"GET","route":"/api/colleges?authority=STATE&state=Uttar%20Pradesh","status":200,"durationMs":112,"ip":"::1","userAgent":"axios/1.13.4","apiKey":"anon"}
::1 - - [26/Apr/2026:18:39:27 +0000] "GET /api/colleges?authority=STATE&state=UNKNOWN HTTP/1.1" 200 - "-" "axios/1.13.4"
{"level":"INFO","timestamp":"2026-04-26T18:39:27.672Z","service":"cei-backend","env":"development","message":"HTTP Request","requestId":"bfc779e5-fac9-4b99-9746-cf3fd2639682","method":"GET","route":"/api/colleges?authority=STATE&state=UNKNOWN","status":200,"durationMs":113,"ip":"::1","userAgent":"axios/1.13.4","apiKey":"anon"}
::1 - - [26/Apr/2026:18:39:27 +0000] "GET /api/colleges?authority=STATE&state=Uttar%20Pradesh HTTP/1.1" 200 - "-" "axios/1.13.4"
{"level":"INFO","timestamp":"2026-04-26T18:39:27.842Z","service":"cei-backend","env":"development","message":"HTTP Request","requestId":"dcfca08b-dfad-4e0a-b43a-822e4bd0b8b3","method":"GET","route":"/api/colleges?authority=STATE&state=Uttar%20Pradesh","status":200,"durationMs":111,"ip":"::1","userAgent":"axios/1.13.4","apiKey":"anon"}
::1 - - [26/Apr/2026:18:39:28 +0000] "GET /api/colleges?authority=STATE&state=Telangana HTTP/1.1" 200 - "-" "axios/1.13.4"
{"level":"INFO","timestamp":"2026-04-26T18:39:28.014Z","service":"cei-backend","env":"development","message":"HTTP Request","requestId":"4e776aa6-54a4-4a67-8c99-1ba0d3e72202","method":"GET","route":"/api/colleges?authority=STATE&state=Telangana","status":200,"durationMs":112,"ip":"::1","userAgent":"axios/1.13.4","apiKey":"anon"}
::1 - - [26/Apr/2026:18:39:28 +0000] "GET /api/colleges?authority=STATE&state=UNKNOWN HTTP/1.1" 200 - "-" "axios/1.13.4"
{"level":"INFO","timestamp":"2026-04-26T18:39:28.183Z","service":"cei-backend","env":"development","message":"HTTP Request","requestId":"8ffd4eb0-68cd-48aa-9c71-ad00261350b5","method":"GET","route":"/api/colleges?authority=STATE&state=UNKNOWN","status":200,"durationMs":110,"ip":"::1","userAgent":"axios/1.13.4","apiKey":"anon"}
::1 - - [26/Apr/2026:18:39:28 +0000] "GET /api/colleges?authority=STATE&state=Madhya%20Pradesh HTTP/1.1" 200 - "-" "axios/1.13.4"
{"level":"INFO","timestamp":"2026-04-26T18:39:28.359Z","service":"cei-backend","env":"development","message":"HTTP Request","requestId":"19ab19fb-39b0-46b6-9eaa-80fe45f339f6","method":"GET","route":"/api/colleges?authority=STATE&state=Madhya%20Pradesh","status":200,"durationMs":115,"ip":"::1","userAgent":"axios/1.13.4","apiKey":"anon"}
::1 - - [26/Apr/2026:18:39:28 +0000] "GET /api/colleges?authority=STATE&state=UNKNOWN HTTP/1.1" 200 - "-" "axios/1.13.4"
{"level":"INFO","timestamp":"2026-04-26T18:39:28.529Z","service":"cei-backend","env":"development","message":"HTTP Request","requestId":"e155ff7a-ed5c-4c14-8e98-202be892dba1","method":"GET","route":"/api/colleges?authority=STATE&state=UNKNOWN","status":200,"durationMs":111,"ip":"::1","userAgent":"axios/1.13.4","apiKey":"anon"}
::1 - - [26/Apr/2026:18:39:28 +0000] "GET /api/colleges?authority=STATE&state=Tamil%20Nadu HTTP/1.1" 200 - "-" "axios/1.13.4"
{"level":"INFO","timestamp":"2026-04-26T18:39:28.703Z","service":"cei-backend","env":"development","message":"HTTP Request","requestId":"44d492fb-11da-427b-a0ea-c9efb79c9386","method":"GET","route":"/api/colleges?authority=STATE&state=Tamil%20Nadu","status":200,"durationMs":114,"ip":"::1","userAgent":"axios/1.13.4","apiKey":"anon"}
::1 - - [26/Apr/2026:18:39:28 +0000] "GET /api/colleges?authority=STATE&state=UNKNOWN HTTP/1.1" 200 - "-" "axios/1.13.4"
{"level":"INFO","timestamp":"2026-04-26T18:39:28.874Z","service":"cei-backend","env":"development","message":"HTTP Request","requestId":"fa6aff3d-9958-4bdd-8a2f-0c1ba323188e","method":"GET","route":"/api/colleges?authority=STATE&state=UNKNOWN","status":200,"durationMs":114,"ip":"::1","userAgent":"axios/1.13.4","apiKey":"anon"}
::1 - - [26/Apr/2026:18:39:29 +0000] "GET /api/colleges?authority=STATE&state=UNKNOWN HTTP/1.1" 200 - "-" "axios/1.13.4"
{"level":"INFO","timestamp":"2026-04-26T18:39:29.043Z","service":"cei-backend","env":"development","message":"HTTP Request","requestId":"ba25068c-6d36-463a-b300-209da18d2910","method":"GET","route":"/api/colleges?authority=STATE&state=UNKNOWN","status":200,"durationMs":110,"ip":"::1","userAgent":"axios/1.13.4","apiKey":"anon"}
::1 - - [26/Apr/2026:18:39:29 +0000] "GET /api/colleges?authority=STATE&state=Bihar HTTP/1.1" 200 - "-" "axios/1.13.4"
{"level":"INFO","timestamp":"2026-04-26T18:39:29.214Z","service":"cei-backend","env":"development","message":"HTTP Request","requestId":"364f2cd2-4b84-4501-a3a4-60f038de6020","method":"GET","route":"/api/colleges?authority=STATE&state=Bihar","status":200,"durationMs":111,"ip":"::1","userAgent":"axios/1.13.4","apiKey":"anon"}
::1 - - [26/Apr/2026:18:39:29 +0000] "GET /api/colleges?authority=STATE&state=Rajasthan HTTP/1.1" 200 - "-" "axios/1.13.4"
{"level":"INFO","timestamp":"2026-04-26T18:39:29.343Z","service":"cei-backend","env":"development","message":"HTTP Request","requestId":"eb5c10fa-503c-4cf9-a706-95b13005a05c","method":"GET","route":"/api/colleges?authority=STATE&state=Rajasthan","status":200,"durationMs":69,"ip":"::1","userAgent":"axios/1.13.4","apiKey":"anon"}
::1 - - [26/Apr/2026:18:39:29 +0000] "GET /api/colleges?authority=STATE&state=UNKNOWN HTTP/1.1" 200 - "-" "axios/1.13.4"
{"level":"INFO","timestamp":"2026-04-26T18:39:29.510Z","service":"cei-backend","env":"development","message":"HTTP Request","requestId":"87df0c56-2b86-46e4-afc9-3632adfe8385","method":"GET","route":"/api/colleges?authority=STATE&state=UNKNOWN","status":200,"durationMs":109,"ip":"::1","userAgent":"axios/1.13.4","apiKey":"anon"}
::1 - - [26/Apr/2026:18:39:29 +0000] "GET /api/colleges?authority=STATE&state=UNKNOWN HTTP/1.1" 200 - "-" "axios/1.13.4"
{"level":"INFO","timestamp":"2026-04-26T18:39:29.684Z","service":"cei-backend","env":"development","message":"HTTP Request","requestId":"aa15a4da-9924-41a0-953a-36bfbd475cae","method":"GET","route":"/api/colleges?authority=STATE&state=UNKNOWN","status":200,"durationMs":114,"ip":"::1","userAgent":"axios/1.13.4","apiKey":"anon"}
::1 - - [26/Apr/2026:18:39:29 +0000] "GET /api/colleges?authority=STATE&state=UNKNOWN HTTP/1.1" 200 - "-" "axios/1.13.4"
{"level":"INFO","timestamp":"2026-04-26T18:39:29.861Z","service":"cei-backend","env":"development","message":"HTTP Request","requestId":"32aaafc5-58f6-4d78-8ad3-ba0edd328112","method":"GET","route":"/api/colleges?authority=STATE&state=UNKNOWN","status":200,"durationMs":121,"ip":"::1","userAgent":"axios/1.13.4","apiKey":"anon"}
::1 - - [26/Apr/2026:18:39:30 +0000] "GET /api/colleges?authority=STATE&state=UNKNOWN HTTP/1.1" 200 - "-" "axios/1.13.4"
{"level":"INFO","timestamp":"2026-04-26T18:39:30.035Z","service":"cei-backend","env":"development","message":"HTTP Request","requestId":"588e2a8a-db9d-4f46-9c25-e21c5dfa626b","method":"GET","route":"/api/colleges?authority=STATE&state=UNKNOWN","status":200,"durationMs":122,"ip":"::1","userAgent":"axios/1.13.4","apiKey":"anon"}
::1 - - [26/Apr/2026:18:39:30 +0000] "GET /api/colleges?authority=STATE&state=UNKNOWN HTTP/1.1" 200 - "-" "axios/1.13.4"
{"level":"INFO","timestamp":"2026-04-26T18:39:30.199Z","service":"cei-backend","env":"development","message":"HTTP Request","requestId":"5f7d01ef-1ed7-4daa-a7da-923a2e4d1323","method":"GET","route":"/api/colleges?authority=STATE&state=UNKNOWN","status":200,"durationMs":113,"ip":"::1","userAgent":"axios/1.13.4","apiKey":"anon"}
::1 - - [26/Apr/2026:18:39:30 +0000] "GET /api/colleges?authority=STATE&state=Jharkhand HTTP/1.1" 200 - "-" "axios/1.13.4"
{"level":"INFO","timestamp":"2026-04-26T18:39:30.376Z","service":"cei-backend","env":"development","message":"HTTP Request","requestId":"d0a5610c-cbd8-4f28-bb40-d7d55d5f96d3","method":"GET","route":"/api/colleges?authority=STATE&state=Jharkhand","status":200,"durationMs":120,"ip":"::1","userAgent":"axios/1.13.4","apiKey":"anon"}
::1 - - [26/Apr/2026:18:39:30 +0000] "GET /api/colleges?authority=STATE&state=UNKNOWN HTTP/1.1" 200 - "-" "axios/1.13.4"
{"level":"INFO","timestamp":"2026-04-26T18:39:30.566Z","service":"cei-backend","env":"development","message":"HTTP Request","requestId":"be76ef33-3000-403d-8388-cd0cc41d22d5","method":"GET","route":"/api/colleges?authority=STATE&state=UNKNOWN","status":200,"durationMs":122,"ip":"::1","userAgent":"axios/1.13.4","apiKey":"anon"}
::1 - - [26/Apr/2026:18:39:30 +0000] "GET /api/colleges?authority=STATE&state=UNKNOWN HTTP/1.1" 200 - "-" "axios/1.13.4"
{"level":"INFO","timestamp":"2026-04-26T18:39:30.727Z","service":"cei-backend","env":"development","message":"HTTP Request","requestId":"498fc4de-b43f-4557-8348-df96e57de3fd","method":"GET","route":"/api/colleges?authority=STATE&state=UNKNOWN","status":200,"durationMs":112,"ip":"::1","userAgent":"axios/1.13.4","apiKey":"anon"}
::1 - - [26/Apr/2026:18:39:30 +0000] "GET /api/colleges?authority=STATE&state=UNKNOWN HTTP/1.1" 200 - "-" "axios/1.13.4"
{"level":"INFO","timestamp":"2026-04-26T18:39:30.901Z","service":"cei-backend","env":"development","message":"HTTP Request","requestId":"566e345c-963e-4a61-94c8-e4c067ea1ffe","method":"GET","route":"/api/colleges?authority=STATE&state=UNKNOWN","status":200,"durationMs":114,"ip":"::1","userAgent":"axios/1.13.4","apiKey":"anon"}
::1 - - [26/Apr/2026:18:39:31 +0000] "GET /api/colleges?authority=STATE&state=West%20Bengal HTTP/1.1" 200 - "-" "axios/1.13.4"
{"level":"INFO","timestamp":"2026-04-26T18:39:31.071Z","service":"cei-backend","env":"development","message":"HTTP Request","requestId":"6a94cd9d-2e64-4473-b36c-024708aaded8","method":"GET","route":"/api/colleges?authority=STATE&state=West%20Bengal","status":200,"durationMs":112,"ip":"::1","userAgent":"axios/1.13.4","apiKey":"anon"}
::1 - - [26/Apr/2026:18:39:31 +0000] "GET /api/colleges?authority=STATE&state=UNKNOWN HTTP/1.1" 200 - "-" "axios/1.13.4"
{"level":"INFO","timestamp":"2026-04-26T18:39:31.251Z","service":"cei-backend","env":"development","message":"HTTP Request","requestId":"a0c14e02-e06f-49d8-975d-89503da0b8b4","method":"GET","route":"/api/colleges?authority=STATE&state=UNKNOWN","status":200,"durationMs":120,"ip":"::1","userAgent":"axios/1.13.4","apiKey":"anon"}
::1 - - [26/Apr/2026:18:39:31 +0000] "GET /api/colleges?authority=STATE&state=UNKNOWN HTTP/1.1" 200 - "-" "axios/1.13.4"
{"level":"INFO","timestamp":"2026-04-26T18:39:31.353Z","service":"cei-backend","env":"development","message":"HTTP Request","requestId":"55164b3c-da55-4091-819a-3292f7b4a1bf","method":"GET","route":"/api/colleges?authority=STATE&state=UNKNOWN","status":200,"durationMs":52,"ip":"::1","userAgent":"axios/1.13.4","apiKey":"anon"}
::1 - - [26/Apr/2026:18:39:31 +0000] "GET /api/colleges?authority=STATE&state=UNKNOWN HTTP/1.1" 200 - "-" "axios/1.13.4"
{"level":"INFO","timestamp":"2026-04-26T18:39:31.524Z","service":"cei-backend","env":"development","message":"HTTP Request","requestId":"c29e16d8-684f-4343-9ce6-67ba8395ebc9","method":"GET","route":"/api/colleges?authority=STATE&state=UNKNOWN","status":200,"durationMs":115,"ip":"::1","userAgent":"axios/1.13.4","apiKey":"anon"}
::1 - - [26/Apr/2026:18:39:31 +0000] "GET /api/colleges?authority=STATE&state=UNKNOWN HTTP/1.1" 200 - "-" "axios/1.13.4"
{"level":"INFO","timestamp":"2026-04-26T18:39:31.692Z","service":"cei-backend","env":"development","message":"HTTP Request","requestId":"515b7568-735e-4ea4-8b78-fef5c92d036b","method":"GET","route":"/api/colleges?authority=STATE&state=UNKNOWN","status":200,"durationMs":111,"ip":"::1","userAgent":"axios/1.13.4","apiKey":"anon"}
::1 - - [26/Apr/2026:18:39:32 +0000] "GET /api/colleges?authority=STATE&state=Uttarakhand HTTP/1.1" 200 - "-" "axios/1.13.4"
{"level":"INFO","timestamp":"2026-04-26T18:39:32.122Z","service":"cei-backend","env":"development","message":"HTTP Request","requestId":"d5ec66de-7c67-4265-9d64-7a463744024a","method":"GET","route":"/api/colleges?authority=STATE&state=Uttarakhand","status":200,"durationMs":368,"ip":"::1","userAgent":"axios/1.13.4","apiKey":"anon"}
::1 - - [26/Apr/2026:18:39:32 +0000] "GET /api/colleges?authority=STATE&state=Uttar%20Pradesh HTTP/1.1" 200 - "-" "axios/1.13.4"
{"level":"INFO","timestamp":"2026-04-26T18:39:32.289Z","service":"cei-backend","env":"development","message":"HTTP Request","requestId":"9962090b-87da-4499-b823-492aa2e354b5","method":"GET","route":"/api/colleges?authority=STATE&state=Uttar%20Pradesh","status":200,"durationMs":113,"ip":"::1","userAgent":"axios/1.13.4","apiKey":"anon"}
::1 - - [26/Apr/2026:18:39:32 +0000] "GET /api/colleges?authority=STATE&state=Jharkhand HTTP/1.1" 200 - "-" "axios/1.13.4"
{"level":"INFO","timestamp":"2026-04-26T18:39:32.473Z","service":"cei-backend","env":"development","message":"HTTP Request","requestId":"73211957-267b-4658-9d1e-979476a5b948","method":"GET","route":"/api/colleges?authority=STATE&state=Jharkhand","status":200,"durationMs":124,"ip":"::1","userAgent":"axios/1.13.4","apiKey":"anon"}
::1 - - [26/Apr/2026:18:39:32 +0000] "GET /api/colleges?authority=STATE&state=Rajasthan HTTP/1.1" 200 - "-" "axios/1.13.4"
{"level":"INFO","timestamp":"2026-04-26T18:39:32.649Z","service":"cei-backend","env":"development","message":"HTTP Request","requestId":"1700fb54-8bf1-434a-9082-c48d0eeddd96","method":"GET","route":"/api/colleges?authority=STATE&state=Rajasthan","status":200,"durationMs":112,"ip":"::1","userAgent":"axios/1.13.4","apiKey":"anon"}
::1 - - [26/Apr/2026:18:39:32 +0000] "GET /api/colleges?authority=STATE&state=UNKNOWN HTTP/1.1" 200 - "-" "axios/1.13.4"
{"level":"INFO","timestamp":"2026-04-26T18:39:32.819Z","service":"cei-backend","env":"development","message":"HTTP Request","requestId":"52195758-3b97-4682-b089-490bdc8442fa","method":"GET","route":"/api/colleges?authority=STATE&state=UNKNOWN","status":200,"durationMs":111,"ip":"::1","userAgent":"axios/1.13.4","apiKey":"anon"}
::1 - - [26/Apr/2026:18:39:32 +0000] "GET /api/colleges?authority=STATE&state=Andhra%20Pradesh HTTP/1.1" 200 - "-" "axios/1.13.4"
{"level":"INFO","timestamp":"2026-04-26T18:39:32.991Z","service":"cei-backend","env":"development","message":"HTTP Request","requestId":"028fc7f5-1872-4868-825d-e2caf04920af","method":"GET","route":"/api/colleges?authority=STATE&state=Andhra%20Pradesh","status":200,"durationMs":113,"ip":"::1","userAgent":"axios/1.13.4","apiKey":"anon"}
::1 - - [26/Apr/2026:18:39:33 +0000] "GET /api/colleges?authority=STATE&state=Maharashtra HTTP/1.1" 200 - "-" "axios/1.13.4"
{"level":"INFO","timestamp":"2026-04-26T18:39:33.163Z","service":"cei-backend","env":"development","message":"HTTP Request","requestId":"4dca457d-0773-4564-b70a-0278b2b1f969","method":"GET","route":"/api/colleges?authority=STATE&state=Maharashtra","status":200,"durationMs":113,"ip":"::1","userAgent":"axios/1.13.4","apiKey":"anon"}
::1 - - [26/Apr/2026:18:39:33 +0000] "GET /api/colleges?authority=STATE&state=UNKNOWN HTTP/1.1" 200 - "-" "axios/1.13.4"
{"level":"INFO","timestamp":"2026-04-26T18:39:33.334Z","service":"cei-backend","env":"development","message":"HTTP Request","requestId":"fe839825-0043-4f1f-b009-04266f16cf01","method":"GET","route":"/api/colleges?authority=STATE&state=UNKNOWN","status":200,"durationMs":110,"ip":"::1","userAgent":"axios/1.13.4","apiKey":"anon"}
::1 - - [26/Apr/2026:18:39:33 +0000] "GET /api/colleges?authority=STATE&state=UNKNOWN HTTP/1.1" 200 - "-" "axios/1.13.4"
{"level":"INFO","timestamp":"2026-04-26T18:39:33.505Z","service":"cei-backend","env":"development","message":"HTTP Request","requestId":"8ddefc13-42ae-4738-a43d-a1950525800e","method":"GET","route":"/api/colleges?authority=STATE&state=UNKNOWN","status":200,"durationMs":111,"ip":"::1","userAgent":"axios/1.13.4","apiKey":"anon"}
::1 - - [26/Apr/2026:18:39:33 +0000] "GET /api/colleges?authority=STATE&state=Karnataka HTTP/1.1" 200 - "-" "axios/1.13.4"
{"level":"INFO","timestamp":"2026-04-26T18:39:33.678Z","service":"cei-backend","env":"development","message":"HTTP Request","requestId":"b8b08061-b602-42ec-9858-1473b98d675e","method":"GET","route":"/api/colleges?authority=STATE&state=Karnataka","status":200,"durationMs":113,"ip":"::1","userAgent":"axios/1.13.4","apiKey":"anon"}
::1 - - [26/Apr/2026:18:39:33 +0000] "GET /api/colleges?authority=STATE&state=UNKNOWN HTTP/1.1" 200 - "-" "axios/1.13.4"
{"level":"INFO","timestamp":"2026-04-26T18:39:33.847Z","service":"cei-backend","env":"development","message":"HTTP Request","requestId":"0bec15eb-1706-4a78-bd77-47bcbfdcb4a7","method":"GET","route":"/api/colleges?authority=STATE&state=UNKNOWN","status":200,"durationMs":112,"ip":"::1","userAgent":"axios/1.13.4","apiKey":"anon"}
::1 - - [26/Apr/2026:18:39:34 +0000] "GET /api/colleges?authority=STATE&state=Karnataka HTTP/1.1" 200 - "-" "axios/1.13.4"
{"level":"INFO","timestamp":"2026-04-26T18:39:34.018Z","service":"cei-backend","env":"development","message":"HTTP Request","requestId":"e4111c50-b62b-4e3f-b833-a09e28ddcf1e","method":"GET","route":"/api/colleges?authority=STATE&state=Karnataka","status":200,"durationMs":111,"ip":"::1","userAgent":"axios/1.13.4","apiKey":"anon"}
::1 - - [26/Apr/2026:18:39:34 +0000] "GET /api/colleges?authority=STATE&state=Tamil%20Nadu HTTP/1.1" 200 - "-" "axios/1.13.4"
{"level":"INFO","timestamp":"2026-04-26T18:39:34.195Z","service":"cei-backend","env":"development","message":"HTTP Request","requestId":"3aab6753-d8c0-48a6-8e2e-0100170a34e7","method":"GET","route":"/api/colleges?authority=STATE&state=Tamil%20Nadu","status":200,"durationMs":117,"ip":"::1","userAgent":"axios/1.13.4","apiKey":"anon"}
::1 - - [26/Apr/2026:18:39:34 +0000] "GET /api/colleges?authority=STATE&state=Uttar%20Pradesh HTTP/1.1" 200 - "-" "axios/1.13.4"
{"level":"INFO","timestamp":"2026-04-26T18:39:34.363Z","service":"cei-backend","env":"development","message":"HTTP Request","requestId":"4990b37a-fb33-4661-a5ea-63caeb02af31","method":"GET","route":"/api/colleges?authority=STATE&state=Uttar%20Pradesh","status":200,"durationMs":112,"ip":"::1","userAgent":"axios/1.13.4","apiKey":"anon"}
::1 - - [26/Apr/2026:18:39:34 +0000] "GET /api/colleges?authority=STATE&state=Maharashtra HTTP/1.1" 200 - "-" "axios/1.13.4"
{"level":"INFO","timestamp":"2026-04-26T18:39:34.534Z","service":"cei-backend","env":"development","message":"HTTP Request","requestId":"c9d79c4e-056b-48d6-975b-09b7845895f3","method":"GET","route":"/api/colleges?authority=STATE&state=Maharashtra","status":200,"durationMs":111,"ip":"::1","userAgent":"axios/1.13.4","apiKey":"anon"}
::1 - - [26/Apr/2026:18:39:34 +0000] "GET /api/colleges?authority=STATE&state=Maharashtra HTTP/1.1" 200 - "-" "axios/1.13.4"
{"level":"INFO","timestamp":"2026-04-26T18:39:34.715Z","service":"cei-backend","env":"development","message":"HTTP Request","requestId":"55ef09df-a306-42ae-a08d-85b5b4511601","method":"GET","route":"/api/colleges?authority=STATE&state=Maharashtra","status":200,"durationMs":121,"ip":"::1","userAgent":"axios/1.13.4","apiKey":"anon"}
::1 - - [26/Apr/2026:18:39:35 +0000] "GET /api/colleges?authority=STATE&state=UNKNOWN HTTP/1.1" 200 - "-" "axios/1.13.4"
{"level":"INFO","timestamp":"2026-04-26T18:39:35.208Z","service":"cei-backend","env":"development","message":"HTTP Request","requestId":"541a212c-5566-41cc-98b3-48525336a7eb","method":"GET","route":"/api/colleges?authority=STATE&state=UNKNOWN","status":200,"durationMs":443,"ip":"::1","userAgent":"axios/1.13.4","apiKey":"anon"}
::1 - - [26/Apr/2026:18:39:35 +0000] "GET /api/colleges?authority=STATE&state=UNKNOWN HTTP/1.1" 200 - "-" "axios/1.13.4"
{"level":"INFO","timestamp":"2026-04-26T18:39:35.380Z","service":"cei-backend","env":"development","message":"HTTP Request","requestId":"d746dc73-2e3e-42b2-8b65-38dab6419774","method":"GET","route":"/api/colleges?authority=STATE&state=UNKNOWN","status":200,"durationMs":114,"ip":"::1","userAgent":"axios/1.13.4","apiKey":"anon"}
::1 - - [26/Apr/2026:18:39:35 +0000] "GET /api/colleges?authority=STATE&state=Karnataka HTTP/1.1" 200 - "-" "axios/1.13.4"
{"level":"INFO","timestamp":"2026-04-26T18:39:35.551Z","service":"cei-backend","env":"development","message":"HTTP Request","requestId":"404a5605-3831-4a70-af5c-80c282a604ce","method":"GET","route":"/api/colleges?authority=STATE&state=Karnataka","status":200,"durationMs":113,"ip":"::1","userAgent":"axios/1.13.4","apiKey":"anon"}
::1 - - [26/Apr/2026:18:39:35 +0000] "GET /api/colleges?authority=STATE&state=UNKNOWN HTTP/1.1" 200 - "-" "axios/1.13.4"
{"level":"INFO","timestamp":"2026-04-26T18:39:35.730Z","service":"cei-backend","env":"development","message":"HTTP Request","requestId":"ab58ffbc-f640-42ce-91fd-fd6a70a54528","method":"GET","route":"/api/colleges?authority=STATE&state=UNKNOWN","status":200,"durationMs":122,"ip":"::1","userAgent":"axios/1.13.4","apiKey":"anon"}
::1 - - [26/Apr/2026:18:39:35 +0000] "GET /api/colleges?authority=STATE&state=UNKNOWN HTTP/1.1" 200 - "-" "axios/1.13.4"
{"level":"INFO","timestamp":"2026-04-26T18:39:35.901Z","service":"cei-backend","env":"development","message":"HTTP Request","requestId":"112e97c9-dd01-4441-b375-d13916065570","method":"GET","route":"/api/colleges?authority=STATE&state=UNKNOWN","status":200,"durationMs":120,"ip":"::1","userAgent":"axios/1.13.4","apiKey":"anon"}
::1 - - [26/Apr/2026:18:39:36 +0000] "GET /api/colleges?authority=STATE&state=UNKNOWN HTTP/1.1" 200 - "-" "axios/1.13.4"
{"level":"INFO","timestamp":"2026-04-26T18:39:36.063Z","service":"cei-backend","env":"development","message":"HTTP Request","requestId":"9a5a2e6c-052c-4c68-9b65-63fcfcbc1e58","method":"GET","route":"/api/colleges?authority=STATE&state=UNKNOWN","status":200,"durationMs":111,"ip":"::1","userAgent":"axios/1.13.4","apiKey":"anon"}
::1 - - [26/Apr/2026:18:39:36 +0000] "GET /api/colleges?authority=STATE&state=UNKNOWN HTTP/1.1" 200 - "-" "axios/1.13.4"
{"level":"INFO","timestamp":"2026-04-26T18:39:36.234Z","service":"cei-backend","env":"development","message":"HTTP Request","requestId":"c06d6ad5-d50a-4c1d-9c3c-f48595ded928","method":"GET","route":"/api/colleges?authority=STATE&state=UNKNOWN","status":200,"durationMs":111,"ip":"::1","userAgent":"axios/1.13.4","apiKey":"anon"}
::1 - - [26/Apr/2026:18:39:36 +0000] "GET /api/colleges?authority=STATE&state=UNKNOWN HTTP/1.1" 200 - "-" "axios/1.13.4"
{"level":"INFO","timestamp":"2026-04-26T18:39:36.416Z","service":"cei-backend","env":"development","message":"HTTP Request","requestId":"785a740f-907d-479e-83ee-8e29eabea679","method":"GET","route":"/api/colleges?authority=STATE&state=UNKNOWN","status":200,"durationMs":120,"ip":"::1","userAgent":"axios/1.13.4","apiKey":"anon"}
::1 - - [26/Apr/2026:18:39:36 +0000] "GET /api/colleges?authority=STATE&state=UNKNOWN HTTP/1.1" 200 - "-" "axios/1.13.4"
{"level":"INFO","timestamp":"2026-04-26T18:39:36.581Z","service":"cei-backend","env":"development","message":"HTTP Request","requestId":"58e49cdd-acd8-4911-81e9-ed7e5773808b","method":"GET","route":"/api/colleges?authority=STATE&state=UNKNOWN","status":200,"durationMs":115,"ip":"::1","userAgent":"axios/1.13.4","apiKey":"anon"}
::1 - - [26/Apr/2026:18:39:36 +0000] "GET /api/colleges?authority=STATE&state=Uttar%20Pradesh HTTP/1.1" 200 - "-" "axios/1.13.4"
{"level":"INFO","timestamp":"2026-04-26T18:39:36.755Z","service":"cei-backend","env":"development","message":"HTTP Request","requestId":"40983adc-0cd1-4d31-a767-508da7072220","method":"GET","route":"/api/colleges?authority=STATE&state=Uttar%20Pradesh","status":200,"durationMs":113,"ip":"::1","userAgent":"axios/1.13.4","apiKey":"anon"}
::1 - - [26/Apr/2026:18:39:36 +0000] "GET /api/colleges?authority=STATE&state=Andhra%20Pradesh HTTP/1.1" 200 - "-" "axios/1.13.4"
{"level":"INFO","timestamp":"2026-04-26T18:39:36.922Z","service":"cei-backend","env":"development","message":"HTTP Request","requestId":"b9a80712-0fbe-4420-8a3b-728a06a8dd53","method":"GET","route":"/api/colleges?authority=STATE&state=Andhra%20Pradesh","status":200,"durationMs":109,"ip":"::1","userAgent":"axios/1.13.4","apiKey":"anon"}
::1 - - [26/Apr/2026:18:39:37 +0000] "GET /api/colleges?authority=STATE&state=UNKNOWN HTTP/1.1" 200 - "-" "axios/1.13.4"
{"level":"INFO","timestamp":"2026-04-26T18:39:37.093Z","service":"cei-backend","env":"development","message":"HTTP Request","requestId":"8d41d5e6-0d9a-4db5-ad7c-5fe964047c09","method":"GET","route":"/api/colleges?authority=STATE&state=UNKNOWN","status":200,"durationMs":110,"ip":"::1","userAgent":"axios/1.13.4","apiKey":"anon"}
::1 - - [26/Apr/2026:18:39:37 +0000] "GET /api/colleges?authority=STATE&state=UNKNOWN HTTP/1.1" 200 - "-" "axios/1.13.4"
{"level":"INFO","timestamp":"2026-04-26T18:39:37.264Z","service":"cei-backend","env":"development","message":"HTTP Request","requestId":"5abdc6e9-7d79-4121-827f-abae7578db71","method":"GET","route":"/api/colleges?authority=STATE&state=UNKNOWN","status":200,"durationMs":110,"ip":"::1","userAgent":"axios/1.13.4","apiKey":"anon"}
::1 - - [26/Apr/2026:18:39:37 +0000] "GET /api/colleges?authority=STATE&state=Jharkhand HTTP/1.1" 200 - "-" "axios/1.13.4"
{"level":"INFO","timestamp":"2026-04-26T18:39:37.400Z","service":"cei-backend","env":"development","message":"HTTP Request","requestId":"a15a7b5b-efc0-4b02-bb88-59fd8d4ba582","method":"GET","route":"/api/colleges?authority=STATE&state=Jharkhand","status":200,"durationMs":75,"ip":"::1","userAgent":"axios/1.13.4","apiKey":"anon"}
::1 - - [26/Apr/2026:18:39:37 +0000] "GET /api/colleges?authority=STATE&state=UNKNOWN HTTP/1.1" 200 - "-" "axios/1.13.4"
{"level":"INFO","timestamp":"2026-04-26T18:39:37.586Z","service":"cei-backend","env":"development","message":"HTTP Request","requestId":"102f87f4-13e7-40dc-bce5-21fc8937a991","method":"GET","route":"/api/colleges?authority=STATE&state=UNKNOWN","status":200,"durationMs":122,"ip":"::1","userAgent":"axios/1.13.4","apiKey":"anon"}
::1 - - [26/Apr/2026:18:39:38 +0000] "GET /api/colleges?authority=STATE&state=Karnataka HTTP/1.1" 200 - "-" "axios/1.13.4"
{"level":"INFO","timestamp":"2026-04-26T18:39:38.004Z","service":"cei-backend","env":"development","message":"HTTP Request","requestId":"204654f1-0c55-4cd0-9818-a5bf8d6ecf93","method":"GET","route":"/api/colleges?authority=STATE&state=Karnataka","status":200,"durationMs":369,"ip":"::1","userAgent":"axios/1.13.4","apiKey":"anon"}
::1 - - [26/Apr/2026:18:39:38 +0000] "GET /api/colleges?authority=STATE&state=UNKNOWN HTTP/1.1" 200 - "-" "axios/1.13.4"
{"level":"INFO","timestamp":"2026-04-26T18:39:38.173Z","service":"cei-backend","env":"development","message":"HTTP Request","requestId":"38630de8-0208-4376-bb0d-4e1a5b9a882c","method":"GET","route":"/api/colleges?authority=STATE&state=UNKNOWN","status":200,"durationMs":113,"ip":"::1","userAgent":"axios/1.13.4","apiKey":"anon"}
::1 - - [26/Apr/2026:18:39:38 +0000] "GET /api/colleges?authority=STATE&state=Uttar%20Pradesh HTTP/1.1" 200 - "-" "axios/1.13.4"
{"level":"INFO","timestamp":"2026-04-26T18:39:38.344Z","service":"cei-backend","env":"development","message":"HTTP Request","requestId":"23146fe2-4795-467c-9617-e222d9082883","method":"GET","route":"/api/colleges?authority=STATE&state=Uttar%20Pradesh","status":200,"durationMs":111,"ip":"::1","userAgent":"axios/1.13.4","apiKey":"anon"}
::1 - - [26/Apr/2026:18:39:38 +0000] "GET /api/colleges?authority=STATE&state=UNKNOWN HTTP/1.1" 200 - "-" "axios/1.13.4"
{"level":"INFO","timestamp":"2026-04-26T18:39:38.520Z","service":"cei-backend","env":"development","message":"HTTP Request","requestId":"8a214c13-ee3e-4822-82f7-f52fa0effe2a","method":"GET","route":"/api/colleges?authority=STATE&state=UNKNOWN","status":200,"durationMs":115,"ip":"::1","userAgent":"axios/1.13.4","apiKey":"anon"}
::1 - - [26/Apr/2026:18:39:38 +0000] "GET /api/colleges?authority=STATE&state=UNKNOWN HTTP/1.1" 200 - "-" "axios/1.13.4"
{"level":"INFO","timestamp":"2026-04-26T18:39:38.693Z","service":"cei-backend","env":"development","message":"HTTP Request","requestId":"65036a7f-295b-497f-aa8e-301873942fb5","method":"GET","route":"/api/colleges?authority=STATE&state=UNKNOWN","status":200,"durationMs":112,"ip":"::1","userAgent":"axios/1.13.4","apiKey":"anon"}
::1 - - [26/Apr/2026:18:39:38 +0000] "GET /api/colleges?authority=STATE&state=UNKNOWN HTTP/1.1" 200 - "-" "axios/1.13.4"
{"level":"INFO","timestamp":"2026-04-26T18:39:38.867Z","service":"cei-backend","env":"development","message":"HTTP Request","requestId":"ec5faf0d-572d-4a79-9d04-4dad77767dc3","method":"GET","route":"/api/colleges?authority=STATE&state=UNKNOWN","status":200,"durationMs":113,"ip":"::1","userAgent":"axios/1.13.4","apiKey":"anon"}
::1 - - [26/Apr/2026:18:39:39 +0000] "GET /api/colleges?authority=STATE&state=Madhya%20Pradesh HTTP/1.1" 200 - "-" "axios/1.13.4"
{"level":"INFO","timestamp":"2026-04-26T18:39:39.042Z","service":"cei-backend","env":"development","message":"HTTP Request","requestId":"03b890d5-1980-4a30-8380-fa74848bbac0","method":"GET","route":"/api/colleges?authority=STATE&state=Madhya%20Pradesh","status":200,"durationMs":116,"ip":"::1","userAgent":"axios/1.13.4","apiKey":"anon"}
::1 - - [26/Apr/2026:18:39:39 +0000] "GET /api/colleges?authority=STATE&state=Karnataka HTTP/1.1" 200 - "-" "axios/1.13.4"
{"level":"INFO","timestamp":"2026-04-26T18:39:39.209Z","service":"cei-backend","env":"development","message":"HTTP Request","requestId":"f2907d54-36a8-4cde-9bdf-d35eb710153a","method":"GET","route":"/api/colleges?authority=STATE&state=Karnataka","status":200,"durationMs":111,"ip":"::1","userAgent":"axios/1.13.4","apiKey":"anon"}
::1 - - [26/Apr/2026:18:39:39 +0000] "GET /api/colleges?authority=STATE&state=UNKNOWN HTTP/1.1" 200 - "-" "axios/1.13.4"
{"level":"INFO","timestamp":"2026-04-26T18:39:39.388Z","service":"cei-backend","env":"development","message":"HTTP Request","requestId":"c9b31cf1-3248-448d-b38e-6d8a9c90cee4","method":"GET","route":"/api/colleges?authority=STATE&state=UNKNOWN","status":200,"durationMs":118,"ip":"::1","userAgent":"axios/1.13.4","apiKey":"anon"}
::1 - - [26/Apr/2026:18:39:39 +0000] "GET /api/colleges?authority=STATE&state=UNKNOWN HTTP/1.1" 200 - "-" "axios/1.13.4"
{"level":"INFO","timestamp":"2026-04-26T18:39:39.549Z","service":"cei-backend","env":"development","message":"HTTP Request","requestId":"495df8a9-2123-4633-9e79-d283e078c069","method":"GET","route":"/api/colleges?authority=STATE&state=UNKNOWN","status":200,"durationMs":109,"ip":"::1","userAgent":"axios/1.13.4","apiKey":"anon"}
::1 - - [26/Apr/2026:18:39:39 +0000] "GET /api/colleges?authority=STATE&state=UNKNOWN HTTP/1.1" 200 - "-" "axios/1.13.4"
{"level":"INFO","timestamp":"2026-04-26T18:39:39.721Z","service":"cei-backend","env":"development","message":"HTTP Request","requestId":"869ecbff-ed8f-498e-8e0e-bd31839f45b7","method":"GET","route":"/api/colleges?authority=STATE&state=UNKNOWN","status":200,"durationMs":110,"ip":"::1","userAgent":"axios/1.13.4","apiKey":"anon"}
::1 - - [26/Apr/2026:18:39:39 +0000] "GET /api/colleges?authority=STATE&state=UNKNOWN HTTP/1.1" 200 - "-" "axios/1.13.4"
{"level":"INFO","timestamp":"2026-04-26T18:39:39.893Z","service":"cei-backend","env":"development","message":"HTTP Request","requestId":"e19f8547-b6ad-4b91-9ab1-11bea897f303","method":"GET","route":"/api/colleges?authority=STATE&state=UNKNOWN","status":200,"durationMs":111,"ip":"::1","userAgent":"axios/1.13.4","apiKey":"anon"}
::1 - - [26/Apr/2026:18:39:40 +0000] "GET /api/colleges?authority=STATE&state=Andhra%20Pradesh HTTP/1.1" 200 - "-" "axios/1.13.4"
{"level":"INFO","timestamp":"2026-04-26T18:39:40.064Z","service":"cei-backend","env":"development","message":"HTTP Request","requestId":"2c400d42-3f26-4387-adec-24a10b06f565","method":"GET","route":"/api/colleges?authority=STATE&state=Andhra%20Pradesh","status":200,"durationMs":110,"ip":"::1","userAgent":"axios/1.13.4","apiKey":"anon"}
::1 - - [26/Apr/2026:18:39:40 +0000] "GET /api/colleges?authority=STATE&state=UNKNOWN HTTP/1.1" 200 - "-" "axios/1.13.4"
{"level":"INFO","timestamp":"2026-04-26T18:39:40.237Z","service":"cei-backend","env":"development","message":"HTTP Request","requestId":"b040825b-f73e-4922-8dec-7286c1d9ca78","method":"GET","route":"/api/colleges?authority=STATE&state=UNKNOWN","status":200,"durationMs":112,"ip":"::1","userAgent":"axios/1.13.4","apiKey":"anon"}
::1 - - [26/Apr/2026:18:39:40 +0000] "GET /api/colleges?authority=STATE&state=UNKNOWN HTTP/1.1" 200 - "-" "axios/1.13.4"
{"level":"INFO","timestamp":"2026-04-26T18:39:40.409Z","service":"cei-backend","env":"development","message":"HTTP Request","requestId":"cbd819b8-e117-489c-905f-b82827daa6f6","method":"GET","route":"/api/colleges?authority=STATE&state=UNKNOWN","status":200,"durationMs":113,"ip":"::1","userAgent":"axios/1.13.4","apiKey":"anon"}
::1 - - [26/Apr/2026:18:39:40 +0000] "GET /api/colleges?authority=STATE&state=Andhra%20Pradesh HTTP/1.1" 200 - "-" "axios/1.13.4"
{"level":"INFO","timestamp":"2026-04-26T18:39:40.577Z","service":"cei-backend","env":"development","message":"HTTP Request","requestId":"187d285c-6f23-4ed8-b641-57d58b556a54","method":"GET","route":"/api/colleges?authority=STATE&state=Andhra%20Pradesh","status":200,"durationMs":110,"ip":"::1","userAgent":"axios/1.13.4","apiKey":"anon"}
::1 - - [26/Apr/2026:18:39:41 +0000] "GET /api/colleges?authority=STATE&state=Maharashtra HTTP/1.1" 200 - "-" "axios/1.13.4"
{"level":"INFO","timestamp":"2026-04-26T18:39:41.017Z","service":"cei-backend","env":"development","message":"HTTP Request","requestId":"347f5ca9-c0b6-4886-ba4a-6af046ac5832","method":"GET","route":"/api/colleges?authority=STATE&state=Maharashtra","status":200,"durationMs":380,"ip":"::1","userAgent":"axios/1.13.4","apiKey":"anon"}
::1 - - [26/Apr/2026:18:39:41 +0000] "GET /api/colleges?authority=STATE&state=Andhra%20Pradesh HTTP/1.1" 200 - "-" "axios/1.13.4"
{"level":"INFO","timestamp":"2026-04-26T18:39:41.190Z","service":"cei-backend","env":"development","message":"HTTP Request","requestId":"ed9677d5-980f-4e34-aded-e4896af70d0c","method":"GET","route":"/api/colleges?authority=STATE&state=Andhra%20Pradesh","status":200,"durationMs":113,"ip":"::1","userAgent":"axios/1.13.4","apiKey":"anon"}
::1 - - [26/Apr/2026:18:39:41 +0000] "GET /api/colleges?authority=STATE&state=UNKNOWN HTTP/1.1" 200 - "-" "axios/1.13.4"
{"level":"INFO","timestamp":"2026-04-26T18:39:41.363Z","service":"cei-backend","env":"development","message":"HTTP Request","requestId":"a0f66f95-3f83-49c7-98b9-44116f60a0c6","method":"GET","route":"/api/colleges?authority=STATE&state=UNKNOWN","status":200,"durationMs":114,"ip":"::1","userAgent":"axios/1.13.4","apiKey":"anon"}
::1 - - [26/Apr/2026:18:39:41 +0000] "GET /api/colleges?authority=STATE&state=UNKNOWN HTTP/1.1" 200 - "-" "axios/1.13.4"
{"level":"INFO","timestamp":"2026-04-26T18:39:41.430Z","service":"cei-backend","env":"development","message":"HTTP Request","requestId":"e207f2f9-d800-4ced-aaa4-d5dbd1d63152","method":"GET","route":"/api/colleges?authority=STATE&state=UNKNOWN","status":200,"durationMs":6,"ip":"::1","userAgent":"axios/1.13.4","apiKey":"anon"}
::1 - - [26/Apr/2026:18:39:41 +0000] "GET /api/colleges?authority=STATE&state=UNKNOWN HTTP/1.1" 200 - "-" "axios/1.13.4"
{"level":"INFO","timestamp":"2026-04-26T18:39:41.597Z","service":"cei-backend","env":"development","message":"HTTP Request","requestId":"88d72b88-bb1e-435c-93c9-3a14ec04698f","method":"GET","route":"/api/colleges?authority=STATE&state=UNKNOWN","status":200,"durationMs":112,"ip":"::1","userAgent":"axios/1.13.4","apiKey":"anon"}
::1 - - [26/Apr/2026:18:39:41 +0000] "GET /api/colleges?authority=STATE&state=UNKNOWN HTTP/1.1" 200 - "-" "axios/1.13.4"
{"level":"INFO","timestamp":"2026-04-26T18:39:41.767Z","service":"cei-backend","env":"development","message":"HTTP Request","requestId":"fa36fee6-e949-4ec5-a379-bb3a630c2f10","method":"GET","route":"/api/colleges?authority=STATE&state=UNKNOWN","status":200,"durationMs":112,"ip":"::1","userAgent":"axios/1.13.4","apiKey":"anon"}
::1 - - [26/Apr/2026:18:39:41 +0000] "GET /api/colleges?authority=STATE&state=UNKNOWN HTTP/1.1" 200 - "-" "axios/1.13.4"
{"level":"INFO","timestamp":"2026-04-26T18:39:41.937Z","service":"cei-backend","env":"development","message":"HTTP Request","requestId":"9033c456-55a7-4915-9110-ef4a6bf30587","method":"GET","route":"/api/colleges?authority=STATE&state=UNKNOWN","status":200,"durationMs":110,"ip":"::1","userAgent":"axios/1.13.4","apiKey":"anon"}
::1 - - [26/Apr/2026:18:39:42 +0000] "GET /api/colleges?authority=STATE&state=UNKNOWN HTTP/1.1" 200 - "-" "axios/1.13.4"
{"level":"INFO","timestamp":"2026-04-26T18:39:42.110Z","service":"cei-backend","env":"development","message":"HTTP Request","requestId":"33792d73-b8cd-476e-8d26-d95e8d6804df","method":"GET","route":"/api/colleges?authority=STATE&state=UNKNOWN","status":200,"durationMs":114,"ip":"::1","userAgent":"axios/1.13.4","apiKey":"anon"}
::1 - - [26/Apr/2026:18:39:42 +0000] "GET /api/colleges?authority=STATE&state=UNKNOWN HTTP/1.1" 200 - "-" "axios/1.13.4"
{"level":"INFO","timestamp":"2026-04-26T18:39:42.283Z","service":"cei-backend","env":"development","message":"HTTP Request","requestId":"f063ffa7-a2de-4578-bd10-9eb4cf203bb9","method":"GET","route":"/api/colleges?authority=STATE&state=UNKNOWN","status":200,"durationMs":114,"ip":"::1","userAgent":"axios/1.13.4","apiKey":"anon"}
::1 - - [26/Apr/2026:18:39:42 +0000] "GET /api/colleges?authority=STATE&state=UNKNOWN HTTP/1.1" 200 - "-" "axios/1.13.4"
{"level":"INFO","timestamp":"2026-04-26T18:39:42.454Z","service":"cei-backend","env":"development","message":"HTTP Request","requestId":"92194047-5728-48a9-a939-f66053815ebd","method":"GET","route":"/api/colleges?authority=STATE&state=UNKNOWN","status":200,"durationMs":111,"ip":"::1","userAgent":"axios/1.13.4","apiKey":"anon"}
::1 - - [26/Apr/2026:18:39:42 +0000] "GET /api/colleges?authority=STATE&state=Tamil%20Nadu HTTP/1.1" 200 - "-" "axios/1.13.4"
{"level":"INFO","timestamp":"2026-04-26T18:39:42.882Z","service":"cei-backend","env":"development","message":"HTTP Request","requestId":"4296b3d1-5f95-4198-b1d7-7e03b0252135","method":"GET","route":"/api/colleges?authority=STATE&state=Tamil%20Nadu","status":200,"durationMs":370,"ip":"::1","userAgent":"axios/1.13.4","apiKey":"anon"}
::1 - - [26/Apr/2026:18:39:43 +0000] "GET /api/colleges?authority=STATE&state=UNKNOWN HTTP/1.1" 200 - "-" "axios/1.13.4"
{"level":"INFO","timestamp":"2026-04-26T18:39:43.047Z","service":"cei-backend","env":"development","message":"HTTP Request","requestId":"55412935-33b7-48c9-9c32-a0b9f2f60b7e","method":"GET","route":"/api/colleges?authority=STATE&state=UNKNOWN","status":200,"durationMs":113,"ip":"::1","userAgent":"axios/1.13.4","apiKey":"anon"}
::1 - - [26/Apr/2026:18:39:43 +0000] "GET /api/colleges?authority=STATE&state=Madhya%20Pradesh HTTP/1.1" 200 - "-" "axios/1.13.4"
{"level":"INFO","timestamp":"2026-04-26T18:39:43.478Z","service":"cei-backend","env":"development","message":"HTTP Request","requestId":"82da8811-d78e-407c-85d4-68a5e4ea96ca","method":"GET","route":"/api/colleges?authority=STATE&state=Madhya%20Pradesh","status":200,"durationMs":372,"ip":"::1","userAgent":"axios/1.13.4","apiKey":"anon"}
::1 - - [26/Apr/2026:18:39:43 +0000] "GET /api/colleges?authority=STATE&state=Tamil%20Nadu HTTP/1.1" 200 - "-" "axios/1.13.4"
{"level":"INFO","timestamp":"2026-04-26T18:39:43.655Z","service":"cei-backend","env":"development","message":"HTTP Request","requestId":"e57d3eef-d81f-4794-9c55-da0a471ddcb6","method":"GET","route":"/api/colleges?authority=STATE&state=Tamil%20Nadu","status":200,"durationMs":113,"ip":"::1","userAgent":"axios/1.13.4","apiKey":"anon"}
::1 - - [26/Apr/2026:18:39:43 +0000] "GET /api/colleges?authority=STATE&state=UNKNOWN HTTP/1.1" 200 - "-" "axios/1.13.4"
{"level":"INFO","timestamp":"2026-04-26T18:39:43.826Z","service":"cei-backend","env":"development","message":"HTTP Request","requestId":"63c5a981-fc93-4081-9494-c60c6d42665c","method":"GET","route":"/api/colleges?authority=STATE&state=UNKNOWN","status":200,"durationMs":112,"ip":"::1","userAgent":"axios/1.13.4","apiKey":"anon"}
::1 - - [26/Apr/2026:18:39:43 +0000] "GET /api/colleges?authority=STATE&state=UNKNOWN HTTP/1.1" 200 - "-" "axios/1.13.4"
{"level":"INFO","timestamp":"2026-04-26T18:39:43.999Z","service":"cei-backend","env":"development","message":"HTTP Request","requestId":"2be7a6da-600b-4166-ab44-44feba5c37c0","method":"GET","route":"/api/colleges?authority=STATE&state=UNKNOWN","status":200,"durationMs":113,"ip":"::1","userAgent":"axios/1.13.4","apiKey":"anon"}
::1 - - [26/Apr/2026:18:39:44 +0000] "GET /api/colleges?authority=STATE&state=UNKNOWN HTTP/1.1" 200 - "-" "axios/1.13.4"
{"level":"INFO","timestamp":"2026-04-26T18:39:44.168Z","service":"cei-backend","env":"development","message":"HTTP Request","requestId":"18921458-7eb2-4aac-bc18-13e3a2e24c15","method":"GET","route":"/api/colleges?authority=STATE&state=UNKNOWN","status":200,"durationMs":111,"ip":"::1","userAgent":"axios/1.13.4","apiKey":"anon"}
::1 - - [26/Apr/2026:18:39:44 +0000] "GET /api/colleges?authority=STATE&state=UNKNOWN HTTP/1.1" 200 - "-" "axios/1.13.4"
{"level":"INFO","timestamp":"2026-04-26T18:39:44.350Z","service":"cei-backend","env":"development","message":"HTTP Request","requestId":"b83c58ec-aca5-4c0a-a557-1d3da4e8b87b","method":"GET","route":"/api/colleges?authority=STATE&state=UNKNOWN","status":200,"durationMs":123,"ip":"::1","userAgent":"axios/1.13.4","apiKey":"anon"}
::1 - - [26/Apr/2026:18:39:44 +0000] "GET /api/colleges?authority=STATE&state=UNKNOWN HTTP/1.1" 200 - "-" "axios/1.13.4"
{"level":"INFO","timestamp":"2026-04-26T18:39:44.513Z","service":"cei-backend","env":"development","message":"HTTP Request","requestId":"d2feecf3-ba0c-4a3f-8de5-5be4275c538e","method":"GET","route":"/api/colleges?authority=STATE&state=UNKNOWN","status":200,"durationMs":113,"ip":"::1","userAgent":"axios/1.13.4","apiKey":"anon"}
::1 - - [26/Apr/2026:18:39:44 +0000] "GET /api/colleges?authority=STATE&state=UNKNOWN HTTP/1.1" 200 - "-" "axios/1.13.4"
{"level":"INFO","timestamp":"2026-04-26T18:39:44.683Z","service":"cei-backend","env":"development","message":"HTTP Request","requestId":"f2f7e051-1e96-4ec3-b282-41a9b9a11aa7","method":"GET","route":"/api/colleges?authority=STATE&state=UNKNOWN","status":200,"durationMs":112,"ip":"::1","userAgent":"axios/1.13.4","apiKey":"anon"}
::1 - - [26/Apr/2026:18:39:44 +0000] "GET /api/colleges?authority=STATE&state=UNKNOWN HTTP/1.1" 200 - "-" "axios/1.13.4"
{"level":"INFO","timestamp":"2026-04-26T18:39:44.854Z","service":"cei-backend","env":"development","message":"HTTP Request","requestId":"cd6f9549-efbe-4d9c-92b0-0a19dd67d278","method":"GET","route":"/api/colleges?authority=STATE&state=UNKNOWN","status":200,"durationMs":112,"ip":"::1","userAgent":"axios/1.13.4","apiKey":"anon"}
::1 - - [26/Apr/2026:18:39:45 +0000] "GET /api/colleges?authority=STATE&state=Maharashtra HTTP/1.1" 200 - "-" "axios/1.13.4"
{"level":"INFO","timestamp":"2026-04-26T18:39:45.025Z","service":"cei-backend","env":"development","message":"HTTP Request","requestId":"3b7cbeca-12c7-41c5-84ac-a04da5aea38b","method":"GET","route":"/api/colleges?authority=STATE&state=Maharashtra","status":200,"durationMs":111,"ip":"::1","userAgent":"axios/1.13.4","apiKey":"anon"}
::1 - - [26/Apr/2026:18:39:45 +0000] "GET /api/colleges?authority=STATE&state=Uttar%20Pradesh HTTP/1.1" 200 - "-" "axios/1.13.4"
{"level":"INFO","timestamp":"2026-04-26T18:39:45.472Z","service":"cei-backend","env":"development","message":"HTTP Request","requestId":"43532f58-6d18-4cb7-9c54-d76a4b24f435","method":"GET","route":"/api/colleges?authority=STATE&state=Uttar%20Pradesh","status":200,"durationMs":386,"ip":"::1","userAgent":"axios/1.13.4","apiKey":"anon"}
::1 - - [26/Apr/2026:18:39:45 +0000] "GET /api/colleges?authority=STATE&state=UNKNOWN HTTP/1.1" 200 - "-" "axios/1.13.4"
{"level":"INFO","timestamp":"2026-04-26T18:39:45.637Z","service":"cei-backend","env":"development","message":"HTTP Request","requestId":"b3ef17ea-edae-4978-b65b-768e6e921db0","method":"GET","route":"/api/colleges?authority=STATE&state=UNKNOWN","status":200,"durationMs":113,"ip":"::1","userAgent":"axios/1.13.4","apiKey":"anon"}
::1 - - [26/Apr/2026:18:39:45 +0000] "GET /api/colleges?authority=STATE&state=UNKNOWN HTTP/1.1" 200 - "-" "axios/1.13.4"
{"level":"INFO","timestamp":"2026-04-26T18:39:45.808Z","service":"cei-backend","env":"development","message":"HTTP Request","requestId":"d62fbf83-f383-44d2-91cb-6fec4e61eed9","method":"GET","route":"/api/colleges?authority=STATE&state=UNKNOWN","status":200,"durationMs":112,"ip":"::1","userAgent":"axios/1.13.4","apiKey":"anon"}
::1 - - [26/Apr/2026:18:39:45 +0000] "GET /api/colleges?authority=STATE&state=UNKNOWN HTTP/1.1" 200 - "-" "axios/1.13.4"
{"level":"INFO","timestamp":"2026-04-26T18:39:45.984Z","service":"cei-backend","env":"development","message":"HTTP Request","requestId":"f96ed876-8ccc-4fef-b7bd-a86f05c85cd3","method":"GET","route":"/api/colleges?authority=STATE&state=UNKNOWN","status":200,"durationMs":117,"ip":"::1","userAgent":"axios/1.13.4","apiKey":"anon"}
::1 - - [26/Apr/2026:18:39:46 +0000] "GET /api/colleges?authority=STATE&state=Maharashtra HTTP/1.1" 200 - "-" "axios/1.13.4"
{"level":"INFO","timestamp":"2026-04-26T18:39:46.151Z","service":"cei-backend","env":"development","message":"HTTP Request","requestId":"4e01360e-a2cd-4df8-a393-2b32c9e562b4","method":"GET","route":"/api/colleges?authority=STATE&state=Maharashtra","status":200,"durationMs":114,"ip":"::1","userAgent":"axios/1.13.4","apiKey":"anon"}
::1 - - [26/Apr/2026:18:39:46 +0000] "GET /api/colleges?authority=STATE&state=UNKNOWN HTTP/1.1" 200 - "-" "axios/1.13.4"
{"level":"INFO","timestamp":"2026-04-26T18:39:46.325Z","service":"cei-backend","env":"development","message":"HTTP Request","requestId":"1090a934-e12a-4f84-8781-f5ab9a2263ce","method":"GET","route":"/api/colleges?authority=STATE&state=UNKNOWN","status":200,"durationMs":114,"ip":"::1","userAgent":"axios/1.13.4","apiKey":"anon"}
::1 - - [26/Apr/2026:18:39:46 +0000] "GET /api/colleges?authority=STATE&state=Uttar%20Pradesh HTTP/1.1" 200 - "-" "axios/1.13.4"
{"level":"INFO","timestamp":"2026-04-26T18:39:46.496Z","service":"cei-backend","env":"development","message":"HTTP Request","requestId":"eb144186-dc4a-40d6-83a3-2b160e169572","method":"GET","route":"/api/colleges?authority=STATE&state=Uttar%20Pradesh","status":200,"durationMs":114,"ip":"::1","userAgent":"axios/1.13.4","apiKey":"anon"}
::1 - - [26/Apr/2026:18:39:46 +0000] "GET /api/colleges?authority=STATE&state=UNKNOWN HTTP/1.1" 200 - "-" "axios/1.13.4"
{"level":"INFO","timestamp":"2026-04-26T18:39:46.665Z","service":"cei-backend","env":"development","message":"HTTP Request","requestId":"d1249277-d6d3-445e-9bc7-b27293a8f31b","method":"GET","route":"/api/colleges?authority=STATE&state=UNKNOWN","status":200,"durationMs":110,"ip":"::1","userAgent":"axios/1.13.4","apiKey":"anon"}
::1 - - [26/Apr/2026:18:39:46 +0000] "GET /api/colleges?authority=STATE&state=Maharashtra HTTP/1.1" 200 - "-" "axios/1.13.4"
{"level":"INFO","timestamp":"2026-04-26T18:39:46.840Z","service":"cei-backend","env":"development","message":"HTTP Request","requestId":"0f82e4ea-05dd-4be6-9ceb-6be4b7b93362","method":"GET","route":"/api/colleges?authority=STATE&state=Maharashtra","status":200,"durationMs":113,"ip":"::1","userAgent":"axios/1.13.4","apiKey":"anon"}
::1 - - [26/Apr/2026:18:39:47 +0000] "GET /api/colleges?authority=STATE&state=UNKNOWN HTTP/1.1" 200 - "-" "axios/1.13.4"
{"level":"INFO","timestamp":"2026-04-26T18:39:47.012Z","service":"cei-backend","env":"development","message":"HTTP Request","requestId":"c74ffb36-8ffa-4eb8-a9da-beff88776c30","method":"GET","route":"/api/colleges?authority=STATE&state=UNKNOWN","status":200,"durationMs":113,"ip":"::1","userAgent":"axios/1.13.4","apiKey":"anon"}
::1 - - [26/Apr/2026:18:39:47 +0000] "GET /api/colleges?authority=STATE&state=UNKNOWN HTTP/1.1" 200 - "-" "axios/1.13.4"
{"level":"INFO","timestamp":"2026-04-26T18:39:47.183Z","service":"cei-backend","env":"development","message":"HTTP Request","requestId":"c0b915e3-06e0-4f5d-9cdd-f8287c7f4adf","method":"GET","route":"/api/colleges?authority=STATE&state=UNKNOWN","status":200,"durationMs":111,"ip":"::1","userAgent":"axios/1.13.4","apiKey":"anon"}
::1 - - [26/Apr/2026:18:39:47 +0000] "GET /api/colleges?authority=STATE&state=UNKNOWN HTTP/1.1" 200 - "-" "axios/1.13.4"
{"level":"INFO","timestamp":"2026-04-26T18:39:47.365Z","service":"cei-backend","env":"development","message":"HTTP Request","requestId":"0ed3fd6b-2d6d-4bf7-9d76-433940a30a62","method":"GET","route":"/api/colleges?authority=STATE&state=UNKNOWN","status":200,"durationMs":122,"ip":"::1","userAgent":"axios/1.13.4","apiKey":"anon"}
::1 - - [26/Apr/2026:18:39:47 +0000] "GET /api/colleges?authority=STATE&state=Karnataka HTTP/1.1" 200 - "-" "axios/1.13.4"
{"level":"INFO","timestamp":"2026-04-26T18:39:47.514Z","service":"cei-backend","env":"development","message":"HTTP Request","requestId":"665ad0e5-52b9-4b6a-8665-0ce907239e06","method":"GET","route":"/api/colleges?authority=STATE&state=Karnataka","status":200,"durationMs":100,"ip":"::1","userAgent":"axios/1.13.4","apiKey":"anon"}
::1 - - [26/Apr/2026:18:39:47 +0000] "GET /api/colleges?authority=STATE&state=Andhra%20Pradesh HTTP/1.1" 200 - "-" "axios/1.13.4"
{"level":"INFO","timestamp":"2026-04-26T18:39:47.682Z","service":"cei-backend","env":"development","message":"HTTP Request","requestId":"f3d8960d-3b9b-4a58-850d-8d8ed5f59be3","method":"GET","route":"/api/colleges?authority=STATE&state=Andhra%20Pradesh","status":200,"durationMs":112,"ip":"::1","userAgent":"axios/1.13.4","apiKey":"anon"}
::1 - - [26/Apr/2026:18:39:47 +0000] "GET /api/colleges?authority=STATE&state=Uttar%20Pradesh HTTP/1.1" 200 - "-" "axios/1.13.4"
{"level":"INFO","timestamp":"2026-04-26T18:39:47.850Z","service":"cei-backend","env":"development","message":"HTTP Request","requestId":"b0e166c1-e44e-4d15-99f0-cdd269c82aab","method":"GET","route":"/api/colleges?authority=STATE&state=Uttar%20Pradesh","status":200,"durationMs":108,"ip":"::1","userAgent":"axios/1.13.4","apiKey":"anon"}
::1 - - [26/Apr/2026:18:39:48 +0000] "GET /api/colleges?authority=STATE&state=UNKNOWN HTTP/1.1" 200 - "-" "axios/1.13.4"
{"level":"INFO","timestamp":"2026-04-26T18:39:48.025Z","service":"cei-backend","env":"development","message":"HTTP Request","requestId":"6c172ba7-68e6-468f-aea4-be459b5da057","method":"GET","route":"/api/colleges?authority=STATE&state=UNKNOWN","status":200,"durationMs":113,"ip":"::1","userAgent":"axios/1.13.4","apiKey":"anon"}
::1 - - [26/Apr/2026:18:39:48 +0000] "GET /api/colleges?authority=STATE&state=UNKNOWN HTTP/1.1" 200 - "-" "axios/1.13.4"
{"level":"INFO","timestamp":"2026-04-26T18:39:48.198Z","service":"cei-backend","env":"development","message":"HTTP Request","requestId":"74d47a07-c972-4a44-a8b5-a54c7e551916","method":"GET","route":"/api/colleges?authority=STATE&state=UNKNOWN","status":200,"durationMs":113,"ip":"::1","userAgent":"axios/1.13.4","apiKey":"anon"}
::1 - - [26/Apr/2026:18:39:48 +0000] "GET /api/colleges?authority=STATE&state=UNKNOWN HTTP/1.1" 200 - "-" "axios/1.13.4"
{"level":"INFO","timestamp":"2026-04-26T18:39:48.367Z","service":"cei-backend","env":"development","message":"HTTP Request","requestId":"254071dd-b7b9-4590-a0cd-7e943877b306","method":"GET","route":"/api/colleges?authority=STATE&state=UNKNOWN","status":200,"durationMs":112,"ip":"::1","userAgent":"axios/1.13.4","apiKey":"anon"}
::1 - - [26/Apr/2026:18:39:48 +0000] "GET /api/colleges?authority=STATE&state=UNKNOWN HTTP/1.1" 200 - "-" "axios/1.13.4"
{"level":"INFO","timestamp":"2026-04-26T18:39:48.541Z","service":"cei-backend","env":"development","message":"HTTP Request","requestId":"4257bdcc-67f6-497b-8223-a3a7225a38a8","method":"GET","route":"/api/colleges?authority=STATE&state=UNKNOWN","status":200,"durationMs":114,"ip":"::1","userAgent":"axios/1.13.4","apiKey":"anon"}
::1 - - [26/Apr/2026:18:39:48 +0000] "GET /api/colleges?authority=STATE&state=UNKNOWN HTTP/1.1" 200 - "-" "axios/1.13.4"
{"level":"INFO","timestamp":"2026-04-26T18:39:48.713Z","service":"cei-backend","env":"development","message":"HTTP Request","requestId":"b2afe123-14d7-4a24-a513-a156ca07afe9","method":"GET","route":"/api/colleges?authority=STATE&state=UNKNOWN","status":200,"durationMs":113,"ip":"::1","userAgent":"axios/1.13.4","apiKey":"anon"}
::1 - - [26/Apr/2026:18:39:48 +0000] "GET /api/colleges?authority=STATE&state=UNKNOWN HTTP/1.1" 200 - "-" "axios/1.13.4"
{"level":"INFO","timestamp":"2026-04-26T18:39:48.884Z","service":"cei-backend","env":"development","message":"HTTP Request","requestId":"49cc882e-f856-48b2-83ce-1cef0d9cf868","method":"GET","route":"/api/colleges?authority=STATE&state=UNKNOWN","status":200,"durationMs":112,"ip":"::1","userAgent":"axios/1.13.4","apiKey":"anon"}
::1 - - [26/Apr/2026:18:39:49 +0000] "GET /api/colleges?authority=STATE&state=UNKNOWN HTTP/1.1" 200 - "-" "axios/1.13.4"
{"level":"INFO","timestamp":"2026-04-26T18:39:49.053Z","service":"cei-backend","env":"development","message":"HTTP Request","requestId":"c5cf07da-1cbc-4dd3-9f61-1e7234906a25","method":"GET","route":"/api/colleges?authority=STATE&state=UNKNOWN","status":200,"durationMs":110,"ip":"::1","userAgent":"axios/1.13.4","apiKey":"anon"}
::1 - - [26/Apr/2026:18:39:49 +0000] "GET /api/colleges?authority=STATE&state=UNKNOWN HTTP/1.1" 200 - "-" "axios/1.13.4"
{"level":"INFO","timestamp":"2026-04-26T18:39:49.228Z","service":"cei-backend","env":"development","message":"HTTP Request","requestId":"8a6638ae-f169-4757-8079-05d4519269f9","method":"GET","route":"/api/colleges?authority=STATE&state=UNKNOWN","status":200,"durationMs":113,"ip":"::1","userAgent":"axios/1.13.4","apiKey":"anon"}
::1 - - [26/Apr/2026:18:39:49 +0000] "GET /api/colleges?authority=STATE&state=UNKNOWN HTTP/1.1" 200 - "-" "axios/1.13.4"
{"level":"INFO","timestamp":"2026-04-26T18:39:49.403Z","service":"cei-backend","env":"development","message":"HTTP Request","requestId":"4dee6304-33b3-4e12-bdf2-0641aa49cd9f","method":"GET","route":"/api/colleges?authority=STATE&state=UNKNOWN","status":200,"durationMs":114,"ip":"::1","userAgent":"axios/1.13.4","apiKey":"anon"}
::1 - - [26/Apr/2026:18:39:49 +0000] "GET /api/colleges?authority=STATE&state=Maharashtra HTTP/1.1" 200 - "-" "axios/1.13.4"
{"level":"INFO","timestamp":"2026-04-26T18:39:49.528Z","service":"cei-backend","env":"development","message":"HTTP Request","requestId":"a1896efd-a524-4c13-9a94-878ebceb0509","method":"GET","route":"/api/colleges?authority=STATE&state=Maharashtra","status":200,"durationMs":70,"ip":"::1","userAgent":"axios/1.13.4","apiKey":"anon"}
::1 - - [26/Apr/2026:18:39:49 +0000] "GET /api/colleges?authority=STATE&state=Telangana HTTP/1.1" 200 - "-" "axios/1.13.4"
{"level":"INFO","timestamp":"2026-04-26T18:39:49.948Z","service":"cei-backend","env":"development","message":"HTTP Request","requestId":"04f80393-8528-4f97-b912-7aaa6d36944d","method":"GET","route":"/api/colleges?authority=STATE&state=Telangana","status":200,"durationMs":366,"ip":"::1","userAgent":"axios/1.13.4","apiKey":"anon"}
::1 - - [26/Apr/2026:18:39:50 +0000] "GET /api/colleges?authority=STATE&state=UNKNOWN HTTP/1.1" 200 - "-" "axios/1.13.4"
{"level":"INFO","timestamp":"2026-04-26T18:39:50.135Z","service":"cei-backend","env":"development","message":"HTTP Request","requestId":"662178a7-4128-4f06-ac22-e6af71fd08f7","method":"GET","route":"/api/colleges?authority=STATE&state=UNKNOWN","status":200,"durationMs":124,"ip":"::1","userAgent":"axios/1.13.4","apiKey":"anon"}
::1 - - [26/Apr/2026:18:39:50 +0000] "GET /api/colleges?authority=STATE&state=UNKNOWN HTTP/1.1" 200 - "-" "axios/1.13.4"
{"level":"INFO","timestamp":"2026-04-26T18:39:50.300Z","service":"cei-backend","env":"development","message":"HTTP Request","requestId":"1c4eba52-d66b-426d-a241-228bb3f57d8f","method":"GET","route":"/api/colleges?authority=STATE&state=UNKNOWN","status":200,"durationMs":111,"ip":"::1","userAgent":"axios/1.13.4","apiKey":"anon"}
::1 - - [26/Apr/2026:18:39:50 +0000] "GET /api/colleges?authority=STATE&state=Uttar%20Pradesh HTTP/1.1" 200 - "-" "axios/1.13.4"
{"level":"INFO","timestamp":"2026-04-26T18:39:50.485Z","service":"cei-backend","env":"development","message":"HTTP Request","requestId":"77470649-4c92-423c-ae14-04d71f1c7e52","method":"GET","route":"/api/colleges?authority=STATE&state=Uttar%20Pradesh","status":200,"durationMs":124,"ip":"::1","userAgent":"axios/1.13.4","apiKey":"anon"}
::1 - - [26/Apr/2026:18:39:50 +0000] "GET /api/colleges?authority=STATE&state=UNKNOWN HTTP/1.1" 200 - "-" "axios/1.13.4"
{"level":"INFO","timestamp":"2026-04-26T18:39:50.662Z","service":"cei-backend","env":"development","message":"HTTP Request","requestId":"62922a1b-c9cd-431c-b8c3-494bfaddc876","method":"GET","route":"/api/colleges?authority=STATE&state=UNKNOWN","status":200,"durationMs":127,"ip":"::1","userAgent":"axios/1.13.4","apiKey":"anon"}
::1 - - [26/Apr/2026:18:39:51 +0000] "GET /api/colleges?authority=STATE&state=Odisha HTTP/1.1" 200 - "-" "axios/1.13.4"
{"level":"INFO","timestamp":"2026-04-26T18:39:51.090Z","service":"cei-backend","env":"development","message":"HTTP Request","requestId":"bf121edc-dda9-480e-94ba-c10827b76209","method":"GET","route":"/api/colleges?authority=STATE&state=Odisha","status":200,"durationMs":367,"ip":"::1","userAgent":"axios/1.13.4","apiKey":"anon"}
::1 - - [26/Apr/2026:18:39:51 +0000] "GET /api/colleges?authority=STATE&state=National HTTP/1.1" 200 - "-" "axios/1.13.4"
{"level":"INFO","timestamp":"2026-04-26T18:39:51.372Z","service":"cei-backend","env":"development","message":"HTTP Request","requestId":"3e821a60-2018-4fa1-bd4b-d8325c8ed32a","method":"GET","route":"/api/colleges?authority=STATE&state=National","status":200,"durationMs":230,"ip":"::1","userAgent":"axios/1.13.4","apiKey":"anon"}
::1 - - [26/Apr/2026:18:39:51 +0000] "GET /api/colleges?authority=STATE&state=UNKNOWN HTTP/1.1" 200 - "-" "axios/1.13.4"
{"level":"INFO","timestamp":"2026-04-26T18:39:51.536Z","service":"cei-backend","env":"development","message":"HTTP Request","requestId":"6eb99641-49c2-4461-b936-dc37371903a4","method":"GET","route":"/api/colleges?authority=STATE&state=UNKNOWN","status":200,"durationMs":84,"ip":"::1","userAgent":"axios/1.13.4","apiKey":"anon"}
::1 - - [26/Apr/2026:18:39:51 +0000] "GET /api/colleges?authority=STATE&state=UNKNOWN HTTP/1.1" 200 - "-" "axios/1.13.4"
{"level":"INFO","timestamp":"2026-04-26T18:39:51.703Z","service":"cei-backend","env":"development","message":"HTTP Request","requestId":"39c958a5-b40c-4a3d-bcf1-2d3660bfd699","method":"GET","route":"/api/colleges?authority=STATE&state=UNKNOWN","status":200,"durationMs":112,"ip":"::1","userAgent":"axios/1.13.4","apiKey":"anon"}
::1 - - [26/Apr/2026:18:39:51 +0000] "GET /api/colleges?authority=STATE&state=UNKNOWN HTTP/1.1" 200 - "-" "axios/1.13.4"
{"level":"INFO","timestamp":"2026-04-26T18:39:51.874Z","service":"cei-backend","env":"development","message":"HTTP Request","requestId":"1783ee59-f118-420f-9771-4a2dd2e443d9","method":"GET","route":"/api/colleges?authority=STATE&state=UNKNOWN","status":200,"durationMs":113,"ip":"::1","userAgent":"axios/1.13.4","apiKey":"anon"}
::1 - - [26/Apr/2026:18:39:52 +0000] "GET /api/colleges?authority=STATE&state=Kerala HTTP/1.1" 200 - "-" "axios/1.13.4"
{"level":"INFO","timestamp":"2026-04-26T18:39:52.046Z","service":"cei-backend","env":"development","message":"HTTP Request","requestId":"0c8e1909-0a03-4150-8f74-269ff21b3925","method":"GET","route":"/api/colleges?authority=STATE&state=Kerala","status":200,"durationMs":113,"ip":"::1","userAgent":"axios/1.13.4","apiKey":"anon"}
::1 - - [26/Apr/2026:18:39:52 +0000] "GET /api/colleges?authority=STATE&state=UNKNOWN HTTP/1.1" 200 - "-" "axios/1.13.4"
{"level":"INFO","timestamp":"2026-04-26T18:39:52.218Z","service":"cei-backend","env":"development","message":"HTTP Request","requestId":"480f3e0f-b4a1-4992-bc65-2f93dac2c621","method":"GET","route":"/api/colleges?authority=STATE&state=UNKNOWN","status":200,"durationMs":114,"ip":"::1","userAgent":"axios/1.13.4","apiKey":"anon"}
::1 - - [26/Apr/2026:18:39:52 +0000] "GET /api/colleges?authority=STATE&state=UNKNOWN HTTP/1.1" 200 - "-" "axios/1.13.4"
{"level":"INFO","timestamp":"2026-04-26T18:39:52.393Z","service":"cei-backend","env":"development","message":"HTTP Request","requestId":"126ff6ad-61c2-4f73-b345-d061ff5799b6","method":"GET","route":"/api/colleges?authority=STATE&state=UNKNOWN","status":200,"durationMs":116,"ip":"::1","userAgent":"axios/1.13.4","apiKey":"anon"}
::1 - - [26/Apr/2026:18:39:52 +0000] "GET /api/colleges?authority=STATE&state=UNKNOWN HTTP/1.1" 200 - "-" "axios/1.13.4"
{"level":"INFO","timestamp":"2026-04-26T18:39:52.561Z","service":"cei-backend","env":"development","message":"HTTP Request","requestId":"d4007d57-a9bf-47a4-9fcb-55dda2cef631","method":"GET","route":"/api/colleges?authority=STATE&state=UNKNOWN","status":200,"durationMs":111,"ip":"::1","userAgent":"axios/1.13.4","apiKey":"anon"}
::1 - - [26/Apr/2026:18:39:52 +0000] "GET /api/colleges?authority=STATE&state=UNKNOWN HTTP/1.1" 200 - "-" "axios/1.13.4"
{"level":"INFO","timestamp":"2026-04-26T18:39:52.734Z","service":"cei-backend","env":"development","message":"HTTP Request","requestId":"dfe08112-1a43-4ca8-9dde-de8d5a6bcf3e","method":"GET","route":"/api/colleges?authority=STATE&state=UNKNOWN","status":200,"durationMs":114,"ip":"::1","userAgent":"axios/1.13.4","apiKey":"anon"}
::1 - - [26/Apr/2026:18:39:52 +0000] "GET /api/colleges?authority=STATE&state=UNKNOWN HTTP/1.1" 200 - "-" "axios/1.13.4"
{"level":"INFO","timestamp":"2026-04-26T18:39:52.905Z","service":"cei-backend","env":"development","message":"HTTP Request","requestId":"c97ab9c7-ada6-4fca-8f2f-583db1ee714d","method":"GET","route":"/api/colleges?authority=STATE&state=UNKNOWN","status":200,"durationMs":112,"ip":"::1","userAgent":"axios/1.13.4","apiKey":"anon"}
::1 - - [26/Apr/2026:18:39:53 +0000] "GET /api/colleges?authority=STATE&state=UNKNOWN HTTP/1.1" 200 - "-" "axios/1.13.4"
{"level":"INFO","timestamp":"2026-04-26T18:39:53.080Z","service":"cei-backend","env":"development","message":"HTTP Request","requestId":"601983e2-331e-4197-a805-31960f12edbc","method":"GET","route":"/api/colleges?authority=STATE&state=UNKNOWN","status":200,"durationMs":116,"ip":"::1","userAgent":"axios/1.13.4","apiKey":"anon"}
::1 - - [26/Apr/2026:18:39:53 +0000] "GET /api/colleges?authority=STATE&state=UNKNOWN HTTP/1.1" 200 - "-" "axios/1.13.4"
{"level":"INFO","timestamp":"2026-04-26T18:39:53.251Z","service":"cei-backend","env":"development","message":"HTTP Request","requestId":"76c3269c-f8a8-4e60-a053-816f403b2446","method":"GET","route":"/api/colleges?authority=STATE&state=UNKNOWN","status":200,"durationMs":112,"ip":"::1","userAgent":"axios/1.13.4","apiKey":"anon"}
::1 - - [26/Apr/2026:18:39:53 +0000] "GET /api/colleges?authority=STATE&state=UNKNOWN HTTP/1.1" 200 - "-" "axios/1.13.4"
{"level":"INFO","timestamp":"2026-04-26T18:39:53.428Z","service":"cei-backend","env":"development","message":"HTTP Request","requestId":"d2166156-16a7-4247-8d4a-e108529925c7","method":"GET","route":"/api/colleges?authority=STATE&state=UNKNOWN","status":200,"durationMs":114,"ip":"::1","userAgent":"axios/1.13.4","apiKey":"anon"}
::1 - - [26/Apr/2026:18:39:53 +0000] "GET /api/colleges?authority=STATE&state=Maharashtra HTTP/1.1" 200 - "-" "axios/1.13.4"
{"level":"INFO","timestamp":"2026-04-26T18:39:53.539Z","service":"cei-backend","env":"development","message":"HTTP Request","requestId":"3f1a520c-c6ba-4955-b550-a974ecbe5965","method":"GET","route":"/api/colleges?authority=STATE&state=Maharashtra","status":200,"durationMs":51,"ip":"::1","userAgent":"axios/1.13.4","apiKey":"anon"}
::1 - - [26/Apr/2026:18:39:53 +0000] "GET /api/colleges?authority=STATE&state=UNKNOWN HTTP/1.1" 200 - "-" "axios/1.13.4"
{"level":"INFO","timestamp":"2026-04-26T18:39:53.708Z","service":"cei-backend","env":"development","message":"HTTP Request","requestId":"402363a9-4c3a-4dc3-9d35-f3c7835a44fd","method":"GET","route":"/api/colleges?authority=STATE&state=UNKNOWN","status":200,"durationMs":112,"ip":"::1","userAgent":"axios/1.13.4","apiKey":"anon"}
::1 - - [26/Apr/2026:18:39:53 +0000] "GET /api/colleges?authority=STATE&state=UNKNOWN HTTP/1.1" 200 - "-" "axios/1.13.4"
{"level":"INFO","timestamp":"2026-04-26T18:39:53.878Z","service":"cei-backend","env":"development","message":"HTTP Request","requestId":"5fb74794-a500-4cff-877b-6422a70f0494","method":"GET","route":"/api/colleges?authority=STATE&state=UNKNOWN","status":200,"durationMs":111,"ip":"::1","userAgent":"axios/1.13.4","apiKey":"anon"}
::1 - - [26/Apr/2026:18:39:54 +0000] "GET /api/colleges?authority=STATE&state=UNKNOWN HTTP/1.1" 200 - "-" "axios/1.13.4"
{"level":"INFO","timestamp":"2026-04-26T18:39:54.052Z","service":"cei-backend","env":"development","message":"HTTP Request","requestId":"d51cbf9f-4c41-4f6d-819e-47732c18ddc9","method":"GET","route":"/api/colleges?authority=STATE&state=UNKNOWN","status":200,"durationMs":115,"ip":"::1","userAgent":"axios/1.13.4","apiKey":"anon"}
::1 - - [26/Apr/2026:18:39:54 +0000] "GET /api/colleges?authority=STATE&state=Karnataka HTTP/1.1" 200 - "-" "axios/1.13.4"
{"level":"INFO","timestamp":"2026-04-26T18:39:54.224Z","service":"cei-backend","env":"development","message":"HTTP Request","requestId":"7d6d882a-4cfc-42c1-bdc9-2a84362caaca","method":"GET","route":"/api/colleges?authority=STATE&state=Karnataka","status":200,"durationMs":114,"ip":"::1","userAgent":"axios/1.13.4","apiKey":"anon"}
::1 - - [26/Apr/2026:18:39:54 +0000] "GET /api/colleges?authority=STATE&state=UNKNOWN HTTP/1.1" 200 - "-" "axios/1.13.4"
{"level":"INFO","timestamp":"2026-04-26T18:39:54.397Z","service":"cei-backend","env":"development","message":"HTTP Request","requestId":"160747f6-5267-41f5-9074-9057dc605bdc","method":"GET","route":"/api/colleges?authority=STATE&state=UNKNOWN","status":200,"durationMs":114,"ip":"::1","userAgent":"axios/1.13.4","apiKey":"anon"}
::1 - - [26/Apr/2026:18:39:54 +0000] "GET /api/colleges?authority=STATE&state=Madhya%20Pradesh HTTP/1.1" 200 - "-" "axios/1.13.4"
{"level":"INFO","timestamp":"2026-04-26T18:39:54.570Z","service":"cei-backend","env":"development","message":"HTTP Request","requestId":"9103aa89-e133-4bb0-bc96-619b7e869a07","method":"GET","route":"/api/colleges?authority=STATE&state=Madhya%20Pradesh","status":200,"durationMs":116,"ip":"::1","userAgent":"axios/1.13.4","apiKey":"anon"}
::1 - - [26/Apr/2026:18:39:54 +0000] "GET /api/colleges?authority=STATE&state=Telangana HTTP/1.1" 200 - "-" "axios/1.13.4"
{"level":"INFO","timestamp":"2026-04-26T18:39:54.743Z","service":"cei-backend","env":"development","message":"HTTP Request","requestId":"e383ea0d-67da-4013-9060-2032858af655","method":"GET","route":"/api/colleges?authority=STATE&state=Telangana","status":200,"durationMs":116,"ip":"::1","userAgent":"axios/1.13.4","apiKey":"anon"}
::1 - - [26/Apr/2026:18:39:54 +0000] "GET /api/colleges?authority=STATE&state=Haryana HTTP/1.1" 200 - "-" "axios/1.13.4"
{"level":"INFO","timestamp":"2026-04-26T18:39:54.915Z","service":"cei-backend","env":"development","message":"HTTP Request","requestId":"ce6daadd-3ebc-4447-8065-9982e44fc8c5","method":"GET","route":"/api/colleges?authority=STATE&state=Haryana","status":200,"durationMs":113,"ip":"::1","userAgent":"axios/1.13.4","apiKey":"anon"}
::1 - - [26/Apr/2026:18:39:55 +0000] "GET /api/colleges?authority=STATE&state=Maharashtra HTTP/1.1" 200 - "-" "axios/1.13.4"
{"level":"INFO","timestamp":"2026-04-26T18:39:55.084Z","service":"cei-backend","env":"development","message":"HTTP Request","requestId":"752bca1c-92bd-4795-a85c-c1f9087683a5","method":"GET","route":"/api/colleges?authority=STATE&state=Maharashtra","status":200,"durationMs":110,"ip":"::1","userAgent":"axios/1.13.4","apiKey":"anon"}
::1 - - [26/Apr/2026:18:39:55 +0000] "GET /api/colleges?authority=STATE&state=UNKNOWN HTTP/1.1" 200 - "-" "axios/1.13.4"
{"level":"INFO","timestamp":"2026-04-26T18:39:55.261Z","service":"cei-backend","env":"development","message":"HTTP Request","requestId":"2d848849-fe12-4fe0-81b7-9e0e597e6b48","method":"GET","route":"/api/colleges?authority=STATE&state=UNKNOWN","status":200,"durationMs":115,"ip":"::1","userAgent":"axios/1.13.4","apiKey":"anon"}
::1 - - [26/Apr/2026:18:39:55 +0000] "GET /api/colleges?authority=STATE&state=UNKNOWN HTTP/1.1" 200 - "-" "axios/1.13.4"
{"level":"INFO","timestamp":"2026-04-26T18:39:55.430Z","service":"cei-backend","env":"development","message":"HTTP Request","requestId":"085fb07f-ee63-4380-b588-4fbd5d222123","method":"GET","route":"/api/colleges?authority=STATE&state=UNKNOWN","status":200,"durationMs":111,"ip":"::1","userAgent":"axios/1.13.4","apiKey":"anon"}
::1 - - [26/Apr/2026:18:39:55 +0000] "GET /api/colleges?authority=STATE&state=UNKNOWN HTTP/1.1" 200 - "-" "axios/1.13.4"
{"level":"INFO","timestamp":"2026-04-26T18:39:55.544Z","service":"cei-backend","env":"development","message":"HTTP Request","requestId":"dea4a0e9-3eb7-4546-ade8-a114fe127ac3","method":"GET","route":"/api/colleges?authority=STATE&state=UNKNOWN","status":200,"durationMs":52,"ip":"::1","userAgent":"axios/1.13.4","apiKey":"anon"}
::1 - - [26/Apr/2026:18:39:55 +0000] "GET /api/colleges?authority=STATE&state=UNKNOWN HTTP/1.1" 200 - "-" "axios/1.13.4"
{"level":"INFO","timestamp":"2026-04-26T18:39:55.714Z","service":"cei-backend","env":"development","message":"HTTP Request","requestId":"dfbf9acd-8860-4a1e-ac91-a9cf2d78b962","method":"GET","route":"/api/colleges?authority=STATE&state=UNKNOWN","status":200,"durationMs":114,"ip":"::1","userAgent":"axios/1.13.4","apiKey":"anon"}
::1 - - [26/Apr/2026:18:39:55 +0000] "GET /api/colleges?authority=STATE&state=Uttar%20Pradesh HTTP/1.1" 200 - "-" "axios/1.13.4"
{"level":"INFO","timestamp":"2026-04-26T18:39:55.887Z","service":"cei-backend","env":"development","message":"HTTP Request","requestId":"1e870f48-19d7-45a3-be8d-c1e9e1f05a29","method":"GET","route":"/api/colleges?authority=STATE&state=Uttar%20Pradesh","status":200,"durationMs":112,"ip":"::1","userAgent":"axios/1.13.4","apiKey":"anon"}
::1 - - [26/Apr/2026:18:39:56 +0000] "GET /api/colleges?authority=STATE&state=UNKNOWN HTTP/1.1" 200 - "-" "axios/1.13.4"
{"level":"INFO","timestamp":"2026-04-26T18:39:56.069Z","service":"cei-backend","env":"development","message":"HTTP Request","requestId":"e468de8d-fb4b-4a16-a926-6896b3054579","method":"GET","route":"/api/colleges?authority=STATE&state=UNKNOWN","status":200,"durationMs":124,"ip":"::1","userAgent":"axios/1.13.4","apiKey":"anon"}
::1 - - [26/Apr/2026:18:39:56 +0000] "GET /api/colleges?authority=STATE&state=UNKNOWN HTTP/1.1" 200 - "-" "axios/1.13.4"
{"level":"INFO","timestamp":"2026-04-26T18:39:56.228Z","service":"cei-backend","env":"development","message":"HTTP Request","requestId":"2b9b126b-7041-4a1a-9a34-3073dd8a2f54","method":"GET","route":"/api/colleges?authority=STATE&state=UNKNOWN","status":200,"durationMs":110,"ip":"::1","userAgent":"axios/1.13.4","apiKey":"anon"}
::1 - - [26/Apr/2026:18:39:56 +0000] "GET /api/colleges?authority=STATE&state=Maharashtra HTTP/1.1" 200 - "-" "axios/1.13.4"
{"level":"INFO","timestamp":"2026-04-26T18:39:56.405Z","service":"cei-backend","env":"development","message":"HTTP Request","requestId":"d8dc1264-9fed-4154-96cb-ed75e9df443e","method":"GET","route":"/api/colleges?authority=STATE&state=Maharashtra","status":200,"durationMs":115,"ip":"::1","userAgent":"axios/1.13.4","apiKey":"anon"}
::1 - - [26/Apr/2026:18:39:56 +0000] "GET /api/colleges?authority=STATE&state=UNKNOWN HTTP/1.1" 200 - "-" "axios/1.13.4"
{"level":"INFO","timestamp":"2026-04-26T18:39:56.578Z","service":"cei-backend","env":"development","message":"HTTP Request","requestId":"098326ed-0ef5-436e-9f23-2044ef488b28","method":"GET","route":"/api/colleges?authority=STATE&state=UNKNOWN","status":200,"durationMs":114,"ip":"::1","userAgent":"axios/1.13.4","apiKey":"anon"}
::1 - - [26/Apr/2026:18:39:56 +0000] "GET /api/colleges?authority=STATE&state=UNKNOWN HTTP/1.1" 200 - "-" "axios/1.13.4"
{"level":"INFO","timestamp":"2026-04-26T18:39:56.751Z","service":"cei-backend","env":"development","message":"HTTP Request","requestId":"5abfbb2b-afc9-48b7-bf2c-200501974aa3","method":"GET","route":"/api/colleges?authority=STATE&state=UNKNOWN","status":200,"durationMs":115,"ip":"::1","userAgent":"axios/1.13.4","apiKey":"anon"}
::1 - - [26/Apr/2026:18:39:56 +0000] "GET /api/colleges?authority=STATE&state=UNKNOWN HTTP/1.1" 200 - "-" "axios/1.13.4"
{"level":"INFO","timestamp":"2026-04-26T18:39:56.922Z","service":"cei-backend","env":"development","message":"HTTP Request","requestId":"d165b558-9b46-473f-a463-344db2693c46","method":"GET","route":"/api/colleges?authority=STATE&state=UNKNOWN","status":200,"durationMs":113,"ip":"::1","userAgent":"axios/1.13.4","apiKey":"anon"}
::1 - - [26/Apr/2026:18:39:57 +0000] "GET /api/colleges?authority=STATE&state=UNKNOWN HTTP/1.1" 200 - "-" "axios/1.13.4"
{"level":"INFO","timestamp":"2026-04-26T18:39:57.096Z","service":"cei-backend","env":"development","message":"HTTP Request","requestId":"80c8a290-31cc-4a03-b5ce-c77008febce3","method":"GET","route":"/api/colleges?authority=STATE&state=UNKNOWN","status":200,"durationMs":115,"ip":"::1","userAgent":"axios/1.13.4","apiKey":"anon"}
::1 - - [26/Apr/2026:18:39:57 +0000] "GET /api/colleges?authority=STATE&state=UNKNOWN HTTP/1.1" 200 - "-" "axios/1.13.4"
{"level":"INFO","timestamp":"2026-04-26T18:39:57.278Z","service":"cei-backend","env":"development","message":"HTTP Request","requestId":"e1f5e75d-4f3c-42c9-a258-cfa53b710ad4","method":"GET","route":"/api/colleges?authority=STATE&state=UNKNOWN","status":200,"durationMs":122,"ip":"::1","userAgent":"axios/1.13.4","apiKey":"anon"}
::1 - - [26/Apr/2026:18:39:57 +0000] "GET /api/colleges?authority=STATE&state=Madhya%20Pradesh HTTP/1.1" 200 - "-" "axios/1.13.4"
{"level":"INFO","timestamp":"2026-04-26T18:39:57.439Z","service":"cei-backend","env":"development","message":"HTTP Request","requestId":"68945134-0c38-45ad-9622-428e93497487","method":"GET","route":"/api/colleges?authority=STATE&state=Madhya%20Pradesh","status":200,"durationMs":110,"ip":"::1","userAgent":"axios/1.13.4","apiKey":"anon"}
::1 - - [26/Apr/2026:18:39:57 +0000] "GET /api/colleges?authority=STATE&state=Delhi HTTP/1.1" 200 - "-" "axios/1.13.4"
{"level":"INFO","timestamp":"2026-04-26T18:39:57.803Z","service":"cei-backend","env":"development","message":"HTTP Request","requestId":"d3f8d5fb-14c9-4158-a87a-ac9442e75bd3","method":"GET","route":"/api/colleges?authority=STATE&state=Delhi","status":200,"durationMs":304,"ip":"::1","userAgent":"axios/1.13.4","apiKey":"anon"}
::1 - - [26/Apr/2026:18:39:57 +0000] "GET /api/colleges?authority=STATE&state=Uttar%20Pradesh HTTP/1.1" 200 - "-" "axios/1.13.4"
{"level":"INFO","timestamp":"2026-04-26T18:39:57.983Z","service":"cei-backend","env":"development","message":"HTTP Request","requestId":"2e70b4be-0bc0-4768-bce4-cc4ee2cd5221","method":"GET","route":"/api/colleges?authority=STATE&state=Uttar%20Pradesh","status":200,"durationMs":121,"ip":"::1","userAgent":"axios/1.13.4","apiKey":"anon"}
::1 - - [26/Apr/2026:18:39:58 +0000] "GET /api/colleges?authority=STATE&state=Uttar%20Pradesh HTTP/1.1" 200 - "-" "axios/1.13.4"
{"level":"INFO","timestamp":"2026-04-26T18:39:58.146Z","service":"cei-backend","env":"development","message":"HTTP Request","requestId":"3b360c58-bca0-4f2a-9757-c58ad6e5296f","method":"GET","route":"/api/colleges?authority=STATE&state=Uttar%20Pradesh","status":200,"durationMs":113,"ip":"::1","userAgent":"axios/1.13.4","apiKey":"anon"}
::1 - - [26/Apr/2026:18:39:58 +0000] "GET /api/colleges?authority=STATE&state=UNKNOWN HTTP/1.1" 200 - "-" "axios/1.13.4"
{"level":"INFO","timestamp":"2026-04-26T18:39:58.318Z","service":"cei-backend","env":"development","message":"HTTP Request","requestId":"ca6961de-17a6-40a4-9254-684549692652","method":"GET","route":"/api/colleges?authority=STATE&state=UNKNOWN","status":200,"durationMs":113,"ip":"::1","userAgent":"axios/1.13.4","apiKey":"anon"}
::1 - - [26/Apr/2026:18:39:58 +0000] "GET /api/colleges?authority=STATE&state=UNKNOWN HTTP/1.1" 200 - "-" "axios/1.13.4"
{"level":"INFO","timestamp":"2026-04-26T18:39:58.490Z","service":"cei-backend","env":"development","message":"HTTP Request","requestId":"27a96f89-abbb-4bf6-959b-9b478388ddb8","method":"GET","route":"/api/colleges?authority=STATE&state=UNKNOWN","status":200,"durationMs":112,"ip":"::1","userAgent":"axios/1.13.4","apiKey":"anon"}
::1 - - [26/Apr/2026:18:39:58 +0000] "GET /api/colleges?authority=STATE&state=UNKNOWN HTTP/1.1" 200 - "-" "axios/1.13.4"
{"level":"INFO","timestamp":"2026-04-26T18:39:58.659Z","service":"cei-backend","env":"development","message":"HTTP Request","requestId":"1b72b54b-d59b-4d8f-a606-945f368aa5a6","method":"GET","route":"/api/colleges?authority=STATE&state=UNKNOWN","status":200,"durationMs":110,"ip":"::1","userAgent":"axios/1.13.4","apiKey":"anon"}
::1 - - [26/Apr/2026:18:39:58 +0000] "GET /api/colleges?authority=STATE&state=UNKNOWN HTTP/1.1" 200 - "-" "axios/1.13.4"
{"level":"INFO","timestamp":"2026-04-26T18:39:58.836Z","service":"cei-backend","env":"development","message":"HTTP Request","requestId":"603134bc-3c9c-4ea9-abaa-c2508f5a0838","method":"GET","route":"/api/colleges?authority=STATE&state=UNKNOWN","status":200,"durationMs":114,"ip":"::1","userAgent":"axios/1.13.4","apiKey":"anon"}
::1 - - [26/Apr/2026:18:39:59 +0000] "GET /api/colleges?authority=STATE&state=Kerala HTTP/1.1" 200 - "-" "axios/1.13.4"
{"level":"INFO","timestamp":"2026-04-26T18:39:59.008Z","service":"cei-backend","env":"development","message":"HTTP Request","requestId":"c215314e-df81-4f41-8966-b3331df9f842","method":"GET","route":"/api/colleges?authority=STATE&state=Kerala","status":200,"durationMs":113,"ip":"::1","userAgent":"axios/1.13.4","apiKey":"anon"}
::1 - - [26/Apr/2026:18:39:59 +0000] "GET /api/colleges?authority=STATE&state=UNKNOWN HTTP/1.1" 200 - "-" "axios/1.13.4"
{"level":"INFO","timestamp":"2026-04-26T18:39:59.181Z","service":"cei-backend","env":"development","message":"HTTP Request","requestId":"3cc624f0-dd8a-4e3e-89ab-c61985421c56","method":"GET","route":"/api/colleges?authority=STATE&state=UNKNOWN","status":200,"durationMs":113,"ip":"::1","userAgent":"axios/1.13.4","apiKey":"anon"}
::1 - - [26/Apr/2026:18:39:59 +0000] "GET /api/colleges?authority=STATE&state=UNKNOWN HTTP/1.1" 200 - "-" "axios/1.13.4"
{"level":"INFO","timestamp":"2026-04-26T18:39:59.352Z","service":"cei-backend","env":"development","message":"HTTP Request","requestId":"18182edf-780b-4ecd-8104-df0f6aeead27","method":"GET","route":"/api/colleges?authority=STATE&state=UNKNOWN","status":200,"durationMs":112,"ip":"::1","userAgent":"axios/1.13.4","apiKey":"anon"}
::1 - - [26/Apr/2026:18:39:59 +0000] "GET /api/colleges?authority=STATE&state=Tamil%20Nadu HTTP/1.1" 200 - "-" "axios/1.13.4"
{"level":"INFO","timestamp":"2026-04-26T18:39:59.523Z","service":"cei-backend","env":"development","message":"HTTP Request","requestId":"65cdbf25-82ff-4a5b-aeeb-65b498d5d68f","method":"GET","route":"/api/colleges?authority=STATE&state=Tamil%20Nadu","status":200,"durationMs":112,"ip":"::1","userAgent":"axios/1.13.4","apiKey":"anon"}
::1 - - [26/Apr/2026:18:39:59 +0000] "GET /api/colleges?authority=STATE&state=Chhattisgarh HTTP/1.1" 200 - "-" "axios/1.13.4"
{"level":"INFO","timestamp":"2026-04-26T18:39:59.961Z","service":"cei-backend","env":"development","message":"HTTP Request","requestId":"ca2d7b94-db76-43bb-86df-d1ac1f67d035","method":"GET","route":"/api/colleges?authority=STATE&state=Chhattisgarh","status":200,"durationMs":378,"ip":"::1","userAgent":"axios/1.13.4","apiKey":"anon"}
::1 - - [26/Apr/2026:18:40:00 +0000] "GET /api/colleges?authority=STATE&state=UNKNOWN HTTP/1.1" 200 - "-" "axios/1.13.4"
{"level":"INFO","timestamp":"2026-04-26T18:40:00.130Z","service":"cei-backend","env":"development","message":"HTTP Request","requestId":"f35b6166-bfb8-4746-9744-26c7450b7fd8","method":"GET","route":"/api/colleges?authority=STATE&state=UNKNOWN","status":200,"durationMs":114,"ip":"::1","userAgent":"axios/1.13.4","apiKey":"anon"}
::1 - - [26/Apr/2026:18:40:00 +0000] "GET /api/colleges?authority=STATE&state=UNKNOWN HTTP/1.1" 200 - "-" "axios/1.13.4"
{"level":"INFO","timestamp":"2026-04-26T18:40:00.301Z","service":"cei-backend","env":"development","message":"HTTP Request","requestId":"f9bc92eb-4321-4701-8d3a-c34f9dbc280e","method":"GET","route":"/api/colleges?authority=STATE&state=UNKNOWN","status":200,"durationMs":113,"ip":"::1","userAgent":"axios/1.13.4","apiKey":"anon"}
::1 - - [26/Apr/2026:18:40:00 +0000] "GET /api/colleges?authority=STATE&state=UNKNOWN HTTP/1.1" 200 - "-" "axios/1.13.4"
{"level":"INFO","timestamp":"2026-04-26T18:40:00.475Z","service":"cei-backend","env":"development","message":"HTTP Request","requestId":"04b2ea53-96bc-401e-b08f-b1c7f6c8916d","method":"GET","route":"/api/colleges?authority=STATE&state=UNKNOWN","status":200,"durationMs":115,"ip":"::1","userAgent":"axios/1.13.4","apiKey":"anon"}
::1 - - [26/Apr/2026:18:40:00 +0000] "GET /api/colleges?authority=STATE&state=UNKNOWN HTTP/1.1" 200 - "-" "axios/1.13.4"
{"level":"INFO","timestamp":"2026-04-26T18:40:00.648Z","service":"cei-backend","env":"development","message":"HTTP Request","requestId":"2d3f0f27-d409-4a26-875b-34c3ea643d64","method":"GET","route":"/api/colleges?authority=STATE&state=UNKNOWN","status":200,"durationMs":113,"ip":"::1","userAgent":"axios/1.13.4","apiKey":"anon"}
::1 - - [26/Apr/2026:18:40:00 +0000] "GET /api/colleges?authority=STATE&state=UNKNOWN HTTP/1.1" 200 - "-" "axios/1.13.4"
{"level":"INFO","timestamp":"2026-04-26T18:40:00.823Z","service":"cei-backend","env":"development","message":"HTTP Request","requestId":"af550472-ee0a-4392-9f9a-b8bc08895c6f","method":"GET","route":"/api/colleges?authority=STATE&state=UNKNOWN","status":200,"durationMs":116,"ip":"::1","userAgent":"axios/1.13.4","apiKey":"anon"}
::1 - - [26/Apr/2026:18:40:00 +0000] "GET /api/colleges?authority=STATE&state=UNKNOWN HTTP/1.1" 200 - "-" "axios/1.13.4"
{"level":"INFO","timestamp":"2026-04-26T18:40:01.003Z","service":"cei-backend","env":"development","message":"HTTP Request","requestId":"e222dd7a-4d98-4e11-9ec5-8865dfb145bf","method":"GET","route":"/api/colleges?authority=STATE&state=UNKNOWN","status":200,"durationMs":122,"ip":"::1","userAgent":"axios/1.13.4","apiKey":"anon"}
::1 - - [26/Apr/2026:18:40:01 +0000] "GET /api/colleges?authority=STATE&state=UNKNOWN HTTP/1.1" 200 - "-" "axios/1.13.4"
{"level":"INFO","timestamp":"2026-04-26T18:40:01.165Z","service":"cei-backend","env":"development","message":"HTTP Request","requestId":"f361ec0d-0a41-4a8e-a32f-857569087b52","method":"GET","route":"/api/colleges?authority=STATE&state=UNKNOWN","status":200,"durationMs":110,"ip":"::1","userAgent":"axios/1.13.4","apiKey":"anon"}
::1 - - [26/Apr/2026:18:40:01 +0000] "GET /api/colleges?authority=STATE&state=UNKNOWN HTTP/1.1" 200 - "-" "axios/1.13.4"
{"level":"INFO","timestamp":"2026-04-26T18:40:01.340Z","service":"cei-backend","env":"development","message":"HTTP Request","requestId":"2e4ef12a-a694-4cac-9768-889e72c31a2c","method":"GET","route":"/api/colleges?authority=STATE&state=UNKNOWN","status":200,"durationMs":113,"ip":"::1","userAgent":"axios/1.13.4","apiKey":"anon"}
::1 - - [26/Apr/2026:18:40:01 +0000] "GET /api/colleges?authority=STATE&state=UNKNOWN HTTP/1.1" 200 - "-" "axios/1.13.4"
{"level":"INFO","timestamp":"2026-04-26T18:40:01.510Z","service":"cei-backend","env":"development","message":"HTTP Request","requestId":"e3afee1b-0e85-4645-9562-110d0bd9a89d","method":"GET","route":"/api/colleges?authority=STATE&state=UNKNOWN","status":200,"durationMs":112,"ip":"::1","userAgent":"axios/1.13.4","apiKey":"anon"}
::1 - - [26/Apr/2026:18:40:01 +0000] "GET /api/colleges?authority=STATE&state=UNKNOWN HTTP/1.1" 200 - "-" "axios/1.13.4"
{"level":"INFO","timestamp":"2026-04-26T18:40:01.691Z","service":"cei-backend","env":"development","message":"HTTP Request","requestId":"b9733b51-2c94-4852-8c4d-f3ef1e6a926e","method":"GET","route":"/api/colleges?authority=STATE&state=UNKNOWN","status":200,"durationMs":121,"ip":"::1","userAgent":"axios/1.13.4","apiKey":"anon"}
::1 - - [26/Apr/2026:18:40:01 +0000] "GET /api/colleges?authority=STATE&state=Uttarakhand HTTP/1.1" 200 - "-" "axios/1.13.4"
{"level":"INFO","timestamp":"2026-04-26T18:40:01.858Z","service":"cei-backend","env":"development","message":"HTTP Request","requestId":"f2496432-9675-4f67-a0e8-793b8a7cd82a","method":"GET","route":"/api/colleges?authority=STATE&state=Uttarakhand","status":200,"durationMs":116,"ip":"::1","userAgent":"axios/1.13.4","apiKey":"anon"}
::1 - - [26/Apr/2026:18:40:02 +0000] "GET /api/colleges?authority=STATE&state=Madhya%20Pradesh HTTP/1.1" 200 - "-" "axios/1.13.4"
{"level":"INFO","timestamp":"2026-04-26T18:40:02.031Z","service":"cei-backend","env":"development","message":"HTTP Request","requestId":"9b7d988b-811c-4d57-92f1-23a850953dc2","method":"GET","route":"/api/colleges?authority=STATE&state=Madhya%20Pradesh","status":200,"durationMs":115,"ip":"::1","userAgent":"axios/1.13.4","apiKey":"anon"}
::1 - - [26/Apr/2026:18:40:02 +0000] "GET /api/colleges?authority=STATE&state=UNKNOWN HTTP/1.1" 200 - "-" "axios/1.13.4"
{"level":"INFO","timestamp":"2026-04-26T18:40:02.198Z","service":"cei-backend","env":"development","message":"HTTP Request","requestId":"d5a52057-9dac-4bf7-9cd4-49b6c5e56783","method":"GET","route":"/api/colleges?authority=STATE&state=UNKNOWN","status":200,"durationMs":110,"ip":"::1","userAgent":"axios/1.13.4","apiKey":"anon"}
::1 - - [26/Apr/2026:18:40:02 +0000] "GET /api/colleges?authority=STATE&state=Karnataka HTTP/1.1" 200 - "-" "axios/1.13.4"
{"level":"INFO","timestamp":"2026-04-26T18:40:02.371Z","service":"cei-backend","env":"development","message":"HTTP Request","requestId":"5e64505b-c036-445e-a54e-7ec7279a7e67","method":"GET","route":"/api/colleges?authority=STATE&state=Karnataka","status":200,"durationMs":112,"ip":"::1","userAgent":"axios/1.13.4","apiKey":"anon"}
::1 - - [26/Apr/2026:18:40:02 +0000] "GET /api/colleges?authority=STATE&state=UNKNOWN HTTP/1.1" 200 - "-" "axios/1.13.4"
{"level":"INFO","timestamp":"2026-04-26T18:40:02.544Z","service":"cei-backend","env":"development","message":"HTTP Request","requestId":"738885ec-ed51-4f30-a94b-790374713398","method":"GET","route":"/api/colleges?authority=STATE&state=UNKNOWN","status":200,"durationMs":112,"ip":"::1","userAgent":"axios/1.13.4","apiKey":"anon"}
::1 - - [26/Apr/2026:18:40:02 +0000] "GET /api/colleges?authority=STATE&state=UNKNOWN HTTP/1.1" 200 - "-" "axios/1.13.4"
{"level":"INFO","timestamp":"2026-04-26T18:40:02.715Z","service":"cei-backend","env":"development","message":"HTTP Request","requestId":"86abd67a-5e73-4080-b662-bb01ebf4b0ab","method":"GET","route":"/api/colleges?authority=STATE&state=UNKNOWN","status":200,"durationMs":113,"ip":"::1","userAgent":"axios/1.13.4","apiKey":"anon"}
::1 - - [26/Apr/2026:18:40:02 +0000] "GET /api/colleges?authority=STATE&state=Telangana HTTP/1.1" 200 - "-" "axios/1.13.4"
{"level":"INFO","timestamp":"2026-04-26T18:40:02.886Z","service":"cei-backend","env":"development","message":"HTTP Request","requestId":"1f5677d9-f7fd-477b-8c93-48dec502cb5c","method":"GET","route":"/api/colleges?authority=STATE&state=Telangana","status":200,"durationMs":112,"ip":"::1","userAgent":"axios/1.13.4","apiKey":"anon"}
::1 - - [26/Apr/2026:18:40:03 +0000] "GET /api/colleges?authority=STATE&state=Madhya%20Pradesh HTTP/1.1" 200 - "-" "axios/1.13.4"
{"level":"INFO","timestamp":"2026-04-26T18:40:03.063Z","service":"cei-backend","env":"development","message":"HTTP Request","requestId":"e1951a3f-892e-4f2e-8b44-0be89e29a5c1","method":"GET","route":"/api/colleges?authority=STATE&state=Madhya%20Pradesh","status":200,"durationMs":115,"ip":"::1","userAgent":"axios/1.13.4","apiKey":"anon"}
::1 - - [26/Apr/2026:18:40:03 +0000] "GET /api/colleges?authority=STATE&state=UNKNOWN HTTP/1.1" 200 - "-" "axios/1.13.4"
{"level":"INFO","timestamp":"2026-04-26T18:40:03.235Z","service":"cei-backend","env":"development","message":"HTTP Request","requestId":"c560354d-60a1-45f2-9eec-996312835e22","method":"GET","route":"/api/colleges?authority=STATE&state=UNKNOWN","status":200,"durationMs":115,"ip":"::1","userAgent":"axios/1.13.4","apiKey":"anon"}
::1 - - [26/Apr/2026:18:40:03 +0000] "GET /api/colleges?authority=STATE&state=Uttar%20Pradesh HTTP/1.1" 200 - "-" "axios/1.13.4"
{"level":"INFO","timestamp":"2026-04-26T18:40:03.405Z","service":"cei-backend","env":"development","message":"HTTP Request","requestId":"4c080341-653e-43e5-bddd-b32738715829","method":"GET","route":"/api/colleges?authority=STATE&state=Uttar%20Pradesh","status":200,"durationMs":113,"ip":"::1","userAgent":"axios/1.13.4","apiKey":"anon"}
::1 - - [26/Apr/2026:18:40:03 +0000] "GET /api/colleges?authority=STATE&state=Gujarat HTTP/1.1" 200 - "-" "axios/1.13.4"
{"level":"INFO","timestamp":"2026-04-26T18:40:03.812Z","service":"cei-backend","env":"development","message":"HTTP Request","requestId":"e5f3a062-8b97-4166-9d2d-4dcd7ccf047c","method":"GET","route":"/api/colleges?authority=STATE&state=Gujarat","status":200,"durationMs":347,"ip":"::1","userAgent":"axios/1.13.4","apiKey":"anon"}
::1 - - [26/Apr/2026:18:40:03 +0000] "GET /api/colleges?authority=STATE&state=Maharashtra HTTP/1.1" 200 - "-" "axios/1.13.4"
{"level":"INFO","timestamp":"2026-04-26T18:40:03.987Z","service":"cei-backend","env":"development","message":"HTTP Request","requestId":"b616deda-e209-4c24-8a24-5e6045360f09","method":"GET","route":"/api/colleges?authority=STATE&state=Maharashtra","status":200,"durationMs":115,"ip":"::1","userAgent":"axios/1.13.4","apiKey":"anon"}
::1 - - [26/Apr/2026:18:40:04 +0000] "GET /api/colleges?authority=STATE&state=Maharashtra HTTP/1.1" 200 - "-" "axios/1.13.4"
{"level":"INFO","timestamp":"2026-04-26T18:40:04.159Z","service":"cei-backend","env":"development","message":"HTTP Request","requestId":"23dab75c-8a29-4dce-8c2a-e560d9f441fb","method":"GET","route":"/api/colleges?authority=STATE&state=Maharashtra","status":200,"durationMs":115,"ip":"::1","userAgent":"axios/1.13.4","apiKey":"anon"}
::1 - - [26/Apr/2026:18:40:04 +0000] "GET /api/colleges?authority=STATE&state=Tamil%20Nadu HTTP/1.1" 200 - "-" "axios/1.13.4"
{"level":"INFO","timestamp":"2026-04-26T18:40:04.328Z","service":"cei-backend","env":"development","message":"HTTP Request","requestId":"d6cb8352-9a94-4bba-ba5d-d61ba42aadb1","method":"GET","route":"/api/colleges?authority=STATE&state=Tamil%20Nadu","status":200,"durationMs":112,"ip":"::1","userAgent":"axios/1.13.4","apiKey":"anon"}
::1 - - [26/Apr/2026:18:40:04 +0000] "GET /api/colleges?authority=STATE&state=UNKNOWN HTTP/1.1" 200 - "-" "axios/1.13.4"
{"level":"INFO","timestamp":"2026-04-26T18:40:04.509Z","service":"cei-backend","env":"development","message":"HTTP Request","requestId":"288eb1ef-b532-452d-bba2-cad1f78484a4","method":"GET","route":"/api/colleges?authority=STATE&state=UNKNOWN","status":200,"durationMs":122,"ip":"::1","userAgent":"axios/1.13.4","apiKey":"anon"}
::1 - - [26/Apr/2026:18:40:04 +0000] "GET /api/colleges?authority=STATE&state=Uttar%20Pradesh HTTP/1.1" 200 - "-" "axios/1.13.4"
{"level":"INFO","timestamp":"2026-04-26T18:40:04.668Z","service":"cei-backend","env":"development","message":"HTTP Request","requestId":"b49c3686-29c8-4863-bde9-1205cbd9c317","method":"GET","route":"/api/colleges?authority=STATE&state=Uttar%20Pradesh","status":200,"durationMs":109,"ip":"::1","userAgent":"axios/1.13.4","apiKey":"anon"}
::1 - - [26/Apr/2026:18:40:04 +0000] "GET /api/colleges?authority=STATE&state=UNKNOWN HTTP/1.1" 200 - "-" "axios/1.13.4"
{"level":"INFO","timestamp":"2026-04-26T18:40:04.842Z","service":"cei-backend","env":"development","message":"HTTP Request","requestId":"d0c3cd10-8b8d-47d0-8461-8582693158f9","method":"GET","route":"/api/colleges?authority=STATE&state=UNKNOWN","status":200,"durationMs":113,"ip":"::1","userAgent":"axios/1.13.4","apiKey":"anon"}
::1 - - [26/Apr/2026:18:40:05 +0000] "GET /api/colleges?authority=STATE&state=UNKNOWN HTTP/1.1" 200 - "-" "axios/1.13.4"
{"level":"INFO","timestamp":"2026-04-26T18:40:05.016Z","service":"cei-backend","env":"development","message":"HTTP Request","requestId":"a8ca7fac-90fd-49ed-827a-751b42ca2cee","method":"GET","route":"/api/colleges?authority=STATE&state=UNKNOWN","status":200,"durationMs":116,"ip":"::1","userAgent":"axios/1.13.4","apiKey":"anon"}
::1 - - [26/Apr/2026:18:40:05 +0000] "GET /api/colleges?authority=STATE&state=Maharashtra HTTP/1.1" 200 - "-" "axios/1.13.4"
{"level":"INFO","timestamp":"2026-04-26T18:40:05.190Z","service":"cei-backend","env":"development","message":"HTTP Request","requestId":"61278624-d708-400e-9574-87db0711e485","method":"GET","route":"/api/colleges?authority=STATE&state=Maharashtra","status":200,"durationMs":115,"ip":"::1","userAgent":"axios/1.13.4","apiKey":"anon"}
::1 - - [26/Apr/2026:18:40:05 +0000] "GET /api/colleges?authority=STATE&state=UNKNOWN HTTP/1.1" 200 - "-" "axios/1.13.4"
{"level":"INFO","timestamp":"2026-04-26T18:40:05.359Z","service":"cei-backend","env":"development","message":"HTTP Request","requestId":"52700433-638d-4807-bee9-47ba50f5b960","method":"GET","route":"/api/colleges?authority=STATE&state=UNKNOWN","status":200,"durationMs":110,"ip":"::1","userAgent":"axios/1.13.4","apiKey":"anon"}
::1 - - [26/Apr/2026:18:40:05 +0000] "GET /api/colleges?authority=STATE&state=UNKNOWN HTTP/1.1" 200 - "-" "axios/1.13.4"
{"level":"INFO","timestamp":"2026-04-26T18:40:05.533Z","service":"cei-backend","env":"development","message":"HTTP Request","requestId":"ef00c75b-44a2-48ca-90fa-a62cdabcc808","method":"GET","route":"/api/colleges?authority=STATE&state=UNKNOWN","status":200,"durationMs":115,"ip":"::1","userAgent":"axios/1.13.4","apiKey":"anon"}
::1 - - [26/Apr/2026:18:40:05 +0000] "GET /api/colleges?authority=STATE&state=UNKNOWN HTTP/1.1" 200 - "-" "axios/1.13.4"
{"level":"INFO","timestamp":"2026-04-26T18:40:05.714Z","service":"cei-backend","env":"development","message":"HTTP Request","requestId":"d9b86dea-da67-4427-bf68-242127203b40","method":"GET","route":"/api/colleges?authority=STATE&state=UNKNOWN","status":200,"durationMs":122,"ip":"::1","userAgent":"axios/1.13.4","apiKey":"anon"}
::1 - - [26/Apr/2026:18:40:05 +0000] "GET /api/colleges?authority=STATE&state=Karnataka HTTP/1.1" 200 - "-" "axios/1.13.4"
{"level":"INFO","timestamp":"2026-04-26T18:40:05.874Z","service":"cei-backend","env":"development","message":"HTTP Request","requestId":"986c2f0f-c1d5-4592-9e4f-bddc20718755","method":"GET","route":"/api/colleges?authority=STATE&state=Karnataka","status":200,"durationMs":110,"ip":"::1","userAgent":"axios/1.13.4","apiKey":"anon"}
::1 - - [26/Apr/2026:18:40:06 +0000] "GET /api/colleges?authority=STATE&state=Tamil%20Nadu HTTP/1.1" 200 - "-" "axios/1.13.4"
{"level":"INFO","timestamp":"2026-04-26T18:40:06.058Z","service":"cei-backend","env":"development","message":"HTTP Request","requestId":"6709fef0-a6bf-4076-9ee7-3b3e6df76ff5","method":"GET","route":"/api/colleges?authority=STATE&state=Tamil%20Nadu","status":200,"durationMs":123,"ip":"::1","userAgent":"axios/1.13.4","apiKey":"anon"}
::1 - - [26/Apr/2026:18:40:06 +0000] "GET /api/colleges?authority=STATE&state=UNKNOWN HTTP/1.1" 200 - "-" "axios/1.13.4"
{"level":"INFO","timestamp":"2026-04-26T18:40:06.221Z","service":"cei-backend","env":"development","message":"HTTP Request","requestId":"3bf86ee5-101a-4cfa-b366-e58ac15871e8","method":"GET","route":"/api/colleges?authority=STATE&state=UNKNOWN","status":200,"durationMs":114,"ip":"::1","userAgent":"axios/1.13.4","apiKey":"anon"}
::1 - - [26/Apr/2026:18:40:06 +0000] "GET /api/colleges?authority=STATE&state=UNKNOWN HTTP/1.1" 200 - "-" "axios/1.13.4"
{"level":"INFO","timestamp":"2026-04-26T18:40:06.394Z","service":"cei-backend","env":"development","message":"HTTP Request","requestId":"4955cf9c-3322-4ddb-9917-16780d1f6f8a","method":"GET","route":"/api/colleges?authority=STATE&state=UNKNOWN","status":200,"durationMs":114,"ip":"::1","userAgent":"axios/1.13.4","apiKey":"anon"}
::1 - - [26/Apr/2026:18:40:06 +0000] "GET /api/colleges?authority=STATE&state=UNKNOWN HTTP/1.1" 200 - "-" "axios/1.13.4"
{"level":"INFO","timestamp":"2026-04-26T18:40:06.568Z","service":"cei-backend","env":"development","message":"HTTP Request","requestId":"514b5421-1901-498a-881d-863def4de9f0","method":"GET","route":"/api/colleges?authority=STATE&state=UNKNOWN","status":200,"durationMs":115,"ip":"::1","userAgent":"axios/1.13.4","apiKey":"anon"}
::1 - - [26/Apr/2026:18:40:06 +0000] "GET /api/colleges?authority=STATE&state=Tamil%20Nadu HTTP/1.1" 200 - "-" "axios/1.13.4"
{"level":"INFO","timestamp":"2026-04-26T18:40:06.739Z","service":"cei-backend","env":"development","message":"HTTP Request","requestId":"d52b8d45-d79a-4fe7-9e57-750063c3342a","method":"GET","route":"/api/colleges?authority=STATE&state=Tamil%20Nadu","status":200,"durationMs":113,"ip":"::1","userAgent":"axios/1.13.4","apiKey":"anon"}
::1 - - [26/Apr/2026:18:40:06 +0000] "GET /api/colleges?authority=STATE&state=UNKNOWN HTTP/1.1" 200 - "-" "axios/1.13.4"
{"level":"INFO","timestamp":"2026-04-26T18:40:06.912Z","service":"cei-backend","env":"development","message":"HTTP Request","requestId":"205558ca-875c-4d47-b945-a7980c019a67","method":"GET","route":"/api/colleges?authority=STATE&state=UNKNOWN","status":200,"durationMs":112,"ip":"::1","userAgent":"axios/1.13.4","apiKey":"anon"}
::1 - - [26/Apr/2026:18:40:07 +0000] "GET /api/colleges?authority=STATE&state=UNKNOWN HTTP/1.1" 200 - "-" "axios/1.13.4"
{"level":"INFO","timestamp":"2026-04-26T18:40:07.090Z","service":"cei-backend","env":"development","message":"HTTP Request","requestId":"a1342d90-9d73-4c35-9bfd-22352a9d97b2","method":"GET","route":"/api/colleges?authority=STATE&state=UNKNOWN","status":200,"durationMs":119,"ip":"::1","userAgent":"axios/1.13.4","apiKey":"anon"}
::1 - - [26/Apr/2026:18:40:07 +0000] "GET /api/colleges?authority=STATE&state=UNKNOWN HTTP/1.1" 200 - "-" "axios/1.13.4"
{"level":"INFO","timestamp":"2026-04-26T18:40:07.256Z","service":"cei-backend","env":"development","message":"HTTP Request","requestId":"4a4dffd8-21e8-4ab0-92e5-daf339b0d19d","method":"GET","route":"/api/colleges?authority=STATE&state=UNKNOWN","status":200,"durationMs":115,"ip":"::1","userAgent":"axios/1.13.4","apiKey":"anon"}
::1 - - [26/Apr/2026:18:40:07 +0000] "GET /api/colleges?authority=STATE&state=Haryana HTTP/1.1" 200 - "-" "axios/1.13.4"
{"level":"INFO","timestamp":"2026-04-26T18:40:07.675Z","service":"cei-backend","env":"development","message":"HTTP Request","requestId":"7522c626-5aaa-4585-95bf-642737fd5379","method":"GET","route":"/api/colleges?authority=STATE&state=Haryana","status":200,"durationMs":361,"ip":"::1","userAgent":"axios/1.13.4","apiKey":"anon"}
::1 - - [26/Apr/2026:18:40:07 +0000] "GET /api/colleges?authority=STATE&state=UNKNOWN HTTP/1.1" 200 - "-" "axios/1.13.4"
{"level":"INFO","timestamp":"2026-04-26T18:40:07.853Z","service":"cei-backend","env":"development","message":"HTTP Request","requestId":"c90f7481-11b7-415c-b8ab-80e5b1f7b1a0","method":"GET","route":"/api/colleges?authority=STATE&state=UNKNOWN","status":200,"durationMs":115,"ip":"::1","userAgent":"axios/1.13.4","apiKey":"anon"}
::1 - - [26/Apr/2026:18:40:08 +0000] "GET /api/colleges?authority=STATE&state=UNKNOWN HTTP/1.1" 200 - "-" "axios/1.13.4"
{"level":"INFO","timestamp":"2026-04-26T18:40:08.024Z","service":"cei-backend","env":"development","message":"HTTP Request","requestId":"d580f6d1-61f3-4652-8cec-fe97414b7f74","method":"GET","route":"/api/colleges?authority=STATE&state=UNKNOWN","status":200,"durationMs":113,"ip":"::1","userAgent":"axios/1.13.4","apiKey":"anon"}
::1 - - [26/Apr/2026:18:40:08 +0000] "GET /api/colleges?authority=STATE&state=UNKNOWN HTTP/1.1" 200 - "-" "axios/1.13.4"
{"level":"INFO","timestamp":"2026-04-26T18:40:08.203Z","service":"cei-backend","env":"development","message":"HTTP Request","requestId":"8b94cbbe-eac5-4582-8967-fd63d6dd5866","method":"GET","route":"/api/colleges?authority=STATE&state=UNKNOWN","status":200,"durationMs":119,"ip":"::1","userAgent":"axios/1.13.4","apiKey":"anon"}
::1 - - [26/Apr/2026:18:40:08 +0000] "GET /api/colleges?authority=STATE&state=UNKNOWN HTTP/1.1" 200 - "-" "axios/1.13.4"
{"level":"INFO","timestamp":"2026-04-26T18:40:08.377Z","service":"cei-backend","env":"development","message":"HTTP Request","requestId":"c1e542c5-0601-4d59-8ddb-cc8aea5a3375","method":"GET","route":"/api/colleges?authority=STATE&state=UNKNOWN","status":200,"durationMs":123,"ip":"::1","userAgent":"axios/1.13.4","apiKey":"anon"}
::1 - - [26/Apr/2026:18:40:08 +0000] "GET /api/colleges?authority=STATE&state=Maharashtra HTTP/1.1" 200 - "-" "axios/1.13.4"
{"level":"INFO","timestamp":"2026-04-26T18:40:08.542Z","service":"cei-backend","env":"development","message":"HTTP Request","requestId":"d1284f06-b9d6-404e-b76c-408903475fbc","method":"GET","route":"/api/colleges?authority=STATE&state=Maharashtra","status":200,"durationMs":116,"ip":"::1","userAgent":"axios/1.13.4","apiKey":"anon"}
::1 - - [26/Apr/2026:18:40:08 +0000] "GET /api/colleges?authority=STATE&state=Tamil%20Nadu HTTP/1.1" 200 - "-" "axios/1.13.4"
{"level":"INFO","timestamp":"2026-04-26T18:40:08.715Z","service":"cei-backend","env":"development","message":"HTTP Request","requestId":"8afe330e-987a-4194-83cc-caa855db28af","method":"GET","route":"/api/colleges?authority=STATE&state=Tamil%20Nadu","status":200,"durationMs":114,"ip":"::1","userAgent":"axios/1.13.4","apiKey":"anon"}
{"level":"INFO","timestamp":"2026-04-26T18:45:00.028Z","service":"cei-backend","env":"development","message":"[Scheduler] Job started: rebuild-page-caches"}
{"level":"WARN","timestamp":"2026-04-26T18:45:00.134Z","service":"cei-backend","env":"development","message":"[CollegePageCache] Redis unavailable — skipping rebuild"}
{"level":"WARN","timestamp":"2026-04-26T18:45:00.137Z","service":"cei-backend","env":"development","message":"[Scheduler] College page cache rebuild skipped — Redis unavailable"}
{"level":"INFO","timestamp":"2026-04-26T18:45:00.137Z","service":"cei-backend","env":"development","message":"[Scheduler] Job completed: rebuild-page-caches","durationMs":109,"result":{"built":0,"durationMs":0,"skipped":true}}
{"level":"INFO","timestamp":"2026-04-26T19:30:00.018Z","service":"cei-backend","env":"development","message":"[Scheduler] Job started: daily-report-processing"}
{"level":"INFO","timestamp":"2026-04-26T19:30:00.055Z","service":"cei-backend","env":"development","message":"[Scheduler] Daily report processing complete.","pending":0,"processed":0}
{"level":"INFO","timestamp":"2026-04-26T19:30:00.057Z","service":"cei-backend","env":"development","message":"[Scheduler] Job completed: daily-report-processing","durationMs":38,"result":{"pending":0,"processed":0}}
::1 - - [26/Apr/2026:21:23:51 +0000] "GET /api/predict/engineering-v2?rank=2000&category=OPEN&quota=AI&genderPool=GENDER_NEUTRAL&authority=JOSAA HTTP/1.1" 404 165 "-" "axios/1.13.4"
{"level":"WARN","timestamp":"2026-04-26T21:23:51.341Z","service":"cei-backend","env":"development","message":"HTTP Request","requestId":"fd56e042-2351-40df-a813-31bc0ab253b0","method":"GET","route":"/api/predict/engineering-v2?rank=2000&category=OPEN&quota=AI&genderPool=GENDER_NEUTRAL&authority=JOSAA","status":404,"durationMs":113,"ip":"::1","userAgent":"axios/1.13.4","apiKey":"anon"}
::1 - - [26/Apr/2026:21:23:51 +0000] "GET /api/predict/engineering-v2?rank=50000&category=OPEN&quota=AI&genderPool=GENDER_NEUTRAL&authority=JOSAA HTTP/1.1" 404 165 "-" "axios/1.13.4"
{"level":"WARN","timestamp":"2026-04-26T21:23:51.459Z","service":"cei-backend","env":"development","message":"HTTP Request","requestId":"01cd4baa-8cbd-427b-9a75-cc46b2b9f1d9","method":"GET","route":"/api/predict/engineering-v2?rank=50000&category=OPEN&quota=AI&genderPool=GENDER_NEUTRAL&authority=JOSAA","status":404,"durationMs":114,"ip":"::1","userAgent":"axios/1.13.4","apiKey":"anon"}
::1 - - [26/Apr/2026:21:23:51 +0000] "GET /api/medical/predict?rank=15000&category=OPEN&quota=All+India&programType=MBBS&state=All HTTP/1.1" 404 158 "-" "axios/1.13.4"
{"level":"WARN","timestamp":"2026-04-26T21:23:51.565Z","service":"cei-backend","env":"development","message":"HTTP Request","requestId":"daddcd9b-7b96-45ef-b4d1-0cb89c76ae87","method":"GET","route":"/api/medical/predict?rank=15000&category=OPEN&quota=All+India&programType=MBBS&state=All","status":404,"durationMs":105,"ip":"::1","userAgent":"axios/1.13.4","apiKey":"anon"}
::1 - - [26/Apr/2026:21:23:51 +0000] "GET /api/medical/predict?rank=75000&category=OPEN&quota=All+India&programType=MBBS&state=All HTTP/1.1" 404 158 "-" "axios/1.13.4"
{"level":"WARN","timestamp":"2026-04-26T21:23:51.676Z","service":"cei-backend","env":"development","message":"HTTP Request","requestId":"affed036-4ddd-46eb-a205-d1f0b0325376","method":"GET","route":"/api/medical/predict?rank=75000&category=OPEN&quota=All+India&programType=MBBS&state=All","status":404,"durationMs":110,"ip":"::1","userAgent":"axios/1.13.4","apiKey":"anon"}
::1 - - [26/Apr/2026:21:23:51 +0000] "POST /api/predictor/telemetry/run HTTP/1.1" 404 167 "-" "axios/1.13.4"
{"level":"WARN","timestamp":"2026-04-26T21:23:51.800Z","service":"cei-backend","env":"development","message":"HTTP Request","requestId":"74ca0be5-d702-47f3-acde-a0f2b4c74072","method":"POST","route":"/api/predictor/telemetry/run","status":404,"durationMs":103,"ip":"::1","userAgent":"axios/1.13.4","apiKey":"anon"}
::1 - - [26/Apr/2026:21:24:49 +0000] "GET /api/predict/engineering-v2?rank=2000&category=OPEN&quota=AI&genderPool=GENDER_NEUTRAL&authority=JOSAA HTTP/1.1" 404 165 "-" "axios/1.13.4"
{"level":"WARN","timestamp":"2026-04-26T21:24:49.571Z","service":"cei-backend","env":"development","message":"HTTP Request","requestId":"7e35396a-aed5-4b45-a12b-852a164e58b5","method":"GET","route":"/api/predict/engineering-v2?rank=2000&category=OPEN&quota=AI&genderPool=GENDER_NEUTRAL&authority=JOSAA","status":404,"durationMs":114,"ip":"::1","userAgent":"axios/1.13.4","apiKey":"anon"}
::1 - - [26/Apr/2026:21:24:49 +0000] "GET /api/predict/engineering-v2?rank=50000&category=OPEN&quota=AI&genderPool=GENDER_NEUTRAL&authority=JOSAA HTTP/1.1" 404 165 "-" "axios/1.13.4"
{"level":"WARN","timestamp":"2026-04-26T21:24:49.678Z","service":"cei-backend","env":"development","message":"HTTP Request","requestId":"1262498d-646c-41ed-8eff-ee214c2e05ef","method":"GET","route":"/api/predict/engineering-v2?rank=50000&category=OPEN&quota=AI&genderPool=GENDER_NEUTRAL&authority=JOSAA","status":404,"durationMs":102,"ip":"::1","userAgent":"axios/1.13.4","apiKey":"anon"}
::1 - - [26/Apr/2026:21:24:49 +0000] "GET /api/medical/predict?rank=15000&category=OPEN&quota=All+India&programType=MBBS&state=All HTTP/1.1" 404 158 "-" "axios/1.13.4"
{"level":"WARN","timestamp":"2026-04-26T21:24:49.786Z","service":"cei-backend","env":"development","message":"HTTP Request","requestId":"87814224-4977-4038-ad50-36b60888ba93","method":"GET","route":"/api/medical/predict?rank=15000&category=OPEN&quota=All+India&programType=MBBS&state=All","status":404,"durationMs":106,"ip":"::1","userAgent":"axios/1.13.4","apiKey":"anon"}
::1 - - [26/Apr/2026:21:24:49 +0000] "GET /api/medical/predict?rank=75000&category=OPEN&quota=All+India&programType=MBBS&state=All HTTP/1.1" 404 158 "-" "axios/1.13.4"
{"level":"WARN","timestamp":"2026-04-26T21:24:49.895Z","service":"cei-backend","env":"development","message":"HTTP Request","requestId":"bdf55ffc-88a1-41b7-8a8c-10859b91f41e","method":"GET","route":"/api/medical/predict?rank=75000&category=OPEN&quota=All+India&programType=MBBS&state=All","status":404,"durationMs":108,"ip":"::1","userAgent":"axios/1.13.4","apiKey":"anon"}
::1 - - [26/Apr/2026:21:24:50 +0000] "POST /api/predictor/telemetry/run HTTP/1.1" 404 167 "-" "axios/1.13.4"
{"level":"WARN","timestamp":"2026-04-26T21:24:50.005Z","service":"cei-backend","env":"development","message":"HTTP Request","requestId":"2c5cc80d-5e84-4ae4-b0a9-7463591acd2a","method":"POST","route":"/api/predictor/telemetry/run","status":404,"durationMs":106,"ip":"::1","userAgent":"axios/1.13.4","apiKey":"anon"}
