aishe_code,institution_name,category,state,district,university_affiliation,source_year,verification_status,is_premium,naac_grade,established_year,cei_id,removal_reason
government-polytechnic-diglipur,"Government Polytechnic, Diglipur",College,Andaman and Nicobar Islands,North and Middle Andaman,AICTE,2020-21,UNVERIFIED,True,NA,2017,CEI-IN-598A6CA565C7,INVALID_AISHE_FORMAT
dbrait-port-blair,Dr. B.R. Ambedkar Institute of Technology,College,Andaman and Nicobar Islands,South Andaman,Pondicherry University,2020-21,UNVERIFIED,True,NA,1984,CEI-IN-3261E52750DF,INVALID_AISHE_FORMAT
andaman-college-ancol,Andaman College,College,Andaman and Nicobar Islands,South Andaman,Pondicherry University,2020-21,UNVERIFIED,True,NA,2014,CEI-IN-CD93DB5CFFE0,INVALID_AISHE_FORMAT
mahatma-gandhi-govt-college-mayabunder,Mahatma Gandhi Government College,College,Andaman and Nicobar Islands,North and Middle Andaman,Pondicherry University,2020-21,UNVERIFIED,True,B,1990,CEI-IN-A7D9C919A0E0,INVALID_AISHE_FORMAT
jnrm-port-blair,Jawaharlal Nehru Rajkeeya Mahavidyalaya,College,Andaman and Nicobar Islands,South Andaman,Pondicherry University,2020-21,UNVERIFIED,True,A,1967,CEI-IN-6ACD27490DBE,INVALID_AISHE_FORMAT
aniims-port-blair,Andaman and Nicobar Islands Institute of Medical Sciences,College,Andaman and Nicobar Islands,South Andaman,Pondicherry University,2020-21,UNVERIFIED,True,NA,2015,CEI-IN-EFC199342504,INVALID_AISHE_FORMAT
andaman-law-college,Andaman Law College,College,Andaman and Nicobar Islands,South Andaman,Pondicherry University,2020-21,UNVERIFIED,True,NA,2016,CEI-IN-B6366EF681FA,INVALID_AISHE_FORMAT
tagore-govt-college-of-education,Tagore Government College of Education,College,Andaman and Nicobar Islands,South Andaman,Pondicherry University,2020-21,UNVERIFIED,True,NA,1981,CEI-IN-52D6353B66CB,INVALID_AISHE_FORMAT
vishnu-institute-bhimavaram,Vishnu Institute of Technology,College,Andhra Pradesh,West Godavari,JNTU Kakinada,2020-21,UNVERIFIED,True,A++,,CEI-IN-39FE179CD538,INVALID_AISHE_FORMAT
rgukt-nuzvid,Rajiv Gandhi University of Knowledge Technologies (Nuzvid),College,Andhra Pradesh,Krishna,,2020-21,UNVERIFIED,True,,,CEI-IN-A6876E7DA16E,INVALID_AISHE_FORMAT
iiit-sricity,Indian Institute of Information Technology Sri City,College,Andhra Pradesh,Tirupati,,2020-21,UNVERIFIED,True,,2013,CEI-IN-AAC891AFEF71,INVALID_AISHE_FORMAT
kl-university-guntur,K L Deemed to be University,College,Andhra Pradesh,Guntur,,2020-21,UNVERIFIED,True,A++,1980,CEI-IN-CE99B626E8BD,INVALID_AISHE_FORMAT
rvr-jc-guntur,R.V.R. & J.C. College of Engineering,College,Andhra Pradesh,Guntur,Acharya Nagarjuna University,2020-21,UNVERIFIED,True,A+,,CEI-IN-8B6B362808BC,INVALID_AISHE_FORMAT
vit-ap,VIT-AP University,College,Andhra Pradesh,Guntur,,2020-21,UNVERIFIED,True,,2017,CEI-IN-2946615AA14D,INVALID_AISHE_FORMAT
vr-siddhartha-vijayawada,Velagapudi Ramakrishna Siddhartha Engineering College,College,Andhra Pradesh,Krishna,JNTU Kakinada,2020-21,UNVERIFIED,True,A+,,CEI-IN-649CD6C0084E,INVALID_AISHE_FORMAT
rgukt-rkvalley,Rajiv Gandhi University of Knowledge Technologies (RK Valley),College,Andhra Pradesh,Kadapa,,2020-21,UNVERIFIED,True,,,CEI-IN-3EE02CB32758,INVALID_AISHE_FORMAT
sagi-ramakrishnam-raju-enginee-bhimavaram,Sagi Ramakrishnam Raju Engineering College,College,Andhra Pradesh,Bhimavaram,,2020-21,UNVERIFIED,True,,,CEI-IN-782458CD052F,INVALID_AISHE_FORMAT
gmr-institute-of-technology-rajam,GMR Institute of Technology,College,Andhra Pradesh,Rajam,,2020-21,UNVERIFIED,True,,,CEI-IN-93B4C8D13294,INVALID_AISHE_FORMAT
nit-andhra-pradesh,National Institute of Technology Andhra Pradesh,College,Andhra Pradesh,West Godavari,,2020-21,UNVERIFIED,True,,2015,CEI-IN-675CAF7BD673,INVALID_AISHE_FORMAT
vignan-university-guntur,"Vignan's Foundation for Science, Technology and Research",College,Andhra Pradesh,Guntur,,2020-21,UNVERIFIED,True,A+,,CEI-IN-32D7C52BC1A9,INVALID_AISHE_FORMAT
sree-vidyanikethan,Sree Vidyanikethan Engineering College,College,Andhra Pradesh,Tirupati,Mohan Babu University,2020-21,UNVERIFIED,True,A+,,CEI-IN-F6FFA2B29185,INVALID_AISHE_FORMAT
svims-tirupati,Sri Venkateswara Institute of Medical Sciences,College,Andhra Pradesh,Tirupati,,2020-21,UNVERIFIED,True,,1993,CEI-IN-E42D3366B6DF,INVALID_AISHE_FORMAT
aiims-mangalagiri,All India Institute of Medical Sciences Mangalagiri,College,Andhra Pradesh,Guntur,,2020-21,UNVERIFIED,True,,2018,CEI-IN-E9EFE41FEF18,INVALID_AISHE_FORMAT
srm-ap,"SRM University, Andhra Pradesh",College,Andhra Pradesh,Guntur,,2020-21,UNVERIFIED,True,,2017,CEI-IN-835336ADAC53,INVALID_AISHE_FORMAT
ntr-health-university,Dr. YSR University of Health Sciences,College,Andhra Pradesh,Krishna,,2020-21,UNVERIFIED,True,,1986,CEI-IN-2830A5588285,INVALID_AISHE_FORMAT
guntur-medical-college,Guntur Medical College,College,Andhra Pradesh,Guntur,Dr. YSR UHS,2020-21,UNVERIFIED,True,,1946,CEI-IN-120C99678BC1,INVALID_AISHE_FORMAT
angrau-guntur,Acharya N.G. Ranga Agricultural University,College,Andhra Pradesh,Guntur,,2020-21,UNVERIFIED,True,,1964,CEI-IN-E0E4325C68FB,INVALID_AISHE_FORMAT
yvu-kadapa,Yogi Vemana University,College,Andhra Pradesh,Kadapa,,2020-21,UNVERIFIED,True,,2006,CEI-IN-095937C902C3,INVALID_AISHE_FORMAT
aditya-engineering-college,Aditya Engineering College,College,Andhra Pradesh,East Godavari,JNTU Kakinada,2020-21,UNVERIFIED,True,A,,CEI-IN-52A813E95138,INVALID_AISHE_FORMAT
krea-university,Krea University,College,Andhra Pradesh,Chittoor,,2020-21,UNVERIFIED,True,,2018,CEI-IN-F25A376FCA86,INVALID_AISHE_FORMAT
iim-visakhapatnam,Indian Institute of Management Visakhapatnam,College,Andhra Pradesh,Visakhapatnam,,2020-21,UNVERIFIED,True,,2015,CEI-IN-8CEAE29E10CC,INVALID_AISHE_FORMAT
andhra-medical-college,Andhra Medical College,College,Andhra Pradesh,Visakhapatnam,Dr. YSR UHS,2020-21,UNVERIFIED,True,,1923,CEI-IN-7D6CB2C94942,INVALID_AISHE_FORMAT
iiit-kurnool,Indian Institute of Information Technology Design and Manufacturing Kurnool,College,Andhra Pradesh,Kurnool,,2020-21,UNVERIFIED,True,,2015,CEI-IN-5CF9CDB185F7,INVALID_AISHE_FORMAT
andhra-university,Andhra University,College,Andhra Pradesh,Visakhapatnam,,2020-21,UNVERIFIED,True,A++,1926,CEI-IN-E0027027DB2B,INVALID_AISHE_FORMAT
gayatri-vidya-parishad,Gayatri Vidya Parishad College of Engineering,College,Andhra Pradesh,Visakhapatnam,JNTU Kakinada,2020-21,UNVERIFIED,True,A,,CEI-IN-D8993B0DFAAD,INVALID_AISHE_FORMAT
indian-institute-of-petroleum--visakhapatnam,Indian Institute of Petroleum & Energy,College,Andhra Pradesh,Visakhapatnam,,2020-21,UNVERIFIED,True,,,CEI-IN-3533C7B138EF,INVALID_AISHE_FORMAT
jntu-anantapur,Jawaharlal Nehru Technological University Anantapur,College,Andhra Pradesh,Anantapur,,2020-21,UNVERIFIED,True,,1946,CEI-IN-146D1915AB3D,INVALID_AISHE_FORMAT
aditya-engineering-college-surampalem,Aditya Engineering College,College,Andhra Pradesh,Surampalem,,2020-21,UNVERIFIED,True,,,CEI-IN-84031FBAB6E4,INVALID_AISHE_FORMAT
iit-tirupati,Indian Institute of Technology Tirupati,College,Andhra Pradesh,Tirupati,,2020-21,UNVERIFIED,True,,2015,CEI-IN-DCE06542704F,INVALID_AISHE_FORMAT
gitam-visakhapatnam,Gandhi Institute of Technology and Management,College,Andhra Pradesh,Visakhapatnam,,2020-21,UNVERIFIED,True,A++,1980,CEI-IN-4D533074B04D,INVALID_AISHE_FORMAT
kurnool-medical-college,Kurnool Medical College,College,Andhra Pradesh,Kurnool,Dr. YSR UHS,2020-21,UNVERIFIED,True,,1957,CEI-IN-E55F42B2E462,INVALID_AISHE_FORMAT
koneru-lakshmaiah-education-fo-vaddeswaram,Koneru Lakshmaiah Education Foundation,College,Andhra Pradesh,Vaddeswaram,,2020-21,UNVERIFIED,True,,,CEI-IN-B3774EB76AA3,INVALID_AISHE_FORMAT
spa-vijayawada,School of Planning and Architecture Vijayawada,College,Andhra Pradesh,Krishna,,2020-21,UNVERIFIED,True,,2008,CEI-IN-C2079DFE18EA,INVALID_AISHE_FORMAT
jntu-kakinada,Jawaharlal Nehru Technological University Kakinada,College,Andhra Pradesh,Kakinada,,2020-21,UNVERIFIED,True,,1946,CEI-IN-219FC618D014,INVALID_AISHE_FORMAT
sri-krishnadevaraya-university,Sri Krishnadevaraya University,College,Andhra Pradesh,Anantapur,,2020-21,UNVERIFIED,True,,1981,CEI-IN-6A14AE4055FF,INVALID_AISHE_FORMAT
national-institute-of-technolo-tadepalligudem,National Institute of Technology Andhra Pradesh,College,Andhra Pradesh,Tadepalligudem,,2020-21,UNVERIFIED,True,,,CEI-IN-8BA8626B135C,INVALID_AISHE_FORMAT
godavari-institute-of-engineer-rajahmundry,Godavari Institute of Engineering & Technology,College,Andhra Pradesh,Rajahmundry,,2020-21,UNVERIFIED,True,,,CEI-IN-0CE2BB4485CF,INVALID_AISHE_FORMAT
spmvv-tirupati,Sri Padmavati Mahila Visvavidyalayam,College,Andhra Pradesh,Tirupati,,2020-21,UNVERIFIED,True,,1983,CEI-IN-7B3E5DB71049,INVALID_AISHE_FORMAT
damodaram-sanjivayya-nlu,Damodaram Sanjivayya National Law University,College,Andhra Pradesh,Visakhapatnam,,2020-21,UNVERIFIED,True,,2008,CEI-IN-BCD003211D73,INVALID_AISHE_FORMAT
svu-tirupati,Sri Venkateswara University,College,Andhra Pradesh,Tirupati,,2020-21,UNVERIFIED,True,A+,1954,CEI-IN-002461CA52B1,INVALID_AISHE_FORMAT
gmr-it-rajam,GMR Institute of Technology,College,Andhra Pradesh,Vizianagaram,JNTU Kakinada,2020-21,UNVERIFIED,True,A,,CEI-IN-E2726A9356C2,INVALID_AISHE_FORMAT
acharya-nagarjuna-university,Acharya Nagarjuna University,College,Andhra Pradesh,Guntur,,2020-21,UNVERIFIED,True,A,1976,CEI-IN-1943F1E98BD3,INVALID_AISHE_FORMAT
anits-visakhapatnam,Anil Neerukonda Institute of Technology and Sciences,College,Andhra Pradesh,Visakhapatnam,Andhra University,2020-21,UNVERIFIED,True,A,,CEI-IN-AE62F3F00DAE,INVALID_AISHE_FORMAT
aditya-institute-of-technology-tekkali,Aditya Institute of Technology and Management,College,Andhra Pradesh,Tekkali,,2020-21,UNVERIFIED,True,,,CEI-IN-6649694EC5AB,INVALID_AISHE_FORMAT
himalayan-university-itanagar,Himalayan University,College,Arunachal Pradesh,Papum Pare,,2020-21,UNVERIFIED,True,,2013,CEI-IN-D2D00A426987,INVALID_AISHE_FORMAT
rajiv-gandhi-university,Rajiv Gandhi University,College,Arunachal Pradesh,Papum Pare,,2020-21,UNVERIFIED,True,B,1984,CEI-IN-3496CF2B00F3,INVALID_AISHE_FORMAT
don-bosco-college-itanagar,Don Bosco College,College,Arunachal Pradesh,Papum Pare,Rajiv Gandhi University,2020-21,UNVERIFIED,True,,2002,CEI-IN-9EA011D38D2C,INVALID_AISHE_FORMAT
rf-govt-college-changlang,Rang Frah Government College,College,Arunachal Pradesh,Changlang,Rajiv Gandhi University,2020-21,UNVERIFIED,True,,1996,CEI-IN-531DB755B349,INVALID_AISHE_FORMAT
apex-professional-university,Apex Professional University,College,Arunachal Pradesh,East Siang,,2020-21,UNVERIFIED,True,,2013,CEI-IN-2CC3EBD3AE3B,INVALID_AISHE_FORMAT
igta-msu-ziro,Indira Gandhi Technological and Medical Sciences University,College,Arunachal Pradesh,Lower Subansiri,,2020-21,UNVERIFIED,True,,2012,CEI-IN-839A20E25DF8,INVALID_AISHE_FORMAT
iggc-tezu,Indira Gandhi Government College,College,Arunachal Pradesh,Lohit,Rajiv Gandhi University,2020-21,UNVERIFIED,True,,1986,CEI-IN-9A47C9C12798,INVALID_AISHE_FORMAT
arunachal-university-studies,Arunachal University of Studies,College,Arunachal Pradesh,Namsai,,2020-21,UNVERIFIED,True,,2012,CEI-IN-1A6B12E6E364,INVALID_AISHE_FORMAT
nit-arunachal-pradesh,National Institute of Technology Arunachal Pradesh,College,Arunachal Pradesh,Papum Pare,,2020-21,UNVERIFIED,True,,2010,CEI-IN-1973ABA7F2BF,INVALID_AISHE_FORMAT
govt-college-doimukh,Government College Doimukh,College,Arunachal Pradesh,Papum Pare,Rajiv Gandhi University,2020-21,UNVERIFIED,True,,2012,CEI-IN-9111352FEFF7,INVALID_AISHE_FORMAT
dngc-itanagar,Dera Natung Government College,College,Arunachal Pradesh,Papum Pare,Rajiv Gandhi University,2020-21,UNVERIFIED,True,B+,1979,CEI-IN-8FC03AFCEC62,INVALID_AISHE_FORMAT
govt-model-college-basar,Government Model College Basar,College,Arunachal Pradesh,Leparada,Rajiv Gandhi University,2020-21,UNVERIFIED,True,,2009,CEI-IN-661465612B84,INVALID_AISHE_FORMAT
saint-claret-college-ziro,Saint Claret College,College,Arunachal Pradesh,Lower Subansiri,Rajiv Gandhi University,2020-21,UNVERIFIED,True,A,2003,CEI-IN-8B8C132C0F47,INVALID_AISHE_FORMAT
nerist-itanagar,North Eastern Regional Institute of Science and Technology,College,Arunachal Pradesh,Papum Pare,,2020-21,UNVERIFIED,True,,1984,CEI-IN-5694056B843B,INVALID_AISHE_FORMAT
nftu-alo,North East Frontier Technical University,College,Arunachal Pradesh,West Siang,,2020-21,UNVERIFIED,True,,2014,CEI-IN-8DFB7E1F8499,INVALID_AISHE_FORMAT
national-institute-of-technolo-yupia,National Institute of Technology Arunachal Pradesh,College,Arunachal Pradesh,Yupia,,2020-21,UNVERIFIED,True,,,CEI-IN-79D909D0928D,INVALID_AISHE_FORMAT
wr-govt-college-deomali,Wangcha Rajkumar Government College,College,Arunachal Pradesh,Tirap,Rajiv Gandhi University,2020-21,UNVERIFIED,True,,1997,CEI-IN-7A328805F7F1,INVALID_AISHE_FORMAT
jn-college-pasighat,Jawaharlal Nehru College,College,Arunachal Pradesh,East Siang,Rajiv Gandhi University,2020-21,UNVERIFIED,True,A,1964,CEI-IN-E8F3DF3423B1,INVALID_AISHE_FORMAT
govt-college-bomdila,Government College Bomdila,College,Arunachal Pradesh,West Kameng,Rajiv Gandhi University,2020-21,UNVERIFIED,True,,1988,CEI-IN-D5FDBA29AD0B,INVALID_AISHE_FORMAT
jec-jorhat,Jorhat Engineering College,College,Assam,Jorhat,ASTU Guwahati,2020-21,UNVERIFIED,True,,1960,CEI-IN-00020E33F864,INVALID_AISHE_FORMAT
jb-law-college-guwahati,J.B. Law College,College,Assam,Kamrup Metro,Gauhati University,2020-21,UNVERIFIED,True,,,CEI-IN-7ACCDD399D9A,INVALID_AISHE_FORMAT
nlu-assam,"National Law University and Judicial Academy, Assam",College,Assam,Kamrup,,2020-21,UNVERIFIED,True,,2009,CEI-IN-A8D4AED06940,INVALID_AISHE_FORMAT
assam-medical-college-dibrugarh,Assam Medical College,College,Assam,Dibrugarh,SSUHS Guwahati,2020-21,UNVERIFIED,True,,1947,CEI-IN-AB476C4A82D4,INVALID_AISHE_FORMAT
gimt-guwahati,Girijananda Chowdhury Institute of Management and Technology,College,Assam,Kamrup Metro,ASTU Guwahati,2020-21,UNVERIFIED,True,,2006,CEI-IN-AFCA6468C44C,INVALID_AISHE_FORMAT
tezpur-university,Tezpur University,College,Assam,Sonitpur,,2020-21,UNVERIFIED,True,A+,1994,CEI-IN-9615692962A0,INVALID_AISHE_FORMAT
gauhati-university,Gauhati University,College,Assam,Kamrup Metro,,2020-21,UNVERIFIED,True,A,1948,CEI-IN-6761738A08B0,INVALID_AISHE_FORMAT
royal-global-university,The Assam Royal Global University,College,Assam,Kamrup Metro,,2020-21,UNVERIFIED,True,,2017,CEI-IN-76898547B4EB,INVALID_AISHE_FORMAT
ssuhs-guwahati,Srimanta Sankaradeva University of Health Sciences,College,Assam,Kamrup Metro,,2020-21,UNVERIFIED,True,,2009,CEI-IN-8FB9D5908881,INVALID_AISHE_FORMAT
nef-law-college,NEF Law College,College,Assam,Kamrup Metro,Gauhati University,2020-21,UNVERIFIED,True,,,CEI-IN-5523C09BC4AD,INVALID_AISHE_FORMAT
assam-agricultural-university,Assam Agricultural University,College,Assam,Jorhat,,2020-21,UNVERIFIED,True,,1969,CEI-IN-4A5A9E275428,INVALID_AISHE_FORMAT
silchar-medical-college,Silchar Medical College and Hospital,College,Assam,Cachar,SSUHS Guwahati,2020-21,UNVERIFIED,True,,1968,CEI-IN-BBCAECC04419,INVALID_AISHE_FORMAT
astu-guwahati,Assam Science and Technology University,College,Assam,Kamrup Metro,,2020-21,UNVERIFIED,True,,2010,CEI-IN-28B13358D401,INVALID_AISHE_FORMAT
iit-guwahati,Indian Institute of Technology Guwahati,College,Assam,Kamrup,,2020-21,UNVERIFIED,True,,1994,CEI-IN-A09C5341AA13,INVALID_AISHE_FORMAT
bodoland-university,Bodoland University,College,Assam,Kokrajhar,,2020-21,UNVERIFIED,True,,2009,CEI-IN-574060A5D58D,INVALID_AISHE_FORMAT
national-institute-of-technolo-silchar,National Institute of Technology Silchar,College,Assam,Silchar,,2020-21,UNVERIFIED,True,,,CEI-IN-5E3C31CF0411,INVALID_AISHE_FORMAT
dibrugarh-university,Dibrugarh University,College,Assam,Dibrugarh,,2020-21,UNVERIFIED,True,A,1965,CEI-IN-448C107985EB,INVALID_AISHE_FORMAT
assam-university-silchar,Assam University,College,Assam,Cachar,,2020-21,UNVERIFIED,True,B,1994,CEI-IN-D3B75AC01F54,INVALID_AISHE_FORMAT
nit-silchar,National Institute of Technology Silchar,College,Assam,Cachar,,2020-21,UNVERIFIED,True,,1967,CEI-IN-78AB60C2A7DA,INVALID_AISHE_FORMAT
cotton-university,Cotton University,College,Assam,Kamrup Metro,,2020-21,UNVERIFIED,True,,2017,CEI-IN-BE6865DED2BC,INVALID_AISHE_FORMAT
don-bosco-university,Assam Don Bosco University,College,Assam,Kamrup Metro,,2020-21,UNVERIFIED,True,A,2008,CEI-IN-F79EA2D0E0C2,INVALID_AISHE_FORMAT
assam-down-town-university,Assam Down Town University,College,Assam,Kamrup Metro,,2020-21,UNVERIFIED,True,B,2010,CEI-IN-84E5B16DDA94,INVALID_AISHE_FORMAT
bbec-kokrajhar,Bineswar Brahma Engineering College,College,Assam,Kokrajhar,ASTU Guwahati,2020-21,UNVERIFIED,True,,2010,CEI-IN-F2F92466251A,INVALID_AISHE_FORMAT
jorhat-medical-college,Jorhat Medical College and Hospital,College,Assam,Jorhat,SSUHS Guwahati,2020-21,UNVERIFIED,True,,2009,CEI-IN-49B48504EC95,INVALID_AISHE_FORMAT
aec-guwahati,Assam Engineering College,College,Assam,Kamrup Metro,ASTU Guwahati,2020-21,UNVERIFIED,True,,1955,CEI-IN-6C0513E3B4AF,INVALID_AISHE_FORMAT
jist-jorhat,Jorhat Institute of Science and Technology,College,Assam,Jorhat,ASTU Guwahati,2020-21,UNVERIFIED,True,,1971,CEI-IN-3221CED9AF73,INVALID_AISHE_FORMAT
gauhati-medical-college,Gauhati Medical College and Hospital,College,Assam,Kamrup Metro,SSUHS Guwahati,2020-21,UNVERIFIED,True,,1960,CEI-IN-B7F53322FEB1,INVALID_AISHE_FORMAT
indian-institute-of-technology-guwahati,Indian Institute of Technology Guwahati,College,Assam,Guwahati,,2020-21,UNVERIFIED,True,,,CEI-IN-720C337D0B0D,INVALID_AISHE_FORMAT
kaziranga-university,The Assam Kaziranga University,College,Assam,Jorhat,,2020-21,UNVERIFIED,True,,2012,CEI-IN-4A6428CF0D83,INVALID_AISHE_FORMAT
igims-patna,Indira Gandhi Institute of Medical Sciences,College,Bihar,Patna,,2020-21,UNVERIFIED,True,,1983,CEI-IN-51A5BCD0C3AE,INVALID_AISHE_FORMAT
indian-institute-of-technology-patna,Indian Institute of Technology Patna,College,Bihar,Patna,,2020-21,UNVERIFIED,True,,,CEI-IN-488E46BFED8D,INVALID_AISHE_FORMAT
nalanda-university,Nalanda University,College,Bihar,Nalanda,,2020-21,UNVERIFIED,True,,2010,CEI-IN-8E456666D5FD,INVALID_AISHE_FORMAT
bce-patna,Bakhtiyarpur College of Engineering,College,Bihar,Patna,Bihar Engineering University,2020-21,UNVERIFIED,True,,2016,CEI-IN-D1A22C145E6F,INVALID_AISHE_FORMAT
lnce-motihari,Motihari College of Engineering,College,Bihar,East Champaran,Bihar Engineering University,2020-21,UNVERIFIED,True,,2008,CEI-IN-F16871E05F8A,INVALID_AISHE_FORMAT
aku-patna,Aryabhatta Knowledge University,College,Bihar,Patna,,2020-21,UNVERIFIED,True,,2010,CEI-IN-BF474E9E3DAE,INVALID_AISHE_FORMAT
iit-patna,Indian Institute of Technology Patna,College,Bihar,Patna,,2020-21,UNVERIFIED,True,,2008,CEI-IN-F337502D5E90,INVALID_AISHE_FORMAT
iim-bodh-gaya,Indian Institute of Management Bodh Gaya,College,Bihar,Gaya,,2020-21,UNVERIFIED,True,,2015,CEI-IN-5BA9CCB702A8,INVALID_AISHE_FORMAT
iiit-bhagalpur,Indian Institute of Information Technology Bhagalpur,College,Bihar,Bhagalpur,,2020-21,UNVERIFIED,True,,2017,CEI-IN-3BFE289B981C,INVALID_AISHE_FORMAT
mit-muzaffarpur,Muzaffarpur Institute of Technology,College,Bihar,Muzaffarpur,Bihar Engineering University,2020-21,UNVERIFIED,True,,1954,CEI-IN-1CD272AB8819,INVALID_AISHE_FORMAT
tmbu-bhagalpur,Tilka Manjhi Bhagalpur University,College,Bihar,Bhagalpur,,2020-21,UNVERIFIED,True,,1960,CEI-IN-0037A34DEFFC,INVALID_AISHE_FORMAT
magadh-university,Magadh University,College,Bihar,Gaya,,2020-21,UNVERIFIED,True,,1962,CEI-IN-818969CEB57F,INVALID_AISHE_FORMAT
cnlu-patna,Chanakya National Law University,College,Bihar,Patna,,2020-21,UNVERIFIED,True,,2006,CEI-IN-AA36A83CCDFA,INVALID_AISHE_FORMAT
basu-patna,Bihar Animal Sciences University,College,Bihar,Patna,,2020-21,UNVERIFIED,True,,2016,CEI-IN-8AE8E7CE1A44,INVALID_AISHE_FORMAT
bau-sabour,Bihar Agricultural University,College,Bihar,Bhagalpur,,2020-21,UNVERIFIED,True,,2010,CEI-IN-6639C54B9AA3,INVALID_AISHE_FORMAT
lnmu-darbhanga,Lalit Narayan Mithila University,College,Bihar,Darbhanga,,2020-21,UNVERIFIED,True,,1972,CEI-IN-1C4A8EB96D86,INVALID_AISHE_FORMAT
aiims-patna,All India Institute of Medical Sciences Patna,College,Bihar,Patna,,2020-21,UNVERIFIED,True,,2012,CEI-IN-1219E90B9F3B,INVALID_AISHE_FORMAT
dmch-darbhanga,Darbhanga Medical College and Hospital,College,Bihar,Darbhanga,Aryabhatta Knowledge University,2020-21,UNVERIFIED,True,,1946,CEI-IN-BEC01FD8BF03,INVALID_AISHE_FORMAT
central-uni-south-bihar,Central University of South Bihar,College,Bihar,Gaya,,2020-21,UNVERIFIED,True,A++,2009,CEI-IN-EAF0149FC289,INVALID_AISHE_FORMAT
nce-chandi,Nalanda College of Engineering,College,Bihar,Nalanda,Bihar Engineering University,2020-21,UNVERIFIED,True,,2008,CEI-IN-52CBCD759E68,INVALID_AISHE_FORMAT
national-institute-of-technolo-patna,National Institute of Technology Patna,College,Bihar,Patna,,2020-21,UNVERIFIED,True,,,CEI-IN-E3F94FEB96F2,INVALID_AISHE_FORMAT
drpca-pusa,Dr. Rajendra Prasad Central Agricultural University,College,Bihar,Samastipur,,2020-21,UNVERIFIED,True,,1970,CEI-IN-4BDEAA24FDCC,INVALID_AISHE_FORMAT
cimp-patna,Chandragupt Institute of Management Patna,College,Bihar,Patna,,2020-21,UNVERIFIED,True,,2008,CEI-IN-3164353403DB,INVALID_AISHE_FORMAT
pmch-patna,Patna Medical College and Hospital,College,Bihar,Patna,Aryabhatta Knowledge University,2020-21,UNVERIFIED,True,,1925,CEI-IN-2669A71F9DD8,INVALID_AISHE_FORMAT
niper-hajipur,National Institute of Pharmaceutical Education and Research Hajipur,College,Bihar,Vaishali,,2020-21,UNVERIFIED,True,,2007,CEI-IN-7F442532CD63,INVALID_AISHE_FORMAT
bce-bhagalpur,Bhagalpur College of Engineering,College,Bihar,Bhagalpur,Bihar Engineering University,2020-21,UNVERIFIED,True,,1960,CEI-IN-9B09052A30D2,INVALID_AISHE_FORMAT
patna-university,Patna University,College,Bihar,Patna,,2020-21,UNVERIFIED,True,B+,1917,CEI-IN-A99B81F350ED,INVALID_AISHE_FORMAT
nmch-patna,Nalanda Medical College and Hospital,College,Bihar,Patna,Aryabhatta Knowledge University,2020-21,UNVERIFIED,True,,1970,CEI-IN-E7F800BD8E5D,INVALID_AISHE_FORMAT
gce-gaya,Gaya College of Engineering,College,Bihar,Gaya,Bihar Engineering University,2020-21,UNVERIFIED,True,,1981,CEI-IN-335900E581AB,INVALID_AISHE_FORMAT
skmch-muzaffarpur,Sri Krishna Medical College and Hospital,College,Bihar,Muzaffarpur,Aryabhatta Knowledge University,2020-21,UNVERIFIED,True,,1970,CEI-IN-D18D23E6934D,INVALID_AISHE_FORMAT
nit-patna,National Institute of Technology Patna,College,Bihar,Patna,,2020-21,UNVERIFIED,True,,2004,CEI-IN-1A86808DEF58,INVALID_AISHE_FORMAT
patna-womens-college,Patna Women's College (Autonomous),College,Bihar,Patna,Patna University,2020-21,UNVERIFIED,True,A,1940,CEI-IN-1BBABF3B6C9A,INVALID_AISHE_FORMAT
chandigarh-college-of-engineering-technology-degree,Chandigarh College of Engineering and Technology (Degree Wing),College,Chandigarh,Chandigarh,Panjab University,2020-21,UNVERIFIED,True,NA,2002,CEI-IN-9C8188BD9040,INVALID_AISHE_FORMAT
guru-gobind-singh-college-for-women,Guru Gobind Singh College for Women,College,Chandigarh,Chandigarh,Panjab University,2020-21,UNVERIFIED,True,NA,1973,CEI-IN-B223E99894A4,INVALID_AISHE_FORMAT
chandigarh-college-of-architecture,Chandigarh College of Architecture,College,Chandigarh,Chandigarh,Panjab University,2020-21,UNVERIFIED,True,NA,1961,CEI-IN-3F9EB4B03039,INVALID_AISHE_FORMAT
post-graduate-government-college-for-girls-sector-11,"Post Graduate Government College for Girls, Sector 11",College,Chandigarh,Chandigarh,Panjab University,2020-21,UNVERIFIED,True,A,1956,CEI-IN-8BEDA81BC91F,INVALID_AISHE_FORMAT
government-polytechnic-for-women-chandigarh,Government Polytechnic for Women,College,Chandigarh,Chandigarh,PSBTE & IT,2020-21,UNVERIFIED,True,NA,1962,CEI-IN-A98514973617,INVALID_AISHE_FORMAT
govt-medical-college-hospital-chandigarh,"Government Medical College and Hospital, Chandigarh",College,Chandigarh,Chandigarh,Panjab University,2020-21,UNVERIFIED,True,NA,1991,CEI-IN-A1536037EF3F,INVALID_AISHE_FORMAT
pgimer-chandigarh,Postgraduate Institute of Medical Education and Research,College,Chandigarh,Chandigarh,,2020-21,UNVERIFIED,True,NA,1962,CEI-IN-B86B68B72D2D,INVALID_AISHE_FORMAT
sri-guru-gobind-singh-college,Sri Guru Gobind Singh College,College,Chandigarh,Chandigarh,Panjab University,2020-21,UNVERIFIED,True,A,1966,CEI-IN-7DB4B895D0F9,INVALID_AISHE_FORMAT
chandigarh-college-engineering-technology-diploma,Chandigarh College of Engineering and Technology (Diploma Wing),College,Chandigarh,Chandigarh,PSBTE & IT,2020-21,UNVERIFIED,True,NA,1959,CEI-IN-A4BE54E9538F,INVALID_AISHE_FORMAT
government-college-of-education-chandigarh,Government College of Education,College,Chandigarh,Chandigarh,Panjab University,2020-21,UNVERIFIED,True,A,1954,CEI-IN-C9573B8795A7,INVALID_AISHE_FORMAT
post-graduate-government-college-sector-46,"Post Graduate Government College, Sector 46",College,Chandigarh,Chandigarh,Panjab University,2020-21,UNVERIFIED,True,A,1982,CEI-IN-39C2F0DBE952,INVALID_AISHE_FORMAT
goswami-ganesh-dutta-sd-college,Goswami Ganesh Dutta Sanatan Dharma College,College,Chandigarh,Chandigarh,Panjab University,2020-21,UNVERIFIED,True,A+,1973,CEI-IN-8710FB856ADD,INVALID_AISHE_FORMAT
government-college-of-art-chandigarh,Government College of Art,College,Chandigarh,Chandigarh,Panjab University,2020-21,UNVERIFIED,True,NA,1951,CEI-IN-B5CD0577161B,INVALID_AISHE_FORMAT
govt-college-commerce-business-administration,Government College of Commerce and Business Administration,College,Chandigarh,Chandigarh,Panjab University,2020-21,UNVERIFIED,True,NA,2006,CEI-IN-341D4CB4F124,INVALID_AISHE_FORMAT
government-home-science-college-chandigarh,Government Home Science College,College,Chandigarh,Chandigarh,Panjab University,2020-21,UNVERIFIED,True,A,1961,CEI-IN-4AA1F86AEB07,INVALID_AISHE_FORMAT
dev-samaj-college-for-women-45,Dev Samaj College for Women,College,Chandigarh,Chandigarh,Panjab University,2020-21,UNVERIFIED,True,A,1982,CEI-IN-C07D1E2A2D99,INVALID_AISHE_FORMAT
panjab-university-chandigarh,Panjab University,College,Chandigarh,Chandigarh,UGC,2020-21,UNVERIFIED,True,A++,1882,CEI-IN-797B1B0D120B,INVALID_AISHE_FORMAT
punjab-engineering-college,Punjab Engineering College (Deemed to be University),College,Chandigarh,Chandigarh,UGC - Deemed University,2020-21,UNVERIFIED,True,NA,1921,CEI-IN-9D4FBC7E8DF1,INVALID_AISHE_FORMAT
dav-college-sector-10,"DAV College, Sector 10",College,Chandigarh,Chandigarh,Panjab University,2020-21,UNVERIFIED,True,A,1958,CEI-IN-0D1348A5C537,INVALID_AISHE_FORMAT
post-graduate-government-college-for-girls-sector-42,"Post Graduate Government College for Girls, Sector 42",College,Chandigarh,Chandigarh,Panjab University,2020-21,UNVERIFIED,True,A,1982,CEI-IN-04516CB00B69,INVALID_AISHE_FORMAT
ihm-chandigarh,Dr. Ambedkar Institute of Hotel Management Catering and Nutrition,College,Chandigarh,Chandigarh,NCHMCT,2020-21,UNVERIFIED,True,NA,1990,CEI-IN-E535E01AD338,INVALID_AISHE_FORMAT
mcm-dav-college-for-women,Mehr Chand Mahajan DAV College for Women,College,Chandigarh,Chandigarh,Panjab University,2020-21,UNVERIFIED,True,A,1968,CEI-IN-B95B5556C84A,INVALID_AISHE_FORMAT
post-graduate-government-college-sector-11,"Post Graduate Government College, Sector 11",College,Chandigarh,Chandigarh,Panjab University,2020-21,UNVERIFIED,True,A,1953,CEI-IN-D0E482A40638,INVALID_AISHE_FORMAT
nitttr-chandigarh,National Institute of Technical Teachers Training and Research,College,Chandigarh,Chandigarh,Deemed University,2020-21,UNVERIFIED,True,NA,1967,CEI-IN-C27EE060CBC0,INVALID_AISHE_FORMAT
ktuje-raipur,Kushabhau Thakre Patrakarita Avam Jansanchar Vishwavidyalaya,College,Chhattisgarh,Raipur,,2020-21,UNVERIFIED,True,,2005,CEI-IN-469F745B3ACD,INVALID_AISHE_FORMAT
bit-durg,Bhilai Institute of Technology,College,Chhattisgarh,Durg,CSVTU Bhilai,2020-21,UNVERIFIED,True,,1986,CEI-IN-7C0361A3809E,INVALID_AISHE_FORMAT
pt-ravishankar-shukla-uni,Pt. Ravishankar Shukla University,College,Chhattisgarh,Raipur,,2020-21,UNVERIFIED,True,A,1964,CEI-IN-4CBB080D23CB,INVALID_AISHE_FORMAT
gmc-jagdalpur,Late Baliram Kashyap Memorial Government Medical College,College,Chhattisgarh,Bastar,Ayush University,2020-21,UNVERIFIED,True,,2006,CEI-IN-DE60385348D3,INVALID_AISHE_FORMAT
rcet-bhilai,Rungta College of Engineering and Technology,College,Chhattisgarh,Durg,CSVTU Bhilai,2020-21,UNVERIFIED,True,,,CEI-IN-88B1BDA8D03D,INVALID_AISHE_FORMAT
kalinga-university,Kalinga University,College,Chhattisgarh,Raipur,,2020-21,UNVERIFIED,True,,2013,CEI-IN-C9BBBC8E58F7,INVALID_AISHE_FORMAT
guru-ghasidas-vishwavidyalaya,Guru Ghasidas Vishwavidyalaya,College,Chhattisgarh,Bilaspur,,2020-21,UNVERIFIED,True,B+,1983,CEI-IN-3F0F81B53913,INVALID_AISHE_FORMAT
op-jindal-uni,OP Jindal University,College,Chhattisgarh,Raigarh,,2020-21,UNVERIFIED,True,,2014,CEI-IN-931E8D6E73B8,INVALID_AISHE_FORMAT
csvtu-bhilai,Chhattisgarh Swami Vivekanand Technical University,College,Chhattisgarh,Durg,,2020-21,UNVERIFIED,True,,2005,CEI-IN-9FEEB880B2DE,INVALID_AISHE_FORMAT
gec-raipur,Government Engineering College Raipur,College,Chhattisgarh,Raipur,CSVTU Bhilai,2020-21,UNVERIFIED,True,,2006,CEI-IN-F62DE346B7FE,INVALID_AISHE_FORMAT
cmd-college-bilaspur,C.M. Dubey Post Graduate College,College,Chhattisgarh,Bilaspur,Atal Bihari Vajpayee Vishwavidyalaya,2020-21,UNVERIFIED,True,,,CEI-IN-233510334639,INVALID_AISHE_FORMAT
aiims-raipur,All India Institute of Medical Sciences Raipur,College,Chhattisgarh,Raipur,,2020-21,UNVERIFIED,True,,2012,CEI-IN-6769886F81CB,INVALID_AISHE_FORMAT
igkv-raipur,Indira Gandhi Krishi Vishwavidyalaya,College,Chhattisgarh,Raipur,,2020-21,UNVERIFIED,True,,1987,CEI-IN-571DAA1484AB,INVALID_AISHE_FORMAT
gec-bilaspur,Government Engineering College Bilaspur,College,Chhattisgarh,Bilaspur,CSVTU Bhilai,2020-21,UNVERIFIED,True,,1964,CEI-IN-B811E6EEA0DB,INVALID_AISHE_FORMAT
gec-jagdalpur,Government Engineering College Jagdalpur,College,Chhattisgarh,Bastar,CSVTU Bhilai,2020-21,UNVERIFIED,True,,1983,CEI-IN-AE0FD071FB0B,INVALID_AISHE_FORMAT
ssipmt-raipur,Shri Shankaracharya Institute of Professional Management and Technology,College,Chhattisgarh,Raipur,CSVTU Bhilai,2020-21,UNVERIFIED,True,A,,CEI-IN-A013BE0BCB65,INVALID_AISHE_FORMAT
bastar-university,Shaheed Mahendra Karma Vishwavidyalaya,College,Chhattisgarh,Bastar,,2020-21,UNVERIFIED,True,,2008,CEI-IN-72730F38B4D7,INVALID_AISHE_FORMAT
iim-raipur,Indian Institute of Management Raipur,College,Chhattisgarh,Raipur,,2020-21,UNVERIFIED,True,,2010,CEI-IN-1A51CE46826A,INVALID_AISHE_FORMAT
cims-bilaspur,Chhattisgarh Institute of Medical Sciences,College,Chhattisgarh,Bilaspur,Ayush University,2020-21,UNVERIFIED,True,,2001,CEI-IN-A093054DC105,INVALID_AISHE_FORMAT
hnlu-raipur,Hidayatullah National Law University,College,Chhattisgarh,Raipur,,2020-21,UNVERIFIED,True,,2003,CEI-IN-840F77DF9E55,INVALID_AISHE_FORMAT
iiit-naya-raipur,Dr. Shyama Prasad Mukherjee International Institute of Information Technology Naya Raipur,College,Chhattisgarh,Raipur,,2020-21,UNVERIFIED,True,,2013,CEI-IN-7C8FE93CAFC5,INVALID_AISHE_FORMAT
amity-raipur,Amity University Chhattisgarh,College,Chhattisgarh,Raipur,,2020-21,UNVERIFIED,True,,2014,CEI-IN-DC696912BE32,INVALID_AISHE_FORMAT
mats-university,MATS University,College,Chhattisgarh,Raipur,,2020-21,UNVERIFIED,True,,2006,CEI-IN-0F4C3F03DA78,INVALID_AISHE_FORMAT
cv-raman-uni,Dr. C.V. Raman University,College,Chhattisgarh,Bilaspur,,2020-21,UNVERIFIED,True,,2006,CEI-IN-957121337FFF,INVALID_AISHE_FORMAT
sarguja-university,Sant Gahira Guru Vishwavidyalaya,College,Chhattisgarh,Surguja,,2020-21,UNVERIFIED,True,,2008,CEI-IN-FDD08E71E80D,INVALID_AISHE_FORMAT
nit-raipur,National Institute of Technology Raipur,College,Chhattisgarh,Raipur,,2020-21,UNVERIFIED,True,,1956,CEI-IN-568B0BAC34C9,INVALID_AISHE_FORMAT
national-institute-of-technolo-raipur,National Institute of Technology Raipur,College,Chhattisgarh,Raipur,,2020-21,UNVERIFIED,True,,,CEI-IN-CDAFA13EBB3D,INVALID_AISHE_FORMAT
iit-bhilai,Indian Institute of Technology Bhilai,College,Chhattisgarh,Durg,,2020-21,UNVERIFIED,True,,2016,CEI-IN-194ED68B9FC4,INVALID_AISHE_FORMAT
pt-jnm-medical-college,Pt. Jawahar Lal Nehru Memorial Medical College,College,Chhattisgarh,Raipur,Ayush University,2020-21,UNVERIFIED,True,,1963,CEI-IN-56894E766D84,INVALID_AISHE_FORMAT
itm-university-raipur,ITM University Raipur,College,Chhattisgarh,Raipur,,2020-21,UNVERIFIED,True,,2012,CEI-IN-8F73BDB1143E,INVALID_AISHE_FORMAT
govt-science-college-raipur,Government Nagarjuna Post Graduate College of Science,College,Chhattisgarh,Raipur,Pt. Ravishankar Shukla University,2020-21,UNVERIFIED,True,,,CEI-IN-F1D3091883A4,INVALID_AISHE_FORMAT
ayush-uni-raipur,Pt. Deendayal Upadhyay Memorial Health Sciences and Ayush University,College,Chhattisgarh,Raipur,,2020-21,UNVERIFIED,True,,2008,CEI-IN-7FD00C5EFEA7,INVALID_AISHE_FORMAT
icfai-raipur,ICFAI University Raipur,College,Chhattisgarh,Durg,,2020-21,UNVERIFIED,True,,2011,CEI-IN-2DF75FAF2A25,INVALID_AISHE_FORMAT
iiit-vadodara-diu-campus,Indian Institute of Information Technology Vadodara - International Campus Diu,College,Dadra and Nagar Haveli and Daman and Diu,Diu,,2020-21,UNVERIFIED,True,NA,2020,CEI-IN-AB5D21B355CA,INVALID_AISHE_FORMAT
ssr-college-of-arts-commerce-science,"SSR College of Arts, Commerce and Science",College,Dadra and Nagar Haveli and Daman and Diu,Dadra and Nagar Haveli,Savitribai Phule Pune University,2020-21,UNVERIFIED,True,A,2006,CEI-IN-679F18980F6F,INVALID_AISHE_FORMAT
ssr-institute-of-management-research,SSR Institute of Management and Research,College,Dadra and Nagar Haveli and Daman and Diu,Dadra and Nagar Haveli,Savitribai Phule Pune University,2020-21,UNVERIFIED,True,NA,2008,CEI-IN-A13F52CFD7B4,INVALID_AISHE_FORMAT
ssr-college-of-education,SSR College of Education,College,Dadra and Nagar Haveli and Daman and Diu,Dadra and Nagar Haveli,Savitribai Phule Pune University,2020-21,UNVERIFIED,True,NA,2007,CEI-IN-EFB69E947F64,INVALID_AISHE_FORMAT
nift-daman,National Institute of Fashion Technology Daman,College,Dadra and Nagar Haveli and Daman and Diu,Daman,Ministry of Textiles,2020-21,UNVERIFIED,True,NA,2022,CEI-IN-2A5C3F468BDA,INVALID_AISHE_FORMAT
government-college-daman,"Government College, Daman",College,Dadra and Nagar Haveli and Daman and Diu,Daman,Veer Narmad South Gujarat University,2020-21,UNVERIFIED,True,B,1966,CEI-IN-44D8E034E618,INVALID_AISHE_FORMAT
government-polytechnic-diu,"Government Polytechnic, Diu",College,Dadra and Nagar Haveli and Daman and Diu,Diu,Gujarat Technological University,2020-21,UNVERIFIED,True,NA,2014,CEI-IN-3A560436D630,INVALID_AISHE_FORMAT
college-of-nursing-daman,"College of Nursing, Daman",College,Dadra and Nagar Haveli and Daman and Diu,Daman,Veer Narmad South Gujarat University,2020-21,UNVERIFIED,True,NA,2017,CEI-IN-A01C79BDF30D,INVALID_AISHE_FORMAT
dr-bba-government-polytechnic,Dr. B.B.A. Government Polytechnic,College,Dadra and Nagar Haveli and Daman and Diu,Dadra and Nagar Haveli,Gujarat Technological University,2020-21,UNVERIFIED,True,NA,1994,CEI-IN-C9C7504AFC12,INVALID_AISHE_FORMAT
vaidik-dental-college-and-research-centre,Vaidik Dental College and Research Centre,College,Dadra and Nagar Haveli and Daman and Diu,Daman,Veer Narmad South Gujarat University,2020-21,UNVERIFIED,True,NA,2009,CEI-IN-D4CEB3A827F2,INVALID_AISHE_FORMAT
namo-medical-education-and-research-institute,Namo Medical Education and Research Institute,College,Dadra and Nagar Haveli and Daman and Diu,Dadra and Nagar Haveli,Veer Narmad South Gujarat University,2020-21,UNVERIFIED,True,NA,2019,CEI-IN-C2075A8FA960,INVALID_AISHE_FORMAT
government-nursing-college-silvassa,"Government College of Nursing, Silvassa",College,Dadra and Nagar Haveli and Daman and Diu,Dadra and Nagar Haveli,Veer Narmad South Gujarat University,2020-21,UNVERIFIED,True,NA,2009,CEI-IN-F671F96B4AA0,INVALID_AISHE_FORMAT
government-college-diu,"Government College, Diu",College,Dadra and Nagar Haveli and Daman and Diu,Diu,Bhakta Kavi Narsinh Mehta University,2020-21,UNVERIFIED,True,NA,2013,CEI-IN-421828A149A4,INVALID_AISHE_FORMAT
government-polytechnic-daman,"Government Polytechnic, Daman",College,Dadra and Nagar Haveli and Daman and Diu,Daman,Gujarat Technological University,2020-21,UNVERIFIED,True,NA,1989,CEI-IN-D31AD673232F,INVALID_AISHE_FORMAT
ttti-daman,Technical Training Institute Daman,College,Dadra and Nagar Haveli and Daman and Diu,Daman,SCVT,2020-21,UNVERIFIED,True,NA,1978,CEI-IN-279F0A0DDB8D,INVALID_AISHE_FORMAT
government-college-silvassa,Dr. A.P.J. Abdul Kalam Government College,College,Dadra and Nagar Haveli and Daman and Diu,Dadra and Nagar Haveli,Gujarat University,2020-21,UNVERIFIED,True,B,2011,CEI-IN-7F99BA6369AE,INVALID_AISHE_FORMAT
ssr-college-of-pharmacy,SSR College of Pharmacy,College,Dadra and Nagar Haveli and Daman and Diu,Dadra and Nagar Haveli,Savitribai Phule Pune University,2020-21,UNVERIFIED,True,NA,2007,CEI-IN-9945315BB5EA,INVALID_AISHE_FORMAT
ihm-silvassa,"Institute of Hotel Management Catering Technology & Applied Nutrition, Silvassa",College,Dadra and Nagar Haveli and Daman and Diu,Dadra and Nagar Haveli,NCHMCT,2020-21,UNVERIFIED,True,NA,2010,CEI-IN-E0F3B900227E,INVALID_AISHE_FORMAT
hindu-college-delhi,Hindu College,College,Delhi,North Delhi,University of Delhi,2020-21,UNVERIFIED,True,A++,1899,CEI-IN-F24301316B8E,INVALID_AISHE_FORMAT
indian-institute-of-technology-new-delhi,Indian Institute of Technology Delhi,College,Delhi,New Delhi,,2020-21,UNVERIFIED,True,,,CEI-IN-5B077F828D74,INVALID_AISHE_FORMAT
jamia-millia-islamia-new-delhi,Jamia Millia Islamia,College,Delhi,New Delhi,,2020-21,UNVERIFIED,True,,,CEI-IN-4012F6CA07F0,INVALID_AISHE_FORMAT
national-institute-of-technolo-new-delhi,National Institute of Technology Delhi,College,Delhi,New Delhi,,2020-21,UNVERIFIED,True,,,CEI-IN-CB42D0AA128C,INVALID_AISHE_FORMAT
maulana-azad-medical-college,Maulana Azad Medical College,College,Delhi,Central Delhi,University of Delhi,2020-21,UNVERIFIED,True,NA,1959,CEI-IN-8025DCAE9546,INVALID_AISHE_FORMAT
guru-gobind-singh-indraprastha-new-delhi,Guru Gobind Singh Indraprastha University,College,Delhi,New Delhi,,2020-21,UNVERIFIED,True,,,CEI-IN-B7712EE51FD6,INVALID_AISHE_FORMAT
adgitm-delhi,Dr. Akhilesh Das Gupta Institute of Technology & Management,College,Delhi,Shastri Park,,2020-21,UNVERIFIED,True,,,CEI-IN-19E1E753F7A1,INVALID_AISHE_FORMAT
university-of-delhi,University of Delhi,College,Delhi,North Delhi,UGC,2020-21,UNVERIFIED,True,A+,1922,CEI-IN-466A3576B71B,INVALID_AISHE_FORMAT
vardhman-mahavir-medical-college,Vardhman Mahavir Medical College & Safdarjung Hospital,College,Delhi,South West Delhi,GGSIPU,2020-21,UNVERIFIED,True,NA,2001,CEI-IN-2C408F3AE293,INVALID_AISHE_FORMAT
iiit-delhi,Indraprastha Institute of Information Technology Delhi,College,Delhi,South East Delhi,UGC,2020-21,UNVERIFIED,True,A,2008,CEI-IN-8D7390C39876,INVALID_AISHE_FORMAT
miranda-house,Miranda House,College,Delhi,North Delhi,University of Delhi,2020-21,UNVERIFIED,True,A++,1948,CEI-IN-76FC08FD209B,INVALID_AISHE_FORMAT
school-of-planning-and-architecture-delhi,"School of Planning and Architecture, New Delhi",College,Delhi,Central Delhi,,2020-21,UNVERIFIED,True,NA,1941,CEI-IN-7ED16C0143D9,INVALID_AISHE_FORMAT
nsut-delhi,Netaji Subhas University of Technology,College,Delhi,Dwarka Sector 3,,2020-21,UNVERIFIED,True,,,CEI-IN-4AE31935929E,INVALID_AISHE_FORMAT
msit-delhi,Maharaja Surajmal Institute of Technology,College,Delhi,Janakpuri,,2020-21,UNVERIFIED,True,,,CEI-IN-F2A406619948,INVALID_AISHE_FORMAT
shri-ram-college-of-commerce,Shri Ram College of Commerce,College,Delhi,North Delhi,University of Delhi,2020-21,UNVERIFIED,True,A++,1926,CEI-IN-0DD7A4E9991E,INVALID_AISHE_FORMAT
netaji-subhas-university-of-technology,Netaji Subhas University of Technology,College,Delhi,South West Delhi,UGC,2020-21,UNVERIFIED,True,A,1983,CEI-IN-83DA67EF47E2,INVALID_AISHE_FORMAT
delhi-technological-university-new-delhi,Delhi Technological University,College,Delhi,New Delhi,,2020-21,UNVERIFIED,True,,,CEI-IN-B7796A92F416,INVALID_AISHE_FORMAT
aiims-new-delhi,"All India Institute of Medical Sciences, New Delhi",College,Delhi,South Delhi,,2020-21,UNVERIFIED,True,NA,1956,CEI-IN-48A0F7E33E23,INVALID_AISHE_FORMAT
netaji-subhas-university-of-te-new-delhi,Netaji Subhas University of Technology,College,Delhi,New Delhi,,2020-21,UNVERIFIED,True,,,CEI-IN-6ADAB3D15E8F,INVALID_AISHE_FORMAT
bharati-vidyapeeths-college-of-new-delhi,Bharati Vidyapeeth's College of Engineering,College,Delhi,New Delhi,,2020-21,UNVERIFIED,True,,,CEI-IN-EBBF2EBE016C,INVALID_AISHE_FORMAT
jamia-millia-islamia,Jamia Millia Islamia,College,Delhi,South East Delhi,UGC,2020-21,UNVERIFIED,True,A++,1920,CEI-IN-9AE62BE69749,INVALID_AISHE_FORMAT
national-law-university-delhi,"National Law University, Delhi",College,Delhi,South West Delhi,Bar Council of India,2020-21,UNVERIFIED,True,A,2008,CEI-IN-B69064C1DDD9,INVALID_AISHE_FORMAT
iit-delhi,Indian Institute of Technology Delhi,College,Delhi,South Delhi,,2020-21,UNVERIFIED,True,NA,1961,CEI-IN-DEE050935DD5,INVALID_AISHE_FORMAT
ambedkar-university-delhi,Dr. B.R. Ambedkar University Delhi,College,Delhi,Central Delhi,UGC,2020-21,UNVERIFIED,True,B++,2007,CEI-IN-C9569CEC25B0,INVALID_AISHE_FORMAT
dtu-delhi,Delhi Technological University (DTU),College,Delhi,Bawana Road,,2020-21,UNVERIFIED,True,,,CEI-IN-0DBA27A8BA89,INVALID_AISHE_FORMAT
delhi-technological-university,Delhi Technological University,College,Delhi,North West Delhi,UGC,2020-21,UNVERIFIED,True,A,1941,CEI-IN-6823F7D8CA96,INVALID_AISHE_FORMAT
lady-hardinge-medical-college,Lady Hardinge Medical College,College,Delhi,New Delhi,University of Delhi,2020-21,UNVERIFIED,True,NA,1916,CEI-IN-EE9A92FC22E3,INVALID_AISHE_FORMAT
indira-gandhi-delhi-technical-university-for-women,Indira Gandhi Delhi Technical University for Women,College,Delhi,Central Delhi,UGC,2020-21,UNVERIFIED,True,A,1998,CEI-IN-4CEFABFD755F,INVALID_AISHE_FORMAT
nit-delhi,National Institute of Technology Delhi,College,Delhi,New Delhi,,2020-21,UNVERIFIED,True,,,CEI-IN-4AEBD9745016,INVALID_AISHE_FORMAT
mait-delhi,Maharaja Agrasen Institute of Technology,College,Delhi,Rohini Sector-22,,2020-21,UNVERIFIED,True,,,CEI-IN-318791A54A3B,INVALID_AISHE_FORMAT
bvcoe-delhi,Bharati Vidyapeeth's College of Engineering,College,Delhi,Paschim Vihar,,2020-21,UNVERIFIED,True,,,CEI-IN-43430C9F0322,INVALID_AISHE_FORMAT
jawaharlal-nehru-university,Jawaharlal Nehru University,College,Delhi,South West Delhi,UGC,2020-21,UNVERIFIED,True,A++,1969,CEI-IN-02BFE3017494,INVALID_AISHE_FORMAT
guru-gobind-singh-indraprastha-university,Guru Gobind Singh Indraprastha University,College,Delhi,South West Delhi,UGC,2020-21,UNVERIFIED,True,A++,1998,CEI-IN-164C46DDA0C2,INVALID_AISHE_FORMAT
st-stephens-college-delhi,St. Stephen's College,College,Delhi,North Delhi,University of Delhi,2020-21,UNVERIFIED,True,A,1881,CEI-IN-A4BA38EB37F9,INVALID_AISHE_FORMAT
govt-college-quepem,"Government College of Arts, Science and Commerce, Quepem",College,Goa,South Goa,Goa University,2020-21,UNVERIFIED,True,,,CEI-IN-1A8415D9D41E,INVALID_AISHE_FORMAT
st-xaviers-college-mapusa,St. Xavier's College,College,Goa,North Goa,Goa University,2020-21,UNVERIFIED,True,,,CEI-IN-D80353604037,INVALID_AISHE_FORMAT
institute-nursing-education-goa,Institute of Nursing Education,College,Goa,North Goa,Goa University,2020-21,UNVERIFIED,True,,,CEI-IN-685C9B27F672,INVALID_AISHE_FORMAT
nit-goa,National Institute of Technology Goa,College,Goa,South Goa,,2020-21,UNVERIFIED,True,,2010,CEI-IN-8AA4C5852BB4,INVALID_AISHE_FORMAT
goa-university,Goa University,College,Goa,North Goa,,2020-21,UNVERIFIED,True,B++,1985,CEI-IN-F09CF102F232,INVALID_AISHE_FORMAT
pcce-verna,Padre Conceicao College of Engineering,College,Goa,South Goa,Goa University,2020-21,UNVERIFIED,True,,,CEI-IN-DB0E5A5CEF37,INVALID_AISHE_FORMAT
dhempe-college,Dhempe College of Arts and Science,College,Goa,North Goa,Goa University,2020-21,UNVERIFIED,True,,,CEI-IN-C78A0ED97F3A,INVALID_AISHE_FORMAT
goa-college-of-pharmacy,Goa College of Pharmacy,College,Goa,North Goa,Goa University,2020-21,UNVERIFIED,True,,,CEI-IN-503F6B50EB02,INVALID_AISHE_FORMAT
national-institute-of-technolo-farmagudi,National Institute of Technology Goa,College,Goa,Farmagudi,,2020-21,UNVERIFIED,True,,,CEI-IN-EA737DE91FA8,INVALID_AISHE_FORMAT
agnel-institute-assagao,Agnel Institute of Technology and Design,College,Goa,North Goa,Goa University,2020-21,UNVERIFIED,True,,,CEI-IN-626C9F352B6B,INVALID_AISHE_FORMAT
vm-salgaocar-law-college,V.M. Salgaocar College of Law,College,Goa,North Goa,Goa University,2020-21,UNVERIFIED,True,,,CEI-IN-04E9F05B6392,INVALID_AISHE_FORMAT
gomantak-ayurveda-mahavidyalaya,Gomantak Ayurveda Mahavidyalaya and Research Centre,College,Goa,North Goa,Goa University,2020-21,UNVERIFIED,True,,,CEI-IN-77A378E6C7F6,INVALID_AISHE_FORMAT
goa-institute-of-management,Goa Institute of Management,College,Goa,North Goa,,2020-21,UNVERIFIED,True,,1993,CEI-IN-5294159B6144,INVALID_AISHE_FORMAT
bits-pilani-goa,"Birla Institute of Technology and Science, Pilani - Goa Campus",College,Goa,South Goa,,2020-21,UNVERIFIED,True,,2004,CEI-IN-C3A6317460D2,INVALID_AISHE_FORMAT
shree-rayeshwar-institute,Shree Rayeshwar Institute of Engineering and Information Technology,College,Goa,North Goa,Goa University,2020-21,UNVERIFIED,True,,,CEI-IN-FE93C28CEF27,INVALID_AISHE_FORMAT
iit-goa,Indian Institute of Technology Goa,College,Goa,North Goa,,2020-21,UNVERIFIED,True,,2016,CEI-IN-BFC09F4CE682,INVALID_AISHE_FORMAT
don-bosco-college-engineering,Don Bosco College of Engineering,College,Goa,South Goa,Goa University,2020-21,UNVERIFIED,True,,,CEI-IN-DB73A4C5C541,INVALID_AISHE_FORMAT
gr-kare-law-college,Govind Ramnath Kare College of Law,College,Goa,South Goa,Goa University,2020-21,UNVERIFIED,True,,,CEI-IN-3A533343F978,INVALID_AISHE_FORMAT
goa-engineering-college,Goa College of Engineering,College,Goa,North Goa,Goa University,2020-21,UNVERIFIED,True,,1967,CEI-IN-DAF977BECA29,INVALID_AISHE_FORMAT
govt-college-sanquelim,"Government College of Arts, Science and Commerce, Sanquelim",College,Goa,North Goa,Goa University,2020-21,UNVERIFIED,True,,,CEI-IN-D9547459B933,INVALID_AISHE_FORMAT
goa-medical-college,Goa Medical College,College,Goa,North Goa,Goa University,2020-21,UNVERIFIED,True,,1842,CEI-IN-DDB5472129A9,INVALID_AISHE_FORMAT
ihm-goa,"Institute of Hotel Management, Catering Technology and Applied Nutrition",College,Goa,North Goa,NCHMCT,2020-21,UNVERIFIED,True,,,CEI-IN-E59F9D4DB110,INVALID_AISHE_FORMAT
goa-college-of-architecture,Goa College of Architecture,College,Goa,North Goa,Goa University,2020-21,UNVERIFIED,True,,,CEI-IN-A92FBFD33C74,INVALID_AISHE_FORMAT
goa-dental-college,Goa Dental College and Hospital,College,Goa,North Goa,Goa University,2020-21,UNVERIFIED,True,,,CEI-IN-8745DBC4465D,INVALID_AISHE_FORMAT
chowgule-college,Parvatibai Chowgule College of Arts and Science (Autonomous),College,Goa,South Goa,Goa University,2020-21,UNVERIFIED,True,A+,,CEI-IN-E201F81C694C,INVALID_AISHE_FORMAT
damodar-college,V.V.M.'s Shree Damodar College of Commerce & Economics,College,Goa,South Goa,Goa University,2020-21,UNVERIFIED,True,,,CEI-IN-246F9D527581,INVALID_AISHE_FORMAT
vgec-chandkheda,Vishwakarma Government Engineering College,College,Gujarat,Gandhinagar,Gujarat Technological University,2020-21,UNVERIFIED,True,,,CEI-IN-76083B205B40,INVALID_AISHE_FORMAT
pdumc-rajkot,Pandit Deendayal Upadhyay Medical College,College,Gujarat,Rajkot,Saurashtra University,2020-21,UNVERIFIED,True,,,CEI-IN-0901211DC473,INVALID_AISHE_FORMAT
indus-uni-ahmedabad,Indus University,College,Gujarat,Ahmedabad,,2020-21,UNVERIFIED,True,,,CEI-IN-E65D07E85D72,INVALID_AISHE_FORMAT
cept-uni-ahmedabad,CEPT University,College,Gujarat,Ahmedabad,,2020-21,UNVERIFIED,True,,1962,CEI-IN-24D87CDC65A7,INVALID_AISHE_FORMAT
pdeu-gandhinagar,Pandit Deendayal Energy University,College,Gujarat,Gandhinagar,,2020-21,UNVERIFIED,True,A++,,CEI-IN-4803D364BEC6,INVALID_AISHE_FORMAT
gmers-gandhinagar,GMERS Medical College Gandhinagar,College,Gujarat,Gandhinagar,Gujarat University,2020-21,UNVERIFIED,True,,,CEI-IN-DA6458E96772,INVALID_AISHE_FORMAT
atmiya-uni,Atmiya University,College,Gujarat,Rajkot,,2020-21,UNVERIFIED,True,,,CEI-IN-9D44DCBDBE68,INVALID_AISHE_FORMAT
rai-uni,Rai University,College,Gujarat,Ahmedabad,,2020-21,UNVERIFIED,True,,,CEI-IN-74530086CAF4,INVALID_AISHE_FORMAT
st-xaviers-ahmedabad,St. Xavier's College (Autonomous),College,Gujarat,Ahmedabad,Gujarat University,2020-21,UNVERIFIED,True,A+,,CEI-IN-F5145F894204,INVALID_AISHE_FORMAT
mg-science-ahmedabad,M.G. Science Institute,College,Gujarat,Ahmedabad,Gujarat University,2020-21,UNVERIFIED,True,,,CEI-IN-A9AD96257F8F,INVALID_AISHE_FORMAT
charusat-changa,Charotar University of Science and Technology,College,Gujarat,Anand,,2020-21,UNVERIFIED,True,A+,,CEI-IN-9DFF4808B10B,INVALID_AISHE_FORMAT
parul-uni,Parul University,College,Gujarat,Vadodara,,2020-21,UNVERIFIED,True,A++,,CEI-IN-2C77E4814EF8,INVALID_AISHE_FORMAT
medical-college-baroda,Medical College Baroda,College,Gujarat,Vadodara,MS University of Baroda,2020-21,UNVERIFIED,True,,,CEI-IN-A6E4F9487528,INVALID_AISHE_FORMAT
institute-of-infrastructure-te-ahmedabad,Institute of Infrastructure Technology Research and Management,College,Gujarat,Ahmedabad,,2020-21,UNVERIFIED,True,,,CEI-IN-5356096F6769,INVALID_AISHE_FORMAT
gec-godhra,"Government Engineering College, Godhra",College,Gujarat,Godhra,,2020-21,UNVERIFIED,True,,,CEI-IN-A529331C4D02,INVALID_AISHE_FORMAT
gec-modasa,"Government Engineering College, Modasa",College,Gujarat,Modasa,,2020-21,UNVERIFIED,True,,,CEI-IN-F8308ED93A9F,INVALID_AISHE_FORMAT
iit-gandhinagar,Indian Institute of Technology Gandhinagar,College,Gujarat,Gandhinagar,,2020-21,UNVERIFIED,True,,,CEI-IN-A4A502103939,INVALID_AISHE_FORMAT
ldce-ahmedabad,L.D. College of Engineering,College,Gujarat,Ahmedabad,Gujarat Technological University,2020-21,UNVERIFIED,True,,1948,CEI-IN-D567FE54CA2A,INVALID_AISHE_FORMAT
monark-uni,Monark University,College,Gujarat,Ahmedabad,,2020-21,UNVERIFIED,True,,,CEI-IN-52E8D5A7A788,INVALID_AISHE_FORMAT
gnlu-gandhinagar,Gujarat National Law University,College,Gujarat,Gandhinagar,,2020-21,UNVERIFIED,True,,2003,CEI-IN-C7ADA5BA3ADE,INVALID_AISHE_FORMAT
silver-oak-uni,Silver Oak University,College,Gujarat,Ahmedabad,,2020-21,UNVERIFIED,True,,,CEI-IN-3924BEC81B50,INVALID_AISHE_FORMAT
navrachana-uni,Navrachana University,College,Gujarat,Vadodara,,2020-21,UNVERIFIED,True,,,CEI-IN-4F4DF4EB1473,INVALID_AISHE_FORMAT
darshan-university-rajkot,Darshan Institute of Engineering and Technology,College,Gujarat,Rajkot,,2020-21,UNVERIFIED,True,,,CEI-IN-066CEA446103,INVALID_AISHE_FORMAT
laxmi-institute-sarigam,"Laxmi Institute of Technology, Sarigam",College,Gujarat,Valsad,,2020-21,UNVERIFIED,True,,,CEI-IN-B57795F32289,INVALID_AISHE_FORMAT
svnit-surat,Sardar Vallabhbhai National Institute of Technology,College,Gujarat,Surat,,2020-21,UNVERIFIED,True,,,CEI-IN-DF8B266B5938,INVALID_AISHE_FORMAT
bjmc-ahmedabad,B.J. Medical College,College,Gujarat,Ahmedabad,Gujarat University,2020-21,UNVERIFIED,True,,1871,CEI-IN-FD4838B4E3DC,INVALID_AISHE_FORMAT
ck-pithawalla-surat,CK Pithawalla College of Engineering and Technology,College,Gujarat,Surat,,2020-21,UNVERIFIED,True,,,CEI-IN-0C0126DE94D2,INVALID_AISHE_FORMAT
ddu-nadiad,Dharmsinh Desai University,College,Gujarat,Kheda,,2020-21,UNVERIFIED,True,,,CEI-IN-5F16DD68B5C4,INVALID_AISHE_FORMAT
da-iict,Dhirubhai Ambani Institute of Information and Communication Technology,College,Gujarat,Gandhinagar,,2020-21,UNVERIFIED,True,,,CEI-IN-07315D66FCF6,INVALID_AISHE_FORMAT
gcet-anand,G.H. Patel College of Engineering and Technology,College,Gujarat,Anand,Gujarat Technological University,2020-21,UNVERIFIED,True,,,CEI-IN-7D1423E8EB30,INVALID_AISHE_FORMAT
ganpat-uni,Ganpat University,College,Gujarat,Mehsana,,2020-21,UNVERIFIED,True,,,CEI-IN-E9D576EF7EFD,INVALID_AISHE_FORMAT
gec-bharuch,"Government Engineering College, Bharuch",College,Gujarat,Bharuch,,2020-21,UNVERIFIED,True,,,CEI-IN-9C449F1F5BE7,INVALID_AISHE_FORMAT
msu-baroda,The Maharaja Sayajirao University of Baroda,College,Gujarat,Vadodara,,2020-21,UNVERIFIED,True,A+,1949,CEI-IN-02553D97DF8C,INVALID_AISHE_FORMAT
bvm-anand,Birla Vishvakarma Mahavidyalaya,College,Gujarat,Anand,Gujarat Technological University,2020-21,UNVERIFIED,True,,1948,CEI-IN-41A231BF7FF7,INVALID_AISHE_FORMAT
upl-uni,UPL University of Sustainable Technology,College,Gujarat,Bharuch,,2020-21,UNVERIFIED,True,,,CEI-IN-9CFCFA397CD8,INVALID_AISHE_FORMAT
hl-college-commerce,H.L. College of Commerce,College,Gujarat,Ahmedabad,Gujarat University,2020-21,UNVERIFIED,True,,,CEI-IN-CAF384778D02,INVALID_AISHE_FORMAT
sal-institute-ahmedabad,SAL Institute of Technology and Engineering Research,College,Gujarat,Ahmedabad,,2020-21,UNVERIFIED,True,,,CEI-IN-970AFE0E7E22,INVALID_AISHE_FORMAT
adit-anand,A.D. Patel Institute of Technology,College,Gujarat,Anand,Gujarat Technological University,2020-21,UNVERIFIED,True,,,CEI-IN-20F54DEF963B,INVALID_AISHE_FORMAT
gujarat-uni,Gujarat University,College,Gujarat,Ahmedabad,,2020-21,UNVERIFIED,True,,1949,CEI-IN-8A5D0F99B6CC,INVALID_AISHE_FORMAT
saurashtra-uni,Saurashtra University,College,Gujarat,Rajkot,,2020-21,UNVERIFIED,True,,,CEI-IN-67507D94B006,INVALID_AISHE_FORMAT
scet-surat,Sarvajanik College of Engineering and Technology,College,Gujarat,Surat,Gujarat Technological University,2020-21,UNVERIFIED,True,,,CEI-IN-41ACF43EFD1F,INVALID_AISHE_FORMAT
itm-sls-uni,ITM (SLS) Baroda University,College,Gujarat,Vadodara,,2020-21,UNVERIFIED,True,,,CEI-IN-FB301603A540,INVALID_AISHE_FORMAT
gec-bhuj,"Government Engineering College, Bhuj",College,Gujarat,Bhuj,,2020-21,UNVERIFIED,True,,,CEI-IN-E314B4D7DD54,INVALID_AISHE_FORMAT
au-ahmedabad,Ahmedabad University,College,Gujarat,Ahmedabad,,2020-21,UNVERIFIED,True,,,CEI-IN-5DE1EDB09E69,INVALID_AISHE_FORMAT
sdau-dantiwada,Sardarkrushinagar Dantiwada Agricultural University,College,Gujarat,Banaskantha,,2020-21,UNVERIFIED,True,,,CEI-IN-31F73B6B5159,INVALID_AISHE_FORMAT
swarrnim-uni,Swarrnim Startup and Innovation University,College,Gujarat,Gandhinagar,,2020-21,UNVERIFIED,True,,,CEI-IN-9948DA2E7E0E,INVALID_AISHE_FORMAT
gokul-global-uni,Gokul Global University,College,Gujarat,Patan,,2020-21,UNVERIFIED,True,,,CEI-IN-E155CCB89B0B,INVALID_AISHE_FORMAT
nirma-uni,Nirma University,College,Gujarat,Ahmedabad,,2020-21,UNVERIFIED,True,A+,,CEI-IN-93827FE69127,INVALID_AISHE_FORMAT
raksha-shakti-uni,Rashtriya Raksha University,College,Gujarat,Gandhinagar,,2020-21,UNVERIFIED,True,,,CEI-IN-0919E42055D9,INVALID_AISHE_FORMAT
gec-palanpur,"Government Engineering College, Palanpur",College,Gujarat,Palanpur,,2020-21,UNVERIFIED,True,,,CEI-IN-F73093D67AE4,INVALID_AISHE_FORMAT
nau-navsari,Navsari Agricultural University,College,Gujarat,Navsari,,2020-21,UNVERIFIED,True,,,CEI-IN-16B207F6D3C3,INVALID_AISHE_FORMAT
hngu-patan,Hemchandracharya North Gujarat University,College,Gujarat,Patan,,2020-21,UNVERIFIED,True,,,CEI-IN-061D96D2298C,INVALID_AISHE_FORMAT
rk-uni,RK University,College,Gujarat,Rajkot,,2020-21,UNVERIFIED,True,,,CEI-IN-E7EF4B3222BB,INVALID_AISHE_FORMAT
gec-patan,"Government Engineering College, Patan",College,Gujarat,Patan,,2020-21,UNVERIFIED,True,,,CEI-IN-32E4FC3EE2B1,INVALID_AISHE_FORMAT
gec-surat,Dr. S. & S.S. Ghandhy Government Engineering College,College,Gujarat,Surat,Gujarat Technological University,2020-21,UNVERIFIED,True,,,CEI-IN-8E5FB24DC4A4,INVALID_AISHE_FORMAT
jau-junagadh,Junagadh Agricultural University,College,Gujarat,Junagadh,,2020-21,UNVERIFIED,True,,,CEI-IN-112E61B79EC9,INVALID_AISHE_FORMAT
kskv-kachchh-uni,Krantiguru Shyamji Krishna Verma Kachchh University,College,Gujarat,Kutch,,2020-21,UNVERIFIED,True,,,CEI-IN-9815124FABAF,INVALID_AISHE_FORMAT
gsfc-uni,GSFC University,College,Gujarat,Vadodara,,2020-21,UNVERIFIED,True,,,CEI-IN-4ECACE593296,INVALID_AISHE_FORMAT
gec-dahod,"Government Engineering College, Dahod",College,Gujarat,Dahod,,2020-21,UNVERIFIED,True,,,CEI-IN-1392B6A168D4,INVALID_AISHE_FORMAT
marwadi-uni-rajkot,Marwadi University,College,Gujarat,Rajkot,,2020-21,UNVERIFIED,True,A+,,CEI-IN-122F2E5CB0BB,INVALID_AISHE_FORMAT
gec-rajkot,Government Engineering College Rajkot,College,Gujarat,Rajkot,Gujarat Technological University,2020-21,UNVERIFIED,True,,,CEI-IN-E6FEBF858482,INVALID_AISHE_FORMAT
anand-agri-uni,Anand Agricultural University,College,Gujarat,Anand,,2020-21,UNVERIFIED,True,,,CEI-IN-4BF929E057C1,INVALID_AISHE_FORMAT
nfsu-gandhinagar,National Forensic Sciences University,College,Gujarat,Gandhinagar,,2020-21,UNVERIFIED,True,,,CEI-IN-63FFEF2A07C3,INVALID_AISHE_FORMAT
gtu-ahmedabad,Gujarat Technological University,College,Gujarat,Ahmedabad,,2020-21,UNVERIFIED,True,,2007,CEI-IN-8485F4846DE3,INVALID_AISHE_FORMAT
gls-uni-ahmedabad,GLS University,College,Gujarat,Ahmedabad,,2020-21,UNVERIFIED,True,,,CEI-IN-EE571044149A,INVALID_AISHE_FORMAT
karnavati-uni,Karnavati University,College,Gujarat,Gandhinagar,,2020-21,UNVERIFIED,True,,,CEI-IN-B55571D8B869,INVALID_AISHE_FORMAT
sankalchand-patel-uni,Sankalchand Patel University,College,Gujarat,Mehsana,,2020-21,UNVERIFIED,True,,,CEI-IN-123F32321B05,INVALID_AISHE_FORMAT
adani-uni-ahmedabad,Adani University,College,Gujarat,Ahmedabad,,2020-21,UNVERIFIED,True,,,CEI-IN-B3D6EBADACC0,INVALID_AISHE_FORMAT
iim-ahm,Indian Institute of Management Ahmedabad,College,Gujarat,Ahmedabad,,2020-21,UNVERIFIED,True,,1961,CEI-IN-7149B6D9DD85,INVALID_AISHE_FORMAT
gec-bhavnagar,Government Engineering College Bhavnagar,College,Gujarat,Bhavnagar,Gujarat Technological University,2020-21,UNVERIFIED,True,,,CEI-IN-D7F68D934F14,INVALID_AISHE_FORMAT
vnsgu-surat,Veer Narmad South Gujarat University,College,Gujarat,Surat,,2020-21,UNVERIFIED,True,,,CEI-IN-D399D144BB08,INVALID_AISHE_FORMAT
mkb-uni-bhavnagar,Maharaja Krishnakumarsinhji Bhavnagar University,College,Gujarat,Bhavnagar,,2020-21,UNVERIFIED,True,,,CEI-IN-F396F084993F,INVALID_AISHE_FORMAT
pp-savani-uni,P.P. Savani University,College,Gujarat,Surat,,2020-21,UNVERIFIED,True,,,CEI-IN-E82B018F0631,INVALID_AISHE_FORMAT
niftem-sonepat,National Institute of Food Technology Entrepreneurship and Management,College,Haryana,Sonepat,,2020-21,UNVERIFIED,True,,2012,CEI-IN-518CC38D319E,INVALID_AISHE_FORMAT
gju-hisar,Guru Jambheshwar University of Science and Technology,College,Haryana,Hisar,,2020-21,UNVERIFIED,True,A+,1995,CEI-IN-A09FC86DC4D4,INVALID_AISHE_FORMAT
mdi-gurgaon,Management Development Institute,College,Haryana,Gurugram,,2020-21,UNVERIFIED,True,,1973,CEI-IN-32D7ADDD4D74,INVALID_AISHE_FORMAT
central-uni-haryana,Central University of Haryana,College,Haryana,Mahendergarh,,2020-21,UNVERIFIED,True,A,2009,CEI-IN-C5A9B0464946,INVALID_AISHE_FORMAT
dcrust-murthal,Deenbandhu Chhotu Ram University of Science and Technology,College,Haryana,Sonepat,,2020-21,UNVERIFIED,True,A,1987,CEI-IN-A0FC1CCB100D,INVALID_AISHE_FORMAT
amity-gurugram,Amity University Haryana,College,Haryana,Gurugram,,2020-21,UNVERIFIED,True,A,2010,CEI-IN-D30217EA8777,INVALID_AISHE_FORMAT
sgt-university,SGT University,College,Haryana,Gurugram,,2020-21,UNVERIFIED,True,A+,2013,CEI-IN-C15ACDCE0F86,INVALID_AISHE_FORMAT
ccshau-hisar,Chaudhary Charan Singh Haryana Agricultural University,College,Haryana,Hisar,,2020-21,UNVERIFIED,True,,1970,CEI-IN-080DC487903B,INVALID_AISHE_FORMAT
esic-faridabad,ESIC Medical College and Hospital,College,Haryana,Faridabad,UHS Rohtak,2020-21,UNVERIFIED,True,,2015,CEI-IN-48AB5A87FD94,INVALID_AISHE_FORMAT
ashoka-university,Ashoka University,College,Haryana,Sonipat,,2020-21,UNVERIFIED,True,,2014,CEI-IN-447058186610,INVALID_AISHE_FORMAT
jc-bose-ymca-faridabad,"J.C. Bose University of Science and Technology, YMCA",College,Haryana,Faridabad,,2020-21,UNVERIFIED,True,A+,1969,CEI-IN-929A12C8F2FF,INVALID_AISHE_FORMAT
bml-munjal-uni,BML Munjal University,College,Haryana,Gurugram,,2020-21,UNVERIFIED,True,,2014,CEI-IN-59EDF2CF600D,INVALID_AISHE_FORMAT
nid-haryana,National Institute of Design Haryana,College,Haryana,Kurukshetra,,2020-21,UNVERIFIED,True,,2016,CEI-IN-C5E0B5F70A8C,INVALID_AISHE_FORMAT
sushant-university,Sushant University,College,Haryana,Gurugram,,2020-21,UNVERIFIED,True,,2012,CEI-IN-BCA36E8F94F6,INVALID_AISHE_FORMAT
northcap-university,The NorthCap University,College,Haryana,Gurugram,,2020-21,UNVERIFIED,True,A,1996,CEI-IN-03A42E6C6BA4,INVALID_AISHE_FORMAT
national-institute-of-technolo-kurukshetra,National Institute of Technology Kurukshetra,College,Haryana,Kurukshetra,,2020-21,UNVERIFIED,True,,,CEI-IN-E3D5FEC4D3B0,INVALID_AISHE_FORMAT
mdu-rohtak,Maharshi Dayanand University,College,Haryana,Rohtak,,2020-21,UNVERIFIED,True,A+,1976,CEI-IN-E64B5508A54D,INVALID_AISHE_FORMAT
luvas-hisar,Lala Lajpat Rai University of Veterinary and Animal Sciences,College,Haryana,Hisar,,2020-21,UNVERIFIED,True,,2010,CEI-IN-8002F283AAA7,INVALID_AISHE_FORMAT
gd-goenka-university,GD Goenka University,College,Haryana,Gurugram,,2020-21,UNVERIFIED,True,,2013,CEI-IN-24D3CDF238AA,INVALID_AISHE_FORMAT
nit-kurukshetra,National Institute of Technology Kurukshetra,College,Haryana,Kurukshetra,,2020-21,UNVERIFIED,True,,1963,CEI-IN-AB14CA1B9020,INVALID_AISHE_FORMAT
mriirs-faridabad,Manav Rachna International Institute of Research and Studies,College,Haryana,Faridabad,,2020-21,UNVERIFIED,True,A++,,CEI-IN-67145348894D,INVALID_AISHE_FORMAT
piet-panipat,Panipat Institute of Engineering and Technology,College,Haryana,Panipat,Kurukshetra University,2020-21,UNVERIFIED,True,,,CEI-IN-0EB6152AD58F,INVALID_AISHE_FORMAT
kurukshetra-university,Kurukshetra University,College,Haryana,Kurukshetra,,2020-21,UNVERIFIED,True,A+,1956,CEI-IN-31F480AA5BA9,INVALID_AISHE_FORMAT
kalpana-chawla-gmc,Kalpana Chawla Government Medical College,College,Haryana,Karnal,UHS Rohtak,2020-21,UNVERIFIED,True,,2017,CEI-IN-CDA795EBF3DB,INVALID_AISHE_FORMAT
pgims-rohtak,Pandit Bhagwat Dayal Sharma Post Graduate Institute of Medical Sciences,College,Haryana,Rohtak,UHS Rohtak,2020-21,UNVERIFIED,True,,1960,CEI-IN-711DCD6FD3B6,INVALID_AISHE_FORMAT
mm-deemed-mullana,Maharishi Markandeshwar (Deemed to be University),College,Haryana,Ambala,,2020-21,UNVERIFIED,True,A++,1993,CEI-IN-46F5E4832AD5,INVALID_AISHE_FORMAT
great-lakes-gurgaon,"Great Lakes Institute of Management, Gurgaon",College,Haryana,Gurugram,,2020-21,UNVERIFIED,True,,2010,CEI-IN-2019682227DC,INVALID_AISHE_FORMAT
iim-rohtak,Indian Institute of Management Rohtak,College,Haryana,Rohtak,,2020-21,UNVERIFIED,True,,2009,CEI-IN-85CEB3B5DA64,INVALID_AISHE_FORMAT
op-jindal-global-uni,O.P. Jindal Global University,College,Haryana,Sonipat,,2020-21,UNVERIFIED,True,A,2009,CEI-IN-23D733C1E9F9,INVALID_AISHE_FORMAT
iiit-sonepat,Indian Institute of Information Technology Sonepat,College,Haryana,Sonepat,,2020-21,UNVERIFIED,True,,2014,CEI-IN-F8602DB92EBE,INVALID_AISHE_FORMAT
manav-rachna-university,Manav Rachna University,College,Haryana,Faridabad,,2020-21,UNVERIFIED,True,,2014,CEI-IN-CC9EC443D6CE,INVALID_AISHE_FORMAT
siet-nilokheri,State Institute of Engineering and Technology,College,Haryana,Karnal,Kurukshetra University,2020-21,UNVERIFIED,True,,2016,CEI-IN-FFB6EBAE78BD,INVALID_AISHE_FORMAT
indian-institute-of-technology-mandi,Indian Institute of Technology Mandi,College,Himachal Pradesh,Mandi,,2020-21,UNVERIFIED,True,,,CEI-IN-9B23FD943FA8,INVALID_AISHE_FORMAT
igmc-shimla,Indira Gandhi Medical College,College,Himachal Pradesh,Shimla,AMRU HP,2020-21,UNVERIFIED,True,,1966,CEI-IN-A98CC11A07BF,INVALID_AISHE_FORMAT
central-uni-himachal,Central University of Himachal Pradesh,College,Himachal Pradesh,Kangra,,2020-21,UNVERIFIED,True,A,2009,CEI-IN-3CF499AD346E,INVALID_AISHE_FORMAT
slbsgmc-mandi,Shri Lal Bahadur Shastri Government Medical College,College,Himachal Pradesh,Mandi,AMRU HP,2020-21,UNVERIFIED,True,,2017,CEI-IN-FC079894DD36,INVALID_AISHE_FORMAT
hp-national-law-university,Himachal Pradesh National Law University,College,Himachal Pradesh,Shimla,,2020-21,UNVERIFIED,True,,2016,CEI-IN-D01AF0C24020,INVALID_AISHE_FORMAT
csk-hpkv-palampur,Chaudhary Sarwan Kumar Himachal Pradesh Krishi Vishvavidyalaya,College,Himachal Pradesh,Kangra,,2020-21,UNVERIFIED,True,,1978,CEI-IN-9C8539794C55,INVALID_AISHE_FORMAT
rpgmc-tanda,Dr. Rajendra Prasad Government Medical College,College,Himachal Pradesh,Kangra,AMRU HP,2020-21,UNVERIFIED,True,,1996,CEI-IN-D2905F7DACEB,INVALID_AISHE_FORMAT
shoolini-university,Shoolini University of Biotechnology and Management Sciences,College,Himachal Pradesh,Solan,,2020-21,UNVERIFIED,True,A,2009,CEI-IN-26BDA9237DD5,INVALID_AISHE_FORMAT
atal-medical-university,Atal Medical and Research University,College,Himachal Pradesh,Mandi,,2020-21,UNVERIFIED,True,,2018,CEI-IN-5256D47D0C5D,INVALID_AISHE_FORMAT
maharishi-markandeshwar-solan,Maharishi Markandeshwar University,College,Himachal Pradesh,Solan,,2020-21,UNVERIFIED,True,,2010,CEI-IN-1B6631FAE3BD,INVALID_AISHE_FORMAT
nit-hamirpur,National Institute of Technology Hamirpur,College,Himachal Pradesh,Hamirpur,,2020-21,UNVERIFIED,True,,1986,CEI-IN-F492649CA0B1,INVALID_AISHE_FORMAT
iiit-una,Indian Institute of Information Technology Una,College,Himachal Pradesh,Una,,2020-21,UNVERIFIED,True,,2014,CEI-IN-8632C9DD9B0A,INVALID_AISHE_FORMAT
jln-gmc-chamba,Pt. Jawaharlal Nehru Government Medical College,College,Himachal Pradesh,Chamba,AMRU HP,2020-21,UNVERIFIED,True,,2016,CEI-IN-C607344C9E66,INVALID_AISHE_FORMAT
rkgmc-hamirpur,Dr. Radhakrishnan Government Medical College,College,Himachal Pradesh,Hamirpur,AMRU HP,2020-21,UNVERIFIED,True,,2018,CEI-IN-8542D291378F,INVALID_AISHE_FORMAT
eternal-university,Eternal University,College,Himachal Pradesh,Sirmaur,,2020-21,UNVERIFIED,True,,2008,CEI-IN-08D2DD7192A2,INVALID_AISHE_FORMAT
iim-sirmaur,Indian Institute of Management Sirmaur,College,Himachal Pradesh,Sirmaur,,2020-21,UNVERIFIED,True,,2015,CEI-IN-6BF19152A1C7,INVALID_AISHE_FORMAT
hptu-hamirpur,Himachal Pradesh Technical University,College,Himachal Pradesh,Hamirpur,,2020-21,UNVERIFIED,True,,2010,CEI-IN-8FEB02542D9B,INVALID_AISHE_FORMAT
rggec-kangra,Rajiv Gandhi Government Engineering College,College,Himachal Pradesh,Kangra,HPTU Hamirpur,2020-21,UNVERIFIED,True,,2014,CEI-IN-2F367CC261E6,INVALID_AISHE_FORMAT
govt-college-dharamshala,Government Post Graduate College Dharamshala,College,Himachal Pradesh,Kangra,HPU Shimla,2020-21,UNVERIFIED,True,,,CEI-IN-B973678D76DB,INVALID_AISHE_FORMAT
ys-parmar-horticulture-uni,Dr. Yashwant Singh Parmar University of Horticulture and Forestry,College,Himachal Pradesh,Solan,,2020-21,UNVERIFIED,True,,1985,CEI-IN-4A55BCA717FA,INVALID_AISHE_FORMAT
jngec-sundernagar,Jawaharlal Nehru Government Engineering College,College,Himachal Pradesh,Mandi,HPTU Hamirpur,2020-21,UNVERIFIED,True,,2006,CEI-IN-8A5B8832A3B3,INVALID_AISHE_FORMAT
bahra-university,Bahra University,College,Himachal Pradesh,Solan,,2020-21,UNVERIFIED,True,,2011,CEI-IN-41F283A4AF75,INVALID_AISHE_FORMAT
abv-giet-pragatinagar,Atal Bihari Vajpayee Government Institute of Engineering and Technology,College,Himachal Pradesh,Shimla,HPTU Hamirpur,2020-21,UNVERIFIED,True,,2011,CEI-IN-BE189CC05380,INVALID_AISHE_FORMAT
national-institute-of-technolo-hamirpur,National Institute of Technology Hamirpur,College,Himachal Pradesh,Hamirpur,,2020-21,UNVERIFIED,True,,,CEI-IN-46D8CC13D9A5,INVALID_AISHE_FORMAT
hpu-shimla,Himachal Pradesh University,College,Himachal Pradesh,Shimla,,2020-21,UNVERIFIED,True,A,1970,CEI-IN-B437903CB282,INVALID_AISHE_FORMAT
chitkara-university-hp,Chitkara University Himachal Pradesh,College,Himachal Pradesh,Solan,,2020-21,UNVERIFIED,True,A+,2008,CEI-IN-C5EEB6B6B941,INVALID_AISHE_FORMAT
govt-college-mandi,Vallabh Government College Mandi,College,Himachal Pradesh,Mandi,Sardar Patel University Mandi,2020-21,UNVERIFIED,True,,,CEI-IN-659D16AA70BE,INVALID_AISHE_FORMAT
aiims-bilaspur,All India Institute of Medical Sciences Bilaspur,College,Himachal Pradesh,Bilaspur,,2020-21,UNVERIFIED,True,,2020,CEI-IN-3579C57F9D90,INVALID_AISHE_FORMAT
iit-mandi,Indian Institute of Technology Mandi,College,Himachal Pradesh,Mandi,,2020-21,UNVERIFIED,True,,2009,CEI-IN-F15A9186E2DB,INVALID_AISHE_FORMAT
jaypee-university-waknaghat,Jaypee University of Information Technology,College,Himachal Pradesh,Solan,,2020-21,UNVERIFIED,True,,2002,CEI-IN-A87B4494B8C2,INVALID_AISHE_FORMAT
st-bedes-shimla,St. Bede's College,College,Himachal Pradesh,Shimla,HPU Shimla,2020-21,UNVERIFIED,True,A+,,CEI-IN-1E992547C7FE,INVALID_AISHE_FORMAT
ys-parmar-gmc-nahan,Dr. Y.S. Parmar Government Medical College,College,Himachal Pradesh,Sirmaur,AMRU HP,2020-21,UNVERIFIED,True,,2016,CEI-IN-3E3764DA6069,INVALID_AISHE_FORMAT
central-university-of-kashmir,Central University of Kashmir,College,Jammu Kashmir,Ganderbal,UGC,2020-21,UNVERIFIED,True,B++,2009,CEI-IN-670BFB150CB2,INVALID_AISHE_FORMAT
sher-e-kashmir-university-agricultural-sciences-jammu,Sher-e-Kashmir University of Agricultural Sciences and Technology of Jammu,College,Jammu Kashmir,Jammu,ICAR,2020-21,UNVERIFIED,True,NA,1999,CEI-IN-4AAE60A28EEF,INVALID_AISHE_FORMAT
govt-medical-college-srinagar,"Government Medical College, Srinagar",College,Jammu Kashmir,Srinagar,University of Kashmir,2020-21,UNVERIFIED,True,NA,1959,CEI-IN-53E72713EE2B,INVALID_AISHE_FORMAT
iim-jammu,Indian Institute of Management Jammu,College,Jammu Kashmir,Jammu,,2020-21,UNVERIFIED,True,NA,2016,CEI-IN-9100DC413E98,INVALID_AISHE_FORMAT
central-university-of-jammu,Central University of Jammu,College,Jammu Kashmir,Samba,UGC,2020-21,UNVERIFIED,True,A,2011,CEI-IN-CD068675B10C,INVALID_AISHE_FORMAT
iit-jammu,Indian Institute of Technology Jammu,College,Jammu Kashmir,Jammu,,2020-21,UNVERIFIED,True,NA,2016,CEI-IN-C4D117F253FF,INVALID_AISHE_FORMAT
govt-college-engineering-technology-jammu,"Government College of Engineering and Technology, Jammu",College,Jammu Kashmir,Jammu,University of Jammu,2020-21,UNVERIFIED,True,NA,1994,CEI-IN-5845C3333895,INVALID_AISHE_FORMAT
nit-srinagar,National Institute of Technology Srinagar,College,Jammu Kashmir,Srinagar,,2020-21,UNVERIFIED,True,NA,1960,CEI-IN-11B47CBCE8F0,INVALID_AISHE_FORMAT
govt-college-women-parade-jammu,"Government College for Women, Parade Ground",College,Jammu Kashmir,Jammu,University of Jammu (Autonomous),2020-21,UNVERIFIED,True,A,1944,CEI-IN-C0B2AEB74C76,INVALID_AISHE_FORMAT
govt-dental-college-srinagar,"Government Dental College, Srinagar",College,Jammu Kashmir,Srinagar,University of Kashmir,2020-21,UNVERIFIED,True,NA,1959,CEI-IN-19E0E16D1C4E,INVALID_AISHE_FORMAT
bgsbu-rajouri,Baba Ghulam Shah Badshah University,College,Jammu Kashmir,Rajouri,UGC,2020-21,UNVERIFIED,True,A,2002,CEI-IN-E746872CD4C0,INVALID_AISHE_FORMAT
govt-medical-college-jammu,"Government Medical College, Jammu",College,Jammu Kashmir,Jammu,University of Jammu,2020-21,UNVERIFIED,True,NA,1973,CEI-IN-C5848502E3C7,INVALID_AISHE_FORMAT
university-of-kashmir,University of Kashmir,College,Jammu Kashmir,Srinagar,UGC,2020-21,UNVERIFIED,True,A+,1948,CEI-IN-D40BFB806557,INVALID_AISHE_FORMAT
islamic-university-science-technology,Islamic University of Science and Technology,College,Jammu Kashmir,Pulwama,UGC,2020-21,UNVERIFIED,True,B++,2005,CEI-IN-227256A926B2,INVALID_AISHE_FORMAT
govt-college-engineering-technology-safapora,"Government College of Engineering and Technology, Safapora",College,Jammu Kashmir,Ganderbal,University of Kashmir,2020-21,UNVERIFIED,True,NA,2017,CEI-IN-784C2A75978A,INVALID_AISHE_FORMAT
islamia-college-science-commerce-srinagar,Islamia College of Science and Commerce,College,Jammu Kashmir,Srinagar,University of Kashmir (Autonomous),2020-21,UNVERIFIED,True,A,1961,CEI-IN-06537EA96C29,INVALID_AISHE_FORMAT
sher-e-kashmir-university-agricultural-sciences-kashmir,Sher-e-Kashmir University of Agricultural Sciences and Technology of Kashmir,College,Jammu Kashmir,Srinagar,ICAR,2020-21,UNVERIFIED,True,NA,1982,CEI-IN-CABEEE3434C2,INVALID_AISHE_FORMAT
university-of-jammu,University of Jammu,College,Jammu Kashmir,Jammu,UGC,2020-21,UNVERIFIED,True,A+,1969,CEI-IN-20DDFE947E6E,INVALID_AISHE_FORMAT
skims-soura,Sher-i-Kashmir Institute of Medical Sciences,College,Jammu Kashmir,Srinagar,NMC,2020-21,UNVERIFIED,True,NA,1982,CEI-IN-7689DD245C61,INVALID_AISHE_FORMAT
model-institute-engineering-technology-jammu,Model Institute of Engineering and Technology,College,Jammu Kashmir,Jammu,University of Jammu (Autonomous),2020-21,UNVERIFIED,True,A,1998,CEI-IN-931D728139D4,INVALID_AISHE_FORMAT
ssm-college-engineering-pattan,SSM College of Engineering,College,Jammu Kashmir,Baramulla,University of Kashmir,2020-21,UNVERIFIED,True,NA,1988,CEI-IN-C970F99DE5D1,INVALID_AISHE_FORMAT
shri-mata-vaishno-devi-university,Shri Mata Vaishno Devi University,College,Jammu Kashmir,Reasi,UGC,2020-21,UNVERIFIED,True,A,1999,CEI-IN-E23E5DAE224D,INVALID_AISHE_FORMAT
hazaribagh-medical-college,Sheikh Bhikhari Medical College (Hazaribagh Medical College),College,Jharkhand,Hazaribagh,Vinoba Bhave University,2020-21,UNVERIFIED,True,NA,2019,CEI-IN-5F92085B9DFD,INVALID_AISHE_FORMAT
bit-mesra,"Birla Institute of Technology, Mesra",College,Jharkhand,Ranchi,,2020-21,UNVERIFIED,True,,,CEI-IN-708260EEA4EE,INVALID_AISHE_FORMAT
nusrl-ranchi,National University of Study and Research in Law,College,Jharkhand,Ranchi,Bar Council of India,2020-21,UNVERIFIED,True,NA,2010,CEI-IN-E05417047A10,INVALID_AISHE_FORMAT
dumka-medical-college,Phulo Jhano Medical College (Dumka Medical College),College,Jharkhand,Dumka,Sido Kanhu Murmu University,2020-21,UNVERIFIED,True,NA,2019,CEI-IN-7E60D3755B15,INVALID_AISHE_FORMAT
iit-dhanbad,Indian Institute of Technology (ISM) Dhanbad,College,Jharkhand,Dhanbad,,2020-21,UNVERIFIED,True,,,CEI-IN-4C705B230D30,INVALID_AISHE_FORMAT
nit-jamshedpur,National Institute of Technology Jamshedpur,College,Jharkhand,Seraikela Kharsawan,,2020-21,UNVERIFIED,True,NA,1960,CEI-IN-24264D95AC6A,INVALID_AISHE_FORMAT
mgm-medical-college-jamshedpur,Mahatma Gandhi Memorial Medical College,College,Jharkhand,East Singhbhum,Kolhan University,2020-21,UNVERIFIED,True,NA,1961,CEI-IN-54B89BDE3612,INVALID_AISHE_FORMAT
snmmch-dhanbad,Shaheed Nirmal Mahto Medical College,College,Jharkhand,Dhanbad,BBMKU,2020-21,UNVERIFIED,True,NA,1971,CEI-IN-10A9316C7AA5,INVALID_AISHE_FORMAT
bit-sindri,"Birsa Institute of Technology, Sindri",College,Jharkhand,Dhanbad,Jharkhand University of Technology,2020-21,UNVERIFIED,True,NA,1949,CEI-IN-E19A5B8563B2,INVALID_AISHE_FORMAT
kolhan-university,Kolhan University,College,Jharkhand,West Singhbhum,UGC,2020-21,UNVERIFIED,True,C,2009,CEI-IN-7ACA8633D261,INVALID_AISHE_FORMAT
xlri-jamshedpur,XLRI - Xavier School of Management,College,Jharkhand,East Singhbhum,AICTE,2020-21,UNVERIFIED,True,NA,1949,CEI-IN-8485E716D537,INVALID_AISHE_FORMAT
amity-university-jharkhand,Amity University Jharkhand,College,Jharkhand,Ranchi,UGC,2020-21,UNVERIFIED,True,NA,2016,CEI-IN-31BF4F8C1614,INVALID_AISHE_FORMAT
icfai-university-jharkhand,ICFAI University Jharkhand,College,Jharkhand,Ranchi,UGC,2020-21,UNVERIFIED,True,NA,2008,CEI-IN-945FCD0055F2,INVALID_AISHE_FORMAT
palamu-medical-college,Medinirai Medical College (Palamu Medical College),College,Jharkhand,Palamu,Nilamber-Pitamber University,2020-21,UNVERIFIED,True,NA,2019,CEI-IN-B582F468F4F3,INVALID_AISHE_FORMAT
iim-ranchi,Indian Institute of Management Ranchi,College,Jharkhand,Ranchi,,2020-21,UNVERIFIED,True,NA,2009,CEI-IN-E692D3BED468,INVALID_AISHE_FORMAT
bit-sindri-dhanbad,BIT Sindri,College,Jharkhand,Dhanbad,,2020-21,UNVERIFIED,True,,,CEI-IN-607EB03D3819,INVALID_AISHE_FORMAT
iiit-ranchi,Indian Institute of Information Technology Ranchi,College,Jharkhand,Ranchi,,2020-21,UNVERIFIED,True,NA,2016,CEI-IN-DE17027FC352,INVALID_AISHE_FORMAT
skmu-dumka,Sido Kanhu Murmu University,College,Jharkhand,Dumka,UGC,2020-21,UNVERIFIED,True,C,1992,CEI-IN-2C9D54E12142,INVALID_AISHE_FORMAT
manipal-tata-medical-college,Manipal Tata Medical College,College,Jharkhand,East Singhbhum,MAHE (Deemed University),2020-21,UNVERIFIED,True,NA,2020,CEI-IN-2F6962708838,INVALID_AISHE_FORMAT
arka-jain-university,Arka Jain University,College,Jharkhand,Seraikela Kharsawan,UGC,2020-21,UNVERIFIED,True,A,2017,CEI-IN-42ABFB004ACB,INVALID_AISHE_FORMAT
st-xaviers-college-ranchi,"St. Xavier's College, Ranchi",College,Jharkhand,Ranchi,Ranchi University (Autonomous),2020-21,UNVERIFIED,True,A,1944,CEI-IN-BCFAA88100E2,INVALID_AISHE_FORMAT
birsa-agricultural-university,Birsa Agricultural University,College,Jharkhand,Ranchi,ICAR,2020-21,UNVERIFIED,True,NA,1981,CEI-IN-57F9C841DD37,INVALID_AISHE_FORMAT
jamshedpur-cooperative-college,Jamshedpur Co-operative College,College,Jharkhand,East Singhbhum,Kolhan University,2020-21,UNVERIFIED,True,B,1954,CEI-IN-0EAFCA4895A5,INVALID_AISHE_FORMAT
indian-institute-of-technology-dhanbad,Indian Institute of Technology (ISM) Dhanbad,College,Jharkhand,Dhanbad,,2020-21,UNVERIFIED,True,,,CEI-IN-38FC971D008F,INVALID_AISHE_FORMAT
iit-ism-dhanbad,"Indian Institute of Technology (Indian School of Mines), Dhanbad",College,Jharkhand,Dhanbad,,2020-21,UNVERIFIED,True,NA,1926,CEI-IN-68B41EF3576B,INVALID_AISHE_FORMAT
rims-ranchi,Rajendra Institute of Medical Sciences,College,Jharkhand,Ranchi,Ranchi University (for degree award),2020-21,UNVERIFIED,True,NA,1960,CEI-IN-512F56EBAF56,INVALID_AISHE_FORMAT
jharkhand-university-of-technology,Jharkhand University of Technology,College,Jharkhand,Ranchi,UGC,2020-21,UNVERIFIED,True,NA,2015,CEI-IN-A71C0E5479A2,INVALID_AISHE_FORMAT
vinoba-bhave-university,Vinoba Bhave University,College,Jharkhand,Hazaribagh,UGC,2020-21,UNVERIFIED,True,B,1992,CEI-IN-7CDFACAE7674,INVALID_AISHE_FORMAT
npu-palamu,Nilamber-Pitamber University,College,Jharkhand,Palamu,UGC,2020-21,UNVERIFIED,True,NA,2009,CEI-IN-A80A48125BB2,INVALID_AISHE_FORMAT
sai-nath-university,Sai Nath University,College,Jharkhand,Ranchi,UGC,2020-21,UNVERIFIED,True,NA,2012,CEI-IN-78C9404FC0BB,INVALID_AISHE_FORMAT
st-columbas-college-hazaribagh,St. Columba's College,College,Jharkhand,Hazaribagh,Vinoba Bhave University,2020-21,UNVERIFIED,True,B++,1899,CEI-IN-753004DB3272,INVALID_AISHE_FORMAT
national-institute-of-technolo-jamshedpur,National Institute of Technology Jamshedpur,College,Jharkhand,Jamshedpur,,2020-21,UNVERIFIED,True,,,CEI-IN-6669AD5DBFA5,INVALID_AISHE_FORMAT
central-university-jharkhand,Central University of Jharkhand,College,Jharkhand,Ranchi,,2020-21,UNVERIFIED,True,NA,2009,CEI-IN-14E239FDB3BC,INVALID_AISHE_FORMAT
niamt-hatia,National Institute of Advanced Manufacturing Technology (formerly NIFFT),College,Jharkhand,Ranchi,Deemed University,2020-21,UNVERIFIED,True,NA,1966,CEI-IN-7FE0150A21E6,INVALID_AISHE_FORMAT
gossner-college-ranchi,Gossner College,College,Jharkhand,Ranchi,Ranchi University,2020-21,UNVERIFIED,True,B,1971,CEI-IN-2EFF68E3F03A,INVALID_AISHE_FORMAT
ranchi-university,Ranchi University,College,Jharkhand,Ranchi,UGC,2020-21,UNVERIFIED,True,B++,1960,CEI-IN-412E1B06C92F,INVALID_AISHE_FORMAT
jharkhand-raksha-shakti-university,Jharkhand Raksha Shakti University,College,Jharkhand,Ranchi,UGC,2020-21,UNVERIFIED,True,NA,2016,CEI-IN-CD65F2F20822,INVALID_AISHE_FORMAT
sarala-birla-university,Sarala Birla University,College,Jharkhand,Ranchi,UGC,2020-21,UNVERIFIED,True,NA,2017,CEI-IN-81C28F5797EB,INVALID_AISHE_FORMAT
marwari-college-ranchi,"Marwari College, Ranchi",College,Jharkhand,Ranchi,Ranchi University (Autonomous),2020-21,UNVERIFIED,True,B++,1963,CEI-IN-B61191376F66,INVALID_AISHE_FORMAT
cambridge-institute-technology-ranchi,Cambridge Institute of Technology,College,Jharkhand,Ranchi,Jharkhand University of Technology,2020-21,UNVERIFIED,True,NA,2001,CEI-IN-616EB731CC93,INVALID_AISHE_FORMAT
aiims-deoghar,All India Institute of Medical Sciences Deoghar,College,Jharkhand,Deoghar,,2020-21,UNVERIFIED,True,NA,2019,CEI-IN-C7C74F79A24B,INVALID_AISHE_FORMAT
jamshedpur-womens-university,Jamshedpur Women's University,College,Jharkhand,East Singhbhum,UGC,2020-21,UNVERIFIED,True,A,2019,CEI-IN-F48A12E8B126,INVALID_AISHE_FORMAT
cip-ranchi,Central Institute of Psychiatry,College,Jharkhand,Ranchi,Ranchi University,2020-21,UNVERIFIED,True,NA,1918,CEI-IN-CC0B8BE50D8E,INVALID_AISHE_FORMAT
rinpas-ranchi,Ranchi Institute of Neuro-Psychiatry and Allied Sciences,College,Jharkhand,Ranchi,Ranchi University,2020-21,UNVERIFIED,True,NA,1925,CEI-IN-0354F9136149,INVALID_AISHE_FORMAT
bbmku-dhanbad,Binod Bihari Mahto Koyalanchal University,College,Jharkhand,Dhanbad,UGC,2020-21,UNVERIFIED,True,NA,2017,CEI-IN-9EA3915F81B0,INVALID_AISHE_FORMAT
dr-shyama-prasad-mukherjee-university,Dr. Shyama Prasad Mukherjee University,College,Jharkhand,Ranchi,UGC,2020-21,UNVERIFIED,True,B,2017,CEI-IN-C8A6C6995D1E,INVALID_AISHE_FORMAT
usha-martin-university,Usha Martin University,College,Jharkhand,Ranchi,UGC,2020-21,UNVERIFIED,True,NA,2012,CEI-IN-C4A7ABA795A9,INVALID_AISHE_FORMAT
jharkhand-rai-university,Jharkhand Rai University,College,Jharkhand,Ranchi,UGC,2020-21,UNVERIFIED,True,C,2011,CEI-IN-544E0A35AABB,INVALID_AISHE_FORMAT
karim-city-college-jamshedpur,Karim City College,College,Jharkhand,East Singhbhum,Kolhan University,2020-21,UNVERIFIED,True,B++,1961,CEI-IN-B241F1E494BC,INVALID_AISHE_FORMAT
rvs-college-engineering-technology,R.V.S. College of Engineering and Technology,College,Jharkhand,East Singhbhum,Jharkhand University of Technology,2020-21,UNVERIFIED,True,NA,2004,CEI-IN-7123D9DC9A49,INVALID_AISHE_FORMAT
ybn-university,YBN University,College,Jharkhand,Ranchi,UGC,2020-21,UNVERIFIED,True,NA,2017,CEI-IN-C09EB2EB513A,INVALID_AISHE_FORMAT
siddaganga-institute-of-technology,Siddaganga Institute of Technology,College,Karnataka,Tumakuru,VTU (Autonomous),2020-21,UNVERIFIED,True,A,1963,CEI-IN-5F3B2FAC0BCA,INVALID_AISHE_FORMAT
engineering-college-campus-hav-haveri,Engineering College Campus Haveri,College,Karnataka,Mysore,,2020-21,UNVERIFIED,True,,,CEI-IN-3B97E13A909B,INVALID_AISHE_FORMAT
engineering-college-institute--bellary,Engineering College Institute Bellary,College,Karnataka,Mandya,,2020-21,UNVERIFIED,True,,,CEI-IN-35FCFF2ED1D8,INVALID_AISHE_FORMAT
university-college-campus-chik-chikmagalur,University College Campus Chikmagalur,College,Karnataka,Bijapur,,2020-21,UNVERIFIED,True,,,CEI-IN-2C5AD9CF820F,INVALID_AISHE_FORMAT
technical-institute-and-techno-bagalkot,Technical Institute and Technology Bagalkot,College,Karnataka,Chitradurga,,2020-21,UNVERIFIED,True,,,CEI-IN-EEEED56407D2,INVALID_AISHE_FORMAT
iim-bangalore,Indian Institute of Management Bangalore,College,Karnataka,Bengaluru Urban,,2020-21,UNVERIFIED,True,NA,1973,CEI-IN-B468C3F226D8,INVALID_AISHE_FORMAT
nit-karnataka-surathkal,"National Institute of Technology Karnataka, Surathkal",College,Karnataka,Dakshina Kannada,,2020-21,UNVERIFIED,True,NA,1960,CEI-IN-561BE196AFC0,INVALID_AISHE_FORMAT
nift-bengaluru,National Institute of Fashion Technology Bengaluru,College,Karnataka,Bengaluru Urban,Ministry of Textiles,2020-21,UNVERIFIED,True,NA,1986,CEI-IN-3295F3C6FDB4,INVALID_AISHE_FORMAT
college-of-engineering-institu-hassan,College of Engineering Institute Hassan,College,Karnataka,Raichur,,2020-21,UNVERIFIED,True,,,CEI-IN-BF588CA149A4,INVALID_AISHE_FORMAT
university-college-and-technol-chikmagalur,University College and Technology Chikmagalur,College,Karnataka,Hubli,,2020-21,UNVERIFIED,True,,,CEI-IN-18B17C835330,INVALID_AISHE_FORMAT
engineering-college-and-resear-chitradurga,Engineering College and Research Chitradurga,College,Karnataka,Gulbarga,,2020-21,UNVERIFIED,True,,,CEI-IN-31B486B250CF,INVALID_AISHE_FORMAT
engineering-college-haveri-haveri,Engineering College Haveri,College,Karnataka,Udupi,,2020-21,UNVERIFIED,True,,,CEI-IN-E40F1B0B1C0B,INVALID_AISHE_FORMAT
engineering-college-centre-man-mangalore,Engineering College Centre Mangalore,College,Karnataka,Mandya,,2020-21,UNVERIFIED,True,,,CEI-IN-6DF91DC45858,INVALID_AISHE_FORMAT
technical-institute-campus-bij-bijapur,Technical Institute Campus Bijapur,College,Karnataka,Bellary,,2020-21,UNVERIFIED,True,,,CEI-IN-ED6E373DC3C5,INVALID_AISHE_FORMAT
nlsiu-bengaluru,National Law School of India University,College,Karnataka,Bengaluru Urban,Bar Council of India,2020-21,UNVERIFIED,True,A,1986,CEI-IN-3A09858FCE55,INVALID_AISHE_FORMAT
ms-ramaiah-institute-of-technology,M.S. Ramaiah Institute of Technology,College,Karnataka,Bengaluru Urban,VTU (Autonomous),2020-21,UNVERIFIED,True,A,1962,CEI-IN-34A1FC95CA9B,INVALID_AISHE_FORMAT
institute-of-technology-and-te-gulbarga,Institute of Technology and Technology Gulbarga,College,Karnataka,Hassan,,2020-21,UNVERIFIED,True,,,CEI-IN-0C1B170AADCC,INVALID_AISHE_FORMAT
technical-institute-centre-dav-davangere,Technical Institute Centre Davangere,College,Karnataka,Mangalore,,2020-21,UNVERIFIED,True,,,CEI-IN-23284ED31FF9,INVALID_AISHE_FORMAT
manipal-institute-of-technolog-manipal,Manipal Institute of Technology,College,Karnataka,Manipal,,2020-21,UNVERIFIED,True,,,CEI-IN-133F3EDE1DF6,INVALID_AISHE_FORMAT
institute-of-technology-gulbar-gulbarga,Institute of Technology Gulbarga,College,Karnataka,Belgaum,,2020-21,UNVERIFIED,True,,,CEI-IN-84008D34EB12,INVALID_AISHE_FORMAT
engineering-college-centre-chi-chitradurga,Engineering College Centre Chitradurga,College,Karnataka,Mandya,,2020-21,UNVERIFIED,True,,,CEI-IN-01315964F637,INVALID_AISHE_FORMAT
institute-of-technology-instit-gadag,Institute of Technology Institute Gadag,College,Karnataka,Bangalore Rural,,2020-21,UNVERIFIED,True,,,CEI-IN-DCD8C104BC1A,INVALID_AISHE_FORMAT
engineering-college-and-resear-bidar,Engineering College and Research Bidar,College,Karnataka,Mandya,,2020-21,UNVERIFIED,True,,,CEI-IN-7DC528782072,INVALID_AISHE_FORMAT
college-of-engineering-centre--hassan,College of Engineering Centre Hassan,College,Karnataka,Dharwad,,2020-21,UNVERIFIED,True,,,CEI-IN-39D9B442914A,INVALID_AISHE_FORMAT
university-college-and-technol-chamarajanagar,University College and Technology Chamarajanagar,College,Karnataka,Bijapur,,2020-21,UNVERIFIED,True,,,CEI-IN-B6BA51C2E55A,INVALID_AISHE_FORMAT
technical-institute-hubli-hubli,Technical Institute Hubli,College,Karnataka,Chitradurga,,2020-21,UNVERIFIED,True,,,CEI-IN-BB999ABC8503,INVALID_AISHE_FORMAT
iisc-bengaluru,Indian Institute of Science,College,Karnataka,Bengaluru Urban,UGC - Deemed University,2020-21,UNVERIFIED,True,A++,1909,CEI-IN-ED45E685D25B,INVALID_AISHE_FORMAT
iit-dharwad,Indian Institute of Technology Dharwad,College,Karnataka,Dharwad,,2020-21,UNVERIFIED,True,NA,2016,CEI-IN-BFB9B3518721,INVALID_AISHE_FORMAT
mount-carmel-college,Mount Carmel College,College,Karnataka,Bengaluru Urban,Bengaluru City University,2020-21,UNVERIFIED,True,A+,1948,CEI-IN-49C8FE1344D5,INVALID_AISHE_FORMAT
technical-institute-institute--hubli,Technical Institute Institute Hubli,College,Karnataka,Mangalore,,2020-21,UNVERIFIED,True,,,CEI-IN-046DAED65146,INVALID_AISHE_FORMAT
institute-of-technology-centre-mandya,Institute of Technology Centre Mandya,College,Karnataka,Bangalore Rural,,2020-21,UNVERIFIED,True,,,CEI-IN-2B4A49D8181E,INVALID_AISHE_FORMAT
institute-of-technology-instit-mysore,Institute of Technology Institute Mysore,College,Karnataka,Tumkur,,2020-21,UNVERIFIED,True,,,CEI-IN-71E57B725678,INVALID_AISHE_FORMAT
university-college-dharwad-dharwad,University College Dharwad,College,Karnataka,Bijapur,,2020-21,UNVERIFIED,True,,,CEI-IN-F3998BD38D3E,INVALID_AISHE_FORMAT
college-of-engineering-and-res-belgaum,College of Engineering and Research Belgaum,College,Karnataka,Raichur,,2020-21,UNVERIFIED,True,,,CEI-IN-64E8DD273090,INVALID_AISHE_FORMAT
institute-of-technology-mandya-mandya,Institute of Technology Mandya,College,Karnataka,Belgaum,,2020-21,UNVERIFIED,True,,,CEI-IN-C7A5F263F41C,INVALID_AISHE_FORMAT
technical-institute-and-techno-kolar,Technical Institute and Technology Kolar,College,Karnataka,Bellary,,2020-21,UNVERIFIED,True,,,CEI-IN-EF1E8F4184EF,INVALID_AISHE_FORMAT
college-of-engineering-campus--kodagu,College of Engineering Campus Kodagu,College,Karnataka,Shimoga,,2020-21,UNVERIFIED,True,,,CEI-IN-9253D68512B5,INVALID_AISHE_FORMAT
technical-institute-and-resear-bagalkot,Technical Institute and Research Bagalkot,College,Karnataka,Bidar,,2020-21,UNVERIFIED,True,,,CEI-IN-CA0F2311FE9F,INVALID_AISHE_FORMAT
institute-of-technology-campus-mysore,Institute of Technology Campus Mysore,College,Karnataka,Hassan,,2020-21,UNVERIFIED,True,,,CEI-IN-F813D33E1D80,INVALID_AISHE_FORMAT
institute-of-technology-instit-gulbarga,Institute of Technology Institute Gulbarga,College,Karnataka,Bangalore Rural,,2020-21,UNVERIFIED,True,,,CEI-IN-A4BA7A1C98C1,INVALID_AISHE_FORMAT
engineering-college-campus-bel-bellary,Engineering College Campus Bellary,College,Karnataka,Mysore,,2020-21,UNVERIFIED,True,,,CEI-IN-B75475054495,INVALID_AISHE_FORMAT
engineering-college-institute--bidar,Engineering College Institute Bidar,College,Karnataka,Gulbarga,,2020-21,UNVERIFIED,True,,,CEI-IN-508F2F3441A1,INVALID_AISHE_FORMAT
institute-of-technology-and-re-mandya,Institute of Technology and Research Mandya,College,Karnataka,Tumkur,,2020-21,UNVERIFIED,True,,,CEI-IN-31F1F4C5B06E,INVALID_AISHE_FORMAT
m-s-ramaiah-institute-of-techn-bengaluru,M. S. Ramaiah Institute of Technology,College,Karnataka,Bengaluru,,2020-21,UNVERIFIED,True,,,CEI-IN-B8D70AC6F897,INVALID_AISHE_FORMAT
sir-mvit-bangalore,Sir M. Visvesvaraya Institute of Technology,College,Karnataka,Yelahanka,,2020-21,UNVERIFIED,True,,,CEI-IN-D8825FA50A66,INVALID_AISHE_FORMAT
jain-university-bengaluru,Jain (Deemed to be University),College,Karnataka,Bengaluru Urban,UGC - Deemed University,2020-21,UNVERIFIED,True,A++,2009,CEI-IN-03A84B02FEDA,INVALID_AISHE_FORMAT
reva-university,REVA University,College,Karnataka,Bengaluru Urban,UGC,2020-21,UNVERIFIED,True,A,2012,CEI-IN-82636FA9E376,INVALID_AISHE_FORMAT
university-college-campus-dhar-dharwad,University College Campus Dharwad,College,Karnataka,Hubli,,2020-21,UNVERIFIED,True,,,CEI-IN-ED38604C446C,INVALID_AISHE_FORMAT
college-of-engineering-and-tec-kodagu,College of Engineering and Technology Kodagu,College,Karnataka,Bangalore Urban,,2020-21,UNVERIFIED,True,,,CEI-IN-8A6ED9634C18,INVALID_AISHE_FORMAT
college-of-engineering-and-res-bangalore,College of Engineering and Research Bangalore,College,Karnataka,Dharwad,,2020-21,UNVERIFIED,True,,,CEI-IN-2CC5CA682371,INVALID_AISHE_FORMAT
university-college-institute-r-raichur,University College Institute Raichur,College,Karnataka,Kolar,,2020-21,UNVERIFIED,True,,,CEI-IN-10D7EFA51582,INVALID_AISHE_FORMAT
university-college-and-researc-chamarajanagar,University College and Research Chamarajanagar,College,Karnataka,Davangere,,2020-21,UNVERIFIED,True,,,CEI-IN-C8BD06C4E718,INVALID_AISHE_FORMAT
college-of-engineering-institu-bangalore,College of Engineering Institute Bangalore,College,Karnataka,Raichur,,2020-21,UNVERIFIED,True,,,CEI-IN-AC8C6969BAD2,INVALID_AISHE_FORMAT
institute-of-technology-and-te-udupi,Institute of Technology and Technology Udupi,College,Karnataka,Belgaum,,2020-21,UNVERIFIED,True,,,CEI-IN-D7FFC3FA3AE8,INVALID_AISHE_FORMAT
national-institute-of-technolo-surathkal,National Institute of Technology Karnataka,College,Karnataka,Surathkal,,2020-21,UNVERIFIED,True,,,CEI-IN-2A3FC5F8EC25,INVALID_AISHE_FORMAT
bangalore-university,Bangalore University,College,Karnataka,Bengaluru Urban,UGC,2020-21,UNVERIFIED,True,A,1964,CEI-IN-D8859F700FE1,INVALID_AISHE_FORMAT
institute-of-technology-and-re-mysore,Institute of Technology and Research Mysore,College,Karnataka,Bangalore Rural,,2020-21,UNVERIFIED,True,,,CEI-IN-AD317DE93200,INVALID_AISHE_FORMAT
college-of-engineering-centre--belgaum,College of Engineering Centre Belgaum,College,Karnataka,Dharwad,,2020-21,UNVERIFIED,True,,,CEI-IN-18AE0853E1ED,INVALID_AISHE_FORMAT
technical-institute-and-techno-davangere,Technical Institute and Technology Davangere,College,Karnataka,Bellary,,2020-21,UNVERIFIED,True,,,CEI-IN-DB3B667139D3,INVALID_AISHE_FORMAT
university-college-institute-s-shimoga,University College Institute Shimoga,College,Karnataka,Davangere,,2020-21,UNVERIFIED,True,,,CEI-IN-4F058EB5765B,INVALID_AISHE_FORMAT
engineering-college-bidar-bidar,Engineering College Bidar,College,Karnataka,Udupi,,2020-21,UNVERIFIED,True,,,CEI-IN-A87E6D2FDA7A,INVALID_AISHE_FORMAT
technical-institute-kolar-kolar,Technical Institute Kolar,College,Karnataka,Chitradurga,,2020-21,UNVERIFIED,True,,,CEI-IN-02295605256F,INVALID_AISHE_FORMAT
college-of-engineering-belgaum-belgaum,College of Engineering Belgaum,College,Karnataka,Shimoga,,2020-21,UNVERIFIED,True,,,CEI-IN-103C2669215B,INVALID_AISHE_FORMAT
institute-of-technology-and-re-gulbarga,Institute of Technology and Research Gulbarga,College,Karnataka,Tumkur,,2020-21,UNVERIFIED,True,,,CEI-IN-5143704D1D3B,INVALID_AISHE_FORMAT
technical-institute-campus-dav-davangere,Technical Institute Campus Davangere,College,Karnataka,Chitradurga,,2020-21,UNVERIFIED,True,,,CEI-IN-049852AB0608,INVALID_AISHE_FORMAT
university-college-campus-raic-raichur,University College Campus Raichur,College,Karnataka,Hubli,,2020-21,UNVERIFIED,True,,,CEI-IN-E3788AF63FA8,INVALID_AISHE_FORMAT
university-college-institute-c-chikmagalur,University College Institute Chikmagalur,College,Karnataka,Davangere,,2020-21,UNVERIFIED,True,,,CEI-IN-4A3B21A03B83,INVALID_AISHE_FORMAT
university-college-institute-c-chamarajanagar,University College Institute Chamarajanagar,College,Karnataka,Kolar,,2020-21,UNVERIFIED,True,,,CEI-IN-7EE441E10A29,INVALID_AISHE_FORMAT
bms-college-of-engineering,B.M.S. College of Engineering,College,Karnataka,Bengaluru Urban,VTU (Autonomous),2020-21,UNVERIFIED,True,A++,1946,CEI-IN-350ED0556D88,INVALID_AISHE_FORMAT
karnataka-state-law-university,Karnataka State Law University,College,Karnataka,Dharwad,Bar Council of India,2020-21,UNVERIFIED,True,A,2009,CEI-IN-2ECD0FB8C2F6,INVALID_AISHE_FORMAT
college-of-engineering-centre--tumkur,College of Engineering Centre Tumkur,College,Karnataka,Raichur,,2020-21,UNVERIFIED,True,,,CEI-IN-D8326E8C8381,INVALID_AISHE_FORMAT
institute-of-technology-udupi-udupi,Institute of Technology Udupi,College,Karnataka,Hassan,,2020-21,UNVERIFIED,True,,,CEI-IN-A1CA8D446659,INVALID_AISHE_FORMAT
institute-of-technology-campus-gadag,Institute of Technology Campus Gadag,College,Karnataka,Belgaum,,2020-21,UNVERIFIED,True,,,CEI-IN-98D588163673,INVALID_AISHE_FORMAT
engineering-college-campus-man-mangalore,Engineering College Campus Mangalore,College,Karnataka,Udupi,,2020-21,UNVERIFIED,True,,,CEI-IN-4D15E9637297,INVALID_AISHE_FORMAT
institute-of-technology-gadag-gadag,Institute of Technology Gadag,College,Karnataka,Hassan,,2020-21,UNVERIFIED,True,,,CEI-IN-DFF998B0F4BE,INVALID_AISHE_FORMAT
iiit-bangalore,International Institute of Information Technology Bangalore,College,Karnataka,Bengaluru Urban,UGC - Deemed University,2020-21,UNVERIFIED,True,A+,1999,CEI-IN-1282C692CB95,INVALID_AISHE_FORMAT
manipal-academy-of-higher-education,Manipal Academy of Higher Education,College,Karnataka,Udupi,UGC - Deemed University,2020-21,UNVERIFIED,True,A++,1953,CEI-IN-01EAFE11DC23,INVALID_AISHE_FORMAT
st-johns-medical-college,St. John's Medical College,College,Karnataka,Bengaluru Urban,RGUHS,2020-21,UNVERIFIED,True,NA,1963,CEI-IN-9D8FCC3F82D6,INVALID_AISHE_FORMAT
christ-university-bengaluru,Christ (Deemed to be University),College,Karnataka,Bengaluru Urban,UGC - Deemed University,2020-21,UNVERIFIED,True,A,1969,CEI-IN-9CC9EE7B3188,INVALID_AISHE_FORMAT
college-of-engineering-campus--tumkur,College of Engineering Campus Tumkur,College,Karnataka,Shimoga,,2020-21,UNVERIFIED,True,,,CEI-IN-5F8094579747,INVALID_AISHE_FORMAT
institute-of-technology-centre-udupi,Institute of Technology Centre Udupi,College,Karnataka,Tumkur,,2020-21,UNVERIFIED,True,,,CEI-IN-56812F5F4D59,INVALID_AISHE_FORMAT
technical-institute-and-resear-bijapur,Technical Institute and Research Bijapur,College,Karnataka,Bidar,,2020-21,UNVERIFIED,True,,,CEI-IN-79C85D3D84E5,INVALID_AISHE_FORMAT
university-college-and-technol-raichur,University College and Technology Raichur,College,Karnataka,Bijapur,,2020-21,UNVERIFIED,True,,,CEI-IN-C9AED2CD58BA,INVALID_AISHE_FORMAT
college-of-engineering-and-res-tumkur,College of Engineering and Research Tumkur,College,Karnataka,Dharwad,,2020-21,UNVERIFIED,True,,,CEI-IN-2D22EEF97489,INVALID_AISHE_FORMAT
bms-institute-of-technology-ma-bengaluru,BMS Institute of Technology & Management,College,Karnataka,Bengaluru,,2020-21,UNVERIFIED,True,,,CEI-IN-026F8CA7EF72,INVALID_AISHE_FORMAT
rv-college-of-engineering,Rashtreeya Vidyalaya College of Engineering,College,Karnataka,Bengaluru Urban,VTU (Autonomous),2020-21,UNVERIFIED,True,A+,1963,CEI-IN-1087EB7A2EBC,INVALID_AISHE_FORMAT
pes-university,PES University,College,Karnataka,Bengaluru Urban,UGC,2020-21,UNVERIFIED,True,A,2013,CEI-IN-75A30CA81A59,INVALID_AISHE_FORMAT
jss-academy-of-higher-education-and-research,JSS Academy of Higher Education and Research,College,Karnataka,Mysuru,UGC - Deemed University,2020-21,UNVERIFIED,True,A+,2008,CEI-IN-3BB5ED9B8E67,INVALID_AISHE_FORMAT
institute-of-technology-and-te-mysore,Institute of Technology and Technology Mysore,College,Karnataka,Belgaum,,2020-21,UNVERIFIED,True,,,CEI-IN-6051A1C07E09,INVALID_AISHE_FORMAT
technical-institute-centre-hub-hubli,Technical Institute Centre Hubli,College,Karnataka,Bidar,,2020-21,UNVERIFIED,True,,,CEI-IN-70F18254E4F9,INVALID_AISHE_FORMAT
university-college-centre-shim-shimoga,University College Centre Shimoga,College,Karnataka,Kolar,,2020-21,UNVERIFIED,True,,,CEI-IN-6E7FB6B7CDCF,INVALID_AISHE_FORMAT
university-college-and-researc-dharwad,University College and Research Dharwad,College,Karnataka,Kolar,,2020-21,UNVERIFIED,True,,,CEI-IN-014531D9632D,INVALID_AISHE_FORMAT
technical-institute-institute--kolar,Technical Institute Institute Kolar,College,Karnataka,Bidar,,2020-21,UNVERIFIED,True,,,CEI-IN-0698438D59E5,INVALID_AISHE_FORMAT
bangalore-medical-college-research-institute,Bangalore Medical College and Research Institute,College,Karnataka,Bengaluru Urban,RGUHS,2020-21,UNVERIFIED,True,NA,1955,CEI-IN-AE2F5B1BCD9A,INVALID_AISHE_FORMAT
university-college-and-researc-chikmagalur,University College and Research Chikmagalur,College,Karnataka,Kolar,,2020-21,UNVERIFIED,True,,,CEI-IN-09F3FE41E401,INVALID_AISHE_FORMAT
technical-institute-and-techno-bijapur,Technical Institute and Technology Bijapur,College,Karnataka,Chitradurga,,2020-21,UNVERIFIED,True,,,CEI-IN-26FAB166939A,INVALID_AISHE_FORMAT
college-of-engineering-campus--hassan,College of Engineering Campus Hassan,College,Karnataka,Bangalore Urban,,2020-21,UNVERIFIED,True,,,CEI-IN-CC6B0FC16143,INVALID_AISHE_FORMAT
engineering-college-chitradurg-chitradurga,Engineering College Chitradurga,College,Karnataka,Mysore,,2020-21,UNVERIFIED,True,,,CEI-IN-153DF372CFCD,INVALID_AISHE_FORMAT
technical-institute-bagalkot-bagalkot,Technical Institute Bagalkot,College,Karnataka,Bellary,,2020-21,UNVERIFIED,True,,,CEI-IN-6E7D24D0496F,INVALID_AISHE_FORMAT
college-of-engineering-and-tec-bangalore,College of Engineering and Technology Bangalore,College,Karnataka,Shimoga,,2020-21,UNVERIFIED,True,,,CEI-IN-150FCBC8CF01,INVALID_AISHE_FORMAT
symbiosis-bengaluru,"Symbiosis International University, Bengaluru",College,Karnataka,Bengaluru Urban,,2020-21,UNVERIFIED,True,A++,2008,CEI-IN-1019AA7BA383,INVALID_AISHE_FORMAT
rajiv-gandhi-university-of-health-sciences,Rajiv Gandhi University of Health Sciences,College,Karnataka,Bengaluru Urban,NMC,2020-21,UNVERIFIED,True,NA,1996,CEI-IN-05AFF1FFBE9A,INVALID_AISHE_FORMAT
university-of-agricultural-sciences-bangalore,"University of Agricultural Sciences, Bangalore",College,Karnataka,Bengaluru Urban,ICAR,2020-21,UNVERIFIED,True,A,1963,CEI-IN-DC67733EFCC6,INVALID_AISHE_FORMAT
st-josephs-university-bengaluru,St. Joseph's University,College,Karnataka,Bengaluru Urban,UGC,2020-21,UNVERIFIED,True,A++,1882,CEI-IN-04D2DC65093F,INVALID_AISHE_FORMAT
college-of-engineering-bangalore,College of Engineering,College,Karnataka,Bangalore Urban,,2020-21,UNVERIFIED,True,,,CEI-IN-4F26D980979F,INVALID_AISHE_FORMAT
university-college-chamarajana-chamarajanagar,University College Chamarajanagar,College,Karnataka,Hubli,,2020-21,UNVERIFIED,True,,,CEI-IN-369DAD64D9AF,INVALID_AISHE_FORMAT
technical-institute-campus-hub-hubli,Technical Institute Campus Hubli,College,Karnataka,Bellary,,2020-21,UNVERIFIED,True,,,CEI-IN-D88E134B2C4C,INVALID_AISHE_FORMAT
university-college-centre-dhar-dharwad,University College Centre Dharwad,College,Karnataka,Davangere,,2020-21,UNVERIFIED,True,,,CEI-IN-8DB873FD9199,INVALID_AISHE_FORMAT
technical-institute-institute--davangere,Technical Institute Institute Davangere,College,Karnataka,Bidar,,2020-21,UNVERIFIED,True,,,CEI-IN-81FD547580CA,INVALID_AISHE_FORMAT
university-college-campus-shim-shimoga,University College Campus Shimoga,College,Karnataka,Bijapur,,2020-21,UNVERIFIED,True,,,CEI-IN-63BE050DA057,INVALID_AISHE_FORMAT
institute-of-technology-and-re-udupi,Institute of Technology and Research Udupi,College,Karnataka,Bangalore Rural,,2020-21,UNVERIFIED,True,,,CEI-IN-37247C948A05,INVALID_AISHE_FORMAT
engineering-college-and-techno-bidar,Engineering College and Technology Bidar,College,Karnataka,Mysore,,2020-21,UNVERIFIED,True,,,CEI-IN-05E583EF1CA0,INVALID_AISHE_FORMAT
technical-institute-institute--bijapur,Technical Institute Institute Bijapur,College,Karnataka,Mangalore,,2020-21,UNVERIFIED,True,,,CEI-IN-D00B24C8D733,INVALID_AISHE_FORMAT
engineering-college-and-resear-haveri,Engineering College and Research Haveri,College,Karnataka,Mandya,,2020-21,UNVERIFIED,True,,,CEI-IN-3FD000C4A1F5,INVALID_AISHE_FORMAT
engineering-college-and-techno-mangalore,Engineering College and Technology Mangalore,College,Karnataka,Mysore,,2020-21,UNVERIFIED,True,,,CEI-IN-D3EC29577FB7,INVALID_AISHE_FORMAT
engineering-college-institute--mangalore,Engineering College Institute Mangalore,College,Karnataka,Gulbarga,,2020-21,UNVERIFIED,True,,,CEI-IN-18925644B48C,INVALID_AISHE_FORMAT
institute-of-technology-centre-gadag,Institute of Technology Centre Gadag,College,Karnataka,Tumkur,,2020-21,UNVERIFIED,True,,,CEI-IN-98014D86A980,INVALID_AISHE_FORMAT
university-of-mysore,University of Mysore,College,Karnataka,Mysuru,UGC,2020-21,UNVERIFIED,True,A,1916,CEI-IN-F205A053F660,INVALID_AISHE_FORMAT
kle-technological-university,KLE Technological University,College,Karnataka,Dharwad,UGC,2020-21,UNVERIFIED,True,NA,2015,CEI-IN-238A528618CB,INVALID_AISHE_FORMAT
college-of-engineering-institu-kodagu,College of Engineering Institute Kodagu,College,Karnataka,Dharwad,,2020-21,UNVERIFIED,True,,,CEI-IN-84BB0F9123E2,INVALID_AISHE_FORMAT
engineering-college-centre-hav-haveri,Engineering College Centre Haveri,College,Karnataka,Gulbarga,,2020-21,UNVERIFIED,True,,,CEI-IN-FA9F0B6329B3,INVALID_AISHE_FORMAT
college-of-engineering-and-tec-belgaum,College of Engineering and Technology Belgaum,College,Karnataka,Bangalore Urban,,2020-21,UNVERIFIED,True,,,CEI-IN-0A0CE3973264,INVALID_AISHE_FORMAT
university-college-shimoga-shimoga,University College Shimoga,College,Karnataka,Hubli,,2020-21,UNVERIFIED,True,,,CEI-IN-A8D071D6E862,INVALID_AISHE_FORMAT
college-of-engineering-centre--kodagu,College of Engineering Centre Kodagu,College,Karnataka,Raichur,,2020-21,UNVERIFIED,True,,,CEI-IN-37EF1E25543F,INVALID_AISHE_FORMAT
bms-college-of-engineering-bengaluru,B.M.S. College of Engineering,College,Karnataka,Bengaluru,,2020-21,UNVERIFIED,True,,,CEI-IN-F7395CF08C87,INVALID_AISHE_FORMAT
karnatak-university-dharwad,Karnatak University,College,Karnataka,Dharwad,UGC,2020-21,UNVERIFIED,True,A,1949,CEI-IN-8624869BFFEB,INVALID_AISHE_FORMAT
central-university-of-karnataka,Central University of Karnataka,College,Karnataka,Kalaburagi,UGC,2020-21,UNVERIFIED,True,NA,2009,CEI-IN-7D1EF16C096A,INVALID_AISHE_FORMAT
institute-of-technology-campus-mandya,Institute of Technology Campus Mandya,College,Karnataka,Hassan,,2020-21,UNVERIFIED,True,,,CEI-IN-DA7964D4298A,INVALID_AISHE_FORMAT
technical-institute-centre-bag-bagalkot,Technical Institute Centre Bagalkot,College,Karnataka,Mangalore,,2020-21,UNVERIFIED,True,,,CEI-IN-FE9A8EF17ABA,INVALID_AISHE_FORMAT
engineering-college-and-techno-chitradurga,Engineering College and Technology Chitradurga,College,Karnataka,Udupi,,2020-21,UNVERIFIED,True,,,CEI-IN-39E1183E2E4F,INVALID_AISHE_FORMAT
dayananda-sagar-college-of-eng-bengaluru,Dayananda Sagar College of Engineering,College,Karnataka,Bengaluru,,2020-21,UNVERIFIED,True,,,CEI-IN-47C6095EEF15,INVALID_AISHE_FORMAT
nit-surathkal,"National Institute of Technology Karnataka (NITK), Surathkal",College,Karnataka,Mangalore,,2020-21,UNVERIFIED,True,,,CEI-IN-6FCA1F6621A1,INVALID_AISHE_FORMAT
rvce-bangalore,RV College of Engineering (RVCE),College,Karnataka,Bangalore,,2020-21,UNVERIFIED,True,,,CEI-IN-EADF25B86CBB,INVALID_AISHE_FORMAT
visvesvaraya-technological-university,Visvesvaraya Technological University,College,Karnataka,Belagavi,AICTE,2020-21,UNVERIFIED,True,B++,1998,CEI-IN-275B5E816727,INVALID_AISHE_FORMAT
university-visvesvaraya-college-of-engineering,University Visvesvaraya College of Engineering,College,Karnataka,Bengaluru Urban,UVCE University (Autonomous),2020-21,UNVERIFIED,True,NA,1917,CEI-IN-6371F2FDE0EC,INVALID_AISHE_FORMAT
engineering-college-and-resear-bellary,Engineering College and Research Bellary,College,Karnataka,Gulbarga,,2020-21,UNVERIFIED,True,,,CEI-IN-C34D1861152B,INVALID_AISHE_FORMAT
engineering-college-and-techno-bellary,Engineering College and Technology Bellary,College,Karnataka,Udupi,,2020-21,UNVERIFIED,True,,,CEI-IN-FD5348CA6EA8,INVALID_AISHE_FORMAT
technical-institute-and-resear-kolar,Technical Institute and Research Kolar,College,Karnataka,Mangalore,,2020-21,UNVERIFIED,True,,,CEI-IN-A28B349C9AF8,INVALID_AISHE_FORMAT
college-of-engineering-tumkur-tumkur,College of Engineering Tumkur,College,Karnataka,Bangalore Urban,,2020-21,UNVERIFIED,True,,,CEI-IN-259D4172DF16,INVALID_AISHE_FORMAT
university-college-centre-raic-raichur,University College Centre Raichur,College,Karnataka,Davangere,,2020-21,UNVERIFIED,True,,,CEI-IN-DEF452E044E1,INVALID_AISHE_FORMAT
college-of-engineering-hassan-hassan,College of Engineering Hassan,College,Karnataka,Shimoga,,2020-21,UNVERIFIED,True,,,CEI-IN-4C60FAFEA432,INVALID_AISHE_FORMAT
bit-bangalore,Bangalore Institute of Technology,College,Karnataka,VV Puram,,2020-21,UNVERIFIED,True,,,CEI-IN-0E5D40262BE6,INVALID_AISHE_FORMAT
college-of-engineering-trivandrum,College of Engineering Trivandrum,College,Kerala,Thiruvananthapuram,KTU,2020-21,UNVERIFIED,True,A,1939,CEI-IN-C476EAA20F0A,INVALID_AISHE_FORMAT
apj-abdul-kalam-technological-university,APJ Abdul Kalam Technological University,College,Kerala,Thiruvananthapuram,UGC,2020-21,UNVERIFIED,True,NA,2014,CEI-IN-2566E01B441A,INVALID_AISHE_FORMAT
nuals-kochi,National University of Advanced Legal Studies,College,Kerala,Ernakulam,Bar Council of India,2020-21,UNVERIFIED,True,A,2005,CEI-IN-706B790474FD,INVALID_AISHE_FORMAT
thunchath-ezhuthachan-malayalam-university,Thunchath Ezhuthachan Malayalam University,College,Kerala,Malappuram,UGC,2020-21,UNVERIFIED,True,B+,2012,CEI-IN-785BC57E927B,INVALID_AISHE_FORMAT
iit-palakkad,Indian Institute of Technology Palakkad,College,Kerala,Palakkad,,2020-21,UNVERIFIED,True,NA,2015,CEI-IN-BF2D3A2D55B1,INVALID_AISHE_FORMAT
sctimst-trivandrum,Sree Chitra Tirunal Institute for Medical Sciences and Technology,College,Kerala,Thiruvananthapuram,,2020-21,UNVERIFIED,True,NA,1973,CEI-IN-495DAB4EAA76,INVALID_AISHE_FORMAT
university-of-kerala,University of Kerala,College,Kerala,Thiruvananthapuram,UGC,2020-21,UNVERIFIED,True,A++,1937,CEI-IN-07F458E2D165,INVALID_AISHE_FORMAT
cusat-kochi,Cochin University of Science and Technology,College,Kerala,Ernakulam,UGC,2020-21,UNVERIFIED,True,A+,1971,CEI-IN-EDEC8069F874,INVALID_AISHE_FORMAT
university-of-calicut,University of Calicut,College,Kerala,Malappuram,UGC,2020-21,UNVERIFIED,True,A+,1968,CEI-IN-F560BF648CD8,INVALID_AISHE_FORMAT
kvasu-wayanad,Kerala Veterinary and Animal Sciences University,College,Kerala,Wayanad,VCI,2020-21,UNVERIFIED,True,NA,2010,CEI-IN-788962399C07,INVALID_AISHE_FORMAT
nit-calicut,National Institute of Technology Calicut,College,Kerala,Kozhikode,,2020-21,UNVERIFIED,True,NA,1961,CEI-IN-7484CDF594E6,INVALID_AISHE_FORMAT
chinmaya-vishwavidyapeeth,Chinmaya Vishwavidyapeeth,College,Kerala,Ernakulam,UGC - Deemed University,2020-21,UNVERIFIED,True,A,2016,CEI-IN-4284A9D1A9DF,INVALID_AISHE_FORMAT
national-institute-of-technolo-kozhikode,National Institute of Technology Calicut,College,Kerala,Kozhikode,,2020-21,UNVERIFIED,True,,,CEI-IN-AA356D08827D,INVALID_AISHE_FORMAT
government-engineering-college-thrissur,Government Engineering College Thrissur,College,Kerala,Thrissur,,2020-21,UNVERIFIED,True,,,CEI-IN-4B9A91B45605,INVALID_AISHE_FORMAT
iist-thiruvananthapuram,Indian Institute of Space Science and Technology,College,Kerala,Thiruvananthapuram,UGC - Deemed University,2020-21,UNVERIFIED,True,A+,2007,CEI-IN-B0B3BDB6FB15,INVALID_AISHE_FORMAT
kerala-agricultural-university,Kerala Agricultural University,College,Kerala,Thrissur,ICAR,2020-21,UNVERIFIED,True,NA,1971,CEI-IN-E910EE48C02A,INVALID_AISHE_FORMAT
tkm-college-of-engineering,Thangal Kunju Musaliar College of Engineering,College,Kerala,Kollam,KTU (Autonomous),2020-21,UNVERIFIED,True,A,1958,CEI-IN-7337E933D4DC,INVALID_AISHE_FORMAT
kerala-kalamandalam,Kerala Kalamandalam,College,Kerala,Thrissur,UGC - Deemed University,2020-21,UNVERIFIED,True,A,1930,CEI-IN-87C66BCE2FBF,INVALID_AISHE_FORMAT
iim-kozhikode,Indian Institute of Management Kozhikode,College,Kerala,Kozhikode,,2020-21,UNVERIFIED,True,NA,1996,CEI-IN-E8286145B3BB,INVALID_AISHE_FORMAT
govt-medical-college-thiruvananthapuram,"Government Medical College, Thiruvananthapuram",College,Kerala,Thiruvananthapuram,KUHS,2020-21,UNVERIFIED,True,NA,1951,CEI-IN-DAA923B67EDC,INVALID_AISHE_FORMAT
sacred-heart-college-thevara,"Sacred Heart College, Thevara",College,Kerala,Ernakulam,MG University (Autonomous),2020-21,UNVERIFIED,True,A++,1944,CEI-IN-7ED53F8EEEB3,INVALID_AISHE_FORMAT
st-teresa-college-ernakulam,St. Teresa's College,College,Kerala,Ernakulam,MG University (Autonomous),2020-21,UNVERIFIED,True,A++,1925,CEI-IN-9C0D493AB082,INVALID_AISHE_FORMAT
mahatma-gandhi-university-kerala,Mahatma Gandhi University,College,Kerala,Kottayam,UGC,2020-21,UNVERIFIED,True,A++,1983,CEI-IN-20EFFC80E3C4,INVALID_AISHE_FORMAT
farook-college-calicut,Farook College,College,Kerala,Kozhikode,Calicut University (Autonomous),2020-21,UNVERIFIED,True,A+,1948,CEI-IN-7D1804D00C3E,INVALID_AISHE_FORMAT
iiser-thiruvananthapuram,Indian Institute of Science Education and Research Thiruvananthapuram,College,Kerala,Thiruvananthapuram,,2020-21,UNVERIFIED,True,NA,2008,CEI-IN-1366CB03D4DA,INVALID_AISHE_FORMAT
rajagiri-school-of-engineering-and-technology,Rajagiri School of Engineering & Technology,College,Kerala,Ernakulam,KTU (Autonomous),2020-21,UNVERIFIED,True,A,2001,CEI-IN-25A4506D0AC3,INVALID_AISHE_FORMAT
university-college-thiruvananthapuram,"University College, Thiruvananthapuram",College,Kerala,Thiruvananthapuram,University of Kerala,2020-21,UNVERIFIED,True,A,1866,CEI-IN-74F1D7309B41,INVALID_AISHE_FORMAT
central-university-of-kerala,Central University of Kerala,College,Kerala,Kasaragod,UGC,2020-21,UNVERIFIED,True,A,2009,CEI-IN-E085D9F9B9EA,INVALID_AISHE_FORMAT
amrita-vishwa-vidyapeetham-amritapuri,Amrita Vishwa Vidyapeetham,College,Kerala,Kollam,UGC - Deemed University,2020-21,UNVERIFIED,True,A++,2003,CEI-IN-D67C4AF8795D,INVALID_AISHE_FORMAT
kannur-university,Kannur University,College,Kerala,Kannur,UGC,2020-21,UNVERIFIED,True,B++,1996,CEI-IN-D3521EE4E529,INVALID_AISHE_FORMAT
model-engineering-college-thrikkakara,Government Model Engineering College,College,Kerala,Ernakulam,KTU,2020-21,UNVERIFIED,True,A,1989,CEI-IN-F2FA5956B864,INVALID_AISHE_FORMAT
kufos-kochi,Kerala University of Fisheries and Ocean Studies,College,Kerala,Ernakulam,ICAR,2020-21,UNVERIFIED,True,NA,2010,CEI-IN-F2EC3714CDC4,INVALID_AISHE_FORMAT
kerala-university-of-health-sciences,Kerala University of Health Sciences,College,Kerala,Thrissur,NMC,2020-21,UNVERIFIED,True,NA,2010,CEI-IN-F02F8461083B,INVALID_AISHE_FORMAT
govt-medical-college-kozhikode,"Government Medical College, Kozhikode",College,Kerala,Kozhikode,KUHS,2020-21,UNVERIFIED,True,NA,1957,CEI-IN-0F6AFD5F31F0,INVALID_AISHE_FORMAT
government-degree-college-khaltsi,"Government Degree College, Khaltsi",College,Ladakh,Leh,University of Ladakh,2020-21,UNVERIFIED,True,NA,2019,CEI-IN-11876840FE43,INVALID_AISHE_FORMAT
government-medical-college-leh,"Government Medical College, Leh",College,Ladakh,Leh,University of Ladakh,2020-21,UNVERIFIED,True,NA,2022,CEI-IN-7D659AD14211,INVALID_AISHE_FORMAT
eliezer-joldan-memorial-college-leh,Eliezer Joldan Memorial College,College,Ladakh,Leh,University of Ladakh,2020-21,UNVERIFIED,True,B,1994,CEI-IN-C83D8A2ABF57,INVALID_AISHE_FORMAT
government-degree-college-nubra,"Government Degree College, Nubra",College,Ladakh,Leh,University of Ladakh,2020-21,UNVERIFIED,True,NA,2011,CEI-IN-525610BD6CC2,INVALID_AISHE_FORMAT
university-of-ladakh,University of Ladakh,College,Ladakh,Leh,UGC,2020-21,UNVERIFIED,True,NA,2019,CEI-IN-DD0F7BA61F60,INVALID_AISHE_FORMAT
government-degree-college-kargil,"Government Degree College, Kargil",College,Ladakh,Kargil,University of Ladakh,2020-21,UNVERIFIED,True,B,1995,CEI-IN-84B9553C881D,INVALID_AISHE_FORMAT
government-degree-college-drass,"Government Degree College, Drass",College,Ladakh,Kargil,University of Ladakh,2020-21,UNVERIFIED,True,NA,2018,CEI-IN-55698DFA5A54,INVALID_AISHE_FORMAT
central-institute-of-buddhist-studies,Central Institute of Buddhist Studies,College,Ladakh,Leh,UGC - Deemed University,2020-21,UNVERIFIED,True,NA,1959,CEI-IN-6721E0D17FAD,INVALID_AISHE_FORMAT
government-polytechnic-kargil,"Government Polytechnic, Kargil",College,Ladakh,Kargil,AICTE,2020-21,UNVERIFIED,True,NA,2012,CEI-IN-E31FCD531106,INVALID_AISHE_FORMAT
government-degree-college-zanskar,"Government Degree College, Zanskar",College,Ladakh,Kargil,University of Ladakh,2020-21,UNVERIFIED,True,NA,2011,CEI-IN-8027EEBF6950,INVALID_AISHE_FORMAT
government-polytechnic-leh,"Government Polytechnic, Leh",College,Ladakh,Leh,AICTE,2020-21,UNVERIFIED,True,NA,1987,CEI-IN-F516E6BD160A,INVALID_AISHE_FORMAT
national-institute-of-sowa-rigpa,National Institute of Sowa Rigpa,College,Ladakh,Leh,University of Ladakh,2020-21,UNVERIFIED,True,NA,2010,CEI-IN-94E859214483,INVALID_AISHE_FORMAT
calicut-university-centre-kadmat,"Calicut University Centre, Kadmat",College,Lakshadweep,Lakshadweep,University of Calicut,2020-21,UNVERIFIED,True,NA,2005,CEI-IN-1B9D7C1DC0FC,INVALID_AISHE_FORMAT
pm-sayeed-calicut-university-centre-androth,P.M. Sayeed Calicut University Centre,College,Lakshadweep,Lakshadweep,University of Calicut,2020-21,UNVERIFIED,True,NA,2005,CEI-IN-3A3B0B22A182,INVALID_AISHE_FORMAT
diet-lakshadweep,District Institute of Education and Training,College,Lakshadweep,Lakshadweep,SCERT,2020-21,UNVERIFIED,True,NA,1999,CEI-IN-906047279145,INVALID_AISHE_FORMAT
government-iti-kavaratti,"Government Industrial Training Institute, Kavaratti",College,Lakshadweep,Lakshadweep,NCVT,2020-21,UNVERIFIED,True,NA,1976,CEI-IN-BB8EED47EC00,INVALID_AISHE_FORMAT
mahatma-gandhi-college-androth,Mahatma Gandhi College,College,Lakshadweep,Lakshadweep,University of Calicut,2020-21,UNVERIFIED,True,NA,1994,CEI-IN-445DDCE0C5BF,INVALID_AISHE_FORMAT
govt-jawaharlal-nehru-college-lakshadweep,Government Jawaharlal Nehru College,College,Lakshadweep,Lakshadweep,Pondicherry University,2020-21,UNVERIFIED,True,B,1972,CEI-IN-2BF4BD01787D,INVALID_AISHE_FORMAT
calicut-university-centre-kavaratti,"Calicut University Centre, Kavaratti",College,Lakshadweep,Lakshadweep,University of Calicut,2020-21,UNVERIFIED,True,NA,2005,CEI-IN-17DC781FBCDD,INVALID_AISHE_FORMAT
iiser-bhopal,Indian Institute of Science Education and Research Bhopal,College,Madhya Pradesh,Bhopal,,2020-21,UNVERIFIED,True,,2008,CEI-IN-9606A6FA2D3A,INVALID_AISHE_FORMAT
ies-college-of-technology-bhop-bhopal,IES College of Technology Bhopal,College,Madhya Pradesh,Bhopal,,2020-21,UNVERIFIED,True,,,CEI-IN-FA566079AF59,INVALID_AISHE_FORMAT
sgsits-indore,Shri Govindram Seksaria Institute of Technology and Science,College,Madhya Pradesh,Indore,RGPV Bhopal,2020-21,UNVERIFIED,True,,1952,CEI-IN-5744CBBE2291,INVALID_AISHE_FORMAT
gmc-bhopal,Gandhi Medical College,College,Madhya Pradesh,Bhopal,MPMSU Jabalpur,2020-21,UNVERIFIED,True,,1955,CEI-IN-A16EC13A38EC,INVALID_AISHE_FORMAT
mpmsu-jabalpur,Madhya Pradesh Medical Science University,College,Madhya Pradesh,Jabalpur,,2020-21,UNVERIFIED,True,,2011,CEI-IN-898DAF4770F8,INVALID_AISHE_FORMAT
indian-institute-of-technology-indore,Indian Institute of Technology Indore,College,Madhya Pradesh,Indore,,2020-21,UNVERIFIED,True,,,CEI-IN-0DECEC83C6A4,INVALID_AISHE_FORMAT
iiitdm-jabalpur,"Pandit Dwarka Prasad Mishra Indian Institute of Information Technology, Design and Manufacturing",College,Madhya Pradesh,Jabalpur,,2020-21,UNVERIFIED,True,,2005,CEI-IN-8F69C1D8A9FD,INVALID_AISHE_FORMAT
lnct-bhopal,Lakshmi Narain College of Technology,College,Madhya Pradesh,Bhopal,RGPV Bhopal,2020-21,UNVERIFIED,True,,,CEI-IN-01BB722CAAA4,INVALID_AISHE_FORMAT
amity-university-gwalior-gwalior,Amity University Gwalior,College,Madhya Pradesh,Gwalior,,2020-21,UNVERIFIED,True,,,CEI-IN-7FF8A89300C0,INVALID_AISHE_FORMAT
manit-bhopal,Maulana Azad National Institute of Technology,College,Madhya Pradesh,Bhopal,,2020-21,UNVERIFIED,True,,1960,CEI-IN-328804760C4C,INVALID_AISHE_FORMAT
abv-iiitm-gwalior,Atal Bihari Vajpayee Indian Institute of Information Technology and Management,College,Madhya Pradesh,Gwalior,,2020-21,UNVERIFIED,True,,1997,CEI-IN-8E65CA9640C2,INVALID_AISHE_FORMAT
iiit-bhopal,Indian Institute of Information Technology Bhopal,College,Madhya Pradesh,Bhopal,,2020-21,UNVERIFIED,True,,,CEI-IN-E6ACFB5B7F95,INVALID_AISHE_FORMAT
spa-bhopal,School of Planning and Architecture Bhopal,College,Madhya Pradesh,Bhopal,,2020-21,UNVERIFIED,True,,2008,CEI-IN-1FAF008E7BA6,INVALID_AISHE_FORMAT
ips-academy-indore,IPS Academy,College,Madhya Pradesh,Indore,RGPV Bhopal,2020-21,UNVERIFIED,True,,,CEI-IN-629C54476087,INVALID_AISHE_FORMAT
medicaps-uni,Medi-Caps University,College,Madhya Pradesh,Indore,,2020-21,UNVERIFIED,True,,,CEI-IN-F3F0268A82A2,INVALID_AISHE_FORMAT
dhsgsu-sagar,Dr. Harisingh Gour Vishwavidyalaya,College,Madhya Pradesh,Sagar,,2020-21,UNVERIFIED,True,,1946,CEI-IN-41EA6F6383CD,INVALID_AISHE_FORMAT
mits-gwalior,Madhav Institute of Technology and Science,College,Madhya Pradesh,Gwalior,RGPV Bhopal,2020-21,UNVERIFIED,True,,1957,CEI-IN-C05BE326A379,INVALID_AISHE_FORMAT
nscb-medical-college-jabalpur,Netaji Subhash Chandra Bose Medical College,College,Madhya Pradesh,Jabalpur,MPMSU Jabalpur,2020-21,UNVERIFIED,True,,1955,CEI-IN-DB8B67644560,INVALID_AISHE_FORMAT
gajra-raja-gwalior,Gajra Raja Medical College,College,Madhya Pradesh,Gwalior,MPMSU Jabalpur,2020-21,UNVERIFIED,True,,1946,CEI-IN-58AA1B8CA7EE,INVALID_AISHE_FORMAT
avantika-uni,Avantika University,College,Madhya Pradesh,Ujjain,,2020-21,UNVERIFIED,True,,,CEI-IN-46D9B9C37147,INVALID_AISHE_FORMAT
vikram-uni-ujjain,Vikram University,College,Madhya Pradesh,Ujjain,,2020-21,UNVERIFIED,True,,1957,CEI-IN-C7E68A671CAD,INVALID_AISHE_FORMAT
aiims-bhopal,All India Institute of Medical Sciences Bhopal,College,Madhya Pradesh,Bhopal,,2020-21,UNVERIFIED,True,,2012,CEI-IN-186D07FEC453,INVALID_AISHE_FORMAT
davv-indore,Devi Ahilya Vishwavidyalaya,College,Madhya Pradesh,Indore,,2020-21,UNVERIFIED,True,A+,1964,CEI-IN-DFA74A4BAF44,INVALID_AISHE_FORMAT
mgm-medical-college-indore,Mahatma Gandhi Memorial Medical College,College,Madhya Pradesh,Indore,MPMSU Jabalpur,2020-21,UNVERIFIED,True,,1948,CEI-IN-E04C78C9D5C0,INVALID_AISHE_FORMAT
amity-gwalior,Amity University Gwalior,College,Madhya Pradesh,Gwalior,,2020-21,UNVERIFIED,True,,,CEI-IN-CDA16566DD3C,INVALID_AISHE_FORMAT
nliu-bhopal,National Law Institute University,College,Madhya Pradesh,Bhopal,,2020-21,UNVERIFIED,True,,1997,CEI-IN-0DA668EEF39F,INVALID_AISHE_FORMAT
jagran-lakecity-uni,Jagran Lakecity University,College,Madhya Pradesh,Bhopal,,2020-21,UNVERIFIED,True,,,CEI-IN-AD0372FBE71C,INVALID_AISHE_FORMAT
sage-uni-indore,SAGE University,College,Madhya Pradesh,Indore,,2020-21,UNVERIFIED,True,,,CEI-IN-66ACB2390299,INVALID_AISHE_FORMAT
rdvv-jabalpur,Rani Durgavati Vishwavidyalaya,College,Madhya Pradesh,Jabalpur,,2020-21,UNVERIFIED,True,,1956,CEI-IN-0C0751785B4F,INVALID_AISHE_FORMAT
national-institute-of-technolo-bhopal,National Institute of Technology Bhopal,College,Madhya Pradesh,Bhopal,,2020-21,UNVERIFIED,True,,,CEI-IN-51ABBFC33325,INVALID_AISHE_FORMAT
rgpv-bhopal,Rajiv Gandhi Proudyogiki Vishwavidyalaya,College,Madhya Pradesh,Bhopal,,2020-21,UNVERIFIED,True,,1998,CEI-IN-CDCED9CA4359,INVALID_AISHE_FORMAT
ign-tribal-uni,Indira Gandhi National Tribal University,College,Madhya Pradesh,Anuppur,,2020-21,UNVERIFIED,True,,2008,CEI-IN-E5FE339D0CD7,INVALID_AISHE_FORMAT
mcu-bhopal,Makhanlal Chaturvedi National University of Journalism and Communication,College,Madhya Pradesh,Bhopal,,2020-21,UNVERIFIED,True,,1990,CEI-IN-C99CD496894B,INVALID_AISHE_FORMAT
iit-indore,Indian Institute of Technology Indore,College,Madhya Pradesh,Indore,,2020-21,UNVERIFIED,True,,2009,CEI-IN-DB8FD2ECB2D9,INVALID_AISHE_FORMAT
iim-indore,Indian Institute of Management Indore,College,Madhya Pradesh,Indore,,2020-21,UNVERIFIED,True,,1996,CEI-IN-E2CEEF411609,INVALID_AISHE_FORMAT
jec-jabalpur,Jabalpur Engineering College,College,Madhya Pradesh,Jabalpur,RGPV Bhopal,2020-21,UNVERIFIED,True,,1947,CEI-IN-08A038743D60,INVALID_AISHE_FORMAT
oriental-bhopal,Oriental Institute of Science and Technology,College,Madhya Pradesh,Bhopal,RGPV Bhopal,2020-21,UNVERIFIED,True,,,CEI-IN-EAA644A4C5B7,INVALID_AISHE_FORMAT
barkatullah-uni,Barkatullah University,College,Madhya Pradesh,Bhopal,,2020-21,UNVERIFIED,True,,1970,CEI-IN-F92DF729FD0F,INVALID_AISHE_FORMAT
jiwaji-uni,Jiwaji University,College,Madhya Pradesh,Gwalior,,2020-21,UNVERIFIED,True,,1964,CEI-IN-FA898CD750C9,INVALID_AISHE_FORMAT
institute-of-technology-and-re-parbhani,Institute of Technology and Research Parbhani,College,Maharashtra,Osmanabad,,2020-21,UNVERIFIED,True,,,CEI-IN-1181CD4229AC,INVALID_AISHE_FORMAT
university-department-institut-dhule,University Department Institute Dhule,College,Maharashtra,Gadchiroli,,2020-21,UNVERIFIED,True,,,CEI-IN-2011437B19B5,INVALID_AISHE_FORMAT
afmc-pune,Armed Forces Medical College,College,Maharashtra,Pune,MUHS Nashik,2020-21,UNVERIFIED,True,,1948,CEI-IN-D53A85F76698,INVALID_AISHE_FORMAT
pumba-pune,Department of Management Sciences (PUMBA),College,Maharashtra,Pune,Savitribai Phule Pune University,2020-21,UNVERIFIED,True,,,CEI-IN-E59B3F7533C6,INVALID_AISHE_FORMAT
mithibai-mumbai,"Mithibai College of Arts, Chauhan Institute of Science & Amrutben Jivanlal College of Commerce and Economics",College,Maharashtra,Mumbai Suburban,University of Mumbai,2020-21,UNVERIFIED,True,A,,CEI-IN-4CE1F70427F2,INVALID_AISHE_FORMAT
university-department-and-rese-sangli,University Department and Research Sangli,College,Maharashtra,Kolhapur,,2020-21,UNVERIFIED,True,,,CEI-IN-20C1D6B90FAF,INVALID_AISHE_FORMAT
university-department-and-rese-nandurbar,University Department and Research Nandurbar,College,Maharashtra,Nagpur,,2020-21,UNVERIFIED,True,,,CEI-IN-C079034E30AE,INVALID_AISHE_FORMAT
institute-of-technology-and-re-ratnagiri,Institute of Technology and Research Ratnagiri,College,Maharashtra,Gadchiroli,,2020-21,UNVERIFIED,True,,,CEI-IN-ECF7EE0E05AD,INVALID_AISHE_FORMAT
bharatiya-vidya-bhavans-sardar-mumbai,Bharatiya Vidya Bhavan's Sardar Patel Institute of Technology,College,Maharashtra,Mumbai,,2020-21,UNVERIFIED,True,,,CEI-IN-7837BC561B5D,INVALID_AISHE_FORMAT
shri-guru-gobind-singhji-insti-nanded,Shri Guru Gobind Singhji Institute of Engineering and Technology,College,Maharashtra,Nanded,,2020-21,UNVERIFIED,True,,,CEI-IN-1F7E441C191E,INVALID_AISHE_FORMAT
rajiv-gandhi-institute-of-tech-mumbai,Rajiv Gandhi Institute of Technology,College,Maharashtra,Mumbai,,2020-21,UNVERIFIED,True,,,CEI-IN-890E11ADB169,INVALID_AISHE_FORMAT
pillai-college-of-engineering-navi-mumbai,Pillai College of Engineering,College,Maharashtra,Thane,,2020-21,UNVERIFIED,True,,,CEI-IN-D5956D93DCC2,INVALID_AISHE_FORMAT
fergusson-pune,Fergusson College (Autonomous),College,Maharashtra,Pune,Savitribai Phule Pune University,2020-21,UNVERIFIED,True,A+,1885,CEI-IN-FE071CEBB3B2,INVALID_AISHE_FORMAT
pcco-pune,Pimpri Chinchwad College of Engineering,College,Maharashtra,Pune,Savitribai Phule Pune University,2020-21,UNVERIFIED,True,A,,CEI-IN-4070F82225AC,INVALID_AISHE_FORMAT
university-department-institut-gondia,University Department Institute Gondia,College,Maharashtra,Hingoli,,2020-21,UNVERIFIED,True,,,CEI-IN-1631899BEF17,INVALID_AISHE_FORMAT
technical-institute-and-resear-kalyan,Technical Institute and Research Kalyan,College,Maharashtra,Jalgaon,,2020-21,UNVERIFIED,True,,,CEI-IN-0CCF0A178205,INVALID_AISHE_FORMAT
college-of-engineering-campus--kolhapur,College of Engineering Campus Kolhapur,College,Maharashtra,Sindhudurg,,2020-21,UNVERIFIED,True,,,CEI-IN-F109D4A2BFDC,INVALID_AISHE_FORMAT
institute-of-engineering-and-r-thane,Institute of Engineering and Research Thane,College,Maharashtra,Nandurbar,,2020-21,UNVERIFIED,True,,,CEI-IN-470C4462925F,INVALID_AISHE_FORMAT
engineering-college-institute--palghar,Engineering College Institute Palghar,College,Maharashtra,Bhandara,,2020-21,UNVERIFIED,True,,,CEI-IN-54572D34BEAF,INVALID_AISHE_FORMAT
veermata-jijabai-technological-mumbai,Veermata Jijabai Technological Institute,College,Maharashtra,Mumbai,,2020-21,UNVERIFIED,True,,,CEI-IN-C541586B50FC,INVALID_AISHE_FORMAT
mahatma-gandhi-missions-colleg-navi-mumbai,Mahatma Gandhi Mission's College of Engineering,College,Maharashtra,Thane,,2020-21,UNVERIFIED,True,,,CEI-IN-E15AABC20DF8,INVALID_AISHE_FORMAT
spit-mumbai,Sardar Patel Institute of Technology,College,Maharashtra,Mumbai Suburban,University of Mumbai,2020-21,UNVERIFIED,True,,2005,CEI-IN-8DFE1194ADD8,INVALID_AISHE_FORMAT
technical-campus-campus-aurang-aurangabad,Technical Campus Campus Aurangabad,College,Maharashtra,Nashik,,2020-21,UNVERIFIED,True,,,CEI-IN-098BE5B41D5F,INVALID_AISHE_FORMAT
school-of-engineering-and-tech-satara,School of Engineering and Technology Satara,College,Maharashtra,Sangli,,2020-21,UNVERIFIED,True,,,CEI-IN-5E97FE045EDE,INVALID_AISHE_FORMAT
technical-institute-centre-was-washim,Technical Institute Centre Washim,College,Maharashtra,Jalna,,2020-21,UNVERIFIED,True,,,CEI-IN-94FB2E459548,INVALID_AISHE_FORMAT
institute-of-engineering-centr-beed,Institute of Engineering Centre Beed,College,Maharashtra,Mumbai Suburban,,2020-21,UNVERIFIED,True,,,CEI-IN-8D60FEF45FAD,INVALID_AISHE_FORMAT
institute-of-engineering-insti-sangli,Institute of Engineering Institute Sangli,College,Maharashtra,Palghar,,2020-21,UNVERIFIED,True,,,CEI-IN-5F8016DBB8C0,INVALID_AISHE_FORMAT
college-of-engineering-campus--panvel,College of Engineering Campus Panvel,College,Maharashtra,Akola,,2020-21,UNVERIFIED,True,,,CEI-IN-A22EFF0242D1,INVALID_AISHE_FORMAT
polytechnic-bhandara-bhandara,Polytechnic Bhandara,College,Maharashtra,Beed,,2020-21,UNVERIFIED,True,,,CEI-IN-163384D7D629,INVALID_AISHE_FORMAT
institute-of-technology-centre-latur,Institute of Technology Centre Latur,College,Maharashtra,Nagpur,,2020-21,UNVERIFIED,True,,,CEI-IN-6F08878FAFF3,INVALID_AISHE_FORMAT
polytechnic-campus-mumbai-mumbai,Polytechnic Campus Mumbai,College,Maharashtra,Sangli,,2020-21,UNVERIFIED,True,,,CEI-IN-6E5B71884D34,INVALID_AISHE_FORMAT
technical-institute-institute--wardha,Technical Institute Institute Wardha,College,Maharashtra,Osmanabad,,2020-21,UNVERIFIED,True,,,CEI-IN-50ADFA54896E,INVALID_AISHE_FORMAT
government-college-of-engineer-jalgaon,Government College of Engineering,College,Maharashtra,Jalgaon,,2020-21,UNVERIFIED,True,,,CEI-IN-A0D7F3B2B02E,INVALID_AISHE_FORMAT
anjuman-i-islams-kalsekar-tech-navi-mumbai,Anjuman-I-Islam's Kalsekar Technical Campus,College,Maharashtra,Thane,,2020-21,UNVERIFIED,True,,,CEI-IN-5E0AA3FE2446,INVALID_AISHE_FORMAT
vit-pune,Vishwakarma Institute of Technology,College,Maharashtra,Pune,Savitribai Phule Pune University,2020-21,UNVERIFIED,True,,1983,CEI-IN-022142269F48,INVALID_AISHE_FORMAT
bamu-aurangabad,Dr. Babasaheb Ambedkar Marathwada University,College,Maharashtra,Chhatrapati Sambhajinagar,,2020-21,UNVERIFIED,True,,1958,CEI-IN-E4D689AF7661,INVALID_AISHE_FORMAT
technical-institute-and-resear-dhule,Technical Institute and Research Dhule,College,Maharashtra,Amravati,,2020-21,UNVERIFIED,True,,,CEI-IN-CCFC9AD95D8C,INVALID_AISHE_FORMAT
college-of-engineering-and-tec-jalna,College of Engineering and Technology Jalna,College,Maharashtra,Beed,,2020-21,UNVERIFIED,True,,,CEI-IN-6570D59870DE,INVALID_AISHE_FORMAT
government-college-of-engineer-nagpur,Government College of Engineering Campus Nagpur,College,Maharashtra,Solapur,,2020-21,UNVERIFIED,True,,,CEI-IN-DD480505ECEB,INVALID_AISHE_FORMAT
institute-of-technology-centre-nashik,Institute of Technology Centre Nashik,College,Maharashtra,Kolhapur,,2020-21,UNVERIFIED,True,,,CEI-IN-AA36F0E84896,INVALID_AISHE_FORMAT
sardar-patel-college-of-engine-mumbai,Sardar Patel College of Engineering,College,Maharashtra,Mumbai,,2020-21,UNVERIFIED,True,,,CEI-IN-B14C22B74144,INVALID_AISHE_FORMAT
thadomal-shahani-engineering-c-mumbai,Thadomal Shahani Engineering College,College,Maharashtra,Mumbai,,2020-21,UNVERIFIED,True,,,CEI-IN-9C20F64C072C,INVALID_AISHE_FORMAT
fr-conceicao-rodrigues-college-mumbai,Fr. Conceicao Rodrigues College of Engineering,College,Maharashtra,Mumbai,,2020-21,UNVERIFIED,True,,,CEI-IN-5EB5A10C80B2,INVALID_AISHE_FORMAT
marathwada-mitra-mandals-colle-pune,Marathwada Mitra Mandal's College of Engineering,College,Maharashtra,Pune,,2020-21,UNVERIFIED,True,,,CEI-IN-953E491D642B,INVALID_AISHE_FORMAT
aiims-nagpur,All India Institute of Medical Sciences Nagpur,College,Maharashtra,Nagpur,,2020-21,UNVERIFIED,True,,,CEI-IN-2212B7C30E8C,INVALID_AISHE_FORMAT
kem-mumbai,Seth G.S. Medical College and K.E.M. Hospital,College,Maharashtra,Mumbai City,MUHS Nashik,2020-21,UNVERIFIED,True,,1926,CEI-IN-84818BE664BC,INVALID_AISHE_FORMAT
dy-patil-pune,Dr. D.Y. Patil Vidyapeeth,College,Maharashtra,Pune,,2020-21,UNVERIFIED,True,A++,,CEI-IN-9A653104AAD9,INVALID_AISHE_FORMAT
shivaji-university-kolhapur,Shivaji University,College,Maharashtra,Kolhapur,,2020-21,UNVERIFIED,True,A++,1962,CEI-IN-DDF21B9E841C,INVALID_AISHE_FORMAT
technical-institute-institute--thane,Technical Institute Institute Thane,College,Maharashtra,Satara,,2020-21,UNVERIFIED,True,,,CEI-IN-EA5066713788,INVALID_AISHE_FORMAT
college-of-engineering-campus--amravati,College of Engineering Campus Amravati,College,Maharashtra,Chandrapur,,2020-21,UNVERIFIED,True,,,CEI-IN-F1217759AF78,INVALID_AISHE_FORMAT
technical-campus-yavatmal-yavatmal,Technical Campus Yavatmal,College,Maharashtra,Gondia,,2020-21,UNVERIFIED,True,,,CEI-IN-E13D7256FBF8,INVALID_AISHE_FORMAT
institute-of-engineering-and-r-chandrapur,Institute of Engineering and Research Chandrapur,College,Maharashtra,Bhandara,,2020-21,UNVERIFIED,True,,,CEI-IN-C7C01F8ACC2D,INVALID_AISHE_FORMAT
school-of-engineering-campus-b-bhandara,School of Engineering Campus Bhandara,College,Maharashtra,Parbhani,,2020-21,UNVERIFIED,True,,,CEI-IN-7A4A6075CCA4,INVALID_AISHE_FORMAT
engineering-college-institute--latur,Engineering College Institute Latur,College,Maharashtra,Ahmednagar,,2020-21,UNVERIFIED,True,,,CEI-IN-D1A094712E81,INVALID_AISHE_FORMAT
technical-campus-campus-osmana-osmanabad,Technical Campus Campus Osmanabad,College,Maharashtra,Mumbai City,,2020-21,UNVERIFIED,True,,,CEI-IN-45E99EB9A089,INVALID_AISHE_FORMAT
college-of-engineering-auranga-aurangabad,College of Engineering Aurangabad,College,Maharashtra,Sangli,,2020-21,UNVERIFIED,True,,,CEI-IN-2EFD8B1CA2A1,INVALID_AISHE_FORMAT
technical-campus-sindhudurg-sindhudurg,Technical Campus Sindhudurg,College,Maharashtra,Wardha,,2020-21,UNVERIFIED,True,,,CEI-IN-6D98AA297938,INVALID_AISHE_FORMAT
polytechnic-and-technology-jal-jalgaon,Polytechnic and Technology Jalgaon,College,Maharashtra,Chandrapur,,2020-21,UNVERIFIED,True,,,CEI-IN-AE3D346C7A95,INVALID_AISHE_FORMAT
university-department-and-rese-akola,University Department and Research Akola,College,Maharashtra,Jalna,,2020-21,UNVERIFIED,True,,,CEI-IN-230B2D70BDA1,INVALID_AISHE_FORMAT
university-department-of-chemi-mumbai,University Department of Chemical Technology,College,Maharashtra,Mumbai,,2020-21,UNVERIFIED,True,,,CEI-IN-71D4B3007C2A,INVALID_AISHE_FORMAT
st-francis-institute-of-techno-mumbai,St. Francis Institute of Technology,College,Maharashtra,Mumbai,,2020-21,UNVERIFIED,True,,,CEI-IN-1926A8D0EBB3,INVALID_AISHE_FORMAT
maharashtra-institute-of-techn-pune,Maharashtra Institute of Technology,College,Maharashtra,Pune,,2020-21,UNVERIFIED,True,,,CEI-IN-3880814D1BD9,INVALID_AISHE_FORMAT
pimpri-chinchwad-college-of-en-pune,Pimpri Chinchwad College of Engineering,College,Maharashtra,Pune,,2020-21,UNVERIFIED,True,,,CEI-IN-91C3EE90EF8E,INVALID_AISHE_FORMAT
jbims-mum,Jamnalal Bajaj Institute of Management Studies,College,Maharashtra,Mumbai City,University of Mumbai,2020-21,UNVERIFIED,True,,1965,CEI-IN-C4B85F10DF7B,INVALID_AISHE_FORMAT
coep-tech-pune,COEP Technological University,College,Maharashtra,Pune,,2020-21,UNVERIFIED,True,,1854,CEI-IN-31644370E55D,INVALID_AISHE_FORMAT
mnlu-mumbai,Maharashtra National Law University Mumbai,College,Maharashtra,Mumbai Suburban,,2020-21,UNVERIFIED,True,,2014,CEI-IN-46CD39CA5C40,INVALID_AISHE_FORMAT
polytechnic-campus-sindhudurg-sindhudurg,Polytechnic Campus Sindhudurg,College,Maharashtra,Dhule,,2020-21,UNVERIFIED,True,,,CEI-IN-FD40492F4E4D,INVALID_AISHE_FORMAT
school-of-engineering-campus-n-nandurbar,School of Engineering Campus Nandurbar,College,Maharashtra,Gondia,,2020-21,UNVERIFIED,True,,,CEI-IN-B8D430A62907,INVALID_AISHE_FORMAT
institute-of-engineering-centr-gondia,Institute of Engineering Centre Gondia,College,Maharashtra,Osmanabad,,2020-21,UNVERIFIED,True,,,CEI-IN-F7F3F5714197,INVALID_AISHE_FORMAT
school-of-engineering-nagpur-nagpur,School of Engineering Nagpur,College,Maharashtra,Thane,,2020-21,UNVERIFIED,True,,,CEI-IN-847DCDAA0D36,INVALID_AISHE_FORMAT
government-college-of-engineer-panvel,Government College of Engineering Panvel,College,Maharashtra,Chandrapur,,2020-21,UNVERIFIED,True,,,CEI-IN-755C00EC1F68,INVALID_AISHE_FORMAT
college-of-engineering-and-tec-sindhudurg,College of Engineering and Technology Sindhudurg,College,Maharashtra,Gondia,,2020-21,UNVERIFIED,True,,,CEI-IN-6BD4615A2B53,INVALID_AISHE_FORMAT
institute-of-chemical-technolo-mumbai,Institute of Chemical Technology,College,Maharashtra,Mumbai,,2020-21,UNVERIFIED,True,,,CEI-IN-3DCEBE5F0F0B,INVALID_AISHE_FORMAT
bharati-vidyapeeth-deemed-univ-pune,Bharati Vidyapeeth Deemed University College of Engineering,College,Maharashtra,Pune,,2020-21,UNVERIFIED,True,,,CEI-IN-CEAAE37C3AB2,INVALID_AISHE_FORMAT
vidyalankar-institute-of-techn-mumbai,Vidyalankar Institute of Technology,College,Maharashtra,Mumbai,,2020-21,UNVERIFIED,True,,,CEI-IN-2FB0169975B5,INVALID_AISHE_FORMAT
vishwakarma-institute-of-techn-pune,Vishwakarma Institute of Technology,College,Maharashtra,Pune,,2020-21,UNVERIFIED,True,,,CEI-IN-B83E925301D6,INVALID_AISHE_FORMAT
vnit-nagpur,Visvesvaraya National Institute of Technology,College,Maharashtra,Nagpur,,2020-21,UNVERIFIED,True,,,CEI-IN-5C049C73BE5B,INVALID_AISHE_FORMAT
gmc-nagpur,Government Medical College Nagpur,College,Maharashtra,Nagpur,MUHS Nashik,2020-21,UNVERIFIED,True,,1947,CEI-IN-7241BCD9AE7C,INVALID_AISHE_FORMAT
institute-of-technology-centre-kalyan,Institute of Technology Centre Kalyan,College,Maharashtra,Palghar,,2020-21,UNVERIFIED,True,,,CEI-IN-82F6E328ECF3,INVALID_AISHE_FORMAT
polytechnic-and-technology-gad-gadchiroli,Polytechnic and Technology Gadchiroli,College,Maharashtra,Washim,,2020-21,UNVERIFIED,True,,,CEI-IN-2EE70B126860,INVALID_AISHE_FORMAT
school-of-engineering-and-tech-mumbai,School of Engineering and Technology Mumbai,College,Maharashtra,Nashik,,2020-21,UNVERIFIED,True,,,CEI-IN-945580D783A7,INVALID_AISHE_FORMAT
technical-institute-institute--pune,Technical Institute Institute Pune,College,Maharashtra,Aurangabad,,2020-21,UNVERIFIED,True,,,CEI-IN-132894D7B888,INVALID_AISHE_FORMAT
technical-institute-centre-ako-akola,Technical Institute Centre Akola,College,Maharashtra,Bhandara,,2020-21,UNVERIFIED,True,,,CEI-IN-ACEF153F1D51,INVALID_AISHE_FORMAT
university-department-institut-kalyan,University Department Institute Kalyan,College,Maharashtra,Amravati,,2020-21,UNVERIFIED,True,,,CEI-IN-BBBE1C808484,INVALID_AISHE_FORMAT
technical-campus-campus-jalgao-jalgaon,Technical Campus Campus Jalgaon,College,Maharashtra,Washim,,2020-21,UNVERIFIED,True,,,CEI-IN-E2354450693A,INVALID_AISHE_FORMAT
indian-institute-of-technology-mumbai,Indian Institute of Technology Bombay,College,Maharashtra,Mumbai,,2020-21,UNVERIFIED,True,,,CEI-IN-08C7B423E5FB,INVALID_AISHE_FORMAT
college-of-engineering-pune-pune,College of Engineering Pune,College,Maharashtra,Pune,,2020-21,UNVERIFIED,True,,,CEI-IN-AE61850D4F68,INVALID_AISHE_FORMAT
datta-meghe-college-of-enginee-navi-mumbai,Datta Meghe College of Engineering,College,Maharashtra,Thane,,2020-21,UNVERIFIED,True,,,CEI-IN-638AAE2C8F72,INVALID_AISHE_FORMAT
aldel-education-trusts-st-john-palghar,Aldel Education Trust's St. John College of Engineering,College,Maharashtra,Palghar,,2020-21,UNVERIFIED,True,,,CEI-IN-A4FB4A5DE263,INVALID_AISHE_FORMAT
iit-nagpur,Indian Institute of Information Technology Nagpur,College,Maharashtra,Nagpur,,2020-21,UNVERIFIED,True,,,CEI-IN-80C1834F8450,INVALID_AISHE_FORMAT
institute-of-technology-instit-akola,Institute of Technology Institute Akola,College,Maharashtra,Yavatmal,,2020-21,UNVERIFIED,True,,,CEI-IN-40A78A90B849,INVALID_AISHE_FORMAT
institute-of-technology-instit-virar,Institute of Technology Institute Virar,College,Maharashtra,Nandurbar,,2020-21,UNVERIFIED,True,,,CEI-IN-CB379C1E7524,INVALID_AISHE_FORMAT
institute-of-technology-and-re-wardha,Institute of Technology and Research Wardha,College,Maharashtra,Hingoli,,2020-21,UNVERIFIED,True,,,CEI-IN-E93A3FEB747F,INVALID_AISHE_FORMAT
terna-engineering-college-navi-mumbai,Terna Engineering College,College,Maharashtra,Thane,,2020-21,UNVERIFIED,True,,,CEI-IN-47C131C07661,INVALID_AISHE_FORMAT
sies-graduate-school-of-techno-navi-mumbai,SIES Graduate School of Technology,College,Maharashtra,Thane,,2020-21,UNVERIFIED,True,,,CEI-IN-F4CB54B446F7,INVALID_AISHE_FORMAT
d-y-patil-college-of-engineeri-pune,D Y Patil College of Engineering,College,Maharashtra,Pune,,2020-21,UNVERIFIED,True,,,CEI-IN-5F2274FB24E6,INVALID_AISHE_FORMAT
spjimr-mum,SP Jain Institute of Management and Research,College,Maharashtra,Mumbai Suburban,Bharatiya Vidya Bhavan,2020-21,UNVERIFIED,True,,1981,CEI-IN-C0AD5321A517,INVALID_AISHE_FORMAT
simsree-mumbai,"Sydenham Institute of Management Studies, Research and Entrepreneurship Education",College,Maharashtra,Mumbai City,University of Mumbai,2020-21,UNVERIFIED,True,,,CEI-IN-7E48B945C215,INVALID_AISHE_FORMAT
welingkar-mumbai,Prin. L.N. Welingkar Institute of Management Development and Research,College,Maharashtra,Mumbai City,University of Mumbai,2020-21,UNVERIFIED,True,,,CEI-IN-DED7B165D56D,INVALID_AISHE_FORMAT
government-college-of-engineer-mumbai,Government College of Engineering,College,Maharashtra,Mumbai City,,2020-21,UNVERIFIED,True,,,CEI-IN-1F1C01F86621,INVALID_AISHE_FORMAT
college-of-engineering-vasai-vasai,College of Engineering Vasai,College,Maharashtra,Raigad,,2020-21,UNVERIFIED,True,,,CEI-IN-B0269950EDD3,INVALID_AISHE_FORMAT
technical-campus-and-technolog-panvel,Technical Campus and Technology Panvel,College,Maharashtra,Sindhudurg,,2020-21,UNVERIFIED,True,,,CEI-IN-4E921BE6045E,INVALID_AISHE_FORMAT
government-college-of-engineer-nandurbar,Government College of Engineering and Technology Nandurbar,College,Maharashtra,Wardha,,2020-21,UNVERIFIED,True,,,CEI-IN-4F551554FBFA,INVALID_AISHE_FORMAT
institute-of-engineering-and-r-palghar,Institute of Engineering and Research Palghar,College,Maharashtra,Yavatmal,,2020-21,UNVERIFIED,True,,,CEI-IN-42277BD7F384,INVALID_AISHE_FORMAT
university-department-centre-p-pune,University Department Centre Pune,College,Maharashtra,Satara,,2020-21,UNVERIFIED,True,,,CEI-IN-1FE73BFFA6C0,INVALID_AISHE_FORMAT
school-of-engineering-campus-v-vasai,School of Engineering Campus Vasai,College,Maharashtra,Wardha,,2020-21,UNVERIFIED,True,,,CEI-IN-942A8090D88F,INVALID_AISHE_FORMAT
technical-institute-centre-vir-virar,Technical Institute Centre Virar,College,Maharashtra,Yavatmal,,2020-21,UNVERIFIED,True,,,CEI-IN-E554D274ABCC,INVALID_AISHE_FORMAT
government-college-of-engineer-karad,Government College of Engineering,College,Maharashtra,Satara,,2020-21,UNVERIFIED,True,,,CEI-IN-1A4CD81F50FE,INVALID_AISHE_FORMAT
smt-indira-gandhi-college-of-e-navi-mumbai,Smt. Indira Gandhi College of Engineering,College,Maharashtra,Thane,,2020-21,UNVERIFIED,True,,,CEI-IN-186AAD05A37D,INVALID_AISHE_FORMAT
ramrao-adik-institute-of-techn-navi-mumbai,Ramrao Adik Institute of Technology,College,Maharashtra,Thane,,2020-21,UNVERIFIED,True,,,CEI-IN-09F44D347B1D,INVALID_AISHE_FORMAT
sinhgad-college-of-engineering-pune,Sinhgad College of Engineering,College,Maharashtra,Pune,,2020-21,UNVERIFIED,True,,,CEI-IN-79584CF71D72,INVALID_AISHE_FORMAT
symbiosis-pune,Symbiosis International (Deemed University),College,Maharashtra,Pune,,2020-21,UNVERIFIED,True,A++,2002,CEI-IN-CDE91886105B,INVALID_AISHE_FORMAT
iiser-pune,Indian Institute of Science Education and Research Pune,College,Maharashtra,Pune,,2020-21,UNVERIFIED,True,,2006,CEI-IN-2D36436C66AF,INVALID_AISHE_FORMAT
school-of-engineering-jalgaon-jalgaon,School of Engineering Jalgaon,College,Maharashtra,Akola,,2020-21,UNVERIFIED,True,,,CEI-IN-5C1C4670645E,INVALID_AISHE_FORMAT
technical-campus-and-technolog-ahmednagar,Technical Campus and Technology Ahmednagar,College,Maharashtra,Solapur,,2020-21,UNVERIFIED,True,,,CEI-IN-A4CAA558608B,INVALID_AISHE_FORMAT
institute-of-technology-instit-solapur,Institute of Technology Institute Solapur,College,Maharashtra,Ratnagiri,,2020-21,UNVERIFIED,True,,,CEI-IN-A8A737B4F680,INVALID_AISHE_FORMAT
engineering-college-centre-san-sangli,Engineering College Centre Sangli,College,Maharashtra,Jalgaon,,2020-21,UNVERIFIED,True,,,CEI-IN-ABB828294282,INVALID_AISHE_FORMAT
school-of-engineering-and-tech-amravati,School of Engineering and Technology Amravati,College,Maharashtra,Latur,,2020-21,UNVERIFIED,True,,,CEI-IN-8083F06FE039,INVALID_AISHE_FORMAT
laxminarayan-institute-of-tech-nagpur,Laxminarayan Institute of Technology,College,Maharashtra,Nagpur,,2020-21,UNVERIFIED,True,,,CEI-IN-C214D272A828,INVALID_AISHE_FORMAT
bharati-vidyapeeth-college-of--navi-mumbai,Bharati Vidyapeeth College of Engineering,College,Maharashtra,Thane,,2020-21,UNVERIFIED,True,,,CEI-IN-EFFFC9BDCA97,INVALID_AISHE_FORMAT
ict-mumbai,Institute of Chemical Technology,College,Maharashtra,Mumbai City,,2020-21,UNVERIFIED,True,A++,,CEI-IN-394FF6A7F5EE,INVALID_AISHE_FORMAT
tiss-mumbai,Tata Institute of Social Sciences,College,Maharashtra,Mumbai Suburban,,2020-21,UNVERIFIED,True,,1936,CEI-IN-E07B44881385,INVALID_AISHE_FORMAT
sir-jj-architecture,Sir J.J. College of Architecture,College,Maharashtra,Mumbai City,University of Mumbai,2020-21,UNVERIFIED,True,,1913,CEI-IN-1E1727C7F9CA,INVALID_AISHE_FORMAT
engineering-college-institute--nashik,Engineering College Institute Nashik,College,Maharashtra,Nagpur,,2020-21,UNVERIFIED,True,,,CEI-IN-2AD5D353F5FA,INVALID_AISHE_FORMAT
polytechnic-campus-satara-satara,Polytechnic Campus Satara,College,Maharashtra,Raigad,,2020-21,UNVERIFIED,True,,,CEI-IN-F1133DE23D78,INVALID_AISHE_FORMAT
government-college-of-engineer-vasai,Government College of Engineering and Technology Vasai,College,Maharashtra,Dhule,,2020-21,UNVERIFIED,True,,,CEI-IN-1AEDA1C6299F,INVALID_AISHE_FORMAT
government-college-of-engineer-amravati,Government College of Engineering Amravati,College,Maharashtra,Washim,,2020-21,UNVERIFIED,True,,,CEI-IN-C65E49054737,INVALID_AISHE_FORMAT
engineering-college-and-resear-beed,Engineering College and Research Beed,College,Maharashtra,Aurangabad,,2020-21,UNVERIFIED,True,,,CEI-IN-DD34EF07672C,INVALID_AISHE_FORMAT
don-bosco-institute-of-technol-mumbai,Don Bosco Institute of Technology,College,Maharashtra,Mumbai,,2020-21,UNVERIFIED,True,,,CEI-IN-51973F3B6C30,INVALID_AISHE_FORMAT
thakur-college-of-engineering--mumbai,Thakur College of Engineering and Technology,College,Maharashtra,Mumbai,,2020-21,UNVERIFIED,True,,,CEI-IN-ED0B46E94EE2,INVALID_AISHE_FORMAT
walchand-sangli,Walchand College of Engineering,College,Maharashtra,Sangli,Shivaji University,2020-21,UNVERIFIED,True,,1947,CEI-IN-745D1D8F8790,INVALID_AISHE_FORMAT
mumbai-university,University of Mumbai,College,Maharashtra,Mumbai Suburban,,2020-21,UNVERIFIED,True,,1857,CEI-IN-D52E4E65FC4B,INVALID_AISHE_FORMAT
sppu-pune,Savitribai Phule Pune University,College,Maharashtra,Pune,,2020-21,UNVERIFIED,True,,1949,CEI-IN-2FFD9F05F579,INVALID_AISHE_FORMAT
institute-of-engineering-insti-ratnagiri,Institute of Engineering Institute Ratnagiri,College,Maharashtra,Jalgaon,,2020-21,UNVERIFIED,True,,,CEI-IN-10208CE3F1F7,INVALID_AISHE_FORMAT
technical-campus-and-technolog-kolhapur,Technical Campus and Technology Kolhapur,College,Maharashtra,Thane,,2020-21,UNVERIFIED,True,,,CEI-IN-5AA95A7EFAA5,INVALID_AISHE_FORMAT
university-department-centre-t-thane,University Department Centre Thane,College,Maharashtra,Ratnagiri,,2020-21,UNVERIFIED,True,,,CEI-IN-8CCF3922BA1E,INVALID_AISHE_FORMAT
college-of-engineering-and-tec-yavatmal,College of Engineering and Technology Yavatmal,College,Maharashtra,Parbhani,,2020-21,UNVERIFIED,True,,,CEI-IN-38832BF3E0BF,INVALID_AISHE_FORMAT
engineering-college-institute--chandrapur,Engineering College Institute Chandrapur,College,Maharashtra,Jalna,,2020-21,UNVERIFIED,True,,,CEI-IN-3E8503D185EF,INVALID_AISHE_FORMAT
technical-campus-campus-gadchi-gadchiroli,Technical Campus Campus Gadchiroli,College,Maharashtra,Latur,,2020-21,UNVERIFIED,True,,,CEI-IN-4EF1EF9E7532,INVALID_AISHE_FORMAT
university-department-and-rese-washim,University Department and Research Washim,College,Maharashtra,Ahmednagar,,2020-21,UNVERIFIED,True,,,CEI-IN-093D5D7F909C,INVALID_AISHE_FORMAT
college-of-engineering-osmanab-osmanabad,College of Engineering Osmanabad,College,Maharashtra,Nashik,,2020-21,UNVERIFIED,True,,,CEI-IN-B8C4841FC658,INVALID_AISHE_FORMAT
d-y-patil-institute-of-enginee-pune,D Y Patil Institute of Engineering and Technology,College,Maharashtra,Pune,,2020-21,UNVERIFIED,True,,,CEI-IN-B150A10EFCBA,INVALID_AISHE_FORMAT
vjti-mumbai,Veermata Jijabai Technological Institute,College,Maharashtra,Mumbai City,University of Mumbai,2020-21,UNVERIFIED,True,,1887,CEI-IN-B2853F05FDDA,INVALID_AISHE_FORMAT
ils-pune,ILS Law College,College,Maharashtra,Pune,Savitribai Phule Pune University,2020-21,UNVERIFIED,True,A+,,CEI-IN-59096B73E38D,INVALID_AISHE_FORMAT
st-xaviers-mumbai,St. Xavier's College (Autonomous),College,Maharashtra,Mumbai City,University of Mumbai,2020-21,UNVERIFIED,True,A+,1869,CEI-IN-2C5C20217BD9,INVALID_AISHE_FORMAT
batu-lonere,Dr. Babasaheb Ambedkar Technological University,College,Maharashtra,Raigad,,2020-21,UNVERIFIED,True,,,CEI-IN-A941321D0D15,INVALID_AISHE_FORMAT
bharati-vidyapeeth-pune,Bharati Vidyapeeth (Deemed to be University),College,Maharashtra,Pune,,2020-21,UNVERIFIED,True,A+,1964,CEI-IN-2B6B3E529F53,INVALID_AISHE_FORMAT
kj-somaiya-mumbai,K.J. Somaiya Institute of Management,College,Maharashtra,Mumbai Suburban,Somaiya Vidyavihar University,2020-21,UNVERIFIED,True,,,CEI-IN-046B2FF96271,INVALID_AISHE_FORMAT
institute-of-engineering-centr-solapur,Institute of Engineering Centre Solapur,College,Maharashtra,Aurangabad,,2020-21,UNVERIFIED,True,,,CEI-IN-7BF1D2793053,INVALID_AISHE_FORMAT
polytechnic-kolhapur-kolhapur,Polytechnic Kolhapur,College,Maharashtra,Solapur,,2020-21,UNVERIFIED,True,,,CEI-IN-D0518DFBE01F,INVALID_AISHE_FORMAT
government-college-of-engineer-navi-mumbai,Government College of Engineering Campus Navi Mumbai,College,Maharashtra,Thane,,2020-21,UNVERIFIED,True,,,CEI-IN-291F4AEA4B63,INVALID_AISHE_FORMAT
engineering-college-and-resear-virar,Engineering College and Research Virar,College,Maharashtra,Ratnagiri,,2020-21,UNVERIFIED,True,,,CEI-IN-185E87B15036,INVALID_AISHE_FORMAT
government-college-of-engineer-hingoli,Government College of Engineering Hingoli,College,Maharashtra,Latur,,2020-21,UNVERIFIED,True,,,CEI-IN-C9280DE897A1,INVALID_AISHE_FORMAT
technical-campus-satara-satara,Technical Campus Satara,College,Maharashtra,Dhule,,2020-21,UNVERIFIED,True,,,CEI-IN-04741BEFA70B,INVALID_AISHE_FORMAT
polytechnic-and-technology-nav-navi-mumbai,Polytechnic and Technology Navi Mumbai,College,Maharashtra,Akola,,2020-21,UNVERIFIED,True,,,CEI-IN-BFDD3B8938EF,INVALID_AISHE_FORMAT
polytechnic-nandurbar-nandurbar,Polytechnic Nandurbar,College,Maharashtra,Parbhani,,2020-21,UNVERIFIED,True,,,CEI-IN-BB43C991FEED,INVALID_AISHE_FORMAT
k-j-somaiya-college-of-enginee-mumbai,K J Somaiya College of Engineering,College,Maharashtra,Mumbai,,2020-21,UNVERIFIED,True,,,CEI-IN-8BA0B5384342,INVALID_AISHE_FORMAT
rizvi-college-of-engineering-mumbai,Rizvi College of Engineering,College,Maharashtra,Mumbai,,2020-21,UNVERIFIED,True,,,CEI-IN-E29F2CB71FA6,INVALID_AISHE_FORMAT
bjmc-pune,B.J. Government Medical College,College,Maharashtra,Pune,MUHS Nashik,2020-21,UNVERIFIED,True,,,CEI-IN-A5F267BEBC17,INVALID_AISHE_FORMAT
college-of-engineering-and-tec-nagpur,College of Engineering and Technology Nagpur,College,Maharashtra,Pune,,2020-21,UNVERIFIED,True,,,CEI-IN-1DE92CE022B2,INVALID_AISHE_FORMAT
polytechnic-ahmednagar-ahmednagar,Polytechnic Ahmednagar,College,Maharashtra,Pune,,2020-21,UNVERIFIED,True,,,CEI-IN-22EDF5FB85BC,INVALID_AISHE_FORMAT
engineering-college-and-resear-solapur,Engineering College and Research Solapur,College,Maharashtra,Satara,,2020-21,UNVERIFIED,True,,,CEI-IN-945F9A68FDEC,INVALID_AISHE_FORMAT
school-of-engineering-navi-mum-navi-mumbai,School of Engineering Navi Mumbai,College,Maharashtra,Sindhudurg,,2020-21,UNVERIFIED,True,,,CEI-IN-5A52374A259B,INVALID_AISHE_FORMAT
engineering-college-centre-rat-ratnagiri,Engineering College Centre Ratnagiri,College,Maharashtra,Amravati,,2020-21,UNVERIFIED,True,,,CEI-IN-AC3F7752246E,INVALID_AISHE_FORMAT
institute-of-engineering-insti-nandurbar,Institute of Engineering Institute Nandurbar,College,Maharashtra,Kolhapur,,2020-21,UNVERIFIED,True,,,CEI-IN-C0C83153EA7C,INVALID_AISHE_FORMAT
institute-of-engineering-centr-dhule,Institute of Engineering Centre Dhule,College,Maharashtra,Hingoli,,2020-21,UNVERIFIED,True,,,CEI-IN-B2F8CE51E0C8,INVALID_AISHE_FORMAT
visvesvaraya-national-institut-nagpur,Visvesvaraya National Institute of Technology,College,Maharashtra,Nagpur,,2020-21,UNVERIFIED,True,,,CEI-IN-06850E22AF0B,INVALID_AISHE_FORMAT
army-institute-of-technology-pune,Army Institute of Technology,College,Maharashtra,Pune,,2020-21,UNVERIFIED,True,,,CEI-IN-827252C01FE9,INVALID_AISHE_FORMAT
walchand-college-of-engineerin-sangli,Walchand College of Engineering,College,Maharashtra,Sangli,,2020-21,UNVERIFIED,True,,,CEI-IN-624F9A6E82BC,INVALID_AISHE_FORMAT
iit-bombay,Indian Institute of Technology Bombay,College,Maharashtra,Mumbai Suburban,,2020-21,UNVERIFIED,True,,1958,CEI-IN-35A93DCE516B,INVALID_AISHE_FORMAT
iim-mumbai,Indian Institute of Management Mumbai,College,Maharashtra,Mumbai Suburban,,2020-21,UNVERIFIED,True,,1963,CEI-IN-8E0061299F9A,INVALID_AISHE_FORMAT
nmims-mumbai,SVKM's NMIMS (Deemed to be University),College,Maharashtra,Mumbai Suburban,,2020-21,UNVERIFIED,True,A+,1981,CEI-IN-2539057C730B,INVALID_AISHE_FORMAT
glc-mumbai,Government Law College,College,Maharashtra,Mumbai City,University of Mumbai,2020-21,UNVERIFIED,True,,1855,CEI-IN-1C5861008E9A,INVALID_AISHE_FORMAT
nm-college-mumbai,Narsee Monjee College of Commerce and Economics,College,Maharashtra,Mumbai Suburban,University of Mumbai,2020-21,UNVERIFIED,True,,,CEI-IN-F7162E9C48EC,INVALID_AISHE_FORMAT
iit-pune,Indian Institute of Information Technology Pune,College,Maharashtra,Pune,,2020-21,UNVERIFIED,True,,,CEI-IN-790AF3D947E6,INVALID_AISHE_FORMAT
institute-of-technology-and-re-pune,Institute of Technology and Research Pune,College,Maharashtra,Mumbai Suburban,,2020-21,UNVERIFIED,True,,,CEI-IN-8B8F6945319F,INVALID_AISHE_FORMAT
university-department-centre-p-palghar,University Department Centre Palghar,College,Maharashtra,Nandurbar,,2020-21,UNVERIFIED,True,,,CEI-IN-05C21E477DF3,INVALID_AISHE_FORMAT
engineering-college-centre-war-wardha,Engineering College Centre Wardha,College,Maharashtra,Gadchiroli,,2020-21,UNVERIFIED,True,,,CEI-IN-AF4CDC2EB8B8,INVALID_AISHE_FORMAT
school-of-engineering-and-tech-hingoli,School of Engineering and Technology Hingoli,College,Maharashtra,Mumbai City,,2020-21,UNVERIFIED,True,,,CEI-IN-CBFB2523AFCC,INVALID_AISHE_FORMAT
technical-institute-institute--parbhani,Technical Institute Institute Parbhani,College,Maharashtra,Mumbai Suburban,,2020-21,UNVERIFIED,True,,,CEI-IN-C59F54370F9D,INVALID_AISHE_FORMAT
government-college-of-engineer-jalna,Government College of Engineering Campus Jalna,College,Maharashtra,Pune,,2020-21,UNVERIFIED,True,,,CEI-IN-E843A5178A08,INVALID_AISHE_FORMAT
technical-institute-and-resear-nashik,Technical Institute and Research Nashik,College,Maharashtra,Palghar,,2020-21,UNVERIFIED,True,,,CEI-IN-1179E5FA2E6D,INVALID_AISHE_FORMAT
government-college-of-engineer-aurangabad,Government College of Engineering and Technology Aurangabad,College,Maharashtra,Raigad,,2020-21,UNVERIFIED,True,,,CEI-IN-B7DA31C9DFC2,INVALID_AISHE_FORMAT
shah-and-anchor-kutchhi-engine-mumbai,Shah and Anchor Kutchhi Engineering College,College,Maharashtra,Mumbai,,2020-21,UNVERIFIED,True,,,CEI-IN-91A6B3E754D0,INVALID_AISHE_FORMAT
vishwakarma-institute-of-infor-pune,Vishwakarma Institute of Information Technology,College,Maharashtra,Pune,,2020-21,UNVERIFIED,True,,,CEI-IN-612DE428842C,INVALID_AISHE_FORMAT
sinhgad-institute-of-technolog-pune,Sinhgad Institute of Technology,College,Maharashtra,Pune,,2020-21,UNVERIFIED,True,,,CEI-IN-B439AF3E76EB,INVALID_AISHE_FORMAT
shriram-institute-of-engineeri-paniv,Shriram Institute of Engineering,College,Maharashtra,Solapur,,2020-21,UNVERIFIED,True,,,CEI-IN-ACF8A222E123,INVALID_AISHE_FORMAT
rustomjee-academy-for-global-c-thane,Rustomjee Academy for Global Careers,College,Maharashtra,Thane,,2020-21,UNVERIFIED,True,,,CEI-IN-E0DDBDC12FCD,INVALID_AISHE_FORMAT
lokmanya-tilak-college-of-engi-navi-mumbai,Lokmanya Tilak College of Engineering,College,Maharashtra,Thane,,2020-21,UNVERIFIED,True,,,CEI-IN-AF998F1722B8,INVALID_AISHE_FORMAT
rcoem-nagpur,Ramdeobaba College of Engineering and Management (RCOEM),College,Maharashtra,Nagpur,,2020-21,UNVERIFIED,True,,,CEI-IN-B8A2E628911E,INVALID_AISHE_FORMAT
modern-education-societys-coll-pune,Modern Education Society's College of Engineering,College,Maharashtra,Pune,,2020-21,UNVERIFIED,True,,,CEI-IN-74B80F5DE9F9,INVALID_AISHE_FORMAT
shivajirao-s-jondhale-college--thane,Shivajirao S Jondhale College of Engineering,College,Maharashtra,Thane,,2020-21,UNVERIFIED,True,,,CEI-IN-50343930C3BC,INVALID_AISHE_FORMAT
k-k-wagh-college-of-engineerin-nashik,K K Wagh College of Engineering,College,Maharashtra,Nashik,,2020-21,UNVERIFIED,True,,,CEI-IN-AA08669284FE,INVALID_AISHE_FORMAT
g-h-raisoni-institute-of-engin-pune,G H Raisoni Institute of Engineering and Technology,College,Maharashtra,Pune,,2020-21,UNVERIFIED,True,,,CEI-IN-823C1CD27B09,INVALID_AISHE_FORMAT
padmabhushan-vasantdada-patil--mumbai,Padmabhushan Vasantdada Patil Pratishthan's College of Engineering,College,Maharashtra,Mumbai,,2020-21,UNVERIFIED,True,,,CEI-IN-5A127F304AA6,INVALID_AISHE_FORMAT
smt-kashibai-navale-college-of-pune,Smt. Kashibai Navale College of Engineering,College,Maharashtra,Pune,,2020-21,UNVERIFIED,True,,,CEI-IN-F42450123E8F,INVALID_AISHE_FORMAT
sahyadri-valley-college-of-eng-rajapur,Sahyadri Valley College of Engineering and Technology,College,Maharashtra,Ratnagiri,,2020-21,UNVERIFIED,True,,,CEI-IN-477628C7EA76,INVALID_AISHE_FORMAT
atharva-college-of-engineering-mumbai,Atharva College of Engineering,College,Maharashtra,Mumbai,,2020-21,UNVERIFIED,True,,,CEI-IN-C026BD9BA13C,INVALID_AISHE_FORMAT
k-c-college-of-engineering-and-thane,K C College of Engineering and Management Studies,College,Maharashtra,Thane,,2020-21,UNVERIFIED,True,,,CEI-IN-DA66267A38B3,INVALID_AISHE_FORMAT
iim-nagpur,Indian Institute of Management Nagpur,College,Maharashtra,Nagpur,,2020-21,UNVERIFIED,True,,,CEI-IN-942597A2EA37,INVALID_AISHE_FORMAT
zeal-college-of-engineering-an-pune,Zeal College of Engineering and Research,College,Maharashtra,Pune,,2020-21,UNVERIFIED,True,,,CEI-IN-45C246718FA3,INVALID_AISHE_FORMAT
djsce-mumbai,Dwarkadas J. Sanghvi College of Engineering,College,Maharashtra,Mumbai,,2020-21,UNVERIFIED,True,,,CEI-IN-F852E51ED75A,INVALID_AISHE_FORMAT
p-e-ss-modern-college-of-engin-pune,P E S's Modern College of Engineering,College,Maharashtra,Pune,,2020-21,UNVERIFIED,True,,,CEI-IN-C153EBF55605,INVALID_AISHE_FORMAT
all-india-shri-shivaji-memoria-pune,All India Shri Shivaji Memorial Society's Institute of Information Technology,College,Maharashtra,Pune,,2020-21,UNVERIFIED,True,,,CEI-IN-D973A4D9B48F,INVALID_AISHE_FORMAT
g-h-raisoni-institute-of-infor-nagpur,G H Raisoni Institute of Information Technology,College,Maharashtra,Nagpur,,2020-21,UNVERIFIED,True,,,CEI-IN-4AE33D1A583F,INVALID_AISHE_FORMAT
shree-l-r-tiwari-college-of-en-mira-road,Shree L R Tiwari College of Engineering,College,Maharashtra,Thane,,2020-21,UNVERIFIED,True,,,CEI-IN-2887C3FA8CCA,INVALID_AISHE_FORMAT
savitribai-phule-pune-universi-pune,Savitribai Phule Pune University's Department of Technology,College,Maharashtra,Pune,,2020-21,UNVERIFIED,True,,,CEI-IN-3D295E66AA4A,INVALID_AISHE_FORMAT
walchand-institute-of-technolo-solapur,Walchand Institute of Technology,College,Maharashtra,Solapur,,2020-21,UNVERIFIED,True,,,CEI-IN-9114AC66C0A0,INVALID_AISHE_FORMAT
new-horizon-institute-of-techn-thane,New Horizon Institute of Technology and Management,College,Maharashtra,Thane,,2020-21,UNVERIFIED,True,,,CEI-IN-3F69B8566CB4,INVALID_AISHE_FORMAT
bharati-vidyapeeths-college-of-pune,Bharati Vidyapeeth's College of Engineering for Women,College,Maharashtra,Pune,,2020-21,UNVERIFIED,True,,,CEI-IN-A2BC4A5262E1,INVALID_AISHE_FORMAT
g-h-raisoni-college-of-enginee-pune,G H Raisoni College of Engineering and Management,College,Maharashtra,Pune,,2020-21,UNVERIFIED,True,,,CEI-IN-7B39C6559FED,INVALID_AISHE_FORMAT
amrutvahini-college-of-enginee-sangamner,Amrutvahini College of Engineering,College,Maharashtra,Ahmednagar,,2020-21,UNVERIFIED,True,,,CEI-IN-5A8903CC046D,INVALID_AISHE_FORMAT
g-h-raisoni-college-of-enginee-nagpur,G H Raisoni College of Engineering,College,Maharashtra,Nagpur,,2020-21,UNVERIFIED,True,,,CEI-IN-B190996F1E2E,INVALID_AISHE_FORMAT
ycce-nagpur,Yeshwantrao Chavan College of Engineering,College,Maharashtra,Nagpur,,2020-21,UNVERIFIED,True,,,CEI-IN-DA0394E080DA,INVALID_AISHE_FORMAT
j-s-p-ms-rajarshi-shahu-colleg-pune,J S P M's Rajarshi Shahu College of Engineering,College,Maharashtra,Pune,,2020-21,UNVERIFIED,True,,,CEI-IN-F491B726A092,INVALID_AISHE_FORMAT
k-k-wagh-institute-of-engineer-nashik,K K Wagh Institute of Engineering Education and Research,College,Maharashtra,Nashik,,2020-21,UNVERIFIED,True,,,CEI-IN-AFBD3951E514,INVALID_AISHE_FORMAT
sanjivani-college-of-engineeri-kopargaon,Sanjivani College of Engineering,College,Maharashtra,Ahmednagar,,2020-21,UNVERIFIED,True,,,CEI-IN-59D7203FAC84,INVALID_AISHE_FORMAT
trinity-academy-of-engineering-pune,Trinity Academy of Engineering,College,Maharashtra,Pune,,2020-21,UNVERIFIED,True,,,CEI-IN-9A494E67D369,INVALID_AISHE_FORMAT
symbiosis-nagpur,"Symbiosis International University, Nagpur",College,Maharashtra,Nagpur,,2020-21,UNVERIFIED,True,A++,2019,CEI-IN-0F4B621866E4,INVALID_AISHE_FORMAT
sardar-patel-institute-of-tech-mumbai,Sardar Patel Institute of Technology,College,Maharashtra,Mumbai,,2020-21,UNVERIFIED,True,,,CEI-IN-F1B4B8E7E375,INVALID_AISHE_FORMAT
rajendra-mane-college-of-engin-ratnagiri,Rajendra Mane College of Engineering and Technology,College,Maharashtra,Ratnagiri,,2020-21,UNVERIFIED,True,,,CEI-IN-4F5342D69672,INVALID_AISHE_FORMAT
smt-kashibai-navale-institute--pune,Smt. Kashibai Navale Institute of Engineering,College,Maharashtra,Pune,,2020-21,UNVERIFIED,True,,,CEI-IN-B5D348F89B28,INVALID_AISHE_FORMAT
manipur-institute-of-technology,Manipur Institute of Technology,College,Manipur,Imphal West,Manipur University,2020-21,UNVERIFIED,True,NA,1998,CEI-IN-9D8D431830DC,INVALID_AISHE_FORMAT
churachandpur-college,Churachandpur College,College,Manipur,Churachandpur,Manipur University,2020-21,UNVERIFIED,True,B,1964,CEI-IN-26A80E99DFFB,INVALID_AISHE_FORMAT
lilong-haoreibi-college,Lilong Haoreibi College,College,Manipur,Thoubal,Manipur University,2020-21,UNVERIFIED,True,B,1976,CEI-IN-9FE9647E1ABA,INVALID_AISHE_FORMAT
manipur-international-university,Manipur International University,College,Manipur,Imphal West,UGC,2020-21,UNVERIFIED,True,NA,2018,CEI-IN-1C21642A5262,INVALID_AISHE_FORMAT
iiit-manipur,Indian Institute of Information Technology Manipur,College,Manipur,Imphal East,,2020-21,UNVERIFIED,True,NA,2015,CEI-IN-16AE42BD4B47,INVALID_AISHE_FORMAT
oriental-college-imphal,Oriental College,College,Manipur,Imphal West,Manipur University (Autonomous),2020-21,UNVERIFIED,True,B++,1963,CEI-IN-770E6E65BC66,INVALID_AISHE_FORMAT
bir-tikendrajit-university,Bir Tikendrajit University,College,Manipur,Imphal West,UGC,2020-21,UNVERIFIED,True,NA,2020,CEI-IN-A81611987F08,INVALID_AISHE_FORMAT
shija-academy-health-sciences,Shija Academy of Health Sciences,College,Manipur,Imphal West,Manipur University,2020-21,UNVERIFIED,True,NA,2021,CEI-IN-9C25A4DD5809,INVALID_AISHE_FORMAT
united-college-chandel,"United College, Chandel",College,Manipur,Chandel,Manipur University,2020-21,UNVERIFIED,True,B,1980,CEI-IN-AA14BE5C6AC1,INVALID_AISHE_FORMAT
sangai-international-university,Sangai International University,College,Manipur,Churachandpur,UGC,2020-21,UNVERIFIED,True,NA,2015,CEI-IN-ECE1240D09ED,INVALID_AISHE_FORMAT
standard-college-kongba,Standard College,College,Manipur,Imphal East,Manipur University,2020-21,UNVERIFIED,True,NA,1964,CEI-IN-2BDABE0696CE,INVALID_AISHE_FORMAT
modern-college-imphal,Modern College,College,Manipur,Imphal East,Manipur University,2020-21,UNVERIFIED,True,NA,1963,CEI-IN-62505CA4A9AE,INVALID_AISHE_FORMAT
nielit-imphal,National Institute of Electronics & Information Technology Imphal,College,Manipur,Imphal East,Manipur University,2020-21,UNVERIFIED,True,NA,1988,CEI-IN-F7A507723985,INVALID_AISHE_FORMAT
manipur-university,Manipur University,College,Manipur,Imphal West,UGC,2020-21,UNVERIFIED,True,A,1980,CEI-IN-F2DA17CA65CB,INVALID_AISHE_FORMAT
dhanamanjuri-university,Dhanamanjuri University,College,Manipur,Imphal West,UGC,2020-21,UNVERIFIED,True,NA,2018,CEI-IN-63A559F1B208,INVALID_AISHE_FORMAT
rayburn-college,Rayburn College,College,Manipur,Churachandpur,Manipur University,2020-21,UNVERIFIED,True,NA,1994,CEI-IN-0600498ECDAB,INVALID_AISHE_FORMAT
pettigrew-college-ukhrul,Pettigrew College,College,Manipur,Ukhrul,Manipur University,2020-21,UNVERIFIED,True,B,1965,CEI-IN-9FCA42244A5A,INVALID_AISHE_FORMAT
moirang-college,Moirang College,College,Manipur,Bishnupur,Manipur University,2020-21,UNVERIFIED,True,B+,1963,CEI-IN-94541F8F6B29,INVALID_AISHE_FORMAT
ci-college-bishnupur,C.I. College,College,Manipur,Bishnupur,Manipur University,2020-21,UNVERIFIED,True,B,1965,CEI-IN-0528F1183981,INVALID_AISHE_FORMAT
manipur-college,Manipur College,College,Manipur,Imphal West,Manipur University,2020-21,UNVERIFIED,True,B,1958,CEI-IN-4DD524C5860A,INVALID_AISHE_FORMAT
jnims-imphal,Jawaharlal Nehru Institute of Medical Sciences,College,Manipur,Imphal East,Manipur University,2020-21,UNVERIFIED,True,NA,1989,CEI-IN-8EDA085CBFB0,INVALID_AISHE_FORMAT
manipur-technical-university,Manipur Technical University,College,Manipur,Imphal West,UGC,2020-21,UNVERIFIED,True,NA,2016,CEI-IN-C963DF3EB5CE,INVALID_AISHE_FORMAT
imphal-college,Imphal College,College,Manipur,Imphal West,Manipur University,2020-21,UNVERIFIED,True,B++,1952,CEI-IN-32E18EE0E616,INVALID_AISHE_FORMAT
national-institute-of-technolo-imphal,National Institute of Technology Manipur,College,Manipur,Imphal,,2020-21,UNVERIFIED,True,,,CEI-IN-43CEC29277C9,INVALID_AISHE_FORMAT
national-sports-university,National Sports University,College,Manipur,Imphal West,UGC,2020-21,UNVERIFIED,True,NA,2018,CEI-IN-69B02B732BC8,INVALID_AISHE_FORMAT
manipur-university-of-culture,Manipur University of Culture,College,Manipur,Imphal East,UGC,2020-21,UNVERIFIED,True,NA,2015,CEI-IN-AFFC5B482FEC,INVALID_AISHE_FORMAT
govt-polytechnic-imphal,Government Polytechnic Imphal,College,Manipur,Imphal West,AICTE,2020-21,UNVERIFIED,True,NA,1956,CEI-IN-E2835E6BEEFF,INVALID_AISHE_FORMAT
rims-imphal,Regional Institute of Medical Sciences,College,Manipur,Imphal West,Manipur University,2020-21,UNVERIFIED,True,NA,1972,CEI-IN-3740210395C9,INVALID_AISHE_FORMAT
thoubal-college,Thoubal College,College,Manipur,Thoubal,Manipur University,2020-21,UNVERIFIED,True,B,1963,CEI-IN-3AE7E847901D,INVALID_AISHE_FORMAT
ng-college-imphal,N.G. College,College,Manipur,Imphal West,Manipur University,2020-21,UNVERIFIED,True,B,1970,CEI-IN-CAAC48780FF1,INVALID_AISHE_FORMAT
nit-manipur,National Institute of Technology Manipur,College,Manipur,Imphal West,,2020-21,UNVERIFIED,True,NA,2010,CEI-IN-C075DEAD7F98,INVALID_AISHE_FORMAT
central-agricultural-university-imphal,Central Agricultural University,College,Manipur,Imphal West,ICAR,2020-21,UNVERIFIED,True,NA,1993,CEI-IN-3C94CAF84A31,INVALID_AISHE_FORMAT
don-bosco-college-maram,"Don Bosco College, Maram",College,Manipur,Senapati,Manipur University,2020-21,UNVERIFIED,True,A,2000,CEI-IN-B2941426CCBF,INVALID_AISHE_FORMAT
william-carey-university-meghalaya,William Carey University,College,Meghalaya,Ri Bhoi,UGC,2020-21,UNVERIFIED,True,NA,2005,CEI-IN-50A4B6878472,INVALID_AISHE_FORMAT
tura-government-college,Tura Government College,College,Meghalaya,West Garo Hills,NEHU,2020-21,UNVERIFIED,True,B,1958,CEI-IN-EFEAAC020B41,INVALID_AISHE_FORMAT
nit-meghalaya,National Institute of Technology Meghalaya,College,Meghalaya,East Khasi Hills,,2020-21,UNVERIFIED,True,NA,2010,CEI-IN-D3F475B9DC59,INVALID_AISHE_FORMAT
kiang-nangbah-government-college,Kiang Nangbah Government College,College,Meghalaya,West Jaintia Hills,NEHU,2020-21,UNVERIFIED,True,NA,1967,CEI-IN-CF7667E04FB3,INVALID_AISHE_FORMAT
tura-polytechnic,Tura Polytechnic,College,Meghalaya,West Garo Hills,AICTE,2020-21,UNVERIFIED,True,NA,2001,CEI-IN-2A1529AB2B46,INVALID_AISHE_FORMAT
college-of-community-science-central-agricultural-university,"College of Community Science, Tura",College,Meghalaya,West Garo Hills,ICAR,2020-21,UNVERIFIED,True,NA,2004,CEI-IN-BC081AD529DC,INVALID_AISHE_FORMAT
shillong-law-college,Shillong Law College,College,Meghalaya,East Khasi Hills,NEHU,2020-21,UNVERIFIED,True,NA,1964,CEI-IN-B776C3F89313,INVALID_AISHE_FORMAT
neigrihms-shillong,North Eastern Indira Gandhi Regional Institute of Health and Medical Sciences,College,Meghalaya,East Khasi Hills,NEHU,2020-21,UNVERIFIED,True,NA,1987,CEI-IN-4CE3B61F5DC4,INVALID_AISHE_FORMAT
lady-keane-college,Lady Keane College,College,Meghalaya,East Khasi Hills,NEHU,2020-21,UNVERIFIED,True,A,1935,CEI-IN-639278C9A5E5,INVALID_AISHE_FORMAT
don-bosco-college-tura,"Don Bosco College, Tura",College,Meghalaya,West Garo Hills,NEHU,2020-21,UNVERIFIED,True,B+,1987,CEI-IN-9D08FF0E32D7,INVALID_AISHE_FORMAT
icfai-university-meghalaya,"The ICFAI University, Meghalaya",College,Meghalaya,East Khasi Hills,UGC,2020-21,UNVERIFIED,True,NA,2005,CEI-IN-4585E9227124,INVALID_AISHE_FORMAT
nift-shillong,National Institute of Fashion Technology Shillong,College,Meghalaya,East Khasi Hills,Ministry of Textiles,2020-21,UNVERIFIED,True,NA,2008,CEI-IN-7B30DE634D9C,INVALID_AISHE_FORMAT
shillong-college,Shillong College,College,Meghalaya,East Khasi Hills,NEHU,2020-21,UNVERIFIED,True,A,1956,CEI-IN-CA5C65D6DC63,INVALID_AISHE_FORMAT
sankardev-college-shillong,Sankardev College,College,Meghalaya,East Khasi Hills,NEHU,2020-21,UNVERIFIED,True,A,1962,CEI-IN-860DA7C7BDC4,INVALID_AISHE_FORMAT
st-anthonys-college-shillong,St. Anthony's College,College,Meghalaya,East Khasi Hills,NEHU,2020-21,UNVERIFIED,True,A,1934,CEI-IN-F8DD06374D33,INVALID_AISHE_FORMAT
union-christian-college-meghalaya,Union Christian College,College,Meghalaya,Ri Bhoi,NEHU,2020-21,UNVERIFIED,True,B,1952,CEI-IN-0240E56F12D6,INVALID_AISHE_FORMAT
jowai-polytechnic,Jowai Polytechnic,College,Meghalaya,West Jaintia Hills,AICTE,2020-21,UNVERIFIED,True,NA,2001,CEI-IN-934A9629D628,INVALID_AISHE_FORMAT
shillong-polytechnic,Shillong Polytechnic,College,Meghalaya,East Khasi Hills,AICTE,2020-21,UNVERIFIED,True,NA,1965,CEI-IN-A5437F191835,INVALID_AISHE_FORMAT
eflu-shillong,"English and Foreign Languages University, Shillong Campus",College,Meghalaya,East Khasi Hills,UGC,2020-21,UNVERIFIED,True,A,1973,CEI-IN-27271C0E7DC5,INVALID_AISHE_FORMAT
ihm-shillong,Institute of Hotel Management Catering Technology & Applied Nutrition,College,Meghalaya,East Khasi Hills,NCHMCT,2020-21,UNVERIFIED,True,NA,2002,CEI-IN-8736B8944D46,INVALID_AISHE_FORMAT
st-edmunds-college-shillong,St. Edmund's College,College,Meghalaya,East Khasi Hills,NEHU,2020-21,UNVERIFIED,True,A,1923,CEI-IN-F41EA352CDA3,INVALID_AISHE_FORMAT
university-of-science-and-technology-meghalaya,University of Science and Technology Meghalaya,College,Meghalaya,Ri Bhoi,UGC,2020-21,UNVERIFIED,True,A,2008,CEI-IN-1F92C7BDC278,INVALID_AISHE_FORMAT
martin-luther-christian-university,Martin Luther Christian University,College,Meghalaya,East Khasi Hills,UGC,2020-21,UNVERIFIED,True,NA,2006,CEI-IN-A28DECD89B39,INVALID_AISHE_FORMAT
national-institute-of-technolo-shillong,National Institute of Technology Meghalaya,College,Meghalaya,Shillong,,2020-21,UNVERIFIED,True,,,CEI-IN-448CB6338389,INVALID_AISHE_FORMAT
iim-shillong,Indian Institute of Management Shillong,College,Meghalaya,East Khasi Hills,,2020-21,UNVERIFIED,True,NA,2007,CEI-IN-7A741FD79B9E,INVALID_AISHE_FORMAT
mahatma-gandhi-university-meghalaya,Mahatma Gandhi University,College,Meghalaya,Ri Bhoi,UGC,2020-21,UNVERIFIED,True,NA,2010,CEI-IN-D6DDB592ADC0,INVALID_AISHE_FORMAT
north-eastern-hill-university,North-Eastern Hill University,College,Meghalaya,East Khasi Hills,UGC,2020-21,UNVERIFIED,True,A,1973,CEI-IN-B67D687D290D,INVALID_AISHE_FORMAT
zoram-medical-college,Zoram Medical College,College,Mizoram,Aizawl,Mizoram University,2020-21,UNVERIFIED,True,NA,2018,CEI-IN-D432CF988BBD,INVALID_AISHE_FORMAT
govt-johnson-college,Government Johnson College,College,Mizoram,Aizawl,Mizoram University,2020-21,UNVERIFIED,True,B,1993,CEI-IN-D3034AD12020,INVALID_AISHE_FORMAT
govt-lunglei-college,Lunglei Government College,College,Mizoram,Lunglei,Mizoram University,2020-21,UNVERIFIED,True,B,1964,CEI-IN-85CBCD0CC71D,INVALID_AISHE_FORMAT
womens-polytechnic-aizawl,Women's Polytechnic Aizawl,College,Mizoram,Aizawl,AICTE,2020-21,UNVERIFIED,True,NA,1998,CEI-IN-87A819834F45,INVALID_AISHE_FORMAT
govt-kolasib-college,Government Kolasib College,College,Mizoram,Kolasib,Mizoram University,2020-21,UNVERIFIED,True,B,1978,CEI-IN-1FF4F225E942,INVALID_AISHE_FORMAT
icfai-university-mizoram,"The ICFAI University, Mizoram",College,Mizoram,Aizawl,UGC,2020-21,UNVERIFIED,True,NA,2006,CEI-IN-D890DFCE4E95,INVALID_AISHE_FORMAT
mizoram-law-college,Government Mizoram Law College,College,Mizoram,Aizawl,Mizoram University,2020-21,UNVERIFIED,True,C,1983,CEI-IN-063B68142EA1,INVALID_AISHE_FORMAT
nit-mizoram,National Institute of Technology Mizoram,College,Mizoram,Aizawl,,2020-21,UNVERIFIED,True,NA,2010,CEI-IN-12C0C92CFBCE,INVALID_AISHE_FORMAT
iase-mizoram,Institute of Advanced Study in Education,College,Mizoram,Aizawl,Mizoram University,2020-21,UNVERIFIED,True,B,1975,CEI-IN-434BCE1FF394,INVALID_AISHE_FORMAT
nielit-aizawl,National Institute of Electronics & Information Technology Aizawl,College,Mizoram,Aizawl,Mizoram University,2020-21,UNVERIFIED,True,NA,2001,CEI-IN-BE2634C41581,INVALID_AISHE_FORMAT
govt-t-romana-college,Government T. Romana College,College,Mizoram,Aizawl,Mizoram University,2020-21,UNVERIFIED,True,B,1992,CEI-IN-0A35311D76F8,INVALID_AISHE_FORMAT
govt-saitual-college,Government Saitual College,College,Mizoram,Saitual,Mizoram University,2020-21,UNVERIFIED,True,C,1984,CEI-IN-D71CC704C876,INVALID_AISHE_FORMAT
govt-aizawl-north-college,Government Aizawl North College,College,Mizoram,Aizawl,Mizoram University,2020-21,UNVERIFIED,True,B+,1988,CEI-IN-42572D2AF9B9,INVALID_AISHE_FORMAT
govt-aizawl-west-college,Government Aizawl West College,College,Mizoram,Aizawl,Mizoram University,2020-21,UNVERIFIED,True,C,1990,CEI-IN-8424CDD477BB,INVALID_AISHE_FORMAT
govt-saiha-college,Government Saiha College,College,Mizoram,Saiha,Mizoram University,2020-21,UNVERIFIED,True,C,1978,CEI-IN-ADED0CD46911,INVALID_AISHE_FORMAT
govt-mamit-college,Government Mamit College,College,Mizoram,Mamit,Mizoram University,2020-21,UNVERIFIED,True,C,1983,CEI-IN-C77DC8554BAB,INVALID_AISHE_FORMAT
govt-hrangbana-college,Government Hrangbana College,College,Mizoram,Aizawl,Mizoram University,2020-21,UNVERIFIED,True,A,1980,CEI-IN-144003962FDD,INVALID_AISHE_FORMAT
hatim-lunglei,Higher and Technical Institute of Mizoram,College,Mizoram,Lunglei,Mizoram University,2020-21,UNVERIFIED,True,NA,2007,CEI-IN-B2742FEEE905,INVALID_AISHE_FORMAT
mizoram-polytechnic-lunglei,Mizoram Polytechnic Lunglei,College,Mizoram,Lunglei,AICTE,2020-21,UNVERIFIED,True,NA,1981,CEI-IN-761DC051F943,INVALID_AISHE_FORMAT
ripans-aizawl,Regional Institute of Paramedical and Nursing Sciences,College,Mizoram,Aizawl,Mizoram University,2020-21,UNVERIFIED,True,B,1996,CEI-IN-4ADE01CBB9EE,INVALID_AISHE_FORMAT
college-of-veterinary-sciences-ah-selesih,"College of Veterinary Sciences & Animal Husbandry, Selesih",College,Mizoram,Aizawl,Central Agricultural University,2020-21,UNVERIFIED,True,NA,1997,CEI-IN-F7B90F20CDA6,INVALID_AISHE_FORMAT
govt-champhai-college,Government Champhai College,College,Mizoram,Champhai,Mizoram University,2020-21,UNVERIFIED,True,B,1971,CEI-IN-C0C121E46A7E,INVALID_AISHE_FORMAT
govt-zawlnuam-college,Government Zawlnuam College,College,Mizoram,Mamit,Mizoram University,2020-21,UNVERIFIED,True,C,1986,CEI-IN-92E297CEDEAF,INVALID_AISHE_FORMAT
national-institute-of-technolo-aizawl,National Institute of Technology Mizoram,College,Mizoram,Aizawl,,2020-21,UNVERIFIED,True,,,CEI-IN-664881F75C77,INVALID_AISHE_FORMAT
mizoram-university,Mizoram University,College,Mizoram,Aizawl,UGC,2020-21,UNVERIFIED,True,A,2001,CEI-IN-837FC25C4687,INVALID_AISHE_FORMAT
pachhunga-university-college,Pachhunga University College,College,Mizoram,Aizawl,Mizoram University,2020-21,UNVERIFIED,True,A+,1958,CEI-IN-6164D4123140,INVALID_AISHE_FORMAT
govt-j-thankima-college,Government J. Thankima College,College,Mizoram,Aizawl,Mizoram University,2020-21,UNVERIFIED,True,C,1992,CEI-IN-034502B359BB,INVALID_AISHE_FORMAT
govt-khawzawl-college,Government Khawzawl College,College,Mizoram,Khawzawl,Mizoram University,2020-21,UNVERIFIED,True,C,1985,CEI-IN-B1B48AA69B67,INVALID_AISHE_FORMAT
govt-serchhip-college,Government Serchhip College,College,Mizoram,Serchhip,Mizoram University,2020-21,UNVERIFIED,True,B,1973,CEI-IN-77BE4E04944C,INVALID_AISHE_FORMAT
govt-hnahthial-college,Government Hnahthial College,College,Mizoram,Hnahthial,Mizoram University,2020-21,UNVERIFIED,True,C,1979,CEI-IN-37161B7456DD,INVALID_AISHE_FORMAT
govt-zirtiri-residential-science-college,Government Zirtiri Residential Science College,College,Mizoram,Aizawl,Mizoram University,2020-21,UNVERIFIED,True,A,1980,CEI-IN-7698E7279454,INVALID_AISHE_FORMAT
govt-lawngtlai-college,Government Lawngtlai College,College,Mizoram,Lawngtlai,Mizoram University,2020-21,UNVERIFIED,True,C,1981,CEI-IN-4EB26E4E5F51,INVALID_AISHE_FORMAT
nit-nagaland,National Institute of Technology Nagaland,College,Nagaland,Chumukedima,,2020-21,UNVERIFIED,True,NA,2010,CEI-IN-DF34797BD588,INVALID_AISHE_FORMAT
st-joseph-university-nagaland,St. Joseph University,College,Nagaland,Chumukedima,UGC,2020-21,UNVERIFIED,True,NA,2016,CEI-IN-217D3FE061FF,INVALID_AISHE_FORMAT
model-christian-college,Model Christian College,College,Nagaland,Kohima,Nagaland University,2020-21,UNVERIFIED,True,B++,2007,CEI-IN-2D6BE1B99E6D,INVALID_AISHE_FORMAT
khelhoshe-polytechnic-atoizu,Khelhoshe Polytechnic Atoizu,College,Nagaland,Zunheboto,AICTE,2020-21,UNVERIFIED,True,NA,1972,CEI-IN-D2EB8366DCFE,INVALID_AISHE_FORMAT
national-institute-of-technolo-chumukedima,National Institute of Technology Nagaland,College,Nagaland,Chumukedima,,2020-21,UNVERIFIED,True,,,CEI-IN-3FDC4BA129BB,INVALID_AISHE_FORMAT
wangkhao-government-college,Wangkhao Government College,College,Nagaland,Mon,Nagaland University,2020-21,UNVERIFIED,True,B,1983,CEI-IN-C0932D0813F7,INVALID_AISHE_FORMAT
japfu-christian-college,Japfu Christian College,College,Nagaland,Kohima,Nagaland University,2020-21,UNVERIFIED,True,B,1996,CEI-IN-2E2929C6E126,INVALID_AISHE_FORMAT
yingli-college,Yingli College,College,Nagaland,Longleng,Nagaland University,2020-21,UNVERIFIED,True,C,1992,CEI-IN-C0E8F9E2B697,INVALID_AISHE_FORMAT
st-josephs-college-jakhama,"St. Joseph's College (Autonomous), Jakhama",College,Nagaland,Kohima,Nagaland University (Autonomous),2020-21,UNVERIFIED,True,A,1985,CEI-IN-A37D92FC44DB,INVALID_AISHE_FORMAT
north-east-christian-university,North East Christian University,College,Nagaland,Dimapur,UGC,2020-21,UNVERIFIED,True,NA,2013,CEI-IN-EE849E8140ED,INVALID_AISHE_FORMAT
patkai-christian-college,Patkai Christian College (Autonomous),College,Nagaland,Chumukedima,Nagaland University (Autonomous),2020-21,UNVERIFIED,True,A,1974,CEI-IN-3AE76E27DEF3,INVALID_AISHE_FORMAT
peren-government-college,Peren Government College,College,Nagaland,Peren,Nagaland University,2020-21,UNVERIFIED,True,C,1987,CEI-IN-E3172BC6106F,INVALID_AISHE_FORMAT
mount-tiyi-college,Mount Tiyi College,College,Nagaland,Wokha,Nagaland University,2020-21,UNVERIFIED,True,B,1974,CEI-IN-BAA6251D640E,INVALID_AISHE_FORMAT
unity-college-dimapur,Unity College,College,Nagaland,Dimapur,Nagaland University,2020-21,UNVERIFIED,True,B,2007,CEI-IN-B05F9A910725,INVALID_AISHE_FORMAT
government-polytechnic-kohima,Government Polytechnic Kohima,College,Nagaland,Kohima,AICTE,2020-21,UNVERIFIED,True,NA,1994,CEI-IN-600CDDF8D83E,INVALID_AISHE_FORMAT
tetso-college,Tetso College,College,Nagaland,Dimapur,Nagaland University,2020-21,UNVERIFIED,True,A,1994,CEI-IN-11A0C9F5C259,INVALID_AISHE_FORMAT
nagaland-university,Nagaland University,College,Nagaland,Zunheboto,UGC,2020-21,UNVERIFIED,True,B,1994,CEI-IN-91D01E15470B,INVALID_AISHE_FORMAT
nimsr-kohima,Nagaland Institute of Medical Sciences and Research,College,Nagaland,Kohima,Nagaland University,2020-21,UNVERIFIED,True,NA,2023,CEI-IN-C09C1AF1F97F,INVALID_AISHE_FORMAT
fazl-ali-college,Fazl Ali College,College,Nagaland,Mokokchung,Nagaland University,2020-21,UNVERIFIED,True,B,1959,CEI-IN-D7210F7BFCF3,INVALID_AISHE_FORMAT
institute-of-communication-information-technology-mokokchung,Institute of Communication & Information Technology,College,Nagaland,Mokokchung,AICTE,2020-21,UNVERIFIED,True,NA,2003,CEI-IN-76258C078818,INVALID_AISHE_FORMAT
icfai-university-nagaland,"The ICFAI University, Nagaland",College,Nagaland,Dimapur,UGC,2020-21,UNVERIFIED,True,NA,2006,CEI-IN-7DB6EEA9B440,INVALID_AISHE_FORMAT
the-global-open-university-nagaland,The Global Open University,College,Nagaland,Dimapur,UGC,2020-21,UNVERIFIED,True,NA,2006,CEI-IN-ADFE2BC6457E,INVALID_AISHE_FORMAT
phek-government-college,Phek Government College,College,Nagaland,Phek,Nagaland University,2020-21,UNVERIFIED,True,B,1981,CEI-IN-454223F4E4D3,INVALID_AISHE_FORMAT
kohima-college,Kohima College,College,Nagaland,Kohima,Nagaland University,2020-21,UNVERIFIED,True,B,1967,CEI-IN-A9DD05D3A080,INVALID_AISHE_FORMAT
kohima-law-college,Kohima Law College,College,Nagaland,Kohima,Nagaland University,2020-21,UNVERIFIED,True,NA,1975,CEI-IN-4D99FFF3378C,INVALID_AISHE_FORMAT
kohima-science-college,Kohima Science College (Autonomous),College,Nagaland,Kohima,Nagaland University (Autonomous),2020-21,UNVERIFIED,True,A,1961,CEI-IN-5C7CF7068067,INVALID_AISHE_FORMAT
zisaji-presidency-college,Zisaji Presidency College,College,Nagaland,Kiphire,Nagaland University,2020-21,UNVERIFIED,True,NA,1997,CEI-IN-6E7AC7B3CD37,INVALID_AISHE_FORMAT
dimapur-government-college,Dimapur Government College,College,Nagaland,Dimapur,Nagaland University,2020-21,UNVERIFIED,True,B,1966,CEI-IN-8FC567B6C764,INVALID_AISHE_FORMAT
sao-chang-college,Sao Chang College,College,Nagaland,Tuensang,Nagaland University,2020-21,UNVERIFIED,True,B,1973,CEI-IN-F57F3747D1AD,INVALID_AISHE_FORMAT
vssut-burla,Veer Surendra Sai University of Technology,College,Odisha,Sambalpur,UGC,2020-21,UNVERIFIED,True,A,1956,CEI-IN-A058FFCDC4D4,INVALID_AISHE_FORMAT
centurion-university-paralakhemundi,Centurion University of Technology and Management,College,Odisha,Gajapati,UGC,2020-21,UNVERIFIED,True,A,2010,CEI-IN-A8D293A23DC3,INVALID_AISHE_FORMAT
silicon-university-bhubaneswar,Silicon University,College,Odisha,Khordha,UGC,2020-21,UNVERIFIED,True,A,2001,CEI-IN-87EB7E96BC41,INVALID_AISHE_FORMAT
siksha-o-anusandhan-bhubaneswar,Siksha 'O' Anusandhan,College,Odisha,Bhubaneswar,,2020-21,UNVERIFIED,True,,,CEI-IN-56941F80112B,INVALID_AISHE_FORMAT
sambalpur-university,Sambalpur University,College,Odisha,Sambalpur,UGC,2020-21,UNVERIFIED,True,A,1967,CEI-IN-E3807AB133F3,INVALID_AISHE_FORMAT
cv-raman-global-university-bhubaneswar,C.V. Raman Global University,College,Odisha,Bhubaneswar,,2020-21,UNVERIFIED,True,,,CEI-IN-0FBB714D9D94,INVALID_AISHE_FORMAT
college-of-engineering-technol-bhubaneswar,College of Engineering & Technology Bhubaneswar,College,Odisha,Bhubaneswar,,2020-21,UNVERIFIED,True,,,CEI-IN-F4CEC2553735,INVALID_AISHE_FORMAT
bjb-autonomous-college,Buxi Jagabandhu Bidyadhar Autonomous College,College,Odisha,Khordha,Utkal University (Autonomous),2020-21,UNVERIFIED,True,A,1957,CEI-IN-3FAA8C510ACE,INVALID_AISHE_FORMAT
niser-bhubaneswar,National Institute of Science Education and Research,College,Odisha,Khordha,HBNI (Deemed),2020-21,UNVERIFIED,True,NA,2007,CEI-IN-23422E8A0651,INVALID_AISHE_FORMAT
mkcg-medical-college-berhampur,Maharaja Krishna Chandra Gajapati Medical College,College,Odisha,Ganjam,Berhampur University,2020-21,UNVERIFIED,True,NA,1962,CEI-IN-3F927444A4A2,INVALID_AISHE_FORMAT
dharanidhar-university,Dharanidhar University,College,Odisha,Keonjhar,UGC,2020-21,UNVERIFIED,True,B++,1957,CEI-IN-72C5F31A911A,INVALID_AISHE_FORMAT
centurion-university-of-techno-paralakhemundi,Centurion University of Technology and Management,College,Odisha,Paralakhemundi,,2020-21,UNVERIFIED,True,,,CEI-IN-D2F39BF87592,INVALID_AISHE_FORMAT
giet-university-gunupur-gunupur,GIET University Gunupur,College,Odisha,Gunupur,,2020-21,UNVERIFIED,True,,,CEI-IN-6A6D2FCF2F71,INVALID_AISHE_FORMAT
cv-raman-global-university,C.V. Raman Global University,College,Odisha,Khordha,UGC,2020-21,UNVERIFIED,True,A,1997,CEI-IN-CF4E31BB3BDC,INVALID_AISHE_FORMAT
scb-medical-college-cuttack,Srirama Chandra Bhanja Medical College and Hospital,College,Odisha,Cuttack,Utkal University,2020-21,UNVERIFIED,True,NA,1944,CEI-IN-E6BAC9B42DEC,INVALID_AISHE_FORMAT
iit-bhubaneswar,Indian Institute of Technology Bhubaneswar,College,Odisha,Khordha,,2020-21,UNVERIFIED,True,NA,2008,CEI-IN-3932A0126601,INVALID_AISHE_FORMAT
aiims-bhubaneswar,All India Institute of Medical Sciences Bhubaneswar,College,Odisha,Khordha,,2020-21,UNVERIFIED,True,NA,2012,CEI-IN-BA6C18290D9D,INVALID_AISHE_FORMAT
iim-sambalpur,Indian Institute of Management Sambalpur,College,Odisha,Sambalpur,,2020-21,UNVERIFIED,True,NA,2015,CEI-IN-F7CC35928B19,INVALID_AISHE_FORMAT
utkal-university,Utkal University,College,Odisha,Khordha,UGC,2020-21,UNVERIFIED,True,A+,1943,CEI-IN-B8757450BBD1,INVALID_AISHE_FORMAT
ouat-bhubaneswar,Odisha University of Agriculture and Technology,College,Odisha,Khordha,ICAR,2020-21,UNVERIFIED,True,NA,1962,CEI-IN-A2669458738A,INVALID_AISHE_FORMAT
nit-rourkela,National Institute of Technology Rourkela,College,Odisha,Sundargarh,,2020-21,UNVERIFIED,True,NA,1961,CEI-IN-5365E42821B5,INVALID_AISHE_FORMAT
iiser-berhampur,Indian Institute of Science Education and Research Berhampur,College,Odisha,Ganjam,,2020-21,UNVERIFIED,True,NA,2016,CEI-IN-C7C318A52ADA,INVALID_AISHE_FORMAT
vimsar-burla,Veer Surendra Sai Institute of Medical Sciences and Research,College,Odisha,Sambalpur,Sambalpur University,2020-21,UNVERIFIED,True,NA,1959,CEI-IN-A96E52A2233F,INVALID_AISHE_FORMAT
soa-university,Siksha 'O' Anusandhan,College,Odisha,Khordha,UGC - Deemed University,2020-21,UNVERIFIED,True,A++,2007,CEI-IN-11AD5C6E2838,INVALID_AISHE_FORMAT
outr-bhubaneswar,Odisha University of Technology and Research,College,Odisha,Khordha,UGC,2020-21,UNVERIFIED,True,A,1981,CEI-IN-3743CE5FE937,INVALID_AISHE_FORMAT
xim-university,XIM University,College,Odisha,Puri,UGC,2020-21,UNVERIFIED,True,NA,2013,CEI-IN-3AB1EC2EBB9F,INVALID_AISHE_FORMAT
gandhi-institute-for-technolog-bhubaneswar,Gandhi Institute for Technological Advancement,College,Odisha,Bhubaneswar,,2020-21,UNVERIFIED,True,,,CEI-IN-F0E78F0688E9,INVALID_AISHE_FORMAT
central-university-of-odisha,Central University of Odisha,College,Odisha,Koraput,UGC,2020-21,UNVERIFIED,True,B+,2009,CEI-IN-2E9994D91272,INVALID_AISHE_FORMAT
ravenshaw-university,Ravenshaw University,College,Odisha,Cuttack,UGC,2020-21,UNVERIFIED,True,A,1868,CEI-IN-33E5A0F9B868,INVALID_AISHE_FORMAT
vikram-deb-university,Vikram Deb University,College,Odisha,Koraput,UGC,2020-21,UNVERIFIED,True,B++,1947,CEI-IN-5BFE281700B0,INVALID_AISHE_FORMAT
nist-university-berhampur,NIST University,College,Odisha,Ganjam,UGC,2020-21,UNVERIFIED,True,A,1996,CEI-IN-4A47A0FB1909,INVALID_AISHE_FORMAT
kiit-university,Kalinga Institute of Industrial Technology,College,Odisha,Khordha,UGC - Deemed University,2020-21,UNVERIFIED,True,A++,1992,CEI-IN-4BCDCC7D3B16,INVALID_AISHE_FORMAT
national-law-university-odisha,National Law University Odisha,College,Odisha,Cuttack,Bar Council of India,2020-21,UNVERIFIED,True,A,2009,CEI-IN-D0069F408FB3,INVALID_AISHE_FORMAT
kalinga-institute-of-industria-bhubaneswar,Kalinga Institute of Industrial Technology,College,Odisha,Bhubaneswar,,2020-21,UNVERIFIED,True,,,CEI-IN-96BB4D55AC6D,INVALID_AISHE_FORMAT
national-institute-of-technolo-bhubaneswar,National Institute of Technology Bhubaneswar,College,Odisha,Bhubaneswar,,2020-21,UNVERIFIED,True,,,CEI-IN-31464A3E12AB,INVALID_AISHE_FORMAT
gandhi-engineering-college-bhubaneswar,Gandhi Engineering College,College,Odisha,Bhubaneswar,,2020-21,UNVERIFIED,True,,,CEI-IN-6F2D7CF21A98,INVALID_AISHE_FORMAT
berhampur-university,Berhampur University,College,Odisha,Ganjam,UGC,2020-21,UNVERIFIED,True,A,1967,CEI-IN-42C337F7DBEE,INVALID_AISHE_FORMAT
iiit-bhubaneswar,International Institute of Information Technology Bhubaneswar,College,Odisha,Khordha,UGC,2020-21,UNVERIFIED,True,NA,2006,CEI-IN-24BF5EBC2113,INVALID_AISHE_FORMAT
bput-rourkela,Biju Patnaik University of Technology,College,Odisha,Sundargarh,UGC,2020-21,UNVERIFIED,True,NA,2002,CEI-IN-B946964915F8,INVALID_AISHE_FORMAT
national-institute-of-technolo-rourkela,National Institute of Technology Rourkela,College,Odisha,Rourkela,,2020-21,UNVERIFIED,True,,,CEI-IN-3793BF4E5B19,INVALID_AISHE_FORMAT
perunthalaivar-kamarajar-arts-college,Perunthalaivar Kamarajar Arts College,College,Puducherry,Puducherry,Pondicherry University,2020-21,UNVERIFIED,True,B,1998,CEI-IN-A4B9858E2928,INVALID_AISHE_FORMAT
mahatma-gandhi-govt-arts-college-mahe,Mahatma Gandhi Government Arts College,College,Puducherry,Mahe,Pondicherry University,2020-21,UNVERIFIED,True,B,1970,CEI-IN-F8853B1E82ED,INVALID_AISHE_FORMAT
motilal-nehru-govt-polytechnic-college,Motilal Nehru Government Polytechnic College,College,Puducherry,Puducherry,AICTE,2020-21,UNVERIFIED,True,NA,1961,CEI-IN-B3419E195232,INVALID_AISHE_FORMAT
rajiv-gandhi-institute-of-veterinary-education-and-research,Rajiv Gandhi Institute of Veterinary Education and Research,College,Puducherry,Puducherry,Pondicherry University,2020-21,UNVERIFIED,True,NA,1994,CEI-IN-098B5BD907FE,INVALID_AISHE_FORMAT
pondicherry-university,Pondicherry University,College,Puducherry,Puducherry,UGC,2020-21,UNVERIFIED,True,A,1985,CEI-IN-32FF6C532E25,INVALID_AISHE_FORMAT
jipmer-puducherry,Jawaharlal Institute of Postgraduate Medical Education and Research,College,Puducherry,Puducherry,,2020-21,UNVERIFIED,True,NA,1823,CEI-IN-2D1BC996235C,INVALID_AISHE_FORMAT
sri-manakula-vinayagar-engineering-college,Sri Manakula Vinayagar Engineering College,College,Puducherry,Puducherry,Pondicherry University (Autonomous),2020-21,UNVERIFIED,True,NA,1999,CEI-IN-5E58D9BE7AB6,INVALID_AISHE_FORMAT
avvaiyar-government-college-for-women-karaikal,Avvaiyar Government College for Women,College,Puducherry,Karaikal,Pondicherry University,2020-21,UNVERIFIED,True,B,1972,CEI-IN-AF64EFFA1DE5,INVALID_AISHE_FORMAT
tagore-government-arts-and-science-college,Tagore Government Arts and Science College,College,Puducherry,Puducherry,Pondicherry University,2020-21,UNVERIFIED,True,B,1961,CEI-IN-0885A435DCC6,INVALID_AISHE_FORMAT
arignar-anna-government-arts-and-science-college-karaikal,Arignar Anna Government Arts and Science College,College,Puducherry,Karaikal,Pondicherry University,2020-21,UNVERIFIED,True,B,1967,CEI-IN-337ACD8DAA5F,INVALID_AISHE_FORMAT
dr-srv-government-arts-science-college-yanam,Dr. S.R.K. Government Arts College,College,Puducherry,Yanam,Pondicherry University,2020-21,UNVERIFIED,True,B,1973,CEI-IN-DA66C80964C8,INVALID_AISHE_FORMAT
indira-gandhi-medical-college-research-institute,Indira Gandhi Medical College and Research Institute,College,Puducherry,Puducherry,Pondicherry University,2020-21,UNVERIFIED,True,NA,2010,CEI-IN-27BFE6B3E939,INVALID_AISHE_FORMAT
sri-balaji-vidyapeeth,Sri Balaji Vidyapeeth,College,Puducherry,Puducherry,UGC - Deemed University,2020-21,UNVERIFIED,True,A++,2008,CEI-IN-3A9D1EF24455,INVALID_AISHE_FORMAT
women-polytechnic-college-puducherry,Women's Polytechnic College,College,Puducherry,Puducherry,AICTE,2020-21,UNVERIFIED,True,NA,1988,CEI-IN-BC2121BCC4F1,INVALID_AISHE_FORMAT
national-institute-of-technolo-karaikal,National Institute of Technology Puducherry,College,Puducherry,Karaikal,,2020-21,UNVERIFIED,True,,,CEI-IN-874200BBB60F,INVALID_AISHE_FORMAT
dr-ambedkar-govt-law-college-puducherry,Dr. Ambedkar Government Law College,College,Puducherry,Puducherry,Pondicherry University,2020-21,UNVERIFIED,True,NA,1972,CEI-IN-B1AC3763B2CE,INVALID_AISHE_FORMAT
puducherry-technological-university,Puducherry Technological University,College,Puducherry,Puducherry,UGC,2020-21,UNVERIFIED,True,NA,1984,CEI-IN-E057E3E02850,INVALID_AISHE_FORMAT
mother-theresa-post-graduate-and-research-institute-of-health-sciences,Mother Theresa Post Graduate and Research Institute of Health Sciences,College,Puducherry,Puducherry,Pondicherry University,2020-21,UNVERIFIED,True,NA,1991,CEI-IN-506262165EE4,INVALID_AISHE_FORMAT
kanchi-mamunivar-govt-institute-for-postgraduate-studies,Kanchi Mamunivar Government Institute for Postgraduate Studies and Research,College,Puducherry,Puducherry,Pondicherry University (Autonomous),2020-21,UNVERIFIED,True,B++,1989,CEI-IN-2717821CC1D9,INVALID_AISHE_FORMAT
bharathidasan-govt-college-for-women,Bharathidasan Government College for Women,College,Puducherry,Puducherry,Pondicherry University (Autonomous),2020-21,UNVERIFIED,True,B,1968,CEI-IN-CC2946BF4D81,INVALID_AISHE_FORMAT
mahatma-gandhi-postgraduate-institute-dental-sciences,Mahatma Gandhi Postgraduate Institute of Dental Sciences,College,Puducherry,Puducherry,Pondicherry University,2020-21,UNVERIFIED,True,NA,1990,CEI-IN-E57347A07303,INVALID_AISHE_FORMAT
vinayaka-missions-medical-college-karaikal,Vinayaka Mission's Medical College and Hospital,College,Puducherry,Karaikal,VMRF (Deemed University),2020-21,UNVERIFIED,True,NA,1996,CEI-IN-EFF946E6F573,INVALID_AISHE_FORMAT
guru-nanak-dev-engineering-college,Guru Nanak Dev Engineering College,College,Punjab,Ludhiana,IKGPTU (Autonomous),2020-21,UNVERIFIED,True,A,1956,CEI-IN-8A342023E144,INVALID_AISHE_FORMAT
baba-farid-university-health-sciences,Baba Farid University of Health Sciences,College,Punjab,Faridkot,NMC,2020-21,UNVERIFIED,True,NA,1998,CEI-IN-6D9EDC3DAE65,INVALID_AISHE_FORMAT
thapar-institute-of-engineerin-patiala,Thapar Institute of Engineering and Technology,College,Punjab,Patiala,,2020-21,UNVERIFIED,True,,,CEI-IN-FA441597A70C,INVALID_AISHE_FORMAT
thapar-institute,Thapar Institute of Engineering and Technology,College,Punjab,Patiala,UGC - Deemed University,2020-21,UNVERIFIED,True,A+,1956,CEI-IN-300ACA428D8B,INVALID_AISHE_FORMAT
aiims-bathinda,All India Institute of Medical Sciences Bathinda,College,Punjab,Bathinda,,2020-21,UNVERIFIED,True,NA,2019,CEI-IN-EA06FFDA9155,INVALID_AISHE_FORMAT
plaksha-university,Plaksha University,College,Punjab,SAS Nagar,UGC,2020-21,UNVERIFIED,True,NA,2021,CEI-IN-5D7F60E2149F,INVALID_AISHE_FORMAT
iiser-mohali,Indian Institute of Science Education and Research Mohali,College,Punjab,SAS Nagar,,2020-21,UNVERIFIED,True,NA,2007,CEI-IN-A87F041BB144,INVALID_AISHE_FORMAT
guru-nanak-dev-university,Guru Nanak Dev University,College,Punjab,Amritsar,UGC,2020-21,UNVERIFIED,True,A++,1969,CEI-IN-750D083899DC,INVALID_AISHE_FORMAT
pec-chandigarh,Punjab Engineering College (PEC),College,Punjab,Sector 12,,2020-21,UNVERIFIED,True,,,CEI-IN-2CDDB4C32221,INVALID_AISHE_FORMAT
indian-institute-of-technology-rupnagar,Indian Institute of Technology Ropar,College,Punjab,Rupnagar,,2020-21,UNVERIFIED,True,,,CEI-IN-634737DA8689,INVALID_AISHE_FORMAT
punjabi-university-patiala,Punjabi University,College,Punjab,Patiala,UGC,2020-21,UNVERIFIED,True,A,1962,CEI-IN-0F5D6399CD8A,INVALID_AISHE_FORMAT
sliet-longowal,Sant Longowal Institute of Engineering and Technology,College,Punjab,Sangrur,UGC - Deemed University,2020-21,UNVERIFIED,True,NA,1989,CEI-IN-AE0461225721,INVALID_AISHE_FORMAT
ik-gujral-punjab-technical-university,I.K. Gujral Punjab Technical University,College,Punjab,Kapurthala,UGC,2020-21,UNVERIFIED,True,B++,1997,CEI-IN-AB1101C25523,INVALID_AISHE_FORMAT
dav-university-jalandhar,DAV University,College,Punjab,Jalandhar,UGC,2020-21,UNVERIFIED,True,NA,2013,CEI-IN-CEC20AEBF374,INVALID_AISHE_FORMAT
iit-ropar,Indian Institute of Technology Ropar,College,Punjab,Rupnagar,,2020-21,UNVERIFIED,True,NA,2008,CEI-IN-B2C8565E5557,INVALID_AISHE_FORMAT
chandigarh-engineering-college-sahibzada-ajit-,Chandigarh Engineering College Jhanjeri,College,Punjab,Sahibzada Ajit Singh Nagar,,2020-21,UNVERIFIED,True,,,CEI-IN-31F0147CC0C8,INVALID_AISHE_FORMAT
iim-amritsar,Indian Institute of Management Amritsar,College,Punjab,Amritsar,,2020-21,UNVERIFIED,True,NA,2015,CEI-IN-9CEAE12071DA,INVALID_AISHE_FORMAT
lovely-professional-university,Lovely Professional University,College,Punjab,Kapurthala,UGC,2020-21,UNVERIFIED,True,A++,2005,CEI-IN-225F42045B5B,INVALID_AISHE_FORMAT
chandigarh-university-mohali,Chandigarh University,College,Punjab,SAS Nagar,UGC,2020-21,UNVERIFIED,True,A+,2012,CEI-IN-A9019D0A723D,INVALID_AISHE_FORMAT
govt-medical-college-amritsar,"Government Medical College, Amritsar",College,Punjab,Amritsar,BFUHS,2020-21,UNVERIFIED,True,NA,1920,CEI-IN-A742A697B0BC,INVALID_AISHE_FORMAT
dayanand-medical-college,Dayanand Medical College and Hospital,College,Punjab,Ludhiana,BFUHS,2020-21,UNVERIFIED,True,NA,1964,CEI-IN-C6F89E1A4410,INVALID_AISHE_FORMAT
rajiv-gandhi-national-university-of-law,Rajiv Gandhi National University of Law,College,Punjab,Patiala,Bar Council of India,2020-21,UNVERIFIED,True,A,2006,CEI-IN-D2E090E394AD,INVALID_AISHE_FORMAT
central-university-of-punjab,Central University of Punjab,College,Punjab,Bathinda,UGC,2020-21,UNVERIFIED,True,A+,2009,CEI-IN-E41994B9281C,INVALID_AISHE_FORMAT
punjab-agricultural-university,Punjab Agricultural University,College,Punjab,Ludhiana,ICAR,2020-21,UNVERIFIED,True,A,1962,CEI-IN-898CA718ECA8,INVALID_AISHE_FORMAT
national-institute-of-technolo-jalandhar,National Institute of Technology Jalandhar,College,Punjab,Jalandhar,,2020-21,UNVERIFIED,True,,,CEI-IN-54CE1D0DA6A6,INVALID_AISHE_FORMAT
nit-jalandhar,Dr. B. R. Ambedkar National Institute of Technology Jalandhar,College,Punjab,Jalandhar,,2020-21,UNVERIFIED,True,NA,1987,CEI-IN-21C991218B3B,INVALID_AISHE_FORMAT
chitkara-university-punjab,Chitkara University,College,Punjab,Patiala,UGC,2020-21,UNVERIFIED,True,A+,2010,CEI-IN-8EADFA239E32,INVALID_AISHE_FORMAT
govt-medical-college-patiala,"Government Medical College, Patiala",College,Punjab,Patiala,BFUHS,2020-21,UNVERIFIED,True,NA,1953,CEI-IN-8BD412225356,INVALID_AISHE_FORMAT
christian-medical-college-ludhiana,Christian Medical College,College,Punjab,Ludhiana,BFUHS,2020-21,UNVERIFIED,True,NA,1894,CEI-IN-600FA68EA3F5,INVALID_AISHE_FORMAT
rajasthan-uni-jaipur,University of Rajasthan,College,Rajasthan,Jaipur,,2020-21,UNVERIFIED,True,A,1947,CEI-IN-3825C83E3F42,INVALID_AISHE_FORMAT
jecrc-uni,JECRC University,College,Rajasthan,Jaipur,,2020-21,UNVERIFIED,True,,,CEI-IN-1F57B887D709,INVALID_AISHE_FORMAT
gec-bikaner,Government Engineering College Bikaner,College,Rajasthan,Bikaner,BTU Bikaner,2020-21,UNVERIFIED,True,,,CEI-IN-4634ABB34EA5,INVALID_AISHE_FORMAT
technical-institute-centre-kot-kota,Technical Institute Centre Kota,College,Rajasthan,Sikar,,2020-21,UNVERIFIED,True,,,CEI-IN-C6A3DBA11C62,INVALID_AISHE_FORMAT
government-college-institute-k-karauli,Government College Institute Karauli,College,Rajasthan,Pali,,2020-21,UNVERIFIED,True,,,CEI-IN-128B23D50251,INVALID_AISHE_FORMAT
engineering-college-centre-bha-bharatpur,Engineering College Centre Bharatpur,College,Rajasthan,Udaipur,,2020-21,UNVERIFIED,True,,,CEI-IN-9B039653B35E,INVALID_AISHE_FORMAT
technical-institute-sikar-sikar,Technical Institute Sikar,College,Rajasthan,Kota,,2020-21,UNVERIFIED,True,,,CEI-IN-277A70AD0208,INVALID_AISHE_FORMAT
technical-institute-campus-dho-dholpur,Technical Institute Campus Dholpur,College,Rajasthan,Jhunjhunu,,2020-21,UNVERIFIED,True,,,CEI-IN-C2BCC60439C1,INVALID_AISHE_FORMAT
fddi-jodhpur,Footwear Design and Development Institute,College,Rajasthan,Jodhpur,,2020-21,UNVERIFIED,True,,,CEI-IN-8418A050441E,INVALID_AISHE_FORMAT
engineering-college-campus-uda-udaipur,Engineering College Campus Udaipur,College,Rajasthan,Bharatpur,,2020-21,UNVERIFIED,True,,,CEI-IN-C2C3325E6C99,INVALID_AISHE_FORMAT
government-college-ajmer-ajmer,Government College Ajmer,College,Rajasthan,Pali,,2020-21,UNVERIFIED,True,,,CEI-IN-F026D22CA6A6,INVALID_AISHE_FORMAT
engineering-college-institute--bharatpur,Engineering College Institute Bharatpur,College,Rajasthan,Barmer,,2020-21,UNVERIFIED,True,,,CEI-IN-E9593FA7B5B5,INVALID_AISHE_FORMAT
government-college-centre-pali-pali,Government College Centre Pali,College,Rajasthan,Churu,,2020-21,UNVERIFIED,True,,,CEI-IN-DAE1FD18A1CE,INVALID_AISHE_FORMAT
college-of-engineering-centre--ganganagar,College of Engineering Centre Ganganagar,College,Rajasthan,Bikaner,,2020-21,UNVERIFIED,True,,,CEI-IN-032E19767418,INVALID_AISHE_FORMAT
engineering-college-udaipur-udaipur,Engineering College Udaipur,College,Rajasthan,Barmer,,2020-21,UNVERIFIED,True,,,CEI-IN-07CFCBCC1BB0,INVALID_AISHE_FORMAT
government-college-and-technol-ajmer,Government College and Technology Ajmer,College,Rajasthan,Churu,,2020-21,UNVERIFIED,True,,,CEI-IN-6F24C05B4A73,INVALID_AISHE_FORMAT
engineering-college-institute--dausa,Engineering College Institute Dausa,College,Rajasthan,Barmer,,2020-21,UNVERIFIED,True,,,CEI-IN-D1E35363E09A,INVALID_AISHE_FORMAT
nlu-jodhpur,National Law University Jodhpur,College,Rajasthan,Jodhpur,,2020-21,UNVERIFIED,True,,1999,CEI-IN-B775B0BDF271,INVALID_AISHE_FORMAT
aiims-jodhpur,All India Institute of Medical Sciences Jodhpur,College,Rajasthan,Jodhpur,,2020-21,UNVERIFIED,True,,2012,CEI-IN-3FC9FFAA9975,INVALID_AISHE_FORMAT
amity-jaipur,Amity University Rajasthan,College,Rajasthan,Jaipur,,2020-21,UNVERIFIED,True,A+,,CEI-IN-337775C614E1,INVALID_AISHE_FORMAT
uok-kota,University of Kota,College,Rajasthan,Kota,,2020-21,UNVERIFIED,True,,2003,CEI-IN-1865AD03A791,INVALID_AISHE_FORMAT
jhalawar-medical-college,Jhalawar Medical College,College,Rajasthan,Jhalawar,RUHS Jaipur,2020-21,UNVERIFIED,True,,,CEI-IN-4298D717D8DE,INVALID_AISHE_FORMAT
rnt-medical-college-udaipur,Ravindra Nath Tagore Medical College,College,Rajasthan,Udaipur,RUHS Jaipur,2020-21,UNVERIFIED,True,,1961,CEI-IN-51557C45928E,INVALID_AISHE_FORMAT
jln-medical-college-ajmer,Jawaharlal Nehru Medical College,College,Rajasthan,Ajmer,RUHS Jaipur,2020-21,UNVERIFIED,True,,1965,CEI-IN-F958B2341013,INVALID_AISHE_FORMAT
institute-of-technology-campus-alwar,Institute of Technology Campus Alwar,College,Rajasthan,Jodhpur,,2020-21,UNVERIFIED,True,,,CEI-IN-2F285E3DD8B8,INVALID_AISHE_FORMAT
college-of-engineering-and-res-ganganagar,College of Engineering and Research Ganganagar,College,Rajasthan,Tonk,,2020-21,UNVERIFIED,True,,,CEI-IN-6F4188D4ED18,INVALID_AISHE_FORMAT
lnmiit-jaipur,The LNM Institute of Information Technology,College,Rajasthan,Jaipur,,2020-21,UNVERIFIED,True,A,2002,CEI-IN-758FDD337623,INVALID_AISHE_FORMAT
poornima-uni,Poornima University,College,Rajasthan,Jaipur,,2020-21,UNVERIFIED,True,,,CEI-IN-B336C3F3DBF1,INVALID_AISHE_FORMAT
engineering-college-and-techno-udaipur,Engineering College and Technology Udaipur,College,Rajasthan,Udaipur,,2020-21,UNVERIFIED,True,,,CEI-IN-3A679DAA3772,INVALID_AISHE_FORMAT
government-college-institute-p-pali,Government College Institute Pali,College,Rajasthan,Pali,,2020-21,UNVERIFIED,True,,,CEI-IN-69A10DD43768,INVALID_AISHE_FORMAT
college-of-engineering-and-res-bikaner,College of Engineering and Research Bikaner,College,Rajasthan,Tonk,,2020-21,UNVERIFIED,True,,,CEI-IN-88272EE7353C,INVALID_AISHE_FORMAT
technical-institute-institute--jhunjhunu,Technical Institute Institute Jhunjhunu,College,Rajasthan,Kota,,2020-21,UNVERIFIED,True,,,CEI-IN-A6B09E95B728,INVALID_AISHE_FORMAT
engineering-college-and-resear-dausa,Engineering College and Research Dausa,College,Rajasthan,Bharatpur,,2020-21,UNVERIFIED,True,,,CEI-IN-9CEE1F10CD14,INVALID_AISHE_FORMAT
college-of-engineering-jaipur-jaipur,College of Engineering Jaipur,College,Rajasthan,Jaipur,,2020-21,UNVERIFIED,True,,,CEI-IN-8BF8899F475E,INVALID_AISHE_FORMAT
manipal-jaipur,Manipal University Jaipur,College,Rajasthan,Jaipur,,2020-21,UNVERIFIED,True,A+,2011,CEI-IN-88E295D79CA8,INVALID_AISHE_FORMAT
iiit-kota,Indian Institute of Information Technology Kota,College,Rajasthan,Kota,,2020-21,UNVERIFIED,True,,,CEI-IN-AE13914E9924,INVALID_AISHE_FORMAT
sp-medical-college-bikaner,Sardar Patel Medical College,College,Rajasthan,Bikaner,RUHS Jaipur,2020-21,UNVERIFIED,True,,1959,CEI-IN-17A9ED03BF6A,INVALID_AISHE_FORMAT
nift-jodhpur,National Institute of Fashion Technology Jodhpur,College,Rajasthan,Jodhpur,,2020-21,UNVERIFIED,True,,,CEI-IN-38ABEBE80DEE,INVALID_AISHE_FORMAT
btu-bikaner,Bikaner Technical University,College,Rajasthan,Bikaner,,2020-21,UNVERIFIED,True,,2017,CEI-IN-D4A1DCB79DE2,INVALID_AISHE_FORMAT
engineering-college-and-resear-bharatpur,Engineering College and Research Bharatpur,College,Rajasthan,Bharatpur,,2020-21,UNVERIFIED,True,,,CEI-IN-0A38597231EF,INVALID_AISHE_FORMAT
technical-institute-dholpur-dholpur,Technical Institute Dholpur,College,Rajasthan,Kota,,2020-21,UNVERIFIED,True,,,CEI-IN-A2EF3EE5F380,INVALID_AISHE_FORMAT
technical-institute-campus-sik-sikar,Technical Institute Campus Sikar,College,Rajasthan,Jhunjhunu,,2020-21,UNVERIFIED,True,,,CEI-IN-5E577C48E080,INVALID_AISHE_FORMAT
malaviya-national-institute-of-jaipur,Malaviya National Institute of Technology,College,Rajasthan,Jaipur,,2020-21,UNVERIFIED,True,,,CEI-IN-85DF8A6B5D32,INVALID_AISHE_FORMAT
rtu-kota,Rajasthan Technical University,College,Rajasthan,Kota,,2020-21,UNVERIFIED,True,,2006,CEI-IN-39DD06E34901,INVALID_AISHE_FORMAT
mlsu-udaipur,Mohanlal Sukhadia University,College,Rajasthan,Udaipur,,2020-21,UNVERIFIED,True,A,1962,CEI-IN-79656C52D949,INVALID_AISHE_FORMAT
mgs-uni-bikaner,Maharaja Ganga Singh University,College,Rajasthan,Bikaner,,2020-21,UNVERIFIED,True,,2003,CEI-IN-FF357B52C2D1,INVALID_AISHE_FORMAT
engineering-college-centre-dau-dausa,Engineering College Centre Dausa,College,Rajasthan,Udaipur,,2020-21,UNVERIFIED,True,,,CEI-IN-3B4074BD57E0,INVALID_AISHE_FORMAT
college-of-engineering-tonk-tonk,College of Engineering Tonk,College,Rajasthan,Jaipur,,2020-21,UNVERIFIED,True,,,CEI-IN-0F22847DDDC3,INVALID_AISHE_FORMAT
college-of-engineering-campus--jaipur,College of Engineering Campus Jaipur,College,Rajasthan,Tonk,,2020-21,UNVERIFIED,True,,,CEI-IN-7E8E7E77B360,INVALID_AISHE_FORMAT
institute-of-technology-and-te-hanumangarh,Institute of Technology and Technology Hanumangarh,College,Rajasthan,Jaisalmer,,2020-21,UNVERIFIED,True,,,CEI-IN-F6F4FEFAB3FB,INVALID_AISHE_FORMAT
ruhs-jaipur,Rajasthan University of Health Sciences,College,Rajasthan,Jaipur,,2020-21,UNVERIFIED,True,,2005,CEI-IN-EB536DFA1264,INVALID_AISHE_FORMAT
engineering-college-barmer-barmer,Engineering College Barmer,College,Rajasthan,Barmer,,2020-21,UNVERIFIED,True,,,CEI-IN-887BD0688682,INVALID_AISHE_FORMAT
technical-institute-and-resear-kota,Technical Institute and Research Kota,College,Rajasthan,Jhunjhunu,,2020-21,UNVERIFIED,True,,,CEI-IN-02657346AF80,INVALID_AISHE_FORMAT
birla-institute-of-technology--pilani,Birla Institute of Technology and Science Pilani,College,Rajasthan,Pilani,,2020-21,UNVERIFIED,True,,,CEI-IN-FFEEF142155C,INVALID_AISHE_FORMAT
iim-udaipur,Indian Institute of Management Udaipur,College,Rajasthan,Udaipur,,2020-21,UNVERIFIED,True,,2011,CEI-IN-62DFB9290A3B,INVALID_AISHE_FORMAT
government-college-campus-ajme-ajmer,Government College Campus Ajmer,College,Rajasthan,Ajmer,,2020-21,UNVERIFIED,True,,,CEI-IN-46ABF976BEE9,INVALID_AISHE_FORMAT
institute-of-technology-alwar-alwar,Institute of Technology Alwar,College,Rajasthan,Alwar,,2020-21,UNVERIFIED,True,,,CEI-IN-261F36BE488D,INVALID_AISHE_FORMAT
engineering-college-and-techno-barmer,Engineering College and Technology Barmer,College,Rajasthan,Udaipur,,2020-21,UNVERIFIED,True,,,CEI-IN-E9A3A3B75584,INVALID_AISHE_FORMAT
bits-pilani,"Birla Institute of Technology and Science, Pilani",College,Rajasthan,Jhunjhunu,,2020-21,UNVERIFIED,True,A,1964,CEI-IN-3982CBFB793A,INVALID_AISHE_FORMAT
mnit-jaipur,Malaviya National Institute of Technology,College,Rajasthan,Jaipur,,2020-21,UNVERIFIED,True,,1963,CEI-IN-1EBBFDA86F97,INVALID_AISHE_FORMAT
sms-medical-college,Sawai Man Singh Medical College,College,Rajasthan,Jaipur,RUHS Jaipur,2020-21,UNVERIFIED,True,,1947,CEI-IN-FA4B1AB53E68,INVALID_AISHE_FORMAT
skit-jaipur,"Swami Keshvanand Institute of Technology, Management & Gramothan",College,Rajasthan,Jaipur,Rajasthan Technical University,2020-21,UNVERIFIED,True,A,,CEI-IN-041DE5B17FC5,INVALID_AISHE_FORMAT
gec-ajmer,Government Engineering College Ajmer,College,Rajasthan,Ajmer,BTU Bikaner,2020-21,UNVERIFIED,True,,,CEI-IN-512E80D9CDF1,INVALID_AISHE_FORMAT
college-of-engineering-centre--bikaner,College of Engineering Centre Bikaner,College,Rajasthan,Bikaner,,2020-21,UNVERIFIED,True,,,CEI-IN-5A739B380448,INVALID_AISHE_FORMAT
government-college-and-technol-churu,Government College and Technology Churu,College,Rajasthan,Churu,,2020-21,UNVERIFIED,True,,,CEI-IN-55F59E2CBE8E,INVALID_AISHE_FORMAT
college-of-engineering-and-tec-jaipur,College of Engineering and Technology Jaipur,College,Rajasthan,Bikaner,,2020-21,UNVERIFIED,True,,,CEI-IN-FAF3B70ED700,INVALID_AISHE_FORMAT
government-college-campus-chur-churu,Government College Campus Churu,College,Rajasthan,Ajmer,,2020-21,UNVERIFIED,True,,,CEI-IN-4BC85C2F5808,INVALID_AISHE_FORMAT
institute-of-technology-centre-jodhpur,Institute of Technology Centre Jodhpur,College,Rajasthan,Jaisalmer,,2020-21,UNVERIFIED,True,,,CEI-IN-49030436FF05,INVALID_AISHE_FORMAT
niit-university,NIIT University,College,Rajasthan,Alwar,,2020-21,UNVERIFIED,True,,,CEI-IN-705249E9298F,INVALID_AISHE_FORMAT
institute-of-technology-hanuma-hanumangarh,Institute of Technology Hanumangarh,College,Rajasthan,Alwar,,2020-21,UNVERIFIED,True,,,CEI-IN-6B72236D4FA3,INVALID_AISHE_FORMAT
national-institute-of-technolo-jaipur,National Institute of Technology Jaipur,College,Rajasthan,Jaipur,,2020-21,UNVERIFIED,True,,,CEI-IN-3AC919CB06F4,INVALID_AISHE_FORMAT
sn-medical-college-jodhpur,Dr. S.N. Medical College,College,Rajasthan,Jodhpur,RUHS Jaipur,2020-21,UNVERIFIED,True,,1965,CEI-IN-299FD80C305C,INVALID_AISHE_FORMAT
jk-lakshmipat-uni,JK Lakshmipat University,College,Rajasthan,Jaipur,,2020-21,UNVERIFIED,True,A,,CEI-IN-81D38EB8BA60,INVALID_AISHE_FORMAT
college-of-engineering-campus--tonk,College of Engineering Campus Tonk,College,Rajasthan,Tonk,,2020-21,UNVERIFIED,True,,,CEI-IN-33B7B049B7E9,INVALID_AISHE_FORMAT
institute-of-technology-centre-jaisalmer,Institute of Technology Centre Jaisalmer,College,Rajasthan,Jaisalmer,,2020-21,UNVERIFIED,True,,,CEI-IN-E396C4ED2A3E,INVALID_AISHE_FORMAT
college-of-engineering-institu-ganganagar,College of Engineering Institute Ganganagar,College,Rajasthan,Jaipur,,2020-21,UNVERIFIED,True,,,CEI-IN-EB4299293AA7,INVALID_AISHE_FORMAT
institute-of-technology-campus-hanumangarh,Institute of Technology Campus Hanumangarh,College,Rajasthan,Jodhpur,,2020-21,UNVERIFIED,True,,,CEI-IN-EA56B3EF8602,INVALID_AISHE_FORMAT
college-of-engineering-institu-bikaner,College of Engineering Institute Bikaner,College,Rajasthan,Jaipur,,2020-21,UNVERIFIED,True,,,CEI-IN-C9BAD44639EF,INVALID_AISHE_FORMAT
banasthali-vidyapith,Banasthali Vidyapith,College,Rajasthan,Tonk,,2020-21,UNVERIFIED,True,A++,1935,CEI-IN-98818D8ABBAD,INVALID_AISHE_FORMAT
jnvu-jodhpur,Jai Narain Vyas University,College,Rajasthan,Jodhpur,,2020-21,UNVERIFIED,True,,1962,CEI-IN-99DA6C2640D3,INVALID_AISHE_FORMAT
ayurved-university-jodhpur,Dr. Sarvepalli Radhakrishnan Rajasthan Ayurved University,College,Rajasthan,Jodhpur,,2020-21,UNVERIFIED,True,,,CEI-IN-5FC010A5447C,INVALID_AISHE_FORMAT
engineering-college-campus-bar-barmer,Engineering College Campus Barmer,College,Rajasthan,Bharatpur,,2020-21,UNVERIFIED,True,,,CEI-IN-5A0BD15A58B8,INVALID_AISHE_FORMAT
indian-institute-of-technology-jodhpur,Indian Institute of Technology Jodhpur,College,Rajasthan,Jodhpur,,2020-21,UNVERIFIED,True,,,CEI-IN-2A138E410145,INVALID_AISHE_FORMAT
mbm-uni-jodhpur,MBM University,College,Rajasthan,Jodhpur,,2020-21,UNVERIFIED,True,,1951,CEI-IN-D434C2E08914,INVALID_AISHE_FORMAT
iis-university-jaipur,IIS (Deemed to be University),College,Rajasthan,Jaipur,,2020-21,UNVERIFIED,True,A+,,CEI-IN-FB4F32AA9D35,INVALID_AISHE_FORMAT
ucet-bikaner,University College of Engineering and Technology,College,Rajasthan,Bikaner,BTU Bikaner,2020-21,UNVERIFIED,True,,,CEI-IN-BF91BE9143AA,INVALID_AISHE_FORMAT
institute-of-technology-and-re-jodhpur,Institute of Technology and Research Jodhpur,College,Rajasthan,Jodhpur,,2020-21,UNVERIFIED,True,,,CEI-IN-CC3BD5BEBC23,INVALID_AISHE_FORMAT
technical-institute-institute--kota,Technical Institute Institute Kota,College,Rajasthan,Kota,,2020-21,UNVERIFIED,True,,,CEI-IN-0862A25381C5,INVALID_AISHE_FORMAT
technical-institute-and-techno-dholpur,Technical Institute and Technology Dholpur,College,Rajasthan,Sikar,,2020-21,UNVERIFIED,True,,,CEI-IN-252E3CF56EB9,INVALID_AISHE_FORMAT
government-college-churu-churu,Government College Churu,College,Rajasthan,Pali,,2020-21,UNVERIFIED,True,,,CEI-IN-A832D2C47460,INVALID_AISHE_FORMAT
iit-jodhpur,Indian Institute of Technology Jodhpur,College,Rajasthan,Jodhpur,,2020-21,UNVERIFIED,True,,2008,CEI-IN-64E1C7A60F88,INVALID_AISHE_FORMAT
institute-of-technology-and-re-jaisalmer,Institute of Technology and Research Jaisalmer,College,Rajasthan,Jodhpur,,2020-21,UNVERIFIED,True,,,CEI-IN-9111909083F4,INVALID_AISHE_FORMAT
government-college-and-researc-pali,Government College and Research Pali,College,Rajasthan,Ajmer,,2020-21,UNVERIFIED,True,,,CEI-IN-3543B7BACEE9,INVALID_AISHE_FORMAT
college-of-engineering-and-tec-tonk,College of Engineering and Technology Tonk,College,Rajasthan,Bikaner,,2020-21,UNVERIFIED,True,,,CEI-IN-0B8696930593,INVALID_AISHE_FORMAT
technical-institute-centre-jhu-jhunjhunu,Technical Institute Centre Jhunjhunu,College,Rajasthan,Sikar,,2020-21,UNVERIFIED,True,,,CEI-IN-10FCBC44801C,INVALID_AISHE_FORMAT
technical-institute-and-resear-jhunjhunu,Technical Institute and Research Jhunjhunu,College,Rajasthan,Jhunjhunu,,2020-21,UNVERIFIED,True,,,CEI-IN-0B5BF5DD2376,INVALID_AISHE_FORMAT
institute-of-technology-instit-jodhpur,Institute of Technology Institute Jodhpur,College,Rajasthan,Alwar,,2020-21,UNVERIFIED,True,,,CEI-IN-21002E343EFD,INVALID_AISHE_FORMAT
institute-of-technology-and-te-alwar,Institute of Technology and Technology Alwar,College,Rajasthan,Jaisalmer,,2020-21,UNVERIFIED,True,,,CEI-IN-47645D0EFA20,INVALID_AISHE_FORMAT
institute-of-technology-instit-jaisalmer,Institute of Technology Institute Jaisalmer,College,Rajasthan,Alwar,,2020-21,UNVERIFIED,True,,,CEI-IN-0257D262A822,INVALID_AISHE_FORMAT
central-uni-rajasthan,Central University of Rajasthan,College,Rajasthan,Ajmer,,2020-21,UNVERIFIED,True,A++,2009,CEI-IN-155BB7EAC93E,INVALID_AISHE_FORMAT
mds-uni-ajmer,Maharshi Dayanand Saraswati University,College,Rajasthan,Ajmer,,2020-21,UNVERIFIED,True,,1987,CEI-IN-C98DF3DF61F2,INVALID_AISHE_FORMAT
mody-uni,Mody University of Science and Technology,College,Rajasthan,Sikar,,2020-21,UNVERIFIED,True,A+,,CEI-IN-9BFAAFD7CD85,INVALID_AISHE_FORMAT
mewar-uni,Mewar University,College,Rajasthan,Chittorgarh,,2020-21,UNVERIFIED,True,,,CEI-IN-135CE46A6146,INVALID_AISHE_FORMAT
college-of-engineering-jaipur,College of Engineering,College,Rajasthan,Jaipur,,2020-21,UNVERIFIED,True,,,CEI-IN-BF0085A7CC8F,INVALID_AISHE_FORMAT
technical-institute-and-techno-sikar,Technical Institute and Technology Sikar,College,Rajasthan,Sikar,,2020-21,UNVERIFIED,True,,,CEI-IN-227F32EE5EC4,INVALID_AISHE_FORMAT
government-college-and-researc-karauli,Government College and Research Karauli,College,Rajasthan,Ajmer,,2020-21,UNVERIFIED,True,,,CEI-IN-A522E4A7C62D,INVALID_AISHE_FORMAT
government-college-centre-kara-karauli,Government College Centre Karauli,College,Rajasthan,Churu,,2020-21,UNVERIFIED,True,,,CEI-IN-89D684257C03,INVALID_AISHE_FORMAT
sikkim-government-college-rhenock,"Sikkim Government College, Rhenock",College,Sikkim,Pakyong,Sikkim University,2020-21,UNVERIFIED,True,NA,2005,CEI-IN-C83709A82653,INVALID_AISHE_FORMAT
icfai-university-sikkim,"The ICFAI University, Sikkim",College,Sikkim,Gangtok,UGC,2020-21,UNVERIFIED,True,NA,2004,CEI-IN-86E3D6987C2B,INVALID_AISHE_FORMAT
sikkim-government-college-namchi,"Sikkim Government College, Namchi",College,Sikkim,Namchi,Sikkim University,2020-21,UNVERIFIED,True,B,1995,CEI-IN-0A1994E2C4B5,INVALID_AISHE_FORMAT
sikkim-government-college-gyalshing,"Sikkim Government College, Gyalshing",College,Sikkim,Gyalshing,Sikkim University,2020-21,UNVERIFIED,True,NA,2011,CEI-IN-1BE34812B15E,INVALID_AISHE_FORMAT
sikkim-alpine-university,Sikkim Alpine University,College,Sikkim,Namchi,UGC,2020-21,UNVERIFIED,True,NA,2021,CEI-IN-5B6D79B6DCFF,INVALID_AISHE_FORMAT
caepht-sikkim,College of Agricultural Engineering and Post Harvest Technology,College,Sikkim,Gangtok,ICAR,2020-21,UNVERIFIED,True,NA,2006,CEI-IN-B2DB4AA7013D,INVALID_AISHE_FORMAT
advanced-technical-training-centre,Advanced Technical Training Centre,College,Sikkim,Pakyong,AICTE,2020-21,UNVERIFIED,True,NA,1999,CEI-IN-552FD558DF28,INVALID_AISHE_FORMAT
medhavi-skills-university,Medhavi Skills University,College,Sikkim,Pakyong,UGC,2020-21,UNVERIFIED,True,NA,2021,CEI-IN-42A9E19E8D19,INVALID_AISHE_FORMAT
nar-bahadur-bhandari-government-college,Nar Bahadur Bhandari Government College,College,Sikkim,Gangtok,Sikkim University,2020-21,UNVERIFIED,True,B++,1977,CEI-IN-3224829468D8,INVALID_AISHE_FORMAT
sikkim-government-college-burtuk,"Sikkim Government College, Burtuk",College,Sikkim,Gangtok,Sikkim University,2020-21,UNVERIFIED,True,NA,2012,CEI-IN-F9ECEB82F0AA,INVALID_AISHE_FORMAT
himalayan-pharmacy-institute,Himalayan Pharmacy Institute,College,Sikkim,Pakyong,Sikkim University,2020-21,UNVERIFIED,True,NA,1990,CEI-IN-3709069E9C66,INVALID_AISHE_FORMAT
sikkim-university,Sikkim University,College,Sikkim,Gangtok,UGC,2020-21,UNVERIFIED,True,B,2007,CEI-IN-673F177FEA81,INVALID_AISHE_FORMAT
srm-university-sikkim,SRM University Sikkim,College,Sikkim,Gangtok,UGC,2020-21,UNVERIFIED,True,NA,2013,CEI-IN-E6587ED9ED28,INVALID_AISHE_FORMAT
pakim-palatine-college,Pakim Palatine College,College,Sikkim,Pakyong,Sikkim University,2020-21,UNVERIFIED,True,NA,2004,CEI-IN-38B7351C7262,INVALID_AISHE_FORMAT
centre-for-computers-and-communication-technology,Centre for Computers and Communication Technology,College,Sikkim,Namchi,AICTE,2020-21,UNVERIFIED,True,NA,1999,CEI-IN-2650D485F8AF,INVALID_AISHE_FORMAT
sikkim-government-law-college,Sikkim Government Law College,College,Sikkim,Gangtok,Sikkim University,2020-21,UNVERIFIED,True,NA,1980,CEI-IN-F01DCDD48D2F,INVALID_AISHE_FORMAT
sikkim-professional-university,Sikkim Professional University,College,Sikkim,Gangtok,UGC,2020-21,UNVERIFIED,True,NA,2008,CEI-IN-A5125193AD9B,INVALID_AISHE_FORMAT
vinayaka-missions-sikkim-university,Vinayaka Missions Sikkim University,College,Sikkim,Gangtok,UGC,2020-21,UNVERIFIED,True,NA,2008,CEI-IN-DE697615A79B,INVALID_AISHE_FORMAT
nit-sikkim,National Institute of Technology Sikkim,College,Sikkim,Namchi,,2020-21,UNVERIFIED,True,NA,2010,CEI-IN-BE17D5279AD3,INVALID_AISHE_FORMAT
sikkim-manipal-university,Sikkim Manipal University,College,Sikkim,Pakyong,UGC,2020-21,UNVERIFIED,True,A+,1995,CEI-IN-36CDC09FC4C7,INVALID_AISHE_FORMAT
national-institute-of-technolo-ravangla,National Institute of Technology Sikkim,College,Sikkim,Ravangla,,2020-21,UNVERIFIED,True,,,CEI-IN-05C13326E818,INVALID_AISHE_FORMAT
technical-institute-campus-tha-thanjavur,Technical Institute Campus Thanjavur,College,Tamil Nadu,Thanjavur,,2020-21,UNVERIFIED,True,,,CEI-IN-FD6AD2279307,INVALID_AISHE_FORMAT
technical-institute-campus-che-chennai,Technical Institute Campus Chennai,College,Tamil Nadu,Vellore,,2020-21,UNVERIFIED,True,,,CEI-IN-05D718D4AC40,INVALID_AISHE_FORMAT
technical-institute-campus-ero-erode,Technical Institute Campus Erode,College,Tamil Nadu,Namakkal,,2020-21,UNVERIFIED,True,,,CEI-IN-68652214EF7F,INVALID_AISHE_FORMAT
government-college-of-engineer-nagapattinam,Government College of Engineering Nagapattinam,College,Tamil Nadu,Erode,,2020-21,UNVERIFIED,True,,,CEI-IN-22E931D2EC7A,INVALID_AISHE_FORMAT
college-of-engineering-and-tec-chennai,College of Engineering and Technology Chennai,College,Tamil Nadu,Krishnagiri,,2020-21,UNVERIFIED,True,,,CEI-IN-CFC74DEBF740,INVALID_AISHE_FORMAT
psg-college-of-technology-coimbatore,P.S.G. College of Technology,College,Tamil Nadu,Coimbatore,,2020-21,UNVERIFIED,True,,,CEI-IN-322E810CC4D9,INVALID_AISHE_FORMAT
government-college-of-technolo-coimbatore,Government College of Technology,College,Tamil Nadu,Coimbatore,,2020-21,UNVERIFIED,True,,,CEI-IN-6D3835940064,INVALID_AISHE_FORMAT
vel-tech-multi-tech-dr-rangara-avadi,Vel Tech Multi Tech Dr. Rangarajan Dr. Sakunthala Engineering College,College,Tamil Nadu,Chennai,,2020-21,UNVERIFIED,True,,,CEI-IN-C20DF721CF16,INVALID_AISHE_FORMAT
kanchi-pallavan-college-of-eng-kancheepuram,Kanchi Pallavan College of Engineering,College,Tamil Nadu,Kancheepuram,,2020-21,UNVERIFIED,True,,,CEI-IN-B7FEAEC26478,INVALID_AISHE_FORMAT
sasurie-college-of-engineering-tiruppur,Sasurie College of Engineering,College,Tamil Nadu,Coimbatore,,2020-21,UNVERIFIED,True,,,CEI-IN-D161F91AA78B,INVALID_AISHE_FORMAT
amrita-vishwa-vidyapeetham-coimbatore,Amrita Vishwa Vidyapeetham,College,Tamil Nadu,Coimbatore,UGC - Deemed University,2020-21,UNVERIFIED,True,A++,2003,CEI-IN-BAD35ADBF427,INVALID_AISHE_FORMAT
srm-institute-of-science-and-technology,SRM Institute of Science and Technology,College,Tamil Nadu,Chengalpattu,UGC - Deemed University,2020-21,UNVERIFIED,True,A++,1985,CEI-IN-B82C9BDA2C7E,INVALID_AISHE_FORMAT
iiitdm-kancheepuram,"Indian Institute of Information Technology, Design and Manufacturing",College,Tamil Nadu,Chengalpattu,,2020-21,UNVERIFIED,True,NA,2007,CEI-IN-D9F08C88AC33,INVALID_AISHE_FORMAT
government-college-of-engineer-virudhunagar,Government College of Engineering Virudhunagar,College,Tamil Nadu,Tiruchirappalli,,2020-21,UNVERIFIED,True,,,CEI-IN-10708BC7A21C,INVALID_AISHE_FORMAT
technical-institute-campus-kar-karur,Technical Institute Campus Karur,College,Tamil Nadu,Pudukkottai,,2020-21,UNVERIFIED,True,,,CEI-IN-5B5F0BC796E9,INVALID_AISHE_FORMAT
engineering-college-institute--namakkal,Engineering College Institute Namakkal,College,Tamil Nadu,Erode,,2020-21,UNVERIFIED,True,,,CEI-IN-F03C0AD96DE6,INVALID_AISHE_FORMAT
engineering-college-institute--pudukkottai,Engineering College Institute Pudukkottai,College,Tamil Nadu,Karur,,2020-21,UNVERIFIED,True,,,CEI-IN-74B1B5BD0729,INVALID_AISHE_FORMAT
university-college-centre-thir-thiruvarur,University College Centre Thiruvarur,College,Tamil Nadu,Nagapattinam,,2020-21,UNVERIFIED,True,,,CEI-IN-210447ACD45D,INVALID_AISHE_FORMAT
hindusthan-college-of-engineer-coimbatore,Hindusthan College of Engineering and Technology,College,Tamil Nadu,Coimbatore,,2020-21,UNVERIFIED,True,,,CEI-IN-12F445AE4008,INVALID_AISHE_FORMAT
sams-college-of-engineering-an-panappakkam,SAMS College of Engineering and Technology,College,Tamil Nadu,Thiruvallur,,2020-21,UNVERIFIED,True,,,CEI-IN-4D76C4349E82,INVALID_AISHE_FORMAT
annai-veilankannis-college-of--nedungundram,Annai Veilankannis College of Engineering,College,Tamil Nadu,Chennai,,2020-21,UNVERIFIED,True,,,CEI-IN-F9ED8D849222,INVALID_AISHE_FORMAT
annai-mira-college-of-engineer-arappakkam,Annai Mira College of Engineering and Technology,College,Tamil Nadu,Vellore,,2020-21,UNVERIFIED,True,,,CEI-IN-232C036170F7,INVALID_AISHE_FORMAT
sri-sai-ram-engineering-colleg-chennai,Sri Sai Ram Engineering College,College,Tamil Nadu,Kancheepuram,,2020-21,UNVERIFIED,True,,,CEI-IN-AB5083C31EB3,INVALID_AISHE_FORMAT
nandha-college-of-technology-erode,Nandha College of Technology,College,Tamil Nadu,Erode,,2020-21,UNVERIFIED,True,,,CEI-IN-2DA379A3C126,INVALID_AISHE_FORMAT
sri-ramakrishna-institute-of-t-coimbatore,Sri Ramakrishna Institute of Technology,College,Tamil Nadu,Coimbatore,,2020-21,UNVERIFIED,True,,,CEI-IN-90DC28CF5F5B,INVALID_AISHE_FORMAT
madras-christian-college,Madras Christian College,College,Tamil Nadu,Chengalpattu,University of Madras (Autonomous),2020-21,UNVERIFIED,True,A,1837,CEI-IN-80847931EECC,INVALID_AISHE_FORMAT
university-college-centre-kany-kanyakumari,University College Centre Kanyakumari,College,Tamil Nadu,Kanyakumari,,2020-21,UNVERIFIED,True,,,CEI-IN-4B1A4F4C0429,INVALID_AISHE_FORMAT
engineering-college-institute--tirunelveli,Engineering College Institute Tirunelveli,College,Tamil Nadu,Karur,,2020-21,UNVERIFIED,True,,,CEI-IN-3D48901B6102,INVALID_AISHE_FORMAT
institute-of-technology-and-re-perambalur,Institute of Technology and Research Perambalur,College,Tamil Nadu,Vellore,,2020-21,UNVERIFIED,True,,,CEI-IN-468E92ADA546,INVALID_AISHE_FORMAT
kalasalingam-academy-of-resear-srivilliputhur,Kalasalingam Academy of Research and Education,College,Tamil Nadu,Srivilliputhur,,2020-21,UNVERIFIED,True,,,CEI-IN-8FEA48D2E045,INVALID_AISHE_FORMAT
r-m-d-engineering-college-kavaraipettai,R M D Engineering College,College,Tamil Nadu,Thiruvallur,,2020-21,UNVERIFIED,True,,,CEI-IN-FB139AF3708F,INVALID_AISHE_FORMAT
jeppiaar-institute-of-technolo-kunnam,Jeppiaar Institute Of Technology,College,Tamil Nadu,Kancheepuram,,2020-21,UNVERIFIED,True,,,CEI-IN-CD67E715973C,INVALID_AISHE_FORMAT
dhanalakshmi-college-of-engine-chennai,Dhanalakshmi College of Engineering,College,Tamil Nadu,Kancheepuram,,2020-21,UNVERIFIED,True,,,CEI-IN-F17AB4169122,INVALID_AISHE_FORMAT
sri-chandrasekharendra-saraswa-kancheepuram,Sri Chandrasekharendra Saraswathi Viswa Mahavidyalaya,College,Tamil Nadu,Kancheepuram,,2020-21,UNVERIFIED,True,,,CEI-IN-E2E5F51AF818,INVALID_AISHE_FORMAT
karpagam-college-of-engineerin-coimbatore,Karpagam College of Engineering,College,Tamil Nadu,Coimbatore,,2020-21,UNVERIFIED,True,,,CEI-IN-A385A8A0BAC3,INVALID_AISHE_FORMAT
pavendar-bharathidasan-college-tiruchirappalli,Pavendar Bharathidasan College of Engineering and Technology,College,Tamil Nadu,Tiruchirappalli,,2020-21,UNVERIFIED,True,,,CEI-IN-ECEEFFBCD07A,INVALID_AISHE_FORMAT
sastra-deemed-university,"Shanmugha Arts, Science, Technology & Research Academy",College,Tamil Nadu,Thanjavur,UGC - Deemed University,2020-21,UNVERIFIED,True,A++,1984,CEI-IN-BDD6896F1900,INVALID_AISHE_FORMAT
government-college-of-engineer-chennai,Government College of Engineering,College,Tamil Nadu,Chennai,,2020-21,UNVERIFIED,True,,,CEI-IN-D47A979C172B,INVALID_AISHE_FORMAT
government-college-of-engineer-thoothukudi,Government College of Engineering Thoothukudi,College,Tamil Nadu,Cuddalore,,2020-21,UNVERIFIED,True,,,CEI-IN-FF5875200AC1,INVALID_AISHE_FORMAT
jaya-engineering-college-thiruninravur,Jaya Engineering College,College,Tamil Nadu,Chennai,,2020-21,UNVERIFIED,True,,,CEI-IN-E90AB354ABA8,INVALID_AISHE_FORMAT
prathyusha-engineering-college-aranvoyalkuppam,Prathyusha Engineering College,College,Tamil Nadu,Thiruvallur,,2020-21,UNVERIFIED,True,,,CEI-IN-3DA90E877D40,INVALID_AISHE_FORMAT
sri-ramakrishna-engineering-co-coimbatore,Sri Ramakrishna Engineering College,College,Tamil Nadu,Coimbatore,,2020-21,UNVERIFIED,True,,,CEI-IN-3FC5285C22FA,INVALID_AISHE_FORMAT
institute-of-technology-and-re-coimbatore,Institute of Technology and Research Coimbatore,College,Tamil Nadu,Coimbatore,,2020-21,UNVERIFIED,True,,,CEI-IN-1E3CE3398F0A,INVALID_AISHE_FORMAT
engineering-college-institute--dindigul,Engineering College Institute Dindigul,College,Tamil Nadu,Dindigul,,2020-21,UNVERIFIED,True,,,CEI-IN-3C50B6FB49B4,INVALID_AISHE_FORMAT
engineering-college-institute--cuddalore,Engineering College Institute Cuddalore,College,Tamil Nadu,Cuddalore,,2020-21,UNVERIFIED,True,,,CEI-IN-CEDE3C67E8A2,INVALID_AISHE_FORMAT
engineering-college-institute--thiruvarur,Engineering College Institute Thiruvarur,College,Tamil Nadu,Erode,,2020-21,UNVERIFIED,True,,,CEI-IN-E590F17A0882,INVALID_AISHE_FORMAT
institute-of-technology-and-re-tiruchirappalli,Institute of Technology and Research Tiruchirappalli,College,Tamil Nadu,Thanjavur,,2020-21,UNVERIFIED,True,,,CEI-IN-3E2659270F19,INVALID_AISHE_FORMAT
college-of-engineering-and-tec-salem,College of Engineering and Technology Salem,College,Tamil Nadu,Kanyakumari,,2020-21,UNVERIFIED,True,,,CEI-IN-3E87BF23030E,INVALID_AISHE_FORMAT
engineering-college-institute--coimbatore,Engineering College Institute Coimbatore,College,Tamil Nadu,Cuddalore,,2020-21,UNVERIFIED,True,,,CEI-IN-50834316A0CA,INVALID_AISHE_FORMAT
institute-of-technology-and-re-tiruvallur,Institute of Technology and Research Tiruvallur,College,Tamil Nadu,Thanjavur,,2020-21,UNVERIFIED,True,,,CEI-IN-58D8B1E52D83,INVALID_AISHE_FORMAT
thiagarajar-college-of-enginee-madurai,Thiagarajar College of Engineering,College,Tamil Nadu,Madurai,,2020-21,UNVERIFIED,True,,,CEI-IN-3CB184C1AB22,INVALID_AISHE_FORMAT
sri-sai-ram-institute-of-techn-chennai,Sri Sai Ram Institute of Technology,College,Tamil Nadu,Kancheepuram,,2020-21,UNVERIFIED,True,,,CEI-IN-F271AA27E1F5,INVALID_AISHE_FORMAT
sri-krishna-college-of-enginee-kancheepuram,Sri Krishna College of Engineering,College,Tamil Nadu,Kancheepuram,,2020-21,UNVERIFIED,True,,,CEI-IN-603C7A1C30DC,INVALID_AISHE_FORMAT
coimbatore-institute-of-engine-coimbatore,Coimbatore Institute of Engineering and Technology,College,Tamil Nadu,Coimbatore,,2020-21,UNVERIFIED,True,,,CEI-IN-6B8ED8F3433E,INVALID_AISHE_FORMAT
ssn-college-of-engineering,Sri Sivasubramaniya Nadar College of Engineering,College,Tamil Nadu,Chengalpattu,Anna University (Autonomous),2020-21,UNVERIFIED,True,A++,1996,CEI-IN-06E917750FB8,INVALID_AISHE_FORMAT
government-college-of-engineer-villupuram,Government College of Engineering Villupuram,College,Tamil Nadu,Villupuram,,2020-21,UNVERIFIED,True,,,CEI-IN-8A550BF27C91,INVALID_AISHE_FORMAT
engineering-college-institute--kanyakumari,Engineering College Institute Kanyakumari,College,Tamil Nadu,Villupuram,,2020-21,UNVERIFIED,True,,,CEI-IN-8E4E2D655005,INVALID_AISHE_FORMAT
institute-of-technology-and-re-cuddalore,Institute of Technology and Research Cuddalore,College,Tamil Nadu,Coimbatore,,2020-21,UNVERIFIED,True,,,CEI-IN-3FD98844D8E0,INVALID_AISHE_FORMAT
college-of-engineering-and-tec-karur,College of Engineering and Technology Karur,College,Tamil Nadu,Tirunelveli,,2020-21,UNVERIFIED,True,,,CEI-IN-3232135567B0,INVALID_AISHE_FORMAT
technical-institute-campus-kri-krishnagiri,Technical Institute Campus Krishnagiri,College,Tamil Nadu,Vellore,,2020-21,UNVERIFIED,True,,,CEI-IN-D7BD2940DCEB,INVALID_AISHE_FORMAT
indian-institute-of-technology-chennai,Indian Institute of Technology Madras,College,Tamil Nadu,Chennai,,2020-21,UNVERIFIED,True,,,CEI-IN-8C11DFDF6AA7,INVALID_AISHE_FORMAT
srm-institute-of-science-and-t-chennai,S.R.M. Institute of Science and Technology,College,Tamil Nadu,Chennai,,2020-21,UNVERIFIED,True,,,CEI-IN-0A44B456022B,INVALID_AISHE_FORMAT
coimbatore-institute-of-techno-coimbatore,Coimbatore Institute of Technology,College,Tamil Nadu,Coimbatore,,2020-21,UNVERIFIED,True,,,CEI-IN-C598132D0D47,INVALID_AISHE_FORMAT
r-m-k-engineering-college-kavaraipettai,R M K Engineering College,College,Tamil Nadu,Thiruvallur,,2020-21,UNVERIFIED,True,,,CEI-IN-B400A1EB1531,INVALID_AISHE_FORMAT
gojan-school-of-business-and-t-alamathi,Gojan School of Business and Technology,College,Tamil Nadu,Chennai,,2020-21,UNVERIFIED,True,,,CEI-IN-42F0FC37DC6C,INVALID_AISHE_FORMAT
p-m-r-engineering-college-maduravoyal,P M R Engineering College,College,Tamil Nadu,Chennai,,2020-21,UNVERIFIED,True,,,CEI-IN-2DAEA9A15F22,INVALID_AISHE_FORMAT
anna-university-chennai,Anna University,College,Tamil Nadu,Chennai,UGC,2020-21,UNVERIFIED,True,A++,1978,CEI-IN-D83850ED908F,INVALID_AISHE_FORMAT
central-university-of-tamil-nadu,Central University of Tamil Nadu,College,Tamil Nadu,Thiruvarur,UGC,2020-21,UNVERIFIED,True,B++,2009,CEI-IN-19187BBD6007,INVALID_AISHE_FORMAT
technical-institute-campus-sal-salem,Technical Institute Campus Salem,College,Tamil Nadu,Salem,,2020-21,UNVERIFIED,True,,,CEI-IN-A6A71711825A,INVALID_AISHE_FORMAT
college-of-engineering-and-tec-krishnagiri,College of Engineering and Technology Krishnagiri,College,Tamil Nadu,Krishnagiri,,2020-21,UNVERIFIED,True,,,CEI-IN-AD3168629C32,INVALID_AISHE_FORMAT
technical-institute-campus-ari-ariyalur,Technical Institute Campus Ariyalur,College,Tamil Nadu,Coimbatore,,2020-21,UNVERIFIED,True,,,CEI-IN-5517774D6AE5,INVALID_AISHE_FORMAT
government-college-of-engineer-ramanathapuram,Government College of Engineering Ramanathapuram,College,Tamil Nadu,Karur,,2020-21,UNVERIFIED,True,,,CEI-IN-C92F9C06017B,INVALID_AISHE_FORMAT
institute-of-technology-and-re-thiruvarur,Institute of Technology and Research Thiruvarur,College,Tamil Nadu,Namakkal,,2020-21,UNVERIFIED,True,,,CEI-IN-DFBF93557487,INVALID_AISHE_FORMAT
university-college-centre-tiru-tiruchirappalli,University College Centre Tiruchirappalli,College,Tamil Nadu,Tiruvallur,,2020-21,UNVERIFIED,True,,,CEI-IN-92772A7A072D,INVALID_AISHE_FORMAT
university-college-centre-dind-dindigul,University College Centre Dindigul,College,Tamil Nadu,Madurai,,2020-21,UNVERIFIED,True,,,CEI-IN-BFF23FBCDA0E,INVALID_AISHE_FORMAT
madras-institute-of-technology-chennai,Madras Institute of Technology,College,Tamil Nadu,Chennai,,2020-21,UNVERIFIED,True,,,CEI-IN-8AF32C0A9D8B,INVALID_AISHE_FORMAT
saveetha-engineering-college-chennai,Saveetha Engineering College,College,Tamil Nadu,Kancheepuram,,2020-21,UNVERIFIED,True,,,CEI-IN-ABA8D99620A2,INVALID_AISHE_FORMAT
p-a-college-of-engineering-and-pollachi,P A College of Engineering and Technology,College,Tamil Nadu,Coimbatore,,2020-21,UNVERIFIED,True,,,CEI-IN-FF6ADC13C83F,INVALID_AISHE_FORMAT
sasurie-academy-of-engineering-tiruppur,Sasurie Academy of Engineering,College,Tamil Nadu,Coimbatore,,2020-21,UNVERIFIED,True,,,CEI-IN-40F574CE5044,INVALID_AISHE_FORMAT
shree-venkateshwara-hi-tech-en-coimbatore,Shree Venkateshwara Hi-Tech Engineering College,College,Tamil Nadu,Coimbatore,,2020-21,UNVERIFIED,True,,,CEI-IN-5C77A4130EBF,INVALID_AISHE_FORMAT
christian-medical-college-vellore,Christian Medical College,College,Tamil Nadu,Vellore,The TN Dr. MGR Medical University,2020-21,UNVERIFIED,True,NA,1900,CEI-IN-9CE76B1193B5,INVALID_AISHE_FORMAT
madras-medical-college,Madras Medical College,College,Tamil Nadu,Chennai,The TN Dr. MGR Medical University,2020-21,UNVERIFIED,True,NA,1835,CEI-IN-4EE80A4A3F8F,INVALID_AISHE_FORMAT
iim-tiruchirappalli,Indian Institute of Management Tiruchirappalli,College,Tamil Nadu,Tiruchirappalli,,2020-21,UNVERIFIED,True,NA,2011,CEI-IN-C2FF3FE7CF36,INVALID_AISHE_FORMAT
engineering-college-institute--tiruchirappalli,Engineering College Institute Tiruchirappalli,College,Tamil Nadu,Tiruchirappalli,,2020-21,UNVERIFIED,True,,,CEI-IN-53F02BE484E9,INVALID_AISHE_FORMAT
college-of-engineering-and-tec-thoothukudi,College of Engineering and Technology Thoothukudi,College,Tamil Nadu,Thoothukudi,,2020-21,UNVERIFIED,True,,,CEI-IN-8C2B14364119,INVALID_AISHE_FORMAT
technical-institute-campus-kan-kanchipuram,Technical Institute Campus Kanchipuram,College,Tamil Nadu,Kanchipuram,,2020-21,UNVERIFIED,True,,,CEI-IN-A67B0AC8BDA6,INVALID_AISHE_FORMAT
university-college-centre-siva-sivaganga,University College Centre Sivaganga,College,Tamil Nadu,Madurai,,2020-21,UNVERIFIED,True,,,CEI-IN-614F9F0D84A2,INVALID_AISHE_FORMAT
engineering-college-institute--sivaganga,Engineering College Institute Sivaganga,College,Tamil Nadu,Dindigul,,2020-21,UNVERIFIED,True,,,CEI-IN-887BDCE1D2A3,INVALID_AISHE_FORMAT
technical-institute-campus-mad-madurai,Technical Institute Campus Madurai,College,Tamil Nadu,Kanchipuram,,2020-21,UNVERIFIED,True,,,CEI-IN-4991F9EB7041,INVALID_AISHE_FORMAT
college-of-engineering-and-tec-erode,College of Engineering and Technology Erode,College,Tamil Nadu,Nagapattinam,,2020-21,UNVERIFIED,True,,,CEI-IN-A508DFDB7403,INVALID_AISHE_FORMAT
dr-m-g-r-educational-and-resea-chennai,Dr. M. G. R. Educational and Research Institute,College,Tamil Nadu,Chennai,,2020-21,UNVERIFIED,True,,,CEI-IN-CC66BDCAE0EA,INVALID_AISHE_FORMAT
egs-pillay-engineering-college-nagapattinam,E.G.S. Pillay Engineering College,College,Tamil Nadu,Nagapattinam,,2020-21,UNVERIFIED,True,,,CEI-IN-5C40C33CDDFB,INVALID_AISHE_FORMAT
sri-venkateswara-college-of-en-thirupachur,Sri Venkateswara College of Engineering and Technology,College,Tamil Nadu,Thiruvallur,,2020-21,UNVERIFIED,True,,,CEI-IN-9154B19716A5,INVALID_AISHE_FORMAT
j-n-n-institute-of-engineering-kannigaipair,J N N Institute of Engineering,College,Tamil Nadu,Thiruvallur,,2020-21,UNVERIFIED,True,,,CEI-IN-8DAA8362B5C9,INVALID_AISHE_FORMAT
vel-tech-avadi,Vel Tech,College,Tamil Nadu,Chennai,,2020-21,UNVERIFIED,True,,,CEI-IN-A02B0A2834B2,INVALID_AISHE_FORMAT
bannari-amman-institute-of-tec-sathyamangalam,Bannari Amman Institute of Technology,College,Tamil Nadu,Erode,,2020-21,UNVERIFIED,True,,,CEI-IN-064454F5EDB3,INVALID_AISHE_FORMAT
college-of-engineering-and-tec-madurai,College of Engineering and Technology Madurai,College,Tamil Nadu,Madurai,,2020-21,UNVERIFIED,True,,,CEI-IN-8C91567945B2,INVALID_AISHE_FORMAT
institute-of-technology-and-re-vellore,Institute of Technology and Research Vellore,College,Tamil Nadu,Vellore,,2020-21,UNVERIFIED,True,,,CEI-IN-F60534BF9141,INVALID_AISHE_FORMAT
college-of-engineering-and-tec-thanjavur,College of Engineering and Technology Thanjavur,College,Tamil Nadu,Tiruvallur,,2020-21,UNVERIFIED,True,,,CEI-IN-32D0D9CAA0D8,INVALID_AISHE_FORMAT
government-college-of-engineer-salem,Government College of Engineering Salem,College,Tamil Nadu,Villupuram,,2020-21,UNVERIFIED,True,,,CEI-IN-F6F5752E77F7,INVALID_AISHE_FORMAT
institute-of-technology-and-re-kanyakumari,Institute of Technology and Research Kanyakumari,College,Tamil Nadu,Salem,,2020-21,UNVERIFIED,True,,,CEI-IN-0DE056BB3D71,INVALID_AISHE_FORMAT
kumaraguru-college-of-technolo-coimbatore,Kumaraguru College of Technology,College,Tamil Nadu,Coimbatore,,2020-21,UNVERIFIED,True,,,CEI-IN-C96183A6F3B6,INVALID_AISHE_FORMAT
sri-lakshmi-ammal-engineering--chennai,Sri Lakshmi Ammal Engineering College,College,Tamil Nadu,Kancheepuram,,2020-21,UNVERIFIED,True,,,CEI-IN-ED8F98A25457,INVALID_AISHE_FORMAT
akshaya-college-of-engineering-coimbatore,Akshaya College of Engineering and Technology,College,Tamil Nadu,Coimbatore,,2020-21,UNVERIFIED,True,,,CEI-IN-70BC40D98170,INVALID_AISHE_FORMAT
r-v-s-college-of-engineering-a-coimbatore,R V S College of Engineering and Technology,College,Tamil Nadu,Coimbatore,,2020-21,UNVERIFIED,True,,,CEI-IN-22B301F92047,INVALID_AISHE_FORMAT
sankara-college-of-science-and-coimbatore,Sankara College of Science and Commerce,College,Tamil Nadu,Coimbatore,,2020-21,UNVERIFIED,True,,,CEI-IN-86C792C5D020,INVALID_AISHE_FORMAT
iit-madras,Indian Institute of Technology Madras,College,Tamil Nadu,Chennai,,2020-21,UNVERIFIED,True,NA,1959,CEI-IN-8D79E10F90E9,INVALID_AISHE_FORMAT
university-college-centre-coim-coimbatore,University College Centre Coimbatore,College,Tamil Nadu,Thoothukudi,,2020-21,UNVERIFIED,True,,,CEI-IN-7A67041E4415,INVALID_AISHE_FORMAT
university-college-centre-vell-vellore,University College Centre Vellore,College,Tamil Nadu,Krishnagiri,,2020-21,UNVERIFIED,True,,,CEI-IN-94A2BF468047,INVALID_AISHE_FORMAT
college-of-engineering-and-tec-kanchipuram,College of Engineering and Technology Kanchipuram,College,Tamil Nadu,Madurai,,2020-21,UNVERIFIED,True,,,CEI-IN-36D591D0DB98,INVALID_AISHE_FORMAT
technical-institute-campus-vir-virudhunagar,Technical Institute Campus Virudhunagar,College,Tamil Nadu,Thanjavur,,2020-21,UNVERIFIED,True,,,CEI-IN-45D1B5CDBD37,INVALID_AISHE_FORMAT
technical-institute-campus-tho-thoothukudi,Technical Institute Campus Thoothukudi,College,Tamil Nadu,Coimbatore,,2020-21,UNVERIFIED,True,,,CEI-IN-0D51C9530769,INVALID_AISHE_FORMAT
college-of-engineering-and-tec-villupuram,College of Engineering and Technology Villupuram,College,Tamil Nadu,Kanyakumari,,2020-21,UNVERIFIED,True,,,CEI-IN-6CA547BFE68D,INVALID_AISHE_FORMAT
engineering-college-institute--theni,Engineering College Institute Theni,College,Tamil Nadu,Villupuram,,2020-21,UNVERIFIED,True,,,CEI-IN-9E9E5807C388,INVALID_AISHE_FORMAT
vellore-institute-of-technolog-vellore,Vellore Institute of Technology,College,Tamil Nadu,Vellore,,2020-21,UNVERIFIED,True,,,CEI-IN-3E251DFF6E0B,INVALID_AISHE_FORMAT
aalim-muhammed-salegh-college--chennai,Aalim Muhammed Salegh College of Engineering,College,Tamil Nadu,Chennai,,2020-21,UNVERIFIED,True,,,CEI-IN-F405FA61DEE7,INVALID_AISHE_FORMAT
velammal-engineering-college-ambattur,Velammal Engineering College,College,Tamil Nadu,Chennai,,2020-21,UNVERIFIED,True,,,CEI-IN-D835C030474F,INVALID_AISHE_FORMAT
sri-muthukumaran-institute-of--chennai,Sri Muthukumaran Institute of Technology,College,Tamil Nadu,Kancheepuram,,2020-21,UNVERIFIED,True,,,CEI-IN-8F60E5695470,INVALID_AISHE_FORMAT
thangavelu-engineering-college-chennai,Thangavelu Engineering College,College,Tamil Nadu,Kancheepuram,,2020-21,UNVERIFIED,True,,,CEI-IN-7E8ED5B049E0,INVALID_AISHE_FORMAT
angel-college-of-engineering-a-tiruppur,Angel College of Engineering and Technology,College,Tamil Nadu,Coimbatore,,2020-21,UNVERIFIED,True,,,CEI-IN-A546E0F419AD,INVALID_AISHE_FORMAT
kathir-college-of-engineering-coimbatore,Kathir College of Engineering,College,Tamil Nadu,Coimbatore,,2020-21,UNVERIFIED,True,,,CEI-IN-5E958FB01F61,INVALID_AISHE_FORMAT
sri-krishna-college-of-technol-coimbatore,Sri Krishna College of Technology,College,Tamil Nadu,Coimbatore,,2020-21,UNVERIFIED,True,,,CEI-IN-195A2D870418,INVALID_AISHE_FORMAT
nit-trichy,National Institute of Technology Tiruchirappalli,College,Tamil Nadu,Tiruchirappalli,,2020-21,UNVERIFIED,True,NA,1964,CEI-IN-79E1717BE85D,INVALID_AISHE_FORMAT
psg-college-of-technology,PSG College of Technology,College,Tamil Nadu,Coimbatore,Anna University (Autonomous),2020-21,UNVERIFIED,True,A,1951,CEI-IN-9CE4DF64B09B,INVALID_AISHE_FORMAT
government-college-of-engineer-erode,Government College of Engineering Erode,College,Tamil Nadu,Erode,,2020-21,UNVERIFIED,True,,,CEI-IN-DB87C63A5F66,INVALID_AISHE_FORMAT
university-college-centre-cudd-cuddalore,University College Centre Cuddalore,College,Tamil Nadu,Thoothukudi,,2020-21,UNVERIFIED,True,,,CEI-IN-632504D2CFB8,INVALID_AISHE_FORMAT
national-institute-of-technolo-tiruchirappalli,National Institute of Technology Tiruchirappalli,College,Tamil Nadu,Tiruchirappalli,,2020-21,UNVERIFIED,True,,,CEI-IN-9205EBF3A64C,INVALID_AISHE_FORMAT
sri-sivasubramaniya-nadar-coll-kalavakkam,Sri Sivasubramaniya Nadar College of Engineering,College,Tamil Nadu,Kalavakkam,,2020-21,UNVERIFIED,True,,,CEI-IN-C57639BAD4BF,INVALID_AISHE_FORMAT
madha-institute-of-engineering-kundrathur,Madha Institute of Engineering and Technology,College,Tamil Nadu,Kancheepuram,,2020-21,UNVERIFIED,True,,,CEI-IN-D5F872377103,INVALID_AISHE_FORMAT
hindusthan-institute-of-techno-coimbatore,Hindusthan Institute of Technology,College,Tamil Nadu,Coimbatore,,2020-21,UNVERIFIED,True,,,CEI-IN-FED4E9CBAE0B,INVALID_AISHE_FORMAT
sri-eshwar-college-of-engineer-coimbatore,Sri Eshwar College of Engineering,College,Tamil Nadu,Coimbatore,,2020-21,UNVERIFIED,True,,,CEI-IN-363EE5E3A380,INVALID_AISHE_FORMAT
sri-krishna-college-of-enginee-coimbatore,Sri Krishna College of Engineering and Technology,College,Tamil Nadu,Coimbatore,,2020-21,UNVERIFIED,True,,,CEI-IN-03F312EE33A7,INVALID_AISHE_FORMAT
university-of-madras,University of Madras,College,Tamil Nadu,Chennai,UGC,2020-21,UNVERIFIED,True,A++,1857,CEI-IN-755EA20AFFE5,INVALID_AISHE_FORMAT
tamil-nadu-agricultural-university,Tamil Nadu Agricultural University,College,Tamil Nadu,Coimbatore,ICAR,2020-21,UNVERIFIED,True,A++,1971,CEI-IN-6C553DFEA011,INVALID_AISHE_FORMAT
tamil-nadu-national-law-university,Tamil Nadu National Law University,College,Tamil Nadu,Tiruchirappalli,Bar Council of India,2020-21,UNVERIFIED,True,A,2012,CEI-IN-719FBF69EA40,INVALID_AISHE_FORMAT
government-college-of-engineer-karur,Government College of Engineering Karur,College,Tamil Nadu,Karur,,2020-21,UNVERIFIED,True,,,CEI-IN-9CEDB3F473DC,INVALID_AISHE_FORMAT
institute-of-technology-and-re-namakkal,Institute of Technology and Research Namakkal,College,Tamil Nadu,Namakkal,,2020-21,UNVERIFIED,True,,,CEI-IN-0D45BEB5ADDF,INVALID_AISHE_FORMAT
engineering-college-institute--perambalur,Engineering College Institute Perambalur,College,Tamil Nadu,Chennai,,2020-21,UNVERIFIED,True,,,CEI-IN-5B5ACFB2B3F7,INVALID_AISHE_FORMAT
college-of-engineering-and-tec-ramanathapuram,College of Engineering and Technology Ramanathapuram,College,Tamil Nadu,Tirunelveli,,2020-21,UNVERIFIED,True,,,CEI-IN-9909B6B625AF,INVALID_AISHE_FORMAT
university-college-centre-nama-namakkal,University College Centre Namakkal,College,Tamil Nadu,Nagapattinam,,2020-21,UNVERIFIED,True,,,CEI-IN-98A9DDFF4755,INVALID_AISHE_FORMAT
technical-institute-campus-vil-villupuram,Technical Institute Campus Villupuram,College,Tamil Nadu,Salem,,2020-21,UNVERIFIED,True,,,CEI-IN-7EB5B9D34BB5,INVALID_AISHE_FORMAT
university-college-centre-then-theni,University College Centre Theni,College,Tamil Nadu,Kanyakumari,,2020-21,UNVERIFIED,True,,,CEI-IN-C1F5231E1FD3,INVALID_AISHE_FORMAT
technical-institute-campus-nag-nagapattinam,Technical Institute Campus Nagapattinam,College,Tamil Nadu,Namakkal,,2020-21,UNVERIFIED,True,,,CEI-IN-8173F090A679,INVALID_AISHE_FORMAT
r-m-k-college-of-engineering-a-puduvoyal,R M K College of Engineering and Technology,College,Tamil Nadu,Thiruvallur,,2020-21,UNVERIFIED,True,,,CEI-IN-5FABB273C039,INVALID_AISHE_FORMAT
sri-venkateswara-college-of-en-sriperumbudur,Sri Venkateswara College of Engineering,College,Tamil Nadu,Kancheepuram,,2020-21,UNVERIFIED,True,,,CEI-IN-738A46F6217E,INVALID_AISHE_FORMAT
nehru-institute-of-engineering-coimbatore,Nehru Institute of Engineering and Technology,College,Tamil Nadu,Coimbatore,,2020-21,UNVERIFIED,True,,,CEI-IN-8553F9EA2535,INVALID_AISHE_FORMAT
university-college-centre-tiru-tirunelveli,University College Centre Tirunelveli,College,Tamil Nadu,Tirunelveli,,2020-21,UNVERIFIED,True,,,CEI-IN-77577C7C5D5C,INVALID_AISHE_FORMAT
university-college-centre-tiru-tiruvallur,University College Centre Tiruvallur,College,Tamil Nadu,Tiruvallur,,2020-21,UNVERIFIED,True,,,CEI-IN-792768840DDC,INVALID_AISHE_FORMAT
institute-of-technology-and-re-pudukkottai,Institute of Technology and Research Pudukkottai,College,Tamil Nadu,Pudukkottai,,2020-21,UNVERIFIED,True,,,CEI-IN-A3F639199621,INVALID_AISHE_FORMAT
government-college-of-engineer-madurai,Government College of Engineering Madurai,College,Tamil Nadu,Dindigul,,2020-21,UNVERIFIED,True,,,CEI-IN-E829D1050A10,INVALID_AISHE_FORMAT
engineering-college-institute--vellore,Engineering College Institute Vellore,College,Tamil Nadu,Chennai,,2020-21,UNVERIFIED,True,,,CEI-IN-F80598FE2BEE,INVALID_AISHE_FORMAT
vel-tech-high-tech-dr-rangaraj-avadi,Vel Tech High Tech Dr. Rangarajan Dr. Sakunthala Engineering College,College,Tamil Nadu,Chennai,,2020-21,UNVERIFIED,True,,,CEI-IN-84910CC50328,INVALID_AISHE_FORMAT
st-peters-college-of-engineeri-avadi,St. Peters College of Engineering and Technology,College,Tamil Nadu,Chennai,,2020-21,UNVERIFIED,True,,,CEI-IN-AD4BEF2E33B9,INVALID_AISHE_FORMAT
tagore-engineering-college-chennai,Tagore Engineering College,College,Tamil Nadu,Kancheepuram,,2020-21,UNVERIFIED,True,,,CEI-IN-4345541B2848,INVALID_AISHE_FORMAT
sri-krishna-institute-of-techn-chennai,Sri Krishna Institute of Technology,College,Tamil Nadu,Kancheepuram,,2020-21,UNVERIFIED,True,,,CEI-IN-0303B0B58E04,INVALID_AISHE_FORMAT
psg-institute-of-technology-an-coimbatore,PSG Institute of Technology and Applied Research,College,Tamil Nadu,Coimbatore,,2020-21,UNVERIFIED,True,,,CEI-IN-A42147EAE9B3,INVALID_AISHE_FORMAT
university-college-centre-pera-perambalur,University College Centre Perambalur,College,Tamil Nadu,Krishnagiri,,2020-21,UNVERIFIED,True,,,CEI-IN-D09E9A891963,INVALID_AISHE_FORMAT
institute-of-technology-and-re-sivaganga,Institute of Technology and Research Sivaganga,College,Tamil Nadu,Kanchipuram,,2020-21,UNVERIFIED,True,,,CEI-IN-40DC7E254CA6,INVALID_AISHE_FORMAT
technical-institute-campus-ram-ramanathapuram,Technical Institute Campus Ramanathapuram,College,Tamil Nadu,Pudukkottai,,2020-21,UNVERIFIED,True,,,CEI-IN-F8574EB17245,INVALID_AISHE_FORMAT
jaya-institute-of-technology-kanchipadi,Jaya Institute of Technology,College,Tamil Nadu,Thiruvallur,,2020-21,UNVERIFIED,True,,,CEI-IN-EFD7323BBF57,INVALID_AISHE_FORMAT
karpaga-vinayaga-college-of-en-chennai,Karpaga Vinayaga College of Engineering and Technology,College,Tamil Nadu,Kancheepuram,,2020-21,UNVERIFIED,True,,,CEI-IN-65B82BEC8D76,INVALID_AISHE_FORMAT
adithya-institute-of-technolog-coimbatore,Adithya Institute of Technology,College,Tamil Nadu,Coimbatore,,2020-21,UNVERIFIED,True,,,CEI-IN-27FD7162F767,INVALID_AISHE_FORMAT
dr-mahalingam-college-of-engin-pollachi,Dr. Mahalingam College of Engineering and Technology,College,Tamil Nadu,Coimbatore,,2020-21,UNVERIFIED,True,,,CEI-IN-548F0E67FB1D,INVALID_AISHE_FORMAT
karpagam-institute-of-technolo-coimbatore,Karpagam Institute of Technology,College,Tamil Nadu,Coimbatore,,2020-21,UNVERIFIED,True,,,CEI-IN-9E9E6C44676B,INVALID_AISHE_FORMAT
park-college-of-engineering-an-coimbatore,Park College of Engineering and Technology,College,Tamil Nadu,Coimbatore,,2020-21,UNVERIFIED,True,,,CEI-IN-78326A02AFF0,INVALID_AISHE_FORMAT
r-v-s-technical-campus-coimbatore,R V S Technical Campus,College,Tamil Nadu,Coimbatore,,2020-21,UNVERIFIED,True,,,CEI-IN-8EC897C1F1A2,INVALID_AISHE_FORMAT
sri-shanmugha-college-of-engin-salem,Sri Shanmugha College of Engineering and Technology,College,Tamil Nadu,Salem,,2020-21,UNVERIFIED,True,,,CEI-IN-BA8CE1B797DC,INVALID_AISHE_FORMAT
bharathiar-university,Bharathiar University,College,Tamil Nadu,Coimbatore,UGC,2020-21,UNVERIFIED,True,A++,1982,CEI-IN-A8AB87B3919D,INVALID_AISHE_FORMAT
loyola-college-chennai,Loyola College,College,Tamil Nadu,Chennai,University of Madras (Autonomous),2020-21,UNVERIFIED,True,A++,1925,CEI-IN-1054D05DC7CB,INVALID_AISHE_FORMAT
college-of-engineering-and-tec-nagapattinam,College of Engineering and Technology Nagapattinam,College,Tamil Nadu,Nagapattinam,,2020-21,UNVERIFIED,True,,,CEI-IN-3CA4C9FF00DA,INVALID_AISHE_FORMAT
institute-of-technology-and-re-theni,Institute of Technology and Research Theni,College,Tamil Nadu,Salem,,2020-21,UNVERIFIED,True,,,CEI-IN-01038EC18CDF,INVALID_AISHE_FORMAT
institute-of-technology-and-re-dindigul,Institute of Technology and Research Dindigul,College,Tamil Nadu,Kanchipuram,,2020-21,UNVERIFIED,True,,,CEI-IN-E07E63CC2E7F,INVALID_AISHE_FORMAT
government-college-of-engineer-krishnagiri,Government College of Engineering Krishnagiri,College,Tamil Nadu,Chennai,,2020-21,UNVERIFIED,True,,,CEI-IN-9EEE4596B981,INVALID_AISHE_FORMAT
engineering-college-institute--tiruvallur,Engineering College Institute Tiruvallur,College,Tamil Nadu,Tiruchirappalli,,2020-21,UNVERIFIED,True,,,CEI-IN-61C1E6FFA565,INVALID_AISHE_FORMAT
university-college-centre-pudu-pudukkottai,University College Centre Pudukkottai,College,Tamil Nadu,Tirunelveli,,2020-21,UNVERIFIED,True,,,CEI-IN-B298FCF4430E,INVALID_AISHE_FORMAT
college-of-engineering-and-tec-ariyalur,College of Engineering and Technology Ariyalur,College,Tamil Nadu,Thoothukudi,,2020-21,UNVERIFIED,True,,,CEI-IN-4D103FC8103A,INVALID_AISHE_FORMAT
government-college-of-engineer-thanjavur,Government College of Engineering Thanjavur,College,Tamil Nadu,Tiruchirappalli,,2020-21,UNVERIFIED,True,,,CEI-IN-6F68EEE949E0,INVALID_AISHE_FORMAT
government-college-of-engineer-kanchipuram,Government College of Engineering Kanchipuram,College,Tamil Nadu,Dindigul,,2020-21,UNVERIFIED,True,,,CEI-IN-4FDAEF88A632,INVALID_AISHE_FORMAT
government-college-of-engineer-ariyalur,Government College of Engineering Ariyalur,College,Tamil Nadu,Cuddalore,,2020-21,UNVERIFIED,True,,,CEI-IN-309EA6D2B6B8,INVALID_AISHE_FORMAT
kongu-engineering-college-perundurai,Kongu Engineering College,College,Tamil Nadu,Perundurai,,2020-21,UNVERIFIED,True,,,CEI-IN-260F5ACC8361,INVALID_AISHE_FORMAT
sri-ram-engineering-college-perumalpattu,Sri Ram Engineering College,College,Tamil Nadu,Thiruvallur,,2020-21,UNVERIFIED,True,,,CEI-IN-B2E7E4A2C71F,INVALID_AISHE_FORMAT
cherran-college-of-engineering-tiruppur,Cherran College of Engineering,College,Tamil Nadu,Coimbatore,,2020-21,UNVERIFIED,True,,,CEI-IN-A6289B9D405F,INVALID_AISHE_FORMAT
vellore-institute-of-technology,Vellore Institute of Technology,College,Tamil Nadu,Vellore,UGC - Deemed University,2020-21,UNVERIFIED,True,A++,1984,CEI-IN-82E55F848544,INVALID_AISHE_FORMAT
institute-of-technology-and-re-tirunelveli,Institute of Technology and Research Tirunelveli,College,Tamil Nadu,Pudukkottai,,2020-21,UNVERIFIED,True,,,CEI-IN-4AD9973B8FDB,INVALID_AISHE_FORMAT
college-of-engineering-and-tec-virudhunagar,College of Engineering and Technology Virudhunagar,College,Tamil Nadu,Tiruvallur,,2020-21,UNVERIFIED,True,,,CEI-IN-DB2871D5EB0C,INVALID_AISHE_FORMAT
shanmugha-arts-science-technol-thanjavur,Shanmugha Arts Science Technology and Research Academy,College,Tamil Nadu,Thanjavur,,2020-21,UNVERIFIED,True,,,CEI-IN-456FBAA5ADB5,INVALID_AISHE_FORMAT
easa-college-of-engineering-an-coimbatore,Easa College of Engineering and Technology,College,Tamil Nadu,Coimbatore,,2020-21,UNVERIFIED,True,,,CEI-IN-74B0364B54D9,INVALID_AISHE_FORMAT
info-institute-of-engineering-coimbatore,Info Institute of Engineering,College,Tamil Nadu,Coimbatore,,2020-21,UNVERIFIED,True,,,CEI-IN-B46B8F8A39F1,INVALID_AISHE_FORMAT
nandha-engineering-college-erode,Nandha Engineering College,College,Tamil Nadu,Erode,,2020-21,UNVERIFIED,True,,,CEI-IN-E5032FDFD40F,INVALID_AISHE_FORMAT
nehru-institute-of-technology-coimbatore,Nehru Institute of Technology,College,Tamil Nadu,Coimbatore,,2020-21,UNVERIFIED,True,,,CEI-IN-3DD5A0DD81E1,INVALID_AISHE_FORMAT
vishnu-lakshmi-college-of-engi-salem,Vishnu Lakshmi College of Engineering and Technology,College,Tamil Nadu,Salem,,2020-21,UNVERIFIED,True,,,CEI-IN-853A10F4DB8E,INVALID_AISHE_FORMAT
pandian-saraswathi-yadav-engin-sivaganga,Pandian Saraswathi Yadav Engineering College,College,Tamil Nadu,Sivaganga,,2020-21,UNVERIFIED,True,,,CEI-IN-EF5678FAE29C,INVALID_AISHE_FORMAT
sri-meenakshi-government-colle-madurai,Sri Meenakshi Government College for Women,College,Tamil Nadu,Madurai,,2020-21,UNVERIFIED,True,,,CEI-IN-1923D2313A23,INVALID_AISHE_FORMAT
syed-ammal-engineering-college-ramanathapuram,Syed Ammal Engineering College,College,Tamil Nadu,Ramanathapuram,,2020-21,UNVERIFIED,True,,,CEI-IN-7B81CF4F1C8F,INVALID_AISHE_FORMAT
velammal-college-of-engineerin-madurai,Velammal College of Engineering and Technology,College,Tamil Nadu,Madurai,,2020-21,UNVERIFIED,True,,,CEI-IN-5AE5987AF96F,INVALID_AISHE_FORMAT
anjalai-ammal-mahalingam-engin-kovilvenni,Anjalai Ammal Mahalingam Engineering College,College,Tamil Nadu,Thiruvarur,,2020-21,UNVERIFIED,True,,,CEI-IN-878986023503,INVALID_AISHE_FORMAT
e-g-s-pillay-engineering-colle-nagapattinam,E G S Pillay Engineering College,College,Tamil Nadu,Nagapattinam,,2020-21,UNVERIFIED,True,,,CEI-IN-C87DC77B61D7,INVALID_AISHE_FORMAT
k-ramakrishnan-college-of-tech-tiruchirappalli,K Ramakrishnan College of Technology,College,Tamil Nadu,Tiruchirappalli,,2020-21,UNVERIFIED,True,,,CEI-IN-3FB31562B557,INVALID_AISHE_FORMAT
sir-issac-newton-college-of-en-nagapattinam,Sir Issac Newton College of Engineering and Technology,College,Tamil Nadu,Nagapattinam,,2020-21,UNVERIFIED,True,,,CEI-IN-8868F5109101,INVALID_AISHE_FORMAT
surya-engineering-college-erode,Surya Engineering College,College,Tamil Nadu,Erode,,2020-21,UNVERIFIED,True,,,CEI-IN-01843B380CE3,INVALID_AISHE_FORMAT
vellalar-college-of-engineerin-erode,Vellalar College of Engineering and Technology,College,Tamil Nadu,Erode,,2020-21,UNVERIFIED,True,,,CEI-IN-F81EAC245A6B,INVALID_AISHE_FORMAT
university-college-of-engineer-dindigul,University College of Engineering,College,Tamil Nadu,Dindigul,,2020-21,UNVERIFIED,True,,,CEI-IN-E1A748C7795C,INVALID_AISHE_FORMAT
p-r-government-college-thanjavur,P R Government College,College,Tamil Nadu,Thanjavur,,2020-21,UNVERIFIED,True,,,CEI-IN-DAD9E27D4D0E,INVALID_AISHE_FORMAT
st-josephs-college-of-engineer-thanjavur,St. Joseph's College of Engineering and Technology,College,Tamil Nadu,Thanjavur,,2020-21,UNVERIFIED,True,,,CEI-IN-AFB7C51F4499,INVALID_AISHE_FORMAT
united-institute-of-technology-coimbatore,United Institute of Technology,College,Tamil Nadu,Coimbatore,,2020-21,UNVERIFIED,True,,,CEI-IN-03BEC8000E10,INVALID_AISHE_FORMAT
n-p-r-college-of-engineering-a-dindigul,N P R College of Engineering and Technology,College,Tamil Nadu,Dindigul,,2020-21,UNVERIFIED,True,,,CEI-IN-2BFE42B0CBD7,INVALID_AISHE_FORMAT
t-j-s-engineering-college-perambalur,T J S Engineering College,College,Tamil Nadu,Perambalur,,2020-21,UNVERIFIED,True,,,CEI-IN-2A436367D102,INVALID_AISHE_FORMAT
trichy-engineering-college-tiruchirappalli,Trichy Engineering College,College,Tamil Nadu,Tiruchirappalli,,2020-21,UNVERIFIED,True,,,CEI-IN-8CD57B63DDDC,INVALID_AISHE_FORMAT
v-s-b-engineering-college-karur,V S B Engineering College,College,Tamil Nadu,Karur,,2020-21,UNVERIFIED,True,,,CEI-IN-6E6B3D4055E3,INVALID_AISHE_FORMAT
vivekanandha-college-of-engine-tiruchengode,Vivekanandha College of Engineering for Women,College,Tamil Nadu,Namakkal,,2020-21,UNVERIFIED,True,,,CEI-IN-5E4D0EBA0E3B,INVALID_AISHE_FORMAT
mepco-schlenk-engineering-coll-sivakasi,Mepco Schlenk Engineering College,College,Tamil Nadu,Virudhunagar,,2020-21,UNVERIFIED,True,,,CEI-IN-BC9995A81B70,INVALID_AISHE_FORMAT
i-f-e-t-college-of-engineering-villupuram,I F E T College of Engineering,College,Tamil Nadu,Villupuram,,2020-21,UNVERIFIED,True,,,CEI-IN-E5C163D9829D,INVALID_AISHE_FORMAT
mookambigai-college-of-enginee-pudukkottai,Mookambigai College of Engineering,College,Tamil Nadu,Pudukkottai,,2020-21,UNVERIFIED,True,,,CEI-IN-FA5652CC206B,INVALID_AISHE_FORMAT
nadar-saraswathi-college-of-en-theni,Nadar Saraswathi College of Engineering and Technology,College,Tamil Nadu,Theni,,2020-21,UNVERIFIED,True,,,CEI-IN-865325B3328F,INVALID_AISHE_FORMAT
saranathan-college-of-engineer-tiruchirappalli,Saranathan College of Engineering,College,Tamil Nadu,Tiruchirappalli,,2020-21,UNVERIFIED,True,,,CEI-IN-BB8A315A6440,INVALID_AISHE_FORMAT
university-college-of-engineer-panruti,University College of Engineering,College,Tamil Nadu,Cuddalore,,2020-21,UNVERIFIED,True,,,CEI-IN-FF8AD643D1C0,INVALID_AISHE_FORMAT
st-michael-college-of-engineer-kalayarkoil,St. Michael College of Engineering and Technology,College,Tamil Nadu,Sivaganga,,2020-21,UNVERIFIED,True,,,CEI-IN-1E3D3DAEFD7F,INVALID_AISHE_FORMAT
dhanalakshmi-srinivasan-engine-perambalur,Dhanalakshmi Srinivasan Engineering College,College,Tamil Nadu,Perambalur,,2020-21,UNVERIFIED,True,,,CEI-IN-57CEF78BAF7E,INVALID_AISHE_FORMAT
oxford-college-of-engineering-tiruchirappalli,Oxford College of Engineering,College,Tamil Nadu,Tiruchirappalli,,2020-21,UNVERIFIED,True,,,CEI-IN-4857E7D4C2A7,INVALID_AISHE_FORMAT
v-v-v-college-of-engineering-virudhunagar,V V V College of Engineering,College,Tamil Nadu,Virudhunagar,,2020-21,UNVERIFIED,True,,,CEI-IN-17E0DE786D9E,INVALID_AISHE_FORMAT
university-college-of-engineer-villupuram,University College of Engineering,College,Tamil Nadu,Villupuram,,2020-21,UNVERIFIED,True,,,CEI-IN-58BA51396770,INVALID_AISHE_FORMAT
sudharsan-engineering-college-pudukkottai,Sudharsan Engineering College,College,Tamil Nadu,Pudukkottai,,2020-21,UNVERIFIED,True,,,CEI-IN-400592030436,INVALID_AISHE_FORMAT
government-college-of-engineer-srirangam,Government College of Engineering,College,Tamil Nadu,Tiruchirappalli,,2020-21,UNVERIFIED,True,,,CEI-IN-CFFD78A96C1E,INVALID_AISHE_FORMAT
mahalakshmi-engineering-colleg-tiruchirappalli,Mahalakshmi Engineering College,College,Tamil Nadu,Tiruchirappalli,,2020-21,UNVERIFIED,True,,,CEI-IN-40B0150ECB75,INVALID_AISHE_FORMAT
v-s-a-group-of-institutions-salem,V S A Group of Institutions,College,Tamil Nadu,Salem,,2020-21,UNVERIFIED,True,,,CEI-IN-5778DC1DEA56,INVALID_AISHE_FORMAT
anna-university-regional-campu-madurai,Anna University Regional Campus,College,Tamil Nadu,Madurai,,2020-21,UNVERIFIED,True,,,CEI-IN-B8B1A02A079F,INVALID_AISHE_FORMAT
kamaraj-college-of-engineering-virudhunagar,Kamaraj College of Engineering and Technology,College,Tamil Nadu,Virudhunagar,,2020-21,UNVERIFIED,True,,,CEI-IN-D014BFEA2317,INVALID_AISHE_FORMAT
p-t-r-college-of-engineering-a-madurai,P T R College of Engineering and Technology,College,Tamil Nadu,Madurai,,2020-21,UNVERIFIED,True,,,CEI-IN-B449B24996DB,INVALID_AISHE_FORMAT
vivekananda-college-of-enginee-tiruchengode,Vivekananda College of Engineering for Women,College,Tamil Nadu,Namakkal,,2020-21,UNVERIFIED,True,,,CEI-IN-C9B6E5B01755,INVALID_AISHE_FORMAT
shanmuganathan-engineering-col-pudukkottai,Shanmuganathan Engineering College,College,Tamil Nadu,Pudukkottai,,2020-21,UNVERIFIED,True,,,CEI-IN-A8D64159D7B6,INVALID_AISHE_FORMAT
p-s-n-a-college-of-engineering-dindigul,P S N A College of Engineering and Technology,College,Tamil Nadu,Dindigul,,2020-21,UNVERIFIED,True,,,CEI-IN-0545BC615670,INVALID_AISHE_FORMAT
jayaram-college-of-engineering-tiruchirappalli,Jayaram College of Engineering and Technology,College,Tamil Nadu,Tiruchirappalli,,2020-21,UNVERIFIED,True,,,CEI-IN-6E7439323596,INVALID_AISHE_FORMAT
k-ramakrishnan-college-of-engi-tiruchirappalli,K Ramakrishnan College of Engineering,College,Tamil Nadu,Tiruchirappalli,,2020-21,UNVERIFIED,True,,,CEI-IN-07EE523C280E,INVALID_AISHE_FORMAT
m-i-e-t-engineering-college-tiruchirappalli,M I E T Engineering College,College,Tamil Nadu,Tiruchirappalli,,2020-21,UNVERIFIED,True,,,CEI-IN-2B0579821B9C,INVALID_AISHE_FORMAT
vivekanandha-college-of-techno-tiruchengode,Vivekanandha College of Technology for Women,College,Tamil Nadu,Namakkal,,2020-21,UNVERIFIED,True,,,CEI-IN-797E43958E98,INVALID_AISHE_FORMAT
k-r-college-of-engineering-tiruchirappalli,K R College of Engineering,College,Tamil Nadu,Tiruchirappalli,,2020-21,UNVERIFIED,True,,,CEI-IN-050E00D37BB1,INVALID_AISHE_FORMAT
university-college-of-engineer-pattukkottai,University College of Engineering,College,Tamil Nadu,Thanjavur,,2020-21,UNVERIFIED,True,,,CEI-IN-88443EB1C328,INVALID_AISHE_FORMAT
v-r-s-college-of-engineering-a-villupuram,V R S College of Engineering and Technology,College,Tamil Nadu,Villupuram,,2020-21,UNVERIFIED,True,,,CEI-IN-D42656E6802E,INVALID_AISHE_FORMAT
subramania-college-of-engineer-palani,Subramania College of Engineering and Technology,College,Tamil Nadu,Dindigul,,2020-21,UNVERIFIED,True,,,CEI-IN-95C9FE6A9567,INVALID_AISHE_FORMAT
k-l-n-college-of-engineering-sivaganga,K L N College of Engineering,College,Tamil Nadu,Sivaganga,,2020-21,UNVERIFIED,True,,,CEI-IN-1B8D581C47E4,INVALID_AISHE_FORMAT
k-l-n-college-of-information-t-sivaganga,K L N College of Information Technology,College,Tamil Nadu,Sivaganga,,2020-21,UNVERIFIED,True,,,CEI-IN-434B834E2A14,INVALID_AISHE_FORMAT
solamalai-college-of-engineeri-madurai,Solamalai College of Engineering,College,Tamil Nadu,Madurai,,2020-21,UNVERIFIED,True,,,CEI-IN-C9545F08D9CA,INVALID_AISHE_FORMAT
vickram-college-of-engineering-enathi,Vickram College of Engineering,College,Tamil Nadu,Thanjavur,,2020-21,UNVERIFIED,True,,,CEI-IN-1CA3D7FFB6D9,INVALID_AISHE_FORMAT
renganayagi-varatharaj-college-sivakasi,Renganayagi Varatharaj College of Engineering,College,Tamil Nadu,Virudhunagar,,2020-21,UNVERIFIED,True,,,CEI-IN-56AF4EEFD4F5,INVALID_AISHE_FORMAT
sembodai-r-v-v-college-of-engi-vedharanyam,Sembodai R V V College of Engineering,College,Tamil Nadu,Nagapattinam,,2020-21,UNVERIFIED,True,,,CEI-IN-C213A85829E9,INVALID_AISHE_FORMAT
tamilnadu-college-of-engineeri-coimbatore,Tamilnadu College of Engineering,College,Tamil Nadu,Coimbatore,,2020-21,UNVERIFIED,True,,,CEI-IN-6B6EA3384112,INVALID_AISHE_FORMAT
j-j-college-of-engineering-and-tiruchirappalli,J J College of Engineering and Technology,College,Tamil Nadu,Tiruchirappalli,,2020-21,UNVERIFIED,True,,,CEI-IN-8B2CC7C115E8,INVALID_AISHE_FORMAT
pavendar-bharathidasan-institu-tiruchirappalli,Pavendar Bharathidasan Institute of Information Technology,College,Tamil Nadu,Tiruchirappalli,,2020-21,UNVERIFIED,True,,,CEI-IN-E6457455A17D,INVALID_AISHE_FORMAT
a-r-j-college-of-engineering-a-mannargudi,A R J College of Engineering and Technology,College,Tamil Nadu,Thiruvarur,,2020-21,UNVERIFIED,True,,,CEI-IN-1A2A9340D5EF,INVALID_AISHE_FORMAT
m-a-m-college-of-engineering-tiruchirappalli,M A M College of Engineering,College,Tamil Nadu,Tiruchirappalli,,2020-21,UNVERIFIED,True,,,CEI-IN-5D0FB32BBF2D,INVALID_AISHE_FORMAT
m-a-m-school-of-engineering-tiruchirappalli,M A M School of Engineering,College,Tamil Nadu,Tiruchirappalli,,2020-21,UNVERIFIED,True,,,CEI-IN-4A6192CDE3F3,INVALID_AISHE_FORMAT
university-college-of-engineer-ariyalur,University College of Engineering,College,Tamil Nadu,Ariyalur,,2020-21,UNVERIFIED,True,,,CEI-IN-FC8DB79E91C6,INVALID_AISHE_FORMAT
fatima-michael-college-of-engi-madurai,Fatima Michael College of Engineering and Technology,College,Tamil Nadu,Madurai,,2020-21,UNVERIFIED,True,,,CEI-IN-0009B0EC7923,INVALID_AISHE_FORMAT
a-v-c-college-of-engineering-mayiladuthurai,A V C College of Engineering,College,Tamil Nadu,Nagapattinam,,2020-21,UNVERIFIED,True,,,CEI-IN-470CDFC97ACB,INVALID_AISHE_FORMAT
dhanalakshmi-srinivasan-colleg-perambalur,Dhanalakshmi Srinivasan College of Engineering,College,Tamil Nadu,Perambalur,,2020-21,UNVERIFIED,True,,,CEI-IN-F2A3BA33E479,INVALID_AISHE_FORMAT
university-college-of-engineer-nagercoil,University College of Engineering,College,Tamil Nadu,Kanyakumari,,2020-21,UNVERIFIED,True,,,CEI-IN-A8095B224FD1,INVALID_AISHE_FORMAT
university-college-of-engineer-thirukkuvalai,University College of Engineering,College,Tamil Nadu,Nagapattinam,,2020-21,UNVERIFIED,True,,,CEI-IN-9026FD202840,INVALID_AISHE_FORMAT
v-v-college-of-engineering-tirunelveli,V V College of Engineering,College,Tamil Nadu,Tirunelveli,,2020-21,UNVERIFIED,True,,,CEI-IN-065A789155FA,INVALID_AISHE_FORMAT
periyar-maniammai-institute-of-vallam,Periyar Maniammai Institute of Science and Technology,College,Tamil Nadu,Thanjavur,,2020-21,UNVERIFIED,True,,,CEI-IN-78E788DF43BB,INVALID_AISHE_FORMAT
university-college-of-engineer-kumbakonam,University College of Engineering,College,Tamil Nadu,Thanjavur,,2020-21,UNVERIFIED,True,,,CEI-IN-F503C6006992,INVALID_AISHE_FORMAT
sri-venkateswara-college-of-co-salem,Sri Venkateswara College of Computer Applications and Management,College,Tamil Nadu,Salem,,2020-21,UNVERIFIED,True,,,CEI-IN-9B70F6D562F0,INVALID_AISHE_FORMAT
r-v-s-college-of-engineering-a-dindigul,R V S College of Engineering and Technology,College,Tamil Nadu,Dindigul,,2020-21,UNVERIFIED,True,,,CEI-IN-502039DFFD3C,INVALID_AISHE_FORMAT
arasu-engineering-college-kumbakonam,Arasu Engineering College,College,Tamil Nadu,Thanjavur,,2020-21,UNVERIFIED,True,,,CEI-IN-5284231090A2,INVALID_AISHE_FORMAT
christian-college-of-engineeri-oddanchatram,Christian College of Engineering and Technology,College,Tamil Nadu,Dindigul,,2020-21,UNVERIFIED,True,,,CEI-IN-D6D289ACAE1D,INVALID_AISHE_FORMAT
p-r-engineering-college-thanjavur,P R Engineering College,College,Tamil Nadu,Thanjavur,,2020-21,UNVERIFIED,True,,,CEI-IN-A47C4AEEA02E,INVALID_AISHE_FORMAT
vedhanayagam-college-of-engine-erode,Vedhanayagam College of Engineering,College,Tamil Nadu,Erode,,2020-21,UNVERIFIED,True,,,CEI-IN-F68C2D968889,INVALID_AISHE_FORMAT
nalsar-university-of-law,NALSAR University of Law,College,Telangana,Medchal-Malkajgiri,Bar Council of India,2020-21,UNVERIFIED,True,A++,1998,CEI-IN-E4D329BE51EC,INVALID_AISHE_FORMAT
chaitanya-bharathi-institute-of-technology,Chaitanya Bharathi Institute of Technology,College,Telangana,Rangareddy,Osmania University (Autonomous),2020-21,UNVERIFIED,True,A++,1979,CEI-IN-C0F3EFA89308,INVALID_AISHE_FORMAT
international-institute-of-inf-hyderabad,International Institute of Information Technology Hyderabad,College,Telangana,Hyderabad,,2020-21,UNVERIFIED,True,,,CEI-IN-8D37C4B14FAC,INVALID_AISHE_FORMAT
woxsen-university,Woxsen University,College,Telangana,Sangareddy,UGC,2020-21,UNVERIFIED,True,NA,2014,CEI-IN-072E1969843C,INVALID_AISHE_FORMAT
anurag-university,Anurag University,College,Telangana,Medchal-Malkajgiri,UGC,2020-21,UNVERIFIED,True,A,2002,CEI-IN-E7D494A3DCCE,INVALID_AISHE_FORMAT
mahendra-university,Mahindra University,College,Telangana,Medchal-Malkajgiri,UGC,2020-21,UNVERIFIED,True,NA,2020,CEI-IN-5F220D269877,INVALID_AISHE_FORMAT
cmr-college-of-engineering-tec-hyderabad,CMR College of Engineering & Technology,College,Telangana,Hyderabad,,2020-21,UNVERIFIED,True,,,CEI-IN-A5E666FB1E87,INVALID_AISHE_FORMAT
osmania-university,Osmania University,College,Telangana,Hyderabad,UGC,2020-21,UNVERIFIED,True,A+,1918,CEI-IN-3D55569260A9,INVALID_AISHE_FORMAT
bits-pilani-hyderabad,"Birla Institute of Technology and Science, Pilani - Hyderabad Campus",College,Telangana,Medchal-Malkajgiri,UGC - Deemed University,2020-21,UNVERIFIED,True,A,2008,CEI-IN-DF379D314965,INVALID_AISHE_FORMAT
university-college-of-engineer-hyderabad,University College of Engineering,College,Telangana,Hyderabad,,2020-21,UNVERIFIED,True,,,CEI-IN-E8CB82BB7C09,INVALID_AISHE_FORMAT
cmr-engineering-college-rangareddy,CMR Engineering College,College,Telangana,Rangareddy,,2020-21,UNVERIFIED,True,,,CEI-IN-56844D6FC15D,INVALID_AISHE_FORMAT
nit-warangal,National Institute of Technology Warangal,College,Telangana,Warangal,,2020-21,UNVERIFIED,True,NA,1959,CEI-IN-DBEC59403153,INVALID_AISHE_FORMAT
telangana-mahila-viswavidyalayam,Telangana Mahila Viswavidyalayam (Telangana Women's University),College,Telangana,Hyderabad,UGC,2020-21,UNVERIFIED,True,A,1924,CEI-IN-11B54FA806C6,INVALID_AISHE_FORMAT
eflu-hyderabad,The English and Foreign Languages University,College,Telangana,Hyderabad,UGC,2020-21,UNVERIFIED,True,A+,1958,CEI-IN-5E66C540EC4E,INVALID_AISHE_FORMAT
university-of-hyderabad,University of Hyderabad,College,Telangana,Hyderabad,UGC,2020-21,UNVERIFIED,True,A++,1974,CEI-IN-862EE72115D4,INVALID_AISHE_FORMAT
cmr-institute-of-technology-hyderabad,CMR Institute of Technology,College,Telangana,Hyderabad,,2020-21,UNVERIFIED,True,,,CEI-IN-5C89EEA12FBC,INVALID_AISHE_FORMAT
iiit-hyderabad,International Institute of Information Technology Hyderabad,College,Telangana,Hyderabad,UGC - Deemed University,2020-21,UNVERIFIED,True,A++,1998,CEI-IN-8DFE774CD841,INVALID_AISHE_FORMAT
iit-hyderabad,Indian Institute of Technology Hyderabad,College,Telangana,Sangareddy,,2020-21,UNVERIFIED,True,NA,2008,CEI-IN-66FC92D88BD4,INVALID_AISHE_FORMAT
indian-institute-of-technology-hyderabad,Indian Institute of Technology Hyderabad,College,Telangana,Hyderabad,,2020-21,UNVERIFIED,True,,,CEI-IN-72520C48A597,INVALID_AISHE_FORMAT
jntu-hyderabad,Jawaharlal Nehru Technological University Hyderabad,College,Telangana,Medchal-Malkajgiri,UGC,2020-21,UNVERIFIED,True,A+,1972,CEI-IN-9317F4304354,INVALID_AISHE_FORMAT
vasavi-college-of-engineering,Vasavi College of Engineering,College,Telangana,Hyderabad,Osmania University (Autonomous),2020-21,UNVERIFIED,True,A++,1981,CEI-IN-D626E7C1B43D,INVALID_AISHE_FORMAT
icfai-foundation-for-higher-education,ICFAI Foundation for Higher Education,College,Telangana,Rangareddy,UGC - Deemed University,2020-21,UNVERIFIED,True,A++,2008,CEI-IN-BB1574F2170E,INVALID_AISHE_FORMAT
national-institute-of-technolo-warangal,National Institute of Technology Warangal,College,Telangana,Warangal,,2020-21,UNVERIFIED,True,,,CEI-IN-760BB2B9F328,INVALID_AISHE_FORMAT
kakatiya-university,Kakatiya University,College,Telangana,Warangal,UGC,2020-21,UNVERIFIED,True,A+,1976,CEI-IN-0F23357B4952,INVALID_AISHE_FORMAT
osmania-medical-college,Osmania Medical College,College,Telangana,Hyderabad,KNRUHS,2020-21,UNVERIFIED,True,NA,1846,CEI-IN-1B54189013A7,INVALID_AISHE_FORMAT
nizam-college-hyderabad,Nizam College,College,Telangana,Hyderabad,Osmania University (Autonomous),2020-21,UNVERIFIED,True,NA,1887,CEI-IN-214FAF9405C4,INVALID_AISHE_FORMAT
vnr-vignana-jyothi-institute-of-engineering-and-technology,VNR Vignana Jyothi Institute of Engineering and Technology,College,Telangana,Medchal-Malkajgiri,JNTUH (Autonomous),2020-21,UNVERIFIED,True,A++,1995,CEI-IN-918BBE205D53,INVALID_AISHE_FORMAT
maharaja-bir-bikram-college,Maharaja Bir Bikram College,College,Tripura,West Tripura,MBB University,2020-21,UNVERIFIED,True,B+,1947,CEI-IN-2E5A18C5424E,INVALID_AISHE_FORMAT
govt-degree-college-dharmanagar,"Government Degree College, Dharmanagar",College,Tripura,North Tripura,Tripura University,2020-21,UNVERIFIED,True,B,1979,CEI-IN-32C449A5B66D,INVALID_AISHE_FORMAT
national-forensic-sciences-university-tripura,"National Forensic Sciences University, Tripura Campus",College,Tripura,West Tripura,,2020-21,UNVERIFIED,True,NA,2021,CEI-IN-ACFB20C32AB9,INVALID_AISHE_FORMAT
womens-college-agartala,"Women's College, Agartala",College,Tripura,West Tripura,Tripura University,2020-21,UNVERIFIED,True,B,1965,CEI-IN-E8E11DACAB11,INVALID_AISHE_FORMAT
tripura-government-law-college,Tripura Government Law College,College,Tripura,West Tripura,Tripura University,2020-21,UNVERIFIED,True,NA,1986,CEI-IN-290D39E903CE,INVALID_AISHE_FORMAT
netaji-subhash-mahavidyalaya-udaipur,"Netaji Subhash Mahavidyalaya (Govt Degree College, Udaipur)",College,Tripura,Gomati,Tripura University,2020-21,UNVERIFIED,True,B,1979,CEI-IN-68F66CF1B84A,INVALID_AISHE_FORMAT
college-of-fisheries-tripura,"College of Fisheries, Lembucherra",College,Tripura,West Tripura,ICAR,2020-21,UNVERIFIED,True,NA,1998,CEI-IN-FFCD2628FDB4,INVALID_AISHE_FORMAT
ramkrishna-mahavidyalaya-kailashahar,"Ramkrishna Mahavidyalaya (Govt Degree College, Kailashahar)",College,Tripura,Unakoti,Tripura University,2020-21,UNVERIFIED,True,B,1950,CEI-IN-834E5DEEF0DD,INVALID_AISHE_FORMAT
tripura-medical-college,Tripura Medical College & Dr. B.R. Ambedkar Memorial Teaching Hospital,College,Tripura,West Tripura,Tripura University,2020-21,UNVERIFIED,True,NA,2006,CEI-IN-7719144DEE89,INVALID_AISHE_FORMAT
holy-cross-college-agartala,Holy Cross College,College,Tripura,West Tripura,Tripura University,2020-21,UNVERIFIED,True,A+,2009,CEI-IN-227621695E51,INVALID_AISHE_FORMAT
ishwar-chandra-vidyasagar-college-belonia,"Ishwar Chandra Vidyasagar College (Govt Degree College, Belonia)",College,Tripura,South Tripura,Tripura University,2020-21,UNVERIFIED,True,B,1964,CEI-IN-A8D0F8CADB1F,INVALID_AISHE_FORMAT
national-institute-of-technolo-agartala,National Institute of Technology Agartala,College,Tripura,Agartala,,2020-21,UNVERIFIED,True,,,CEI-IN-3140C38D3E6E,INVALID_AISHE_FORMAT
iiit-agartala,Indian Institute of Information Technology Agartala,College,Tripura,West Tripura,,2020-21,UNVERIFIED,True,NA,2018,CEI-IN-73F7B880942A,INVALID_AISHE_FORMAT
maharaja-bir-bikram-university,Maharaja Bir Bikram University,College,Tripura,West Tripura,UGC,2020-21,UNVERIFIED,True,NA,2015,CEI-IN-66F2C303FCCE,INVALID_AISHE_FORMAT
college-of-veterinary-sciences-tripura,College of Veterinary Sciences and Animal Husbandry,College,Tripura,West Tripura,Tripura University,2020-21,UNVERIFIED,True,NA,2009,CEI-IN-42A7A770A2A8,INVALID_AISHE_FORMAT
nit-agartala,National Institute of Technology Agartala,College,Tripura,West Tripura,,2020-21,UNVERIFIED,True,NA,1965,CEI-IN-19375837D6E9,INVALID_AISHE_FORMAT
tripura-university,Tripura University,College,Tripura,West Tripura,UGC,2020-21,UNVERIFIED,True,B,1987,CEI-IN-E6645F9A52B5,INVALID_AISHE_FORMAT
ripsat-agartala,Regional Institute of Pharmaceutical Science and Technology,College,Tripura,West Tripura,Tripura University,2020-21,UNVERIFIED,True,NA,1979,CEI-IN-7151E748C51A,INVALID_AISHE_FORMAT
agartala-government-medical-college,Agartala Government Medical College,College,Tripura,West Tripura,Tripura University,2020-21,UNVERIFIED,True,NA,2005,CEI-IN-07C84DCCDF12,INVALID_AISHE_FORMAT
tripura-institute-of-technology,Tripura Institute of Technology,College,Tripura,West Tripura,Tripura University,2020-21,UNVERIFIED,True,NA,1958,CEI-IN-4543F7438198,INVALID_AISHE_FORMAT
college-of-agriculture-tripura,"College of Agriculture, Tripura",College,Tripura,West Tripura,Tripura University,2020-21,UNVERIFIED,True,NA,2007,CEI-IN-44C0C3C08CA7,INVALID_AISHE_FORMAT
icfai-university-tripura,"The ICFAI University, Tripura",College,Tripura,West Tripura,UGC,2020-21,UNVERIFIED,True,NA,2004,CEI-IN-F825B97C50D6,INVALID_AISHE_FORMAT
techno-college-of-engineering-agartala,Techno College of Engineering Agartala,College,Tripura,West Tripura,Tripura University,2020-21,UNVERIFIED,True,NA,2014,CEI-IN-520FB44E0655,INVALID_AISHE_FORMAT
ramthakur-college,Ramthakur College,College,Tripura,West Tripura,Tripura University,2020-21,UNVERIFIED,True,B,1967,CEI-IN-1CB1FBFF6E4B,INVALID_AISHE_FORMAT
gb-pant-university-agriculture-technology,Govind Ballabh Pant University of Agriculture and Technology,College,Uttarakhand,Udham Singh Nagar,ICAR,2020-21,UNVERIFIED,True,NA,1960,CEI-IN-C485A6864BBB,INVALID_AISHE_FORMAT
shri-guru-ram-rai-university,Shri Guru Ram Rai University,College,Uttarakhand,Dehradun,UGC,2020-21,UNVERIFIED,True,NA,2017,CEI-IN-BA29153984DC,INVALID_AISHE_FORMAT
hnb-garhwal-university,Hemvati Nandan Bahuguna Garhwal University,College,Uttarakhand,Pauri Garhwal,UGC,2020-21,UNVERIFIED,True,A,1973,CEI-IN-51EA4209025F,INVALID_AISHE_FORMAT
govt-medical-college-haldwani,"Government Medical College, Haldwani",College,Uttarakhand,Nainital,Hemwati Nandan Bahuguna Uttarakhand Medical Education University,2020-21,UNVERIFIED,True,NA,1997,CEI-IN-D4CA7C5D4119,INVALID_AISHE_FORMAT
iim-kashipur,Indian Institute of Management Kashipur,College,Uttarakhand,Kashipur,,2020-21,UNVERIFIED,True,,,CEI-IN-8536F6F121CD,INVALID_AISHE_FORMAT
aiims-rishikesh,All India Institute of Medical Sciences Rishikesh,College,Uttarakhand,Dehradun,,2020-21,UNVERIFIED,True,NA,2012,CEI-IN-825B379E1653,INVALID_AISHE_FORMAT
college-of-technology-pantnagar,"College of Technology, Pantnagar",College,Uttarakhand,Udham Singh Nagar,AICTE,2020-21,UNVERIFIED,True,NA,1966,CEI-IN-02BAD1E6D2BC,INVALID_AISHE_FORMAT
dit-university-dehradun,DIT University,College,Uttarakhand,Dehradun,,2020-21,UNVERIFIED,True,,,CEI-IN-AE2132756A22,INVALID_AISHE_FORMAT
uttaranchal-university,Uttaranchal University,College,Uttarakhand,Dehradun,UGC,2020-21,UNVERIFIED,True,A+,2013,CEI-IN-6DFBFE143A69,INVALID_AISHE_FORMAT
university-of-petroleum-energy-studies,University of Petroleum and Energy Studies,College,Uttarakhand,Dehradun,UGC,2020-21,UNVERIFIED,True,A,2003,CEI-IN-4EC59EADF067,INVALID_AISHE_FORMAT
graphic-era-university,Graphic Era (Deemed to be University),College,Uttarakhand,Dehradun,UGC - Deemed University,2020-21,UNVERIFIED,True,A+,2008,CEI-IN-802F98E79444,INVALID_AISHE_FORMAT
govt-doon-medical-college,Government Doon Medical College,College,Uttarakhand,Dehradun,HNB Uttarakhand Medical Education University,2020-21,UNVERIFIED,True,NA,2016,CEI-IN-1B98B4A2C63A,INVALID_AISHE_FORMAT
women-institute-of-technology-dehradun,Women Institute of Technology,College,Uttarakhand,Dehradun,Uttarakhand Technical University,2020-21,UNVERIFIED,True,NA,2012,CEI-IN-919B175349E7,INVALID_AISHE_FORMAT
indian-institute-of-technology-roorkee,Indian Institute of Technology Roorkee,College,Uttarakhand,Roorkee,,2020-21,UNVERIFIED,True,,,CEI-IN-EC62FBBFFE6E,INVALID_AISHE_FORMAT
doon-university,Doon University,College,Uttarakhand,Dehradun,UGC,2020-21,UNVERIFIED,True,B++,2005,CEI-IN-E6715541C36F,INVALID_AISHE_FORMAT
upes-dehradun,UPES,College,Uttarakhand,Dehradun,,2020-21,UNVERIFIED,True,,,CEI-IN-D01D4AC8B427,INVALID_AISHE_FORMAT
bipin-tripathi-kumaon-institute-of-technology,Bipin Tripathi Kumaon Institute of Technology,College,Uttarakhand,Almora,Uttarakhand Technical University,2020-21,UNVERIFIED,True,NA,1986,CEI-IN-4BCDFA6B88FA,INVALID_AISHE_FORMAT
thdc-institute-of-hydropower-engineering-and-technology,THDC Institute of Hydropower Engineering and Technology,College,Uttarakhand,Tehri Garhwal,Uttarakhand Technical University,2020-21,UNVERIFIED,True,NA,2011,CEI-IN-A11D28D5C19B,INVALID_AISHE_FORMAT
kumaun-university,Kumaun University,College,Uttarakhand,Nainital,UGC,2020-21,UNVERIFIED,True,A,1973,CEI-IN-515267811F14,INVALID_AISHE_FORMAT
uttarakhand-technical-university,Veer Madho Singh Bhandari Uttarakhand Technical University,College,Uttarakhand,Dehradun,UGC,2020-21,UNVERIFIED,True,NA,2005,CEI-IN-CE6FF8CB66E4,INVALID_AISHE_FORMAT
iit-roorkee,Indian Institute of Technology Roorkee,College,Uttarakhand,Haridwar,,2020-21,UNVERIFIED,True,NA,1847,CEI-IN-57770018CE7D,INVALID_AISHE_FORMAT
national-institute-of-technolo-srinagar,National Institute of Technology Uttarakhand,College,Uttarakhand,Srinagar,,2020-21,UNVERIFIED,True,,,CEI-IN-42D4CAC4D73D,INVALID_AISHE_FORMAT
swami-rama-himalayan-university,Swami Rama Himalayan University,College,Uttarakhand,Dehradun,UGC,2020-21,UNVERIFIED,True,A+,2013,CEI-IN-4DF2D6E374B8,INVALID_AISHE_FORMAT
nanhi-pari-seemant-engineering-institute,Nanhi Pari Seemant Engineering Institute,College,Uttarakhand,Pithoragarh,Uttarakhand Technical University,2020-21,UNVERIFIED,True,NA,2011,CEI-IN-91B8846FBD19,INVALID_AISHE_FORMAT
government-college-campus-ayod-ayodhya,Government College Campus Ayodhya,College,Uttar Pradesh,Allahabad,,2020-21,UNVERIFIED,True,,,CEI-IN-059A631FB91B,INVALID_AISHE_FORMAT
institute-of-technology-campus-lucknow,Institute of Technology Campus Lucknow,College,Uttar Pradesh,Gorakhpur,,2020-21,UNVERIFIED,True,,,CEI-IN-5E5939AE93C0,INVALID_AISHE_FORMAT
government-college-and-technol-allahabad,Government College and Technology Allahabad,College,Uttar Pradesh,Ayodhya,,2020-21,UNVERIFIED,True,,,CEI-IN-7663198B4914,INVALID_AISHE_FORMAT
psit-kanpur,Pranveer Singh Institute of Technology,College,Uttar Pradesh,Kanpur Nagar,AKTU Lucknow,2020-21,UNVERIFIED,True,,,CEI-IN-C1553A22367C,INVALID_AISHE_FORMAT
mjpr-bareilly,Mahatma Jyotiba Phule Rohilkhand University,College,Uttar Pradesh,Bareilly,,2020-21,UNVERIFIED,True,A++,1975,CEI-IN-7D90ADE3A0D6,INVALID_AISHE_FORMAT
institute-of-technology-gorakh-gorakhpur,Institute of Technology Gorakhpur,College,Uttar Pradesh,Lucknow,,2020-21,UNVERIFIED,True,,,CEI-IN-78C85BC02751,INVALID_AISHE_FORMAT
engineering-college-agra-agra,Engineering College Agra,College,Uttar Pradesh,Muzaffarnagar,,2020-21,UNVERIFIED,True,,,CEI-IN-ED3381CBF4D1,INVALID_AISHE_FORMAT
technical-institute-bareilly-bareilly,Technical Institute Bareilly,College,Uttar Pradesh,Varanasi,,2020-21,UNVERIFIED,True,,,CEI-IN-CE6A48C85E66,INVALID_AISHE_FORMAT
technical-institute-campus-fir-firozabad,Technical Institute Campus Firozabad,College,Uttar Pradesh,Mathura,,2020-21,UNVERIFIED,True,,,CEI-IN-794C91359B2A,INVALID_AISHE_FORMAT
iit-kanpur,Indian Institute of Technology Kanpur,College,Uttar Pradesh,Kanpur Nagar,,2020-21,UNVERIFIED,True,,1959,CEI-IN-DD51EBCAF3FE,INVALID_AISHE_FORMAT
university-of-lucknow,University of Lucknow,College,Uttar Pradesh,Lucknow,,2020-21,UNVERIFIED,True,A++,1921,CEI-IN-152870394E4E,INVALID_AISHE_FORMAT
shiv-nadar-uni,Shiv Nadar Institution of Eminence,College,Uttar Pradesh,Gautam Buddha Nagar,,2020-21,UNVERIFIED,True,,,CEI-IN-A76973F8B31D,INVALID_AISHE_FORMAT
gla-uni-mathura,GLA University,College,Uttar Pradesh,Mathura,,2020-21,UNVERIFIED,True,A+,,CEI-IN-20968BAFD582,INVALID_AISHE_FORMAT
government-college-and-technol-ayodhya,Government College and Technology Ayodhya,College,Uttar Pradesh,Ayodhya,,2020-21,UNVERIFIED,True,,,CEI-IN-240832820606,INVALID_AISHE_FORMAT
engineering-college-and-resear-shahjahanpur,Engineering College and Research Shahjahanpur,College,Uttar Pradesh,Meerut,,2020-21,UNVERIFIED,True,,,CEI-IN-85ED8A238B28,INVALID_AISHE_FORMAT
technical-institute-and-resear-varanasi,Technical Institute and Research Varanasi,College,Uttar Pradesh,Mathura,,2020-21,UNVERIFIED,True,,,CEI-IN-CE64734153C1,INVALID_AISHE_FORMAT
bhu-varanasi,Banaras Hindu University,College,Uttar Pradesh,Varanasi,,2020-21,UNVERIFIED,True,A++,1916,CEI-IN-8E7A59CC641F,INVALID_AISHE_FORMAT
hbtu-kanpur,Harcourt Butler Technical University,College,Uttar Pradesh,Kanpur Nagar,,2020-21,UNVERIFIED,True,,1921,CEI-IN-E66085029AB9,INVALID_AISHE_FORMAT
abes-ghaziabad,ABES Engineering College,College,Uttar Pradesh,Ghaziabad,AKTU Lucknow,2020-21,UNVERIFIED,True,,,CEI-IN-7411BEA308B1,INVALID_AISHE_FORMAT
niet-noida,Noida Institute of Engineering and Technology,College,Uttar Pradesh,Gautam Buddha Nagar,AKTU Lucknow,2020-21,UNVERIFIED,True,,,CEI-IN-6CA0B4EA1BFD,INVALID_AISHE_FORMAT
technical-institute-centre-var-varanasi,Technical Institute Centre Varanasi,College,Uttar Pradesh,Bareilly,,2020-21,UNVERIFIED,True,,,CEI-IN-2518E06A45B0,INVALID_AISHE_FORMAT
government-college-allahabad-allahabad,Government College Allahabad,College,Uttar Pradesh,Aligarh,,2020-21,UNVERIFIED,True,,,CEI-IN-74D776ADCB9D,INVALID_AISHE_FORMAT
engineering-college-and-techno-muzaffarnagar,Engineering College and Technology Muzaffarnagar,College,Uttar Pradesh,Agra,,2020-21,UNVERIFIED,True,,,CEI-IN-9B86B239377B,INVALID_AISHE_FORMAT
institute-of-technology-and-te-gorakhpur,Institute of Technology and Technology Gorakhpur,College,Uttar Pradesh,Ghaziabad,,2020-21,UNVERIFIED,True,,,CEI-IN-472255997169,INVALID_AISHE_FORMAT
abes-engineering-college-ghaziabad,ABES Engineering College,College,Uttar Pradesh,Ghaziabad,,2020-21,UNVERIFIED,True,,,CEI-IN-465D46DE56AF,INVALID_AISHE_FORMAT
government-college-and-researc-etawah,Government College and Research Etawah,College,Uttar Pradesh,Allahabad,,2020-21,UNVERIFIED,True,,,CEI-IN-812CA5EE796E,INVALID_AISHE_FORMAT
institute-of-technology-centre-saharanpur,Institute of Technology Centre Saharanpur,College,Uttar Pradesh,Ghaziabad,,2020-21,UNVERIFIED,True,,,CEI-IN-F4B775AEEF77,INVALID_AISHE_FORMAT
technical-institute-and-techno-firozabad,Technical Institute and Technology Firozabad,College,Uttar Pradesh,Bareilly,,2020-21,UNVERIFIED,True,,,CEI-IN-437241888993,INVALID_AISHE_FORMAT
indian-institute-of-technology-varanasi,Indian Institute of Technology (BHU) Varanasi,College,Uttar Pradesh,Varanasi,,2020-21,UNVERIFIED,True,,,CEI-IN-918E12696DDF,INVALID_AISHE_FORMAT
motilal-nehru-national-institu-allahabad,Motilal Nehru National Institute of Technology,College,Uttar Pradesh,Allahabad,,2020-21,UNVERIFIED,True,,,CEI-IN-F25BAFCBC21B,INVALID_AISHE_FORMAT
symbiosis-noida,"Symbiosis International University, Noida",College,Uttar Pradesh,Gautam Buddha Nagar,,2020-21,UNVERIFIED,True,A++,2010,CEI-IN-59C41B24CB1F,INVALID_AISHE_FORMAT
amu-aligarh,Aligarh Muslim University,College,Uttar Pradesh,Aligarh,,2020-21,UNVERIFIED,True,A+,1920,CEI-IN-CC5B4B0C5509,INVALID_AISHE_FORMAT
iiit-allahabad,Indian Institute of Information Technology Allahabad,College,Uttar Pradesh,Prayagraj,,2020-21,UNVERIFIED,True,,1999,CEI-IN-A304D15B3407,INVALID_AISHE_FORMAT
engineering-college-and-resear-meerut,Engineering College and Research Meerut,College,Uttar Pradesh,Meerut,,2020-21,UNVERIFIED,True,,,CEI-IN-B87EF3E86CA1,INVALID_AISHE_FORMAT
college-of-engineering-campus--moradabad,College of Engineering Campus Moradabad,College,Uttar Pradesh,Kanpur Nagar,,2020-21,UNVERIFIED,True,,,CEI-IN-17D87D4FA592,INVALID_AISHE_FORMAT
institute-of-technology-and-re-ghaziabad,Institute of Technology and Research Ghaziabad,College,Uttar Pradesh,Gorakhpur,,2020-21,UNVERIFIED,True,,,CEI-IN-E0D361F146F7,INVALID_AISHE_FORMAT
college-of-engineering-centre--kanpur,College of Engineering Centre Kanpur,College,Uttar Pradesh,Jhansi,,2020-21,UNVERIFIED,True,,,CEI-IN-47BB148BDC10,INVALID_AISHE_FORMAT
institute-of-technology-and-re-saharanpur,Institute of Technology and Research Saharanpur,College,Uttar Pradesh,Gorakhpur,,2020-21,UNVERIFIED,True,,,CEI-IN-469B66D8851B,INVALID_AISHE_FORMAT
rgipt-amethi,Rajiv Gandhi Institute of Petroleum Technology,College,Uttar Pradesh,Amethi,,2020-21,UNVERIFIED,True,,2007,CEI-IN-9A37C2164141,INVALID_AISHE_FORMAT
integral-uni-lucknow,Integral University,College,Uttar Pradesh,Lucknow,,2020-21,UNVERIFIED,True,A+,,CEI-IN-7EB8331E5F73,INVALID_AISHE_FORMAT
engineering-college-and-techno-agra,Engineering College and Technology Agra,College,Uttar Pradesh,Agra,,2020-21,UNVERIFIED,True,,,CEI-IN-E1AF71D822CD,INVALID_AISHE_FORMAT
college-of-engineering-institu-kanpur,College of Engineering Institute Kanpur,College,Uttar Pradesh,Gautam Buddha Nagar,,2020-21,UNVERIFIED,True,,,CEI-IN-3ED482463FC6,INVALID_AISHE_FORMAT
institute-of-technology-instit-ghaziabad,Institute of Technology Institute Ghaziabad,College,Uttar Pradesh,Lucknow,,2020-21,UNVERIFIED,True,,,CEI-IN-43628F7CD5C3,INVALID_AISHE_FORMAT
aligarh-muslim-university-aligarh,Aligarh Muslim University,College,Uttar Pradesh,Aligarh,,2020-21,UNVERIFIED,True,,,CEI-IN-A30F70627CE5,INVALID_AISHE_FORMAT
national-institute-of-technolo-allahabad,National Institute of Technology Allahabad,College,Uttar Pradesh,Allahabad,,2020-21,UNVERIFIED,True,,,CEI-IN-1CF65184FC60,INVALID_AISHE_FORMAT
mnnit-allahabad,Motilal Nehru National Institute of Technology Allahabad,College,Uttar Pradesh,Prayagraj,,2020-21,UNVERIFIED,True,,1961,CEI-IN-4BFAC7AAA3B8,INVALID_AISHE_FORMAT
amity-university-noida,Amity University Uttar Pradesh,College,Uttar Pradesh,Gautam Buddha Nagar,,2020-21,UNVERIFIED,True,A+,,CEI-IN-9CB1605FDDE6,INVALID_AISHE_FORMAT
ccsu-meerut,Chaudhary Charan Singh University,College,Uttar Pradesh,Meerut,,2020-21,UNVERIFIED,True,A++,1965,CEI-IN-ECF6F23129D5,INVALID_AISHE_FORMAT
college-of-engineering-and-res-kanpur,College of Engineering and Research Kanpur,College,Uttar Pradesh,Kanpur Nagar,,2020-21,UNVERIFIED,True,,,CEI-IN-E71DB125C6DC,INVALID_AISHE_FORMAT
institute-of-technology-centre-ghaziabad,Institute of Technology Centre Ghaziabad,College,Uttar Pradesh,Ghaziabad,,2020-21,UNVERIFIED,True,,,CEI-IN-72CCF8F5A0A0,INVALID_AISHE_FORMAT
institute-of-technology-instit-saharanpur,Institute of Technology Institute Saharanpur,College,Uttar Pradesh,Lucknow,,2020-21,UNVERIFIED,True,,,CEI-IN-DA02A8349128,INVALID_AISHE_FORMAT
government-college-ayodhya-ayodhya,Government College Ayodhya,College,Uttar Pradesh,Aligarh,,2020-21,UNVERIFIED,True,,,CEI-IN-B289EB8B2F03,INVALID_AISHE_FORMAT
iim-lucknow,Indian Institute of Management Lucknow,College,Uttar Pradesh,Lucknow,,2020-21,UNVERIFIED,True,,1984,CEI-IN-13D71241CD97,INVALID_AISHE_FORMAT
ims-bhu-varanasi,"Institute of Medical Sciences, BHU",College,Uttar Pradesh,Varanasi,Banaras Hindu University,2020-21,UNVERIFIED,True,,1960,CEI-IN-3851DA12850F,INVALID_AISHE_FORMAT
aktu-lucknow,Dr. A.P.J. Abdul Kalam Technical University,College,Uttar Pradesh,Lucknow,,2020-21,UNVERIFIED,True,,2000,CEI-IN-7DC3CF3D2253,INVALID_AISHE_FORMAT
bennett-uni,Bennett University,College,Uttar Pradesh,Gautam Buddha Nagar,,2020-21,UNVERIFIED,True,,,CEI-IN-99778EC202CA,INVALID_AISHE_FORMAT
akg-ghaziabad,Ajay Kumar Garg Engineering College,College,Uttar Pradesh,Ghaziabad,AKTU Lucknow,2020-21,UNVERIFIED,True,,,CEI-IN-052444AE8D42,INVALID_AISHE_FORMAT
government-college-campus-alla-allahabad,Government College Campus Allahabad,College,Uttar Pradesh,Allahabad,,2020-21,UNVERIFIED,True,,,CEI-IN-CE1F9FF0FC07,INVALID_AISHE_FORMAT
technical-institute-and-resear-mathura,Technical Institute and Research Mathura,College,Uttar Pradesh,Mathura,,2020-21,UNVERIFIED,True,,,CEI-IN-E7FE5C85A399,INVALID_AISHE_FORMAT
engineering-college-centre-sha-shahjahanpur,Engineering College Centre Shahjahanpur,College,Uttar Pradesh,Agra,,2020-21,UNVERIFIED,True,,,CEI-IN-89E7178F82DF,INVALID_AISHE_FORMAT
technical-institute-campus-bar-bareilly,Technical Institute Campus Bareilly,College,Uttar Pradesh,Mathura,,2020-21,UNVERIFIED,True,,,CEI-IN-87DB151AE50C,INVALID_AISHE_FORMAT
government-college-institute-e-etawah,Government College Institute Etawah,College,Uttar Pradesh,Aligarh,,2020-21,UNVERIFIED,True,,,CEI-IN-F18156778A62,INVALID_AISHE_FORMAT
college-of-engineering-and-tec-moradabad,College of Engineering and Technology Moradabad,College,Uttar Pradesh,Jhansi,,2020-21,UNVERIFIED,True,,,CEI-IN-F641E368E1DD,INVALID_AISHE_FORMAT
engineering-college-institute--shahjahanpur,Engineering College Institute Shahjahanpur,College,Uttar Pradesh,Muzaffarnagar,,2020-21,UNVERIFIED,True,,,CEI-IN-BA0377A49BAE,INVALID_AISHE_FORMAT
engineering-college-campus-agr-agra,Engineering College Campus Agra,College,Uttar Pradesh,Meerut,,2020-21,UNVERIFIED,True,,,CEI-IN-B8C191E9B6E6,INVALID_AISHE_FORMAT
engineering-college-centre-mee-meerut,Engineering College Centre Meerut,College,Uttar Pradesh,Agra,,2020-21,UNVERIFIED,True,,,CEI-IN-C991C8476675,INVALID_AISHE_FORMAT
technical-institute-centre-mat-mathura,Technical Institute Centre Mathura,College,Uttar Pradesh,Bareilly,,2020-21,UNVERIFIED,True,,,CEI-IN-3C3F09BC18FA,INVALID_AISHE_FORMAT
amity-university-gautam-budh-nag,Amity University,College,Uttar Pradesh,Gautam Budh Nagar,,2020-21,UNVERIFIED,True,,,CEI-IN-CAE03E048BF0,INVALID_AISHE_FORMAT
galgotias-uni,Galgotias University,College,Uttar Pradesh,Gautam Buddha Nagar,,2020-21,UNVERIFIED,True,A+,,CEI-IN-DD4EB70903CB,INVALID_AISHE_FORMAT
bbau-lucknow,Babasaheb Bhimrao Ambedkar University,College,Uttar Pradesh,Lucknow,,2020-21,UNVERIFIED,True,A++,1996,CEI-IN-A8B1A055B1A7,INVALID_AISHE_FORMAT
institute-of-technology-lucknow,Institute of Technology,College,Uttar Pradesh,Lucknow,,2020-21,UNVERIFIED,True,,,CEI-IN-C421F32EA36D,INVALID_AISHE_FORMAT
technical-institute-institute--varanasi,Technical Institute Institute Varanasi,College,Uttar Pradesh,Varanasi,,2020-21,UNVERIFIED,True,,,CEI-IN-0C1018C5DD42,INVALID_AISHE_FORMAT
technical-institute-and-techno-bareilly,Technical Institute and Technology Bareilly,College,Uttar Pradesh,Bareilly,,2020-21,UNVERIFIED,True,,,CEI-IN-8AE8627DBE06,INVALID_AISHE_FORMAT
government-college-institute-a-aligarh,Government College Institute Aligarh,College,Uttar Pradesh,Aligarh,,2020-21,UNVERIFIED,True,,,CEI-IN-B5C8EFF11AEF,INVALID_AISHE_FORMAT
college-of-engineering-centre--jhansi,College of Engineering Centre Jhansi,College,Uttar Pradesh,Jhansi,,2020-21,UNVERIFIED,True,,,CEI-IN-E4F5631B8D2D,INVALID_AISHE_FORMAT
college-of-engineering-and-res-jhansi,College of Engineering and Research Jhansi,College,Uttar Pradesh,Kanpur Nagar,,2020-21,UNVERIFIED,True,,,CEI-IN-958CF1A7A2F0,INVALID_AISHE_FORMAT
government-college-and-researc-aligarh,Government College and Research Aligarh,College,Uttar Pradesh,Allahabad,,2020-21,UNVERIFIED,True,,,CEI-IN-78F6C9DB40D4,INVALID_AISHE_FORMAT
iet-lucknow,Institute of Engineering and Technology Lucknow,College,Uttar Pradesh,Lucknow,AKTU Lucknow,2020-21,UNVERIFIED,True,,1984,CEI-IN-B3BE462E9746,INVALID_AISHE_FORMAT
srmu-lucknow,Shri Ramswaroop Memorial University,College,Uttar Pradesh,Barabanki,,2020-21,UNVERIFIED,True,,,CEI-IN-1F940311D29A,INVALID_AISHE_FORMAT
college-of-engineering-noida-noida,College of Engineering Noida,College,Uttar Pradesh,Gautam Buddha Nagar,,2020-21,UNVERIFIED,True,,,CEI-IN-0FEAD64C9CFE,INVALID_AISHE_FORMAT
kgmu-lucknow,King George's Medical University,College,Uttar Pradesh,Lucknow,,2020-21,UNVERIFIED,True,A+,1911,CEI-IN-A0D482A80266,INVALID_AISHE_FORMAT
university-of-allahabad,University of Allahabad,College,Uttar Pradesh,Prayagraj,,2020-21,UNVERIFIED,True,,1887,CEI-IN-763767B92910,INVALID_AISHE_FORMAT
kiet-ghaziabad,KIET Group of Institutions,College,Uttar Pradesh,Ghaziabad,AKTU Lucknow,2020-21,UNVERIFIED,True,A+,,CEI-IN-8BFE0EF8A919,INVALID_AISHE_FORMAT
gl-bajaj-noida,G.L. Bajaj Institute of Technology and Management,College,Uttar Pradesh,Gautam Buddha Nagar,AKTU Lucknow,2020-21,UNVERIFIED,True,,,CEI-IN-EFCB0F5BC10B,INVALID_AISHE_FORMAT
institute-of-technology-campus-gorakhpur,Institute of Technology Campus Gorakhpur,College,Uttar Pradesh,Gorakhpur,,2020-21,UNVERIFIED,True,,,CEI-IN-195FB44DC20C,INVALID_AISHE_FORMAT
college-of-engineering-and-tec-noida,College of Engineering and Technology Noida,College,Uttar Pradesh,Jhansi,,2020-21,UNVERIFIED,True,,,CEI-IN-37FD2430BB7E,INVALID_AISHE_FORMAT
government-college-centre-alig-aligarh,Government College Centre Aligarh,College,Uttar Pradesh,Ayodhya,,2020-21,UNVERIFIED,True,,,CEI-IN-A62471BF8E8E,INVALID_AISHE_FORMAT
college-of-engineering-campus--noida,College of Engineering Campus Noida,College,Uttar Pradesh,Kanpur Nagar,,2020-21,UNVERIFIED,True,,,CEI-IN-6DE34FDC441C,INVALID_AISHE_FORMAT
engineering-college-campus-muz-muzaffarnagar,Engineering College Campus Muzaffarnagar,College,Uttar Pradesh,Meerut,,2020-21,UNVERIFIED,True,,,CEI-IN-072D0183D58C,INVALID_AISHE_FORMAT
jaypee-institute-of-informatio-noida,Jaypee Institute of Information Technology,College,Uttar Pradesh,Noida,,2020-21,UNVERIFIED,True,,,CEI-IN-16580521B181,INVALID_AISHE_FORMAT
sgpgims-lucknow,Sanjay Gandhi Postgraduate Institute of Medical Sciences,College,Uttar Pradesh,Lucknow,,2020-21,UNVERIFIED,True,,1983,CEI-IN-211B1383A9B6,INVALID_AISHE_FORMAT
technical-institute-firozabad-firozabad,Technical Institute Firozabad,College,Uttar Pradesh,Varanasi,,2020-21,UNVERIFIED,True,,,CEI-IN-FA80468EAFC8,INVALID_AISHE_FORMAT
technical-institute-institute--mathura,Technical Institute Institute Mathura,College,Uttar Pradesh,Varanasi,,2020-21,UNVERIFIED,True,,,CEI-IN-28CEB8B86CD7,INVALID_AISHE_FORMAT
government-college-centre-etaw-etawah,Government College Centre Etawah,College,Uttar Pradesh,Ayodhya,,2020-21,UNVERIFIED,True,,,CEI-IN-6312DA4D6524,INVALID_AISHE_FORMAT
indian-institute-of-technology-kanpur,Indian Institute of Technology Kanpur,College,Uttar Pradesh,Kanpur,,2020-21,UNVERIFIED,True,,,CEI-IN-CDA3BBE6E51E,INVALID_AISHE_FORMAT
rml-nlu-lucknow,Dr. Ram Manohar Lohiya National Law University,College,Uttar Pradesh,Lucknow,,2020-21,UNVERIFIED,True,,2005,CEI-IN-E683A958AF47,INVALID_AISHE_FORMAT
jiit-noida,Jaypee Institute of Information Technology,College,Uttar Pradesh,Gautam Buddha Nagar,,2020-21,UNVERIFIED,True,,2001,CEI-IN-896CF9E87F6A,INVALID_AISHE_FORMAT
dayalbagh-agra,Dayalbagh Educational Institute,College,Uttar Pradesh,Agra,,2020-21,UNVERIFIED,True,A+,,CEI-IN-BFB430D19FB5,INVALID_AISHE_FORMAT
ddu-gorakhpur,Deen Dayal Upadhyaya Gorakhpur University,College,Uttar Pradesh,Gorakhpur,,2020-21,UNVERIFIED,True,A++,1957,CEI-IN-9A54A314C40A,INVALID_AISHE_FORMAT
institute-of-technology-and-te-lucknow,Institute of Technology and Technology Lucknow,College,Uttar Pradesh,Ghaziabad,,2020-21,UNVERIFIED,True,,,CEI-IN-2217DC740A8C,INVALID_AISHE_FORMAT
engineering-college-institute--meerut,Engineering College Institute Meerut,College,Uttar Pradesh,Muzaffarnagar,,2020-21,UNVERIFIED,True,,,CEI-IN-CCBBF37C4E3F,INVALID_AISHE_FORMAT
college-of-engineering-moradab-moradabad,College of Engineering Moradabad,College,Uttar Pradesh,Gautam Buddha Nagar,,2020-21,UNVERIFIED,True,,,CEI-IN-7D790A437A27,INVALID_AISHE_FORMAT
college-of-engineering-institu-jhansi,College of Engineering Institute Jhansi,College,Uttar Pradesh,Gautam Buddha Nagar,,2020-21,UNVERIFIED,True,,,CEI-IN-1216F5EE2F77,INVALID_AISHE_FORMAT
galgotias-college-of-engineeri-greater-noida,Galgotias College of Engineering & Technology,College,Uttar Pradesh,Greater Noida,,2020-21,UNVERIFIED,True,,,CEI-IN-F2E161DC9726,INVALID_AISHE_FORMAT
iit-bhu-varanasi,Indian Institute of Technology (BHU) Varanasi,College,Uttar Pradesh,Varanasi,,2020-21,UNVERIFIED,True,,1919,CEI-IN-D806FF5A4FC3,INVALID_AISHE_FORMAT
sharda-uni,Sharda University,College,Uttar Pradesh,Gautam Buddha Nagar,,2020-21,UNVERIFIED,True,A+,,CEI-IN-C5A49322543D,INVALID_AISHE_FORMAT
jss-noida,JSS Academy of Technical Education,College,Uttar Pradesh,Gautam Buddha Nagar,AKTU Lucknow,2020-21,UNVERIFIED,True,,,CEI-IN-69066634F36F,INVALID_AISHE_FORMAT
gniot-noida,GNIOT Group of Institutions,College,Uttar Pradesh,Gautam Buddha Nagar,AKTU Lucknow,2020-21,UNVERIFIED,True,,,CEI-IN-D450B267A8BF,INVALID_AISHE_FORMAT
engineering-college-muzaffarna-muzaffarnagar,Engineering College Muzaffarnagar,College,Uttar Pradesh,Muzaffarnagar,,2020-21,UNVERIFIED,True,,,CEI-IN-7C5D176C7A25,INVALID_AISHE_FORMAT
institute-of-technology-luckno-lucknow,Institute of Technology Lucknow,College,Uttar Pradesh,Lucknow,,2020-21,UNVERIFIED,True,,,CEI-IN-B2FF52B34D38,INVALID_AISHE_FORMAT
indian-statistical-institute-kolkata,Indian Statistical Institute,College,West Bengal,Kolkata,,2020-21,UNVERIFIED,True,NA,1931,CEI-IN-8C72F810A587,INVALID_AISHE_FORMAT
visva-bharati-university,Visva-Bharati University,College,West Bengal,Birbhum,UGC,2020-21,UNVERIFIED,True,B++,1921,CEI-IN-093CBB223A25,INVALID_AISHE_FORMAT
jadavpur-university-kolkata,Jadavpur University,College,West Bengal,Kolkata,,2020-21,UNVERIFIED,True,,,CEI-IN-4BD6C4E16AF4,INVALID_AISHE_FORMAT
heritage-institute-of-technology,Heritage Institute of Technology,College,West Bengal,Kolkata,MAKAUT (Autonomous),2020-21,UNVERIFIED,True,A,2001,CEI-IN-382AE5C1B43C,INVALID_AISHE_FORMAT
indian-institute-of-engineerin-shibpur,Indian Institute of Engineering Science and Technology,College,West Bengal,Shibpur,,2020-21,UNVERIFIED,True,,,CEI-IN-B03E7A55C457,INVALID_AISHE_FORMAT
presidency-university-kolkata,Presidency University,College,West Bengal,Kolkata,UGC,2020-21,UNVERIFIED,True,A,1817,CEI-IN-77158194B3E1,INVALID_AISHE_FORMAT
bidhan-chandra-krishi-viswavidyalaya,Bidhan Chandra Krishi Viswavidyalaya,College,West Bengal,Nadia,ICAR,2020-21,UNVERIFIED,True,NA,1974,CEI-IN-D0FA5489155A,INVALID_AISHE_FORMAT
maulana-abul-kalam-azad-univer-nadia,Maulana Abul Kalam Azad University of Technology,College,West Bengal,Nadia,,2020-21,UNVERIFIED,True,,,CEI-IN-CA2958EFC702,INVALID_AISHE_FORMAT
national-institute-of-technolo-durgapur,National Institute of Technology Durgapur,College,West Bengal,Durgapur,,2020-21,UNVERIFIED,True,,,CEI-IN-BB06A02C5D5E,INVALID_AISHE_FORMAT
ipgmer-sskm-hospital,Institute of Post Graduate Medical Education and Research,College,West Bengal,Kolkata,WBUHS,2020-21,UNVERIFIED,True,NA,1957,CEI-IN-CB150585083D,INVALID_AISHE_FORMAT
iem-kolkata,Institute of Engineering and Management,College,West Bengal,Kolkata,MAKAUT,2020-21,UNVERIFIED,True,A,1989,CEI-IN-98C281462C6F,INVALID_AISHE_FORMAT
nujs-kolkata,West Bengal National University of Juridical Sciences,College,West Bengal,Kolkata,Bar Council of India,2020-21,UNVERIFIED,True,A,1999,CEI-IN-840065510818,INVALID_AISHE_FORMAT
iim-calcutta,Indian Institute of Management Calcutta,College,West Bengal,Kolkata,,2020-21,UNVERIFIED,True,NA,1961,CEI-IN-71E72E8BB15B,INVALID_AISHE_FORMAT
st-xaviers-college-kolkata,St. Xavier's College (Autonomous),College,West Bengal,Kolkata,University of Calcutta (Autonomous),2020-21,UNVERIFIED,True,A++,1860,CEI-IN-C0EC44568B4D,INVALID_AISHE_FORMAT
iiest-shibpur,"Indian Institute of Engineering Science and Technology, Shibpur",College,West Bengal,Howrah,,2020-21,UNVERIFIED,True,NA,1856,CEI-IN-0FCF7A54BB56,INVALID_AISHE_FORMAT
iiser-kolkata,Indian Institute of Science Education and Research Kolkata,College,West Bengal,Nadia,,2020-21,UNVERIFIED,True,NA,2006,CEI-IN-619F80D5D52C,INVALID_AISHE_FORMAT
haldia-institute-of-technology-haldia,Haldia Institute of Technology,College,West Bengal,Haldia,,2020-21,UNVERIFIED,True,,,CEI-IN-9A90BAE2A047,INVALID_AISHE_FORMAT
university-of-calcutta,University of Calcutta,College,West Bengal,Kolkata,UGC,2020-21,UNVERIFIED,True,A++,1857,CEI-IN-18488C020E71,INVALID_AISHE_FORMAT
nit-durgapur,National Institute of Technology Durgapur,College,West Bengal,Paschim Bardhaman,,2020-21,UNVERIFIED,True,NA,1960,CEI-IN-5761103C3AA8,INVALID_AISHE_FORMAT
medical-college-kolkata,"Medical College and Hospital, Kolkata",College,West Bengal,Kolkata,WBUHS,2020-21,UNVERIFIED,True,NA,1835,CEI-IN-4005B7DABF9B,INVALID_AISHE_FORMAT
iit-kharagpur,Indian Institute of Technology Kharagpur,College,West Bengal,Paschim Medinipur,,2020-21,UNVERIFIED,True,NA,1951,CEI-IN-A376DA37414F,INVALID_AISHE_FORMAT
st-xaviers-university-kolkata,St. Xavier's University,College,West Bengal,North 24 Parganas,UGC,2020-21,UNVERIFIED,True,NA,2017,CEI-IN-3C039AF45BAC,INVALID_AISHE_FORMAT
makaut-kolkata,Maulana Abul Kalam Azad University of Technology,College,West Bengal,Nadia,UGC,2020-21,UNVERIFIED,True,B++,2001,CEI-IN-15173DEC36DD,INVALID_AISHE_FORMAT
indian-institute-of-technology-kharagpur,Indian Institute of Technology Kharagpur,College,West Bengal,Kharagpur,,2020-21,UNVERIFIED,True,,,CEI-IN-3CFAE1DCFDE9,INVALID_AISHE_FORMAT
jalpaiguri-government-engineer-jalpaiguri,Jalpaiguri Government Engineering College,College,West Bengal,Jalpaiguri,,2020-21,UNVERIFIED,True,,,CEI-IN-67900689E637,INVALID_AISHE_FORMAT
jadavpur-university,Jadavpur University,College,West Bengal,Kolkata,UGC,2020-21,UNVERIFIED,True,A++,1955,CEI-IN-3EA6CA6DAFA9,INVALID_AISHE_FORMAT
ramakrishna-mission-vidyamandira,Ramakrishna Mission Vidyamandira,College,West Bengal,Howrah,University of Calcutta (Autonomous),2020-21,UNVERIFIED,True,A++,1941,CEI-IN-7580A5B8E91D,INVALID_AISHE_FORMAT
techno-india-university,Techno India University,College,West Bengal,Kolkata,,2020-21,UNVERIFIED,True,,,CEI-IN-BB9AF17A159C,INVALID_AISHE_FORMAT
C-13023,Green Valley College of Education,College,Rajasthan,Bhilwara,,2020-21,UNVERIFIED,False,,2008,CEI-IN-7D4650986F5E,DUPLICATE_NAME_AFFILIATION
C-13077,Dayanand College,College,Rajasthan,Ajmer,,2020-21,UNVERIFIED,False,,1942,CEI-IN-989007E5EA4F,DUPLICATE_NAME_AFFILIATION
C-14566,S.R.M. College of Education,College,Tamil Nadu,Ariyalur,,2020-21,UNVERIFIED,False,,2007,CEI-IN-99248585BB6E,DUPLICATE_NAME_AFFILIATION
C-14971,Modern College of Education,College,Tamil Nadu,Ariyalur,,2020-21,UNVERIFIED,False,,2008,CEI-IN-7FFF3FFDC57F,DUPLICATE_NAME_AFFILIATION
C-15058,St. Xavier's College,College,Jharkhand,Ranchi,,2020-21,UNVERIFIED,False,,1944,CEI-IN-A59FFB9E4143,DUPLICATE_NAME_AFFILIATION
C-15066,Maulana Azad College,College,Jharkhand,Ranchi,,2020-21,UNVERIFIED,False,,1971,CEI-IN-D02D9EE28799,DUPLICATE_NAME_AFFILIATION
C-15011,S.N. College of Education,College,Tamil Nadu,Vellore,,2020-21,UNVERIFIED,False,,2009,CEI-IN-47C8765B3AC0,DUPLICATE_NAME_AFFILIATION
C-16424,Medical College,College,West Bengal,Kolkata,,2020-21,UNVERIFIED,False,,1835,CEI-IN-DF2D771BECA3,DUPLICATE_NAME_AFFILIATION
C-16714,St. Xavier's College,College,Nagaland,Peren,,2020-21,UNVERIFIED,False,,2005,CEI-IN-C70695C866AE,DUPLICATE_NAME_AFFILIATION
C-19097,Institute of Education,College,West Bengal,Purba Medinipur,,2020-21,UNVERIFIED,False,,2004,CEI-IN-62C0ED8DC1B2,DUPLICATE_NAME_AFFILIATION
C-21342,College of Teacher Education,College,Odisha,Balasore,,2020-21,UNVERIFIED,False,,1977,CEI-IN-E67F89D721AF,DUPLICATE_NAME_AFFILIATION
C-22907,National College of Education,College,Jammu and Kashmir,Jammu,,2020-21,UNVERIFIED,False,,2001,CEI-IN-24DDF3E0E1E6,DUPLICATE_NAME_AFFILIATION
C-22927,Government College of Education,College,Jammu and Kashmir,Jammu,,2020-21,UNVERIFIED,False,,1954,CEI-IN-A2E979E41202,DUPLICATE_NAME_AFFILIATION
C-22901,Shivalik College of Education,College,Jammu and Kashmir,Udhampur,,2020-21,UNVERIFIED,False,,1998,CEI-IN-441991D6E4E0,DUPLICATE_NAME_AFFILIATION
C-22991,Vivekananda College of Education,College,Jammu and Kashmir,Kathua,,2020-21,UNVERIFIED,False,,1995,CEI-IN-2C2950D1CC80,DUPLICATE_NAME_AFFILIATION
C-25625,Geethanjali Degree College,College,Telangana,Medak,,2020-21,UNVERIFIED,False,,2004,CEI-IN-358256A2870E,DUPLICATE_NAME_AFFILIATION
C-25793,Holy Trinity College of Education,College,Telangana,Ranga Reddy,,2020-21,UNVERIFIED,False,,2002,CEI-IN-6899359F9C1C,DUPLICATE_NAME_AFFILIATION
C-25919,Modern College of Education,College,Telangana,Ranga Reddy,,2020-21,UNVERIFIED,False,,2002,CEI-IN-078E056564F4,DUPLICATE_NAME_AFFILIATION
C-25878,Vivekananda College of Education,College,Telangana,Ranga Reddy,,2020-21,UNVERIFIED,False,,2007,CEI-IN-45B269C622FA,DUPLICATE_NAME_AFFILIATION
C-25869,S.R.M. College of Education,College,Telangana,Ranga Reddy,,2020-21,UNVERIFIED,False,,2011,CEI-IN-25E02DF43353,DUPLICATE_NAME_AFFILIATION
C-25710,National College of Education,College,Telangana,Medak,,2020-21,UNVERIFIED,False,,2002,CEI-IN-03245F3D580D,DUPLICATE_NAME_AFFILIATION
C-26156,St. Johns College of Education,College,Telangana,Ranga Reddy,,2020-21,UNVERIFIED,False,,2007,CEI-IN-69AE3A1784C8,DUPLICATE_NAME_AFFILIATION
C-25974,Academy of Management Studies,College,Telangana,Ranga Reddy,,2020-21,UNVERIFIED,False,,2009,CEI-IN-D528D9FA7B06,DUPLICATE_NAME_AFFILIATION
C-26428,Vivekananda College of Education,College,Assam,Sribhumi,,2020-21,UNVERIFIED,False,,1995,CEI-IN-C21CAD53B882,DUPLICATE_NAME_AFFILIATION
C-26613,S.N. College of Education,College,Rajasthan,Dholpur,,2020-21,UNVERIFIED,False,,2008,CEI-IN-80E18906DBC0,DUPLICATE_NAME_AFFILIATION
C-29453,College of Agriculture,College,Haryana,Hisar,,2020-21,UNVERIFIED,False,,1970,CEI-IN-5FC20BD8D9D4,DUPLICATE_NAME_AFFILIATION
C-30267,Bharath College of Education,College,Andhra Pradesh,Y.S.R. Kadapa,,2020-21,UNVERIFIED,False,,2002,CEI-IN-BD845B1EBCDC,DUPLICATE_NAME_AFFILIATION
C-30786,J.K College of Education,College,Jammu and Kashmir,Jammu,,2020-21,UNVERIFIED,False,,2003,CEI-IN-8577937FA423,DUPLICATE_NAME_AFFILIATION
C-32852,Guru Nanak Institute of Management,College,Delhi,West,,2020-21,UNVERIFIED,False,,1996,CEI-IN-DD44D1765577,DUPLICATE_NAME_AFFILIATION
C-33324,College of Fisheries,College,Chhattisgarh,Kabeerdham,,2020-21,UNVERIFIED,False,,2010,CEI-IN-7C7B8033D57E,DUPLICATE_NAME_AFFILIATION
C-32893,Ali Yavar Jung National Institute for the Hearing Handicapped,College,Delhi,New Delhi,,2020-21,UNVERIFIED,False,,1983,CEI-IN-D0A0F368B92F,DUPLICATE_NAME_AFFILIATION
C-35006,JSS College of Pharmacy,College,Tamil Nadu,The Nilgiris,,2020-21,UNVERIFIED,False,,1980,CEI-IN-D9CDE886C68C,DUPLICATE_NAME_AFFILIATION
C-39668,University Law College,College,Odisha,Khordha,,2020-21,UNVERIFIED,False,,1975,CEI-IN-BCA3F6AE996E,DUPLICATE_NAME_AFFILIATION
C-40842,Siddhartha Degree College,College,Odisha,Sonepur,,2020-21,UNVERIFIED,False,,1993,CEI-IN-CD93D59FBD52,DUPLICATE_NAME_AFFILIATION
C-40999,Imperial College,College,Odisha,Bargarh,,2020-21,UNVERIFIED,False,,2008,CEI-IN-7DE2F6BDDE51,DUPLICATE_NAME_AFFILIATION
C-40854,S.S.College,College,Odisha,Sundargarh,,2020-21,UNVERIFIED,False,,1979,CEI-IN-B486C02C3BC6,DUPLICATE_NAME_AFFILIATION
C-41056,St. Joseph's College for Women,College,Tamil Nadu,Tiruppur,,2020-21,UNVERIFIED,False,,2000,CEI-IN-4D960F411A4E,DUPLICATE_NAME_AFFILIATION
C-40955,Women's College,College,Odisha,Jharsuguda,,2020-21,UNVERIFIED,False,,1982,CEI-IN-8DD5D6E2B7AC,DUPLICATE_NAME_AFFILIATION
C-43582,College of Agricultural Engineering & Technology,College,Maharashtra,Ratnagiri,,2020-21,UNVERIFIED,False,,1999,CEI-IN-11E411AB1E13,DUPLICATE_NAME_AFFILIATION
C-43575,College of Fisheries,College,Maharashtra,Ratnagiri,,2020-21,UNVERIFIED,False,,1981,CEI-IN-566C1985200C,DUPLICATE_NAME_AFFILIATION
C-43404,Morning Star College,College,West Bengal,North 24 Parganas,,2020-21,UNVERIFIED,False,,1971,CEI-IN-3F0D94A4D100,DUPLICATE_NAME_AFFILIATION
C-43576,College of Forestry,College,Maharashtra,Ratnagiri,,2020-21,UNVERIFIED,False,,2005,CEI-IN-6377E3D41C61,DUPLICATE_NAME_AFFILIATION
C-44646,Mahatma Gandhi College,College,West Bengal,Purulia,,2020-21,UNVERIFIED,False,,1981,CEI-IN-C1BA96A08192,DUPLICATE_NAME_AFFILIATION
C-451,College of Veterinary Science,College,Punjab,Ludhiana,,2020-21,UNVERIFIED,False,,-,CEI-IN-51A6700EBBD1,DUPLICATE_NAME_AFFILIATION
C-44855,Command Hospital,College,Karnataka,Bengaluru Urban,,2020-21,UNVERIFIED,False,,1977,CEI-IN-5CFEC6CF1128,DUPLICATE_NAME_AFFILIATION
C-452,College of Fisheries,College,Punjab,Ludhiana,,2020-21,UNVERIFIED,False,,-,CEI-IN-442F7FF5EC75,DUPLICATE_NAME_AFFILIATION
C-44691,Government College of Education,College,West Bengal,Purba Bardhaman,,2020-21,UNVERIFIED,False,,1964,CEI-IN-DAFB886073A3,DUPLICATE_NAME_AFFILIATION
C-47970,GAYATRI DEGREE COLLEGE,College,Telangana,Warangal,,2020-21,UNVERIFIED,False,,2012,CEI-IN-AA198502B1E8,DUPLICATE_NAME_AFFILIATION
C-48809,WESTIN COLLEGE OF HOTEL MANAGEMENT,College,Telangana,Hyderabad,,2020-21,UNVERIFIED,False,,2012,CEI-IN-85A1A86D6505,DUPLICATE_NAME_AFFILIATION
C-49567,Government Ayurvedic College,College,Bihar,Patna,,2020-21,UNVERIFIED,False,,1926,CEI-IN-8759E6812CFF,DUPLICATE_NAME_AFFILIATION
C-50183,ROYAL COLLEGE OF EDUCATION,College,Uttar Pradesh,Sitapur,,2020-21,UNVERIFIED,False,,2014,CEI-IN-AA9FD0879A30,DUPLICATE_NAME_AFFILIATION
C-50491,PARAMOUNT COLLEGE OF EDUCATION,College,Jammu and Kashmir,Pulwama,,2020-21,UNVERIFIED,False,,2014,CEI-IN-757FDB615F32,DUPLICATE_NAME_AFFILIATION
C-51006,College of Pharmaceutical Sciences,College,Kerala,Thiruvananthapuram,,2020-21,UNVERIFIED,False,,1967,CEI-IN-137C56C42AE5,DUPLICATE_NAME_AFFILIATION
C-52535,MEDHA DEGREE COLLEGE,College,Telangana,Medak,,2020-21,UNVERIFIED,False,,2014,CEI-IN-3A3ECD19A17D,DUPLICATE_NAME_AFFILIATION
C-52242,COLUMBIA COLLEGE OF NURSING,College,Chhattisgarh,Raipur,,2020-21,UNVERIFIED,False,,2012,CEI-IN-097BD8BA31AE,DUPLICATE_NAME_AFFILIATION
C-52135,School of Basic Science,College,Odisha,Rayagada,,2020-21,UNVERIFIED,False,,2011,CEI-IN-28E64C46BFAF,DUPLICATE_NAME_AFFILIATION
C-53103,College of Fisheries Science,College,Gujarat,Navsari,,2020-21,UNVERIFIED,False,,2015,CEI-IN-DA4F72946B4D,DUPLICATE_NAME_AFFILIATION
C-53234,Universal College of Education,College,West Bengal,Malda,,2020-21,UNVERIFIED,False,,2015,CEI-IN-D7FF2742383A,DUPLICATE_NAME_AFFILIATION
C-53692,CHRIST COLLEGE,College,Madhya Pradesh,Rajgarh,,2020-21,UNVERIFIED,False,,2007,CEI-IN-A4DF91106B31,DUPLICATE_NAME_AFFILIATION
C-54332,S.D. College of Education,College,Uttarakhand,Udham Singh Nagar,,2020-21,UNVERIFIED,False,,2013,CEI-IN-ED3EF24EC2B3,DUPLICATE_NAME_AFFILIATION
C-55299,College of Home Science,College,Andhra Pradesh,Guntur,,2020-21,UNVERIFIED,False,,2013,CEI-IN-B3E0D3236B0B,DUPLICATE_NAME_AFFILIATION
C-55141,LITTLE FLOWER COLLEGE OF NURSING,College,Kerala,Thiruvananthapuram,,2020-21,UNVERIFIED,False,,2013,CEI-IN-204980B4CB91,DUPLICATE_NAME_AFFILIATION
C-55097,KRISHNA COLLEGE OF EDUCATION,College,Tamil Nadu,Tiruvannamalai,,2020-21,UNVERIFIED,False,,2013,CEI-IN-56BCC5157379,DUPLICATE_NAME_AFFILIATION
C-54819,Bharathi College of Education,College,Karnataka,Tumakuru,,2020-21,UNVERIFIED,False,,2007,CEI-IN-579DDFD43680,DUPLICATE_NAME_AFFILIATION
C-55874,PROVINCE COLLEGE,College,Karnataka,Bengaluru Urban,,2020-21,UNVERIFIED,False,,2014,CEI-IN-EEE4AB80FD2D,DUPLICATE_NAME_AFFILIATION
C-55707,SHRI KRISHNA COLLEGE OF EDUCATION,College,Uttar Pradesh,Baghpat,,2020-21,UNVERIFIED,False,,2013,CEI-IN-77485C20C6C0,DUPLICATE_NAME_AFFILIATION
C-55674,Vivekanand College,College,Rajasthan,Nagaur,,2020-21,UNVERIFIED,False,,2015,CEI-IN-0B52E7A16A3E,DUPLICATE_NAME_AFFILIATION
C-56378,S.S. COLLEGE OF EDUCATION,College,Uttar Pradesh,Mainpuri,,2020-21,UNVERIFIED,False,,2014,CEI-IN-2208E47CFECE,DUPLICATE_NAME_AFFILIATION
C-56888,Siddhartha College of Education,College,West Bengal,South 24 Parganas,,2020-21,UNVERIFIED,False,,2015,CEI-IN-9F4E7D34EB38,DUPLICATE_NAME_AFFILIATION
C-57057,Government college of nursing,College,Andhra Pradesh,Sri Potti Sriramulu Nellore,,2020-21,UNVERIFIED,False,,2014,CEI-IN-4BF62D9C5352,DUPLICATE_NAME_AFFILIATION
C-56936,SADHANA DEGREE COLLEGE,College,Karnataka,Bengaluru Urban,,2020-21,UNVERIFIED,False,,2016,CEI-IN-B8E8EDAE39B3,DUPLICATE_NAME_AFFILIATION
C-57037,CHRIST COLLEGE,College,Karnataka,Mysuru,,2020-21,UNVERIFIED,False,,2016,CEI-IN-FAC971AE8FCD,DUPLICATE_NAME_AFFILIATION
C-57093,Modern College,College,Uttar Pradesh,Jhansi,,2020-21,UNVERIFIED,False,,2016,CEI-IN-5CCA999A7D2E,DUPLICATE_NAME_AFFILIATION
C-57888,MGM COLLEGE,College,Nagaland,Dimapur,,2020-21,UNVERIFIED,False,,2016,CEI-IN-FAB37E6DBC6E,DUPLICATE_NAME_AFFILIATION
C-57767,Satyam College of Education,College,Uttar Pradesh,Gautam Buddha Nagar,,2020-21,UNVERIFIED,False,,2008,CEI-IN-83BFF312370A,DUPLICATE_NAME_AFFILIATION
C-57552,Gyan Bharti College of Education,College,Uttar Pradesh,Agra,,2020-21,UNVERIFIED,False,,2016,CEI-IN-0C8C8E14549A,DUPLICATE_NAME_AFFILIATION
C-58269,AKSHARA DEGREE COLLEGE,College,Andhra Pradesh,Kurnool,,2020-21,UNVERIFIED,False,,2017,CEI-IN-CA0CB5FAC0EA,DUPLICATE_NAME_AFFILIATION
C-58035,College of Veterinary Science and Animal Husbandry,College,Madhya Pradesh,Jabalpur,,2020-21,UNVERIFIED,False,,1948,CEI-IN-CA0374D4C202,DUPLICATE_NAME_AFFILIATION
C-58354,COLLEGE OF AGRICULTURE,College,Gujarat,Vadodara,,2020-21,UNVERIFIED,False,,2016,CEI-IN-6E685BA6D667,DUPLICATE_NAME_AFFILIATION
C-58075,SAI COLLEGE OF EDUCATION,College,Punjab,Sangrur,,2020-21,UNVERIFIED,False,,2015,CEI-IN-B729C4621466,DUPLICATE_NAME_AFFILIATION
C-58014,SRI VIVEKANANDA DEGREE COLLEGE,College,Karnataka,Chikkaballapura,,2020-21,UNVERIFIED,False,,2017,CEI-IN-ED96EB89C848,DUPLICATE_NAME_AFFILIATION
C-5855,St. Xavier's College,College,Gujarat,Ahmedabad,,2020-21,UNVERIFIED,False,,1955,CEI-IN-4174BF60E8C4,DUPLICATE_NAME_AFFILIATION
C-58886,FOOTWEAR DESIGN AND DEVELOPMENT INSTITUTE,College,Tamil Nadu,Kancheepuram,,2020-21,UNVERIFIED,False,,2010,CEI-IN-EA1A496903FE,DUPLICATE_NAME_AFFILIATION
C-58667,FOOTWEAR DESIGN AND DEVELOPMENT INSTITUTE,College,West Bengal,South 24 Parganas,,2020-21,UNVERIFIED,False,,2010,CEI-IN-08D41DC4AAE9,DUPLICATE_NAME_AFFILIATION
C-59527,NATIONAL COLLEGE OF EDUCATION,College,Bihar,Muzaffarpur,,2020-21,UNVERIFIED,False,,2013,CEI-IN-EA9AA6F0D73E,DUPLICATE_NAME_AFFILIATION
C-59436,NATIONAL COLLEGE OF EDUCATION,College,West Bengal,North 24 Parganas,,2020-21,UNVERIFIED,False,,2016,CEI-IN-6402533C9301,DUPLICATE_NAME_AFFILIATION
C-59262,NARAYANA COLLEGE OF EDUCATION,College,Andhra Pradesh,Ananthapuramu,,2020-21,UNVERIFIED,False,,2016,CEI-IN-E62E16BF1930,DUPLICATE_NAME_AFFILIATION
C-59208,S S COLLEGE OF TEACHER EDUCATION,College,Bihar,Patna,,2020-21,UNVERIFIED,False,,2013,CEI-IN-F1FA7D8B786A,DUPLICATE_NAME_AFFILIATION
C-59542,KRISHNA LAW COLLEGE,College,Uttar Pradesh,Prayagraj,,2020-21,UNVERIFIED,False,,2016,CEI-IN-E05BEBB1FBBE,DUPLICATE_NAME_AFFILIATION
C-59830,Institute of Pharmacy,College,Madhya Pradesh,Indore,,2020-21,UNVERIFIED,False,,2016,CEI-IN-8AE007279E03,DUPLICATE_NAME_AFFILIATION
C-60725,CHANAKYA COLLEGE OF EDUCATION,College,Andhra Pradesh,Vizianagaram,,2020-21,UNVERIFIED,False,,2016,CEI-IN-BF763FDD100B,DUPLICATE_NAME_AFFILIATION
C-60742,VIGNAN DEGREE COLLEGE,College,Andhra Pradesh,Kurnool,,2020-21,UNVERIFIED,False,,2017,CEI-IN-612F3B83F890,DUPLICATE_NAME_AFFILIATION
C-60639,COLLEGE OF NURSING,College,Uttar Pradesh,Kanpur Nagar,,2020-21,UNVERIFIED,False,,1975,CEI-IN-8633981FE64F,DUPLICATE_NAME_AFFILIATION
C-61070,VISION DEGREE COLLEGE,College,Karnataka,Bengaluru Urban,,2020-21,UNVERIFIED,False,,2015,CEI-IN-AE06D726A12B,DUPLICATE_NAME_AFFILIATION
C-6115,College of Nursing,College,Gujarat,Ahmedabad,,2020-21,UNVERIFIED,False,,1963,CEI-IN-4D21E59BE3D9,DUPLICATE_NAME_AFFILIATION
C-61313,SRI VANI DEGREE COLLEGE,College,Karnataka,Chikkaballapura,,2020-21,UNVERIFIED,False,,-,CEI-IN-7E617AF570D4,DUPLICATE_NAME_AFFILIATION
C-61797,Government Medical College,College,Rajasthan,Bharatpur,,2020-21,UNVERIFIED,False,,2018,CEI-IN-80923331BF85,DUPLICATE_NAME_AFFILIATION
C-62377,GOVERNMENT COLLEGE OF NURSING,College,Karnataka,Vijayapura,,2020-21,UNVERIFIED,False,,2019,CEI-IN-058264758FA3,DUPLICATE_NAME_AFFILIATION
C-63072,MOTHER THERESA DEGREE COLLEGE,College,Karnataka,Kolar,,2020-21,UNVERIFIED,False,,2018,CEI-IN-E7702D6C62C1,DUPLICATE_NAME_AFFILIATION
C-63053,Government Law College,College,Tamil Nadu,Theni,,2020-21,UNVERIFIED,False,,2019,CEI-IN-5A2EA725A5B6,DUPLICATE_NAME_AFFILIATION
C-63044,Don Bosco College,College,Assam,Chirang,,2020-21,UNVERIFIED,False,,2019,CEI-IN-304CBEB67876,DUPLICATE_NAME_AFFILIATION
C-63613,Nightingale College Of Nursing,College,Telangana,Nalgonda,,2020-21,UNVERIFIED,False,,2017,CEI-IN-C5E1003B4257,DUPLICATE_NAME_AFFILIATION
C-63756,GURUKUL COLLEGE OF EDUCATION,College,Rajasthan,Karauli,,2020-21,UNVERIFIED,False,,2018,CEI-IN-70111B31DBD1,DUPLICATE_NAME_AFFILIATION
C-6382,Vivekananda College,College,Delhi,East,,2020-21,UNVERIFIED,False,,1970,CEI-IN-D3A9113A2CDC,DUPLICATE_NAME_AFFILIATION
C-64549,R S COLLEGE OF EDUCATION,College,Rajasthan,Dausa,,2020-21,UNVERIFIED,False,,2018,CEI-IN-93536425D2CE,DUPLICATE_NAME_AFFILIATION
C-64686,KRISHNA PHARMACY COLLEGE,College,Tamil Nadu,Tiruchirappalli,,2020-21,UNVERIFIED,False,,2019,CEI-IN-DD701C701743,DUPLICATE_NAME_AFFILIATION
C-64590,DON BOSCO COLLEGE,College,Karnataka,Chitradurga,,2020-21,UNVERIFIED,False,,2018,CEI-IN-790B986B17C7,DUPLICATE_NAME_AFFILIATION
C-64602,SIDDHARTHA DEGREE COLLEGE,College,Karnataka,Uttara Kannada,,2020-21,UNVERIFIED,False,,2016,CEI-IN-EF41781D913A,DUPLICATE_NAME_AFFILIATION
C-64641,COLLEGE OF FOOD TECHNOLOGY,College,Gujarat,Banas Kantha,,2020-21,UNVERIFIED,False,,-,CEI-IN-E3ECA7E8BBE4,DUPLICATE_NAME_AFFILIATION
C-64842,ASIAN SCHOOL OF BUSINESS,College,Kerala,Thiruvananthapuram,,2020-21,UNVERIFIED,False,,2019,CEI-IN-3A7EF725A2E0,DUPLICATE_NAME_AFFILIATION
C-64987,SCHOOL OF EDUCATION,College,Madhya Pradesh,Balaghat,,2020-21,UNVERIFIED,False,,2018,CEI-IN-8F51275C91F0,DUPLICATE_NAME_AFFILIATION
C-65393,J P COLLEGE OF PHARMACY,College,Bihar,Nalanda,,2020-21,UNVERIFIED,False,,2020,CEI-IN-C280EBF66F66,DUPLICATE_NAME_AFFILIATION
C-6543,Rathnavel Subramaniam College of Arts and Science,College,Puducherry,Karaikal,,2020-21,UNVERIFIED,False,,2005,CEI-IN-8B86EAD8BD60,DUPLICATE_NAME_AFFILIATION
C-6524,Senthil College of Education,College,Puducherry,Puducherry,,2020-21,UNVERIFIED,False,,2005,CEI-IN-2EE9F76FC848,DUPLICATE_NAME_AFFILIATION
C-6562,Nehru College of Education,College,Puducherry,Puducherry,,2020-21,UNVERIFIED,False,,2005,CEI-IN-FCA0801A8EAE,DUPLICATE_NAME_AFFILIATION
C-65488,SRI VIDYANIKETAN DEGREE COLLEGE,College,Karnataka,Koppal,,2020-21,UNVERIFIED,False,,2019,CEI-IN-91FB7CCBAF05,DUPLICATE_NAME_AFFILIATION
C-6534,RVS College of Education,College,Puducherry,Karaikal,,2020-21,UNVERIFIED,False,,2008,CEI-IN-4B9A91F48BA6,DUPLICATE_NAME_AFFILIATION
C-65261,APOLLO INSTITUTE OF MEDICAL SCIENCES AND RESEARCH,College,Andhra Pradesh,Chittoor,,2020-21,UNVERIFIED,False,,2016,CEI-IN-AA04A95E762B,DUPLICATE_NAME_AFFILIATION
C-66023,OM COLLEGE OF EDUCATION,College,Rajasthan,Alwar,,2020-21,UNVERIFIED,False,,2021,CEI-IN-28596D3E7F13,DUPLICATE_NAME_AFFILIATION
C-66050,JP COLLEGE OF EDUCATION,College,Tamil Nadu,Cuddalore,,2020-21,UNVERIFIED,False,,2014,CEI-IN-C509593B7B3E,DUPLICATE_NAME_AFFILIATION
C-6585,Sri Venkateswara College of Education,College,Puducherry,Karaikal,,2020-21,UNVERIFIED,False,,2007,CEI-IN-C9A70FF22924,DUPLICATE_NAME_AFFILIATION
C-6577,RVS College of Engineering and Technology,College,Puducherry,Karaikal,,2020-21,UNVERIFIED,False,,2008,CEI-IN-4BDD12DE1AD7,DUPLICATE_NAME_AFFILIATION
C-66272,GOVERNMENT LAW COLLEGE,College,Madhya Pradesh,Seoni,,2020-21,UNVERIFIED,False,,2016,CEI-IN-7E573EA9E6B8,DUPLICATE_NAME_AFFILIATION
C-66314,LEELAWATI COLLEGE,College,Rajasthan,Udaipur,,2020-21,UNVERIFIED,False,,2020,CEI-IN-F48724449DE5,DUPLICATE_NAME_AFFILIATION
C-66677,SCHOOL OF MANAGEMENT STUDIES,College,Andhra Pradesh,Vizianagaram,,2020-21,UNVERIFIED,False,,1994,CEI-IN-1568F0FFF211,DUPLICATE_NAME_AFFILIATION
C-66994,SUNRISE COLLEGE OF NURSING,College,Jharkhand,Ranchi,,2020-21,UNVERIFIED,False,,2020,CEI-IN-0DE1FE4C4853,DUPLICATE_NAME_AFFILIATION
C-66849,ADARSH COLLEGE OF EDUCATION,College,Madhya Pradesh,Gwalior,,2020-21,UNVERIFIED,False,,2017,CEI-IN-0D6FB2C7F5D3,DUPLICATE_NAME_AFFILIATION
C-67602,NIMRA COLLEGE OF NURSING,College,Andhra Pradesh,Krishna,,2020-21,UNVERIFIED,False,,2021,CEI-IN-BFD00A53A809,DUPLICATE_NAME_AFFILIATION
C-67968,COLLEGE OF FINE ARTS,College,Andhra Pradesh,Y.S.R. Kadapa,,2020-21,UNVERIFIED,False,,2020,CEI-IN-AAC999A4E873,DUPLICATE_NAME_AFFILIATION
C-68028,SARASWATI MAHAVIDYALAYA,College,Chhattisgarh,Bilaspur,,2020-21,UNVERIFIED,False,,2022,CEI-IN-C8769A32FEED,DUPLICATE_NAME_AFFILIATION
C-68517,MGM COLLEGE OF PHARMACY,College,Bihar,Patna,,2020-21,UNVERIFIED,False,,2020,CEI-IN-393BEB04F7C7,DUPLICATE_NAME_AFFILIATION
C-68652,PRESIDENCY COLLEGE,College,Odisha,Ganjam,,2020-21,UNVERIFIED,False,,2021,CEI-IN-E3F29136B92E,DUPLICATE_NAME_AFFILIATION
C-68720,CHRIST COLLEGE,College,Meghalaya,Ri Bhoi,,2020-21,UNVERIFIED,False,,2022,CEI-IN-D3741D5E5DA2,DUPLICATE_NAME_AFFILIATION
C-69256,COLLEGE OF FISHERIES SCIENCE,College,Jharkhand,Gumla,,2020-21,UNVERIFIED,False,,-,CEI-IN-08B5FCA384AE,DUPLICATE_NAME_AFFILIATION
C-690,Government Medical College,College,Gujarat,Surat,,2020-21,UNVERIFIED,False,,1964,CEI-IN-840EE4A5596B,DUPLICATE_NAME_AFFILIATION
C-69007,MARUTHI COLLEGE OF NURSING,College,Karnataka,Bengaluru Rural,,2020-21,UNVERIFIED,False,,2021,CEI-IN-538D01303C66,DUPLICATE_NAME_AFFILIATION
C-69169,SUNRISE COLLEGE OF NURSING,College,Gujarat,Dahod,,2020-21,UNVERIFIED,False,,2022,CEI-IN-A21A3EF1D90B,DUPLICATE_NAME_AFFILIATION
C-6950,Rajiv Gandhi College of Education,College,Karnataka,Tumakuru,,2020-21,UNVERIFIED,False,,2004,CEI-IN-93CFD69C2D5F,DUPLICATE_NAME_AFFILIATION
C-69460,CHRIST ARTS AND SCIENCE COLLEGE,College,Puducherry,Puducherry,,2020-21,UNVERIFIED,False,,2022,CEI-IN-4C48BE027895,DUPLICATE_NAME_AFFILIATION
C-69676,IDEAL INSTITUTE OF NURSING,College,Maharashtra,Palghar,,2020-21,UNVERIFIED,False,,2019,CEI-IN-F982E97A2B72,DUPLICATE_NAME_AFFILIATION
C-6978,Akshaya College of Education,College,Karnataka,Tumakuru,,2020-21,UNVERIFIED,False,,2008,CEI-IN-1F4E73531EC9,DUPLICATE_NAME_AFFILIATION
C-69644,BHARTI COLLEGE OF PHARMACY,College,Rajasthan,Sikar,,2020-21,UNVERIFIED,False,,2022,CEI-IN-6F91BD556FEC,DUPLICATE_NAME_AFFILIATION
C-69935,INDIRA COLLEGE OF ALLIED HEALTH SCIENCES,College,Tamil Nadu,Thiruvallur,,2020-21,UNVERIFIED,False,,2022,CEI-IN-1846450212E3,DUPLICATE_NAME_AFFILIATION
C-69803,INSTITUTE OF PHARMACEUTICAL SCIENCES,College,Gujarat,Vadodara,,2020-21,UNVERIFIED,False,,2022,CEI-IN-2261AE7F3BC2,DUPLICATE_NAME_AFFILIATION
C-70239,ST XAVIERS DEGREE COLLEGE,College,Uttar Pradesh,Muzaffarnagar,,2020-21,UNVERIFIED,False,,-,CEI-IN-9BA17E00913F,DUPLICATE_NAME_AFFILIATION
C-70055,INSTITUTE OF MANAGEMENT STUDIES,College,Madhya Pradesh,Ashoknagar,,2020-21,UNVERIFIED,False,,2022,CEI-IN-37CFD079E7A9,DUPLICATE_NAME_AFFILIATION
C-7011,Divya College of Education,College,Karnataka,Tumakuru,,2020-21,UNVERIFIED,False,,2009,CEI-IN-00912980D4F9,DUPLICATE_NAME_AFFILIATION
C-70117,RAJEEV COLLEGE OF PHARMACY,College,Karnataka,Hassan,,2020-21,UNVERIFIED,False,,-,CEI-IN-B754B63B5BA2,DUPLICATE_NAME_AFFILIATION
C-70382,SAI COLLEGE OF NURSING,College,Odisha,Jajpur,,2020-21,UNVERIFIED,False,,2022,CEI-IN-0F8FCE294CF3,DUPLICATE_NAME_AFFILIATION
C-70822,BHARATH COLLEGE OF NURSING,College,Tamil Nadu,Thiruvarur,,2020-21,UNVERIFIED,False,,-,CEI-IN-5E85F3D430EC,DUPLICATE_NAME_AFFILIATION
C-71173,NATIONAL COLLEGE OF EDUCATION,College,Assam,Darrang,,2020-21,UNVERIFIED,False,,-,CEI-IN-ADD6341D7AD9,DUPLICATE_NAME_AFFILIATION
C-71153,PRATAP COLLEGE,College,Rajasthan,Sikar,,2020-21,UNVERIFIED,False,,2022,CEI-IN-E4D36C8628C8,DUPLICATE_NAME_AFFILIATION
C-71349,GURUKUL COLLEGE OF PHARMACY,College,Rajasthan,Didwana-Kuchaman,,2020-21,UNVERIFIED,False,,-,CEI-IN-B7B1CAAA406D,DUPLICATE_NAME_AFFILIATION
C-71523,COLLEGE OF PHARMACY,College,Bihar,Nalanda,,2020-21,UNVERIFIED,False,,2020,CEI-IN-DFA2660181E3,DUPLICATE_NAME_AFFILIATION
C-71601,SANSKAR COLLEGE,College,Rajasthan,Sikar,,2020-21,UNVERIFIED,False,,-,CEI-IN-FF7CC0488015,DUPLICATE_NAME_AFFILIATION
C-7135,Government College of Nursing,College,Gujarat,Bhavnagar,,2020-21,UNVERIFIED,False,,2010,CEI-IN-5D52E0580FF2,DUPLICATE_NAME_AFFILIATION
C-71674,VIJAYA COLLEGE OF NURSING,College,Andhra Pradesh,Kakinada,,2020-21,UNVERIFIED,False,,-,CEI-IN-E03F7238BA11,DUPLICATE_NAME_AFFILIATION
C-71788,SARASWATI NURSING COLLEGE,College,Gujarat,Banas Kantha,,2020-21,UNVERIFIED,False,,-,CEI-IN-250093F670FA,DUPLICATE_NAME_AFFILIATION
C-71795,OXFORD BUSINESS COLLEGE,College,Karnataka,Ballari,,2020-21,UNVERIFIED,False,,-,CEI-IN-FD41FDD4A61E,DUPLICATE_NAME_AFFILIATION
C-71910,SWAMI VIVEKANAND COLLEGE OF PHARMACY,College,Uttar Pradesh,Basti,,2020-21,UNVERIFIED,False,,-,CEI-IN-A2E7522B2347,DUPLICATE_NAME_AFFILIATION
C-71958,GOVERNMENT COLLEGE OF NURSING,College,West Bengal,Kalimpong,,2020-21,UNVERIFIED,False,,-,CEI-IN-AEC71046C868,DUPLICATE_NAME_AFFILIATION
C-72018,SARASWATI COLLEGE OF NURSING,College,Rajasthan,Jaipur (Gramin),,2020-21,UNVERIFIED,False,,-,CEI-IN-C1F895B70CB2,DUPLICATE_NAME_AFFILIATION
C-71844,MAHATMA GANDHI COLLEGE,College,Madhya Pradesh,Satna,,2020-21,UNVERIFIED,False,,-,CEI-IN-F16C484EB11E,DUPLICATE_NAME_AFFILIATION
C-72033,"SCHOOL OF ALLIED HEALTH SCIENCES, VMRFDU",College,Tamil Nadu,Chengalpattu,,2020-21,UNVERIFIED,False,,-,CEI-IN-FA2579C14CBF,DUPLICATE_NAME_AFFILIATION
C-72426,J P COLLEGE OF LAW,College,Bihar,Nalanda,,2020-21,UNVERIFIED,False,,-,CEI-IN-45B3524E001A,DUPLICATE_NAME_AFFILIATION
C-72443,SUN DEGREE COLLEGE,College,Telangana,Hyderabad,,2020-21,UNVERIFIED,False,,-,CEI-IN-023E429F4632,DUPLICATE_NAME_AFFILIATION
C-72585,GOVERNMENT MEDICAL COLLEGE,College,Madhya Pradesh,Datia,,2020-21,UNVERIFIED,False,,-,CEI-IN-73523A150CCC,DUPLICATE_NAME_AFFILIATION
C-72645,R P COLLEGE,College,Uttar Pradesh,Prayagraj,,2020-21,UNVERIFIED,False,,-,CEI-IN-4C8FD6F86B1B,DUPLICATE_NAME_AFFILIATION
C-7991,GOVT. LAW COLLEGE,College,Kerala,Kozhikode,,2020-21,UNVERIFIED,False,,1970,CEI-IN-A8F3EF62E813,DUPLICATE_NAME_AFFILIATION
C-8733,J.N. College,College,Bihar,Madhubani,,2020-21,UNVERIFIED,False,,1959,CEI-IN-D18B0BC67DD4,DUPLICATE_NAME_AFFILIATION
C-8074,NATIONAL COLLEGE OF PHARMACY,College,Kerala,Kozhikode,,2020-21,UNVERIFIED,False,,1996,CEI-IN-FE57037061FE,DUPLICATE_NAME_AFFILIATION
C-8754,Marwari College,College,Bihar,Darbhanga,,2020-21,UNVERIFIED,False,,1958,CEI-IN-6756F30CCF36,DUPLICATE_NAME_AFFILIATION
C-8777,Women's College,College,Bihar,Samastipur,,2020-21,UNVERIFIED,False,,1956,CEI-IN-B6142A7032D0,DUPLICATE_NAME_AFFILIATION
C-9430,Don Bosco College,College,Manipur,Senapati,,2020-21,UNVERIFIED,False,,2000,CEI-IN-6550A9EEFD16,DUPLICATE_NAME_AFFILIATION
C-9594,Government Law College,College,Tripura,West Tripura,,2020-21,UNVERIFIED,False,,1986,CEI-IN-F9BD424B1C8F,DUPLICATE_NAME_AFFILIATION
C-9590,College of Agriculture,College,Tripura,West Tripura,,2020-21,UNVERIFIED,False,,2007,CEI-IN-AAB676A9260D,DUPLICATE_NAME_AFFILIATION
C-9571,Women's College,College,Tripura,West Tripura,,2020-21,UNVERIFIED,False,,1965,CEI-IN-B798C5BA6DB5,DUPLICATE_NAME_AFFILIATION
C-9597,Institute of Advance Studies in Education,College,Tripura,West Tripura,,2020-21,UNVERIFIED,False,,1964,CEI-IN-35A5DE88D8C4,DUPLICATE_NAME_AFFILIATION
C-9541,Sri Venkateswara College of Arts & Science,College,Tamil Nadu,Dharmapuri,,2020-21,UNVERIFIED,False,,2010,CEI-IN-E1F0C24EF577,DUPLICATE_NAME_AFFILIATION
C-9600,College of Veterinary Science & Animal Husbandry,College,Tripura,West Tripura,,2020-21,UNVERIFIED,False,,2009,CEI-IN-A5197CA5E153,DUPLICATE_NAME_AFFILIATION
C-9536,Don Bosco College,College,Tamil Nadu,Dharmapuri,,2020-21,UNVERIFIED,False,,2007,CEI-IN-E774B7825AEB,DUPLICATE_NAME_AFFILIATION
S-14789,GEMS SCHOOL OF NURSING,Standalone,Bihar,Rohtas,,2020-21,UNVERIFIED,False,,2004,CEI-IN-1946F5825B50,DUPLICATE_NAME_AFFILIATION
S-20089,YAMUNA INSTITUTE OF NURSING,Standalone,Bihar,Begusarai,,2020-21,UNVERIFIED,False,,2018,CEI-IN-5491CDB43B4F,DUPLICATE_NAME_AFFILIATION
S-19744,INDIAN INSTITUTE OF TOURISM AND TRAVEL MANAGEMENT,Standalone,Goa,North Goa,,2020-21,UNVERIFIED,False,,1983,CEI-IN-399EAB5DF40A,DUPLICATE_NAME_AFFILIATION
S-20853,PEARL ACADEMY,Standalone,Delhi,South,,2020-21,UNVERIFIED,False,,-,CEI-IN-42388203378D,DUPLICATE_NAME_AFFILIATION
S-21671,SHIVAM COLLEGE OF EDUCATION,Standalone,Haryana,Bhiwani,,2020-21,UNVERIFIED,False,,2008,CEI-IN-1F604FB34876,DUPLICATE_NAME_AFFILIATION
S-20837,NALANDA NURSING INSTITUTE,Standalone,Gujarat,Rajkot,,2020-21,UNVERIFIED,False,,2021,CEI-IN-514C851E9E99,DUPLICATE_NAME_AFFILIATION
S-15133,KRISHNA NURSING INSTITUTE,Standalone,Gujarat,Morbi,,2020-21,UNVERIFIED,False,,2014,CEI-IN-A7D33E637DA5,DUPLICATE_NAME_AFFILIATION
S-15693,FLORENCE NIGHTINGALE SCHOOL OF NURSING,Standalone,Jammu and Kashmir,Kathua,,2020-21,UNVERIFIED,False,,2011,CEI-IN-C7FE01C634F2,DUPLICATE_NAME_AFFILIATION
S-20120,NATIONAL INSTITUTE OF FASHION TECHNOLOGY,Standalone,Jammu and Kashmir,Budgam,,2020-21,UNVERIFIED,False,,2013,CEI-IN-5A33E27E5BD4,DUPLICATE_NAME_AFFILIATION
S-18391,FOOD CRAFT INSTITUTE,Standalone,Jammu and Kashmir,Jammu,,2020-21,UNVERIFIED,False,,2008,CEI-IN-D2BA976F07D6,DUPLICATE_NAME_AFFILIATION
S-22379,SURYA NURSING COLLEGE,Standalone,Jharkhand,West Singhbhum,,2020-21,UNVERIFIED,False,,-,CEI-IN-EFC96E1AB9D8,DUPLICATE_NAME_AFFILIATION
S-21242,CITY COLLEGE,Standalone,Haryana,Mahendragarh,,2020-21,UNVERIFIED,False,,2007,CEI-IN-25B1EEAAA027,DUPLICATE_NAME_AFFILIATION
S-19260,MERCY SCHOOL OF NURSING,Standalone,Jharkhand,East Singhbum,,2020-21,UNVERIFIED,False,,2016,CEI-IN-26BBCB9729FB,DUPLICATE_NAME_AFFILIATION
S-22059,COLLEGE OF PHARMACEUTICAL SCIENCES,Standalone,Jharkhand,East Singhbum,,2020-21,UNVERIFIED,False,,-,CEI-IN-C87E8A7B462F,DUPLICATE_NAME_AFFILIATION
S-21948,SAI COLLEGE OF NURSING,Standalone,Jharkhand,Ranchi,,2020-21,UNVERIFIED,False,,-,CEI-IN-EA24778E7A00,DUPLICATE_NAME_AFFILIATION
S-21811,DISTRICT INSTITUTE OF EDUCATION AND TRAINING,Standalone,Jharkhand,Hazaribagh,,2020-21,UNVERIFIED,False,,-,CEI-IN-78DA3ABFD8C7,DUPLICATE_NAME_AFFILIATION
S-22596,INDIAN COLLEGE OF PHARMACY,Standalone,Jharkhand,Palamu,,2020-21,UNVERIFIED,False,,-,CEI-IN-0379A4DD705B,DUPLICATE_NAME_AFFILIATION
S-20812,PEARL ACADEMY,Standalone,Karnataka,Bengaluru Urban,,2020-21,UNVERIFIED,False,,-,CEI-IN-E5EC06E3F8CF,DUPLICATE_NAME_AFFILIATION
S-21450,MOTHER TERESA COLLEGE OF NURSING,Standalone,Jharkhand,Simdega,,2020-21,UNVERIFIED,False,,2022,CEI-IN-3E6CB2ED243F,DUPLICATE_NAME_AFFILIATION
S-19261,SHIVAM SCHOOL OF NURSING,Standalone,Jharkhand,Deoghar,,2020-21,UNVERIFIED,False,,2016,CEI-IN-1E6B3CE1B796,DUPLICATE_NAME_AFFILIATION
S-18925,SUNRISE COLLEGE OF PHARMACY,Standalone,Karnataka,Raichur,,2020-21,UNVERIFIED,False,,-,CEI-IN-5BE0EB8FEA18,DUPLICATE_NAME_AFFILIATION
S-18874,ORIENTAL COLLEGE OF PHARMACY,Standalone,Karnataka,Kalaburagi,,2020-21,UNVERIFIED,False,,2019,CEI-IN-A65D25737986,DUPLICATE_NAME_AFFILIATION
S-18924,S S COLLEGE OF PHARMACY,Standalone,Karnataka,Bengaluru Urban,,2020-21,UNVERIFIED,False,,2018,CEI-IN-AECC8447471B,DUPLICATE_NAME_AFFILIATION
S-16931,INDIAN COLLEGE OF PHARMACY,Standalone,Karnataka,Kalaburagi,,2020-21,UNVERIFIED,False,,2017,CEI-IN-D42B5922AC3D,DUPLICATE_NAME_AFFILIATION
S-18926,LOTUS COLLEGE OF PHARMACY,Standalone,Karnataka,Vijayapura,,2020-21,UNVERIFIED,False,,-,CEI-IN-60FAFF6777BD,DUPLICATE_NAME_AFFILIATION
S-18927,SARVODAYA COLLEGE OF PHARMACY,Standalone,Karnataka,Raichur,,2020-21,UNVERIFIED,False,,-,CEI-IN-2CE297323480,DUPLICATE_NAME_AFFILIATION
S-18530,CENTRAL INSTITUTE OF PETROCHEMICALS ENGINEERING AND TECHNOLOGY,Standalone,Karnataka,Mysuru,,2020-21,UNVERIFIED,False,,1991,CEI-IN-B0D7A724D883,DUPLICATE_NAME_AFFILIATION
S-14616,ARIES POLYTECHNIC COLLEGE,Standalone,Kerala,Palakkad,,2020-21,UNVERIFIED,False,,-,CEI-IN-10C44EB1AFB3,DUPLICATE_NAME_AFFILIATION
S-21600,INSTITUTE OF PHARMACEUTICAL SCIENCES,Standalone,Kerala,Ernakulam,,2020-21,UNVERIFIED,False,,1996,CEI-IN-A98A32AE0877,DUPLICATE_NAME_AFFILIATION
S-14893,XAVIER INSTITUTE OF MANAGEMENT AND ENTREPRENEURSHIP,Standalone,Kerala,Ernakulam,,2020-21,UNVERIFIED,False,,2013,CEI-IN-5D41BEDD7984,DUPLICATE_NAME_AFFILIATION
S-17337,BRIGHT COLLEGE OF EDUCATION,Standalone,Madhya Pradesh,Gwalior,,2020-21,UNVERIFIED,False,,-,CEI-IN-8A14A704149B,DUPLICATE_NAME_AFFILIATION
S-19741,CENTRAL INSTITUTE OF PETROCHEMICALS ENGINEERING AND TECHNOLOGY,Standalone,Madhya Pradesh,Gwalior,,2020-21,UNVERIFIED,False,,2016,CEI-IN-4ABBA29C5907,DUPLICATE_NAME_AFFILIATION
S-15228,Sanjeevani College of Nursing,Standalone,Madhya Pradesh,Neemuch,,2020-21,UNVERIFIED,False,,2021,CEI-IN-A22611EEDE52,DUPLICATE_NAME_AFFILIATION
S-174,INDIAN INSTITUTE OF TOURISM AND TRAVEL MANAGEMENT,Standalone,Madhya Pradesh,Gwalior,,2020-21,UNVERIFIED,False,,1983,CEI-IN-E3031B6820A6,DUPLICATE_NAME_AFFILIATION
S-18980,OXFORD COLLEGE OF MANAGEMENT,Standalone,Madhya Pradesh,Indore,,2020-21,UNVERIFIED,False,,-,CEI-IN-1AEA56A33712,DUPLICATE_NAME_AFFILIATION
S-20681,SAI SCHOOL OF NURSING,Standalone,Madhya Pradesh,Alirajpur,,2020-21,UNVERIFIED,False,,-,CEI-IN-FE25D9A768C5,DUPLICATE_NAME_AFFILIATION
S-15831,Bharat College of Education,Standalone,Madhya Pradesh,Datia,,2020-21,UNVERIFIED,False,,2014,CEI-IN-991799452E2C,DUPLICATE_NAME_AFFILIATION
S-21294,RAVI SHANKAR GLOBAL EDUCATION COLLEGE,Standalone,Madhya Pradesh,Bhind,,2020-21,UNVERIFIED,False,,2012,CEI-IN-CD234F30F97F,DUPLICATE_NAME_AFFILIATION
S-22000,OM COLLEGE OF NURSING,Standalone,Maharashtra,Raigad,,2020-21,UNVERIFIED,False,,-,CEI-IN-15CF181B6425,DUPLICATE_NAME_AFFILIATION
S-17743,INSTITUTE OF HOTEL MANAGEMENT CATERING TECHNOLOGY AND APPLIED NUTRITION,Standalone,Maharashtra,Mumbai,,2020-21,UNVERIFIED,False,,1954,CEI-IN-146099305CAE,DUPLICATE_NAME_AFFILIATION
S-20431,SWAMI VIVEKANAND INSTITUTE OF NURSING,Standalone,Maharashtra,Latur,,2020-21,UNVERIFIED,False,,2021,CEI-IN-4976726B6092,DUPLICATE_NAME_AFFILIATION
S-217,INTERNATIONAL SCHOOL OF BUSINESS AND MEDIA,Standalone,Maharashtra,Pune,,2020-21,UNVERIFIED,False,,2008,CEI-IN-EEF0C7CF2F54,DUPLICATE_NAME_AFFILIATION
S-17784,INSTITUTE OF HOTEL MANAGEMENT,Standalone,Meghalaya,East Khasi Hills,,2020-21,UNVERIFIED,False,,2000,CEI-IN-1FBCAA3F62DF,DUPLICATE_NAME_AFFILIATION
S-1716,CENTRAL INSTITUTE OF PETROCHEMICALS ENGINEERING & TECHNOLOGY (CIPET),Standalone,Maharashtra,Chhatrapati Sambhajinagar,,2020-21,UNVERIFIED,False,,2006,CEI-IN-5853612904B4,DUPLICATE_NAME_AFFILIATION
S-16690,International Management Institute,Standalone,Odisha,Khordha,,2020-21,UNVERIFIED,False,,2011,CEI-IN-27247E938FF8,DUPLICATE_NAME_AFFILIATION
S-7431,"DISTRICT INSTITUTE OF EDUCATION & TRAINING, SONEPUR",Standalone,Odisha,Sonepur,,2020-21,UNVERIFIED,False,,1972,CEI-IN-CF1251DE6B0A,DUPLICATE_NAME_AFFILIATION
S-22630,SUBHADRA DEVI SCHOOL OF NURSING,Standalone,Odisha,Khordha,,2020-21,UNVERIFIED,False,,-,CEI-IN-F4598A5D7A24,DUPLICATE_NAME_AFFILIATION
S-18215,INSTITUTE OF HOTEL MANAGEMENT CATERING TECHNOLOGY AND APPLIED NUTRITION,Standalone,Odisha,Khordha,,2020-21,UNVERIFIED,False,,1973,CEI-IN-59D5C5F34974,DUPLICATE_NAME_AFFILIATION
S-15892,UNIVERSAL COLLEGE OF NURSING,Standalone,Punjab,Jalandhar,,2020-21,UNVERIFIED,False,,2012,CEI-IN-A1F3C274AA3E,DUPLICATE_NAME_AFFILIATION
S-15944,KRISHNA COLLEGE OF NURSING,Standalone,Punjab,Mansa,,2020-21,UNVERIFIED,False,,2015,CEI-IN-A9CD99F45707,DUPLICATE_NAME_AFFILIATION
S-22403,BRIGHT SCHOOL OF NURSING,Standalone,Odisha,Khordha,,2020-21,UNVERIFIED,False,,-,CEI-IN-28BE3C942129,DUPLICATE_NAME_AFFILIATION
S-15686,SAI COLLEGE OF NURSING,Standalone,Punjab,Hoshiarpur,,2020-21,UNVERIFIED,False,,2011,CEI-IN-B56F9DB8B666,DUPLICATE_NAME_AFFILIATION
S-16201,Vinayaka College of Pharmacy,Standalone,Punjab,Sangrur,,2020-21,UNVERIFIED,False,,2016,CEI-IN-8F3FE4F39732,DUPLICATE_NAME_AFFILIATION
S-20251,SHREE RAM SCHOOL OF NURSING,Standalone,Odisha,Sundargarh,,2020-21,UNVERIFIED,False,,2019,CEI-IN-2DE9AC3BC8B1,DUPLICATE_NAME_AFFILIATION
S-18339,INSTITUTE OF HOTEL MANAGEMENT,Standalone,Punjab,Gurdaspur,,2020-21,UNVERIFIED,False,,1994,CEI-IN-FA063BE88708,DUPLICATE_NAME_AFFILIATION
S-20387,INSTITUTE OF NURSING AND PARAMEDICAL SCIENCES,Standalone,Odisha,Khordha,,2020-21,UNVERIFIED,False,,2014,CEI-IN-4386D6DA1E1B,DUPLICATE_NAME_AFFILIATION
S-20919,INSTITUTE OF HOTEL MANAGEMENT CATERING TECHNOLOGY AND APPLIED NUTRITION,Standalone,Punjab,Bathinda,,2020-21,UNVERIFIED,False,,2008,CEI-IN-7A0F970BE000,DUPLICATE_NAME_AFFILIATION
S-17575,BRILLIANT COLLEGE OF EDUCATION,Standalone,Punjab,Ferozepur,,2020-21,UNVERIFIED,False,,2012,CEI-IN-B9641AEB04B4,DUPLICATE_NAME_AFFILIATION
S-18356,SANJEEVNI INSTITUTE OF PARAMEDICAL SCIENCES,Standalone,Rajasthan,Jhalawar,,2020-21,UNVERIFIED,False,,2015,CEI-IN-8CD8C3EA3D5F,DUPLICATE_NAME_AFFILIATION
S-18263,INSTITUTE OF HOTEL MANAGEMENT CATERING TECHNOLOGY AND APPLIED NUTRITION,Standalone,Rajasthan,Jaipur,,2020-21,UNVERIFIED,False,,1975,CEI-IN-486408BF15A4,DUPLICATE_NAME_AFFILIATION
S-22042,R K INSTITUTE OF PARAMEDICAL SCIENCES,Standalone,Rajasthan,Jhunjhunu,,2020-21,UNVERIFIED,False,,-,CEI-IN-B5976506ED3F,DUPLICATE_NAME_AFFILIATION
S-19072,INSTITUTE OF HOTEL MANAGEMENT CATERING TECHNOLOGY AND APPLIED NUTRITION,Standalone,Sikkim,Gangtok,,2020-21,UNVERIFIED,False,,1990,CEI-IN-21E4277331D2,DUPLICATE_NAME_AFFILIATION
S-19373,SUNRISE INSTITUTE OF PARAMEDICAL SCIENCES,Standalone,Rajasthan,Udaipur,,2020-21,UNVERIFIED,False,,-,CEI-IN-9AC29B8A1382,DUPLICATE_NAME_AFFILIATION
S-16458,NOBLE COLLEGE OF PHARMACY,Standalone,Telangana,Medak,,2020-21,UNVERIFIED,False,,2008,CEI-IN-18CB4B8F9CA1,DUPLICATE_NAME_AFFILIATION
S-22313,CITY COLLEGE OF PHARMACY,Standalone,Uttarakhand,Haridwar,,2020-21,UNVERIFIED,False,,-,CEI-IN-95662F69EBCC,DUPLICATE_NAME_AFFILIATION
S-22571,ASHOKA SCHOOL OF BUSINESS,Standalone,Telangana,YADADRI BHUVANAGIRI,,2020-21,UNVERIFIED,False,,-,CEI-IN-8CDA50620C59,DUPLICATE_NAME_AFFILIATION
S-17668,ARIHANT COLLEGE OF PHARMACY,Standalone,Uttarakhand,Haridwar,,2020-21,UNVERIFIED,False,,-,CEI-IN-FE569767B58D,DUPLICATE_NAME_AFFILIATION
S-22877,LORD BUDDHA COLLEGE OF PHARMACY,Standalone,Uttar Pradesh,Bahraich,,2020-21,UNVERIFIED,False,,-,CEI-IN-1FDA6BC6AA77,DUPLICATE_NAME_AFFILIATION
S-15254,GURUKUL SCHOOL OF NURSING,Standalone,Uttar Pradesh,Moradabad,,2020-21,UNVERIFIED,False,,2014,CEI-IN-DB0895228EF7,DUPLICATE_NAME_AFFILIATION
S-18043,R B COLLEGE OF PHARMACY,Standalone,Uttar Pradesh,Agra,,2020-21,UNVERIFIED,False,,2018,CEI-IN-C843984EEED1,DUPLICATE_NAME_AFFILIATION
S-23040,BALAJI COLLEGE OF PHARMACY,Standalone,Uttar Pradesh,Kanpur Dehat,,2020-21,UNVERIFIED,False,,-,CEI-IN-F611AE7F549E,DUPLICATE_NAME_AFFILIATION
S-18658,SHREE RAM COLLEGE OF PHARMACY,Standalone,Uttar Pradesh,Meerut,,2020-21,UNVERIFIED,False,,2017,CEI-IN-816556595805,DUPLICATE_NAME_AFFILIATION
S-19879,BHARTIYA NURSING COLLEGE,Standalone,Uttar Pradesh,Amroha,,2020-21,UNVERIFIED,False,,-,CEI-IN-C9DF1BE4A2F7,DUPLICATE_NAME_AFFILIATION
S-19345,MAYO COLLEGE OF NURSING,Standalone,Uttar Pradesh,Ambedkar Nagar,,2020-21,UNVERIFIED,False,,2019,CEI-IN-451BDFE85F5C,DUPLICATE_NAME_AFFILIATION
S-402,INSTITUTE OF MANAGEMENT STUDIES,Standalone,Uttar Pradesh,Ghaziabad,,2020-21,UNVERIFIED,False,,1990,CEI-IN-933D459A7367,DUPLICATE_NAME_AFFILIATION
S-20215,SKG COLLEGE OF PHARMACY,Standalone,Uttar Pradesh,Mathura,,2020-21,UNVERIFIED,False,,-,CEI-IN-5292F0B2A9D7,DUPLICATE_NAME_AFFILIATION
S-19999,S S COLLEGE OF HIGHER EDUCATION,Standalone,Uttar Pradesh,Jalaun,,2020-21,UNVERIFIED,False,,2012,CEI-IN-01074A654012,DUPLICATE_NAME_AFFILIATION
S-19747,INDIAN INSTITUTE OF TOURISM AND TRAVEL MANAGEMENT,Standalone,Uttar Pradesh,Gautam Buddha Nagar,,2020-21,UNVERIFIED,False,,-,CEI-IN-3B08D2D3DF3F,DUPLICATE_NAME_AFFILIATION
S-21753,SHREE SAI COLLEGE OF PHARMACY,Standalone,Uttar Pradesh,Meerut,,2020-21,UNVERIFIED,False,,-,CEI-IN-0DDF4D4AEA0D,DUPLICATE_NAME_AFFILIATION
S-19044,SARVODAYA COLLEGE OF PHARMACY,Standalone,Uttar Pradesh,Baghpat,,2020-21,UNVERIFIED,False,,2019,CEI-IN-7982AB48F9F7,DUPLICATE_NAME_AFFILIATION
S-22083,KRISHNA COLLEGE OF PHARMACY,Standalone,Uttar Pradesh,Aligarh,,2020-21,UNVERIFIED,False,,-,CEI-IN-01FE51A01041,DUPLICATE_NAME_AFFILIATION
S-19982,B M COLLEGE OF PHARMACY,Standalone,Uttar Pradesh,Agra,,2020-21,UNVERIFIED,False,,-,CEI-IN-55DEDB02503B,DUPLICATE_NAME_AFFILIATION
S-23512,GANGA INSTITUTE OF EDUCATION,Standalone,Uttar Pradesh,Mahrajganj,,2020-21,UNVERIFIED,False,,-,CEI-IN-2B46C8792D10,DUPLICATE_NAME_AFFILIATION
S-22797,R S MEMORIAL COLLEGE OF PHARMACY,Standalone,Uttar Pradesh,Ambedkar Nagar,,2020-21,UNVERIFIED,False,,-,CEI-IN-B2DD18E7C5FD,DUPLICATE_NAME_AFFILIATION
S-23330,GURUKUL COLLEGE OF PHARMACY,Standalone,Uttar Pradesh,Ghazipur,,2020-21,UNVERIFIED,False,,-,CEI-IN-FBCBD74491AA,DUPLICATE_NAME_AFFILIATION
S-22580,SWAMI VIVEKANAND COLLEGE OF NURSING,Standalone,Uttar Pradesh,Farrukhabad,,2020-21,UNVERIFIED,False,,2022,CEI-IN-A0909E582AA8,DUPLICATE_NAME_AFFILIATION
S-22891,KRISHNA INSTITUTE OF HIGHER EDUCATION,Standalone,Uttar Pradesh,Meerut,,2020-21,UNVERIFIED,False,,-,CEI-IN-740680E51994,DUPLICATE_NAME_AFFILIATION
S-23197,SS INSTITUTE OF PHARMACY,Standalone,Uttar Pradesh,Hardoi,,2020-21,UNVERIFIED,False,,-,CEI-IN-2B234F10703B,DUPLICATE_NAME_AFFILIATION
S-15284,RAVI SCHOOL OF NURSING,Standalone,Uttar Pradesh,Agra,,2020-21,UNVERIFIED,False,,2013,CEI-IN-B8D8C53CF9F8,DUPLICATE_NAME_AFFILIATION
S-23689,RAS COLLEGE OF PHARMACY,Standalone,Uttar Pradesh,Jaunpur,,2020-21,UNVERIFIED,False,,-,CEI-IN-7412DF48DC40,DUPLICATE_NAME_AFFILIATION
S-17547,VIVEKANANDA COLLEGE OF POLYTECHNIC,Standalone,Uttar Pradesh,Aligarh,,2020-21,UNVERIFIED,False,,2017,CEI-IN-5B84C6DAC15A,DUPLICATE_NAME_AFFILIATION
S-23709,SAGAR PHARMACY COLLEGE,Standalone,Uttar Pradesh,Bara Banki,,2020-21,UNVERIFIED,False,,-,CEI-IN-02E37133408A,DUPLICATE_NAME_AFFILIATION
S-15209,DEV BHOOMI INSTITUTE OF POLYTECHNIC,Standalone,Uttar Pradesh,Saharanpur,,2020-21,UNVERIFIED,False,,2010,CEI-IN-CC8A630EC0CA,DUPLICATE_NAME_AFFILIATION
S-22091,UNITED COLLEGE OF PHARMACY,Standalone,Uttar Pradesh,Prayagraj,,2020-21,UNVERIFIED,False,,-,CEI-IN-5AD596599193,DUPLICATE_NAME_AFFILIATION
S-16923,DISTRICT INSTITUTE OF EDUCATION AND TRAINING,Standalone,West Bengal,Paschim Medinipur,,2020-21,UNVERIFIED,False,,2016,CEI-IN-2B3A74FEEC5C,DUPLICATE_NAME_AFFILIATION
S-21928,INDIRA SCHOOL OF NURSING,Standalone,West Bengal,North 24 Parganas,,2020-21,UNVERIFIED,False,,2022,CEI-IN-C670BEB803D6,DUPLICATE_NAME_AFFILIATION
S-23072,MOTHER TERESA PHARMACY COLLEGE,Standalone,West Bengal,Murshidabad,,2020-21,UNVERIFIED,False,,-,CEI-IN-E4A1F0EC1A5C,DUPLICATE_NAME_AFFILIATION
S-14904,Christ Institute of Management,Standalone,Uttar Pradesh,Ghaziabad,,2020-21,UNVERIFIED,False,,2014,CEI-IN-C16AE8F0C8DB,DUPLICATE_NAME_AFFILIATION
S-21999,RAJ COLLEGE OF PHARMACY,Standalone,Uttar Pradesh,Varanasi,,2020-21,UNVERIFIED,False,,-,CEI-IN-0ADB4D3EEB1D,DUPLICATE_NAME_AFFILIATION
S-21992,DISHA INSTITUTE OF PHARMACY,Standalone,West Bengal,Birbhum,,2020-21,UNVERIFIED,False,,-,CEI-IN-5483275FFD1E,DUPLICATE_NAME_AFFILIATION
S-15353,INDIAN INSTITUTE OF HANDLOOM TECHNOLOGY,Standalone,West Bengal,Nadia,,2020-21,UNVERIFIED,False,,2009,CEI-IN-F76D573FC42F,DUPLICATE_NAME_AFFILIATION
S-18340,INSTITUTE OF HOTEL MANAGEMENT CATERING TECHNOLOGY AND APPLIED NUTRITION,Standalone,West Bengal,South 24 Parganas,,2020-21,UNVERIFIED,False,,2016,CEI-IN-FF817AA4863C,DUPLICATE_NAME_AFFILIATION
S-23139,KRISHNA COLLEGE OF PHARMACY,Standalone,West Bengal,Nadia,,2020-21,UNVERIFIED,False,,-,CEI-IN-5ECFB5C3343C,DUPLICATE_NAME_AFFILIATION
S-21081,INSTITUTE OF PARAMEDICAL SCIENCES AND RESEARCH,Standalone,West Bengal,Murshidabad,,2020-21,UNVERIFIED,False,,2000,CEI-IN-1D25A0A69788,DUPLICATE_NAME_AFFILIATION
U-1186,AMITY UNIVERSITY,University,Punjab,S.A.S Nagar,,2020-21,UNVERIFIED,False,,2021,CEI-IN-BD63527E1FF5,DUPLICATE_NAME_AFFILIATION
U-0779,AMITY UNIVERSITY,University,West Bengal,North 24 Parganas,,2020-21,UNVERIFIED,False,,2015,CEI-IN-AEE6C54D834D,DUPLICATE_NAME_AFFILIATION
U-1219,IILM UNIVERSITY,University,Uttar Pradesh,Gautam Buddha Nagar,,2020-21,UNVERIFIED,False,,2022,CEI-IN-7FC1178E36F5,DUPLICATE_NAME_AFFILIATION
