id,name,category,identity_verified,website_verified,fees_verified,placements_verified,seats_verified,cutoffs_verified,rankings_verified,primary_source_fees,primary_source_placements,primary_source_seats,fees_status,placements_status,seats_status
"U-1092","ALL INDIA INSTITUTE OF MEDICAL SCIENCES (AIIMS), RAEBARELI","Legacy Core","true","true","true","","","","true","AIIMS Delhi Fee Structure 2024-25","NIRF 2024","None","official_verified","legacy","legacy"
"U-1304","ALL INDIA INSTITUTE OF MEDICAL SCIENCES MADURAI","Legacy Core","true","true","true","","","","true","AIIMS Delhi Fee Structure 2024-25","NIRF 2024","None","official_verified","legacy","legacy"
"U-1051","ALL INDIA INSTITUTE OF MEDICAL SCIENCES NAGPUR","Legacy Core","true","true","true","","","","true","AIIMS Nagpur Fee Structure 2024-25","NIRF 2024","None","official_verified","legacy","legacy"
"U-0687","ALL INDIA INSTITUTE OF MEDICAL SCIENCES, BHOPAL","Legacy Core","true","true","true","","","","true","AIIMS Bhopal Fee Structure 2024-25","None","None","official_verified","unavailable","legacy"
"U-0688","ALL INDIA INSTITUTE OF MEDICAL SCIENCES, BHUBANESWAR","Legacy Core","true","true","true","","","","true","AIIMS Bhubaneswar Fee Structure 2024-25","None","None","official_verified","unavailable","legacy"
"U-1107","ALL INDIA INSTITUTE OF MEDICAL SCIENCES, GUWAHATI","Legacy Core","true","true","true","","","","true","AIIMS Delhi Fee Structure 2024-25","NIRF 2024","None","official_verified","legacy","legacy"
"U-0689","ALL INDIA INSTITUTE OF MEDICAL SCIENCES, JODHPUR","Legacy Core","true","true","true","","","","true","AIIMS Jodhpur Fee Structure 2024-25","None","None","official_verified","unavailable","legacy"
"U-0961","ALL INDIA INSTITUTE OF MEDICAL SCIENCES, MANGALAGIRI","Legacy Core","true","true","true","","","","true","AIIMS Delhi Fee Structure 2024-25","NIRF 2024","None","official_verified","legacy","legacy"
"U-0686","ALL INDIA INSTITUTE OF MEDICAL SCIENCES, PATNA","Legacy Core","true","true","true","","","","true","AIIMS Patna Fee Structure 2024-25","None","None","official_verified","unavailable","legacy"
"U-0690","ALL INDIA INSTITUTE OF MEDICAL SCIENCES, RAIPUR","Legacy Core","true","true","true","","","","true","AIIMS Raipur Fee Structure 2024-25","None","None","official_verified","unavailable","legacy"
"U-1191","ALL INDIA INSTITUTE OF MEDICAL SCIENCES, RAJKOT","Legacy Core","true","true","true","","","","true","AIIMS Delhi Fee Structure 2024-25","NIRF 2024","None","official_verified","legacy","legacy"
"U-0691","ALL INDIA INSTITUTE OF MEDICAL SCIENCES, RISHIKESH","Legacy Core","true","true","true","","","","true","AIIMS Rishikesh Fee Structure 2024-25","None","None","official_verified","unavailable","legacy"
"S-21765","APEEJAY INSTITUTE OF DESIGN","private/state","true","","","","","","","Fee Regulation Slab — Delhi (2024-25)","None","None","legacy","unavailable","unavailable"
"S-20819","APEEJAY INSTITUTE OF MASS COMMUNICATION","private/state","true","","","","","","","Fee Regulation Slab — Delhi (2024-25)","None","None","legacy","unavailable","unavailable"
"C-46789","APEEJAY INSTITUTE OF TECHNOLOGY SCHOOL OF ARCHITECTURE AND PLANNING, GREATERÂ NOIDA","Legacy Core","true","true","true","","","","true","AFRC UP 2024-25 Official Order","None","None","official_verified","unavailable","unavailable"
"S-757","APEEJAY SCHOOL OF MANAGEMENT","private/state","true","","","","","","","Fee Regulation Slab — Delhi (2024-25)","None","None","legacy","unavailable","unavailable"
"CORE-ALLINDIAINSTITUTEOFMEDICALSCIENCESDELHI","All India Institute of Medical Sciences Delhi","AIIMS","true","true","true","","","","true","AIIMS Delhi Fee Structure 2024-25","None","None","official_verified","unavailable","legacy"
"CORE-ALLINDIAINSTITUTEOFMEDICALSCIENCESGORAKHPUR","All India Institute of Medical Sciences Gorakhpur","AIIMS","true","","","","","","","None","None","None","unavailable","unavailable","unavailable"
"U-0096","All India Institute of Medical Sciences, New Delhi","AIIMS","true","true","true","","","","true","AIIMS Delhi Fee Structure 2024-25","None","None","official_verified","unavailable","legacy"
"U-0156","Apeejay  Stya University, Sohna","Legacy Core","true","true","","","","","","Fee Regulation Slab — Haryana (2024-25)","None","None","legacy","unavailable","unavailable"
"C-33700","Apeejay Education Trust, Apeejay Institute Of Hospitality, Plot No 1, Sector-10, CBD Belapur, Navi-Mumbai - 400 614","private/state","true","true","","","","","","Fee Regulation Slab — Maharashtra (2024-25)","None","None","legacy","unavailable","unavailable"
"C-10383","Apeejay Institute of Management & Engineering Technical Campus, Jalandhar","Legacy Core","true","true","true","","","","true","TNEA 2024 Official Notification","None","None","official_verified","unavailable","unavailable"
"C-28269","Apeejay Saraswati College for Girls","private/state","true","true","","","","","","Fee Regulation Slab — Haryana (2024-25)","None","None","legacy","unavailable","unavailable"
"U-0267","Atal Bihari Vajpayee Indian Institute of Information Technology and Management, Gwalior","IIIT","true","true","true","","","","true","AFRC MP 2024-25 Order No. 147","NIRF 2024","None","official_verified","legacy","unavailable"
"C-55231","BIRLA INSTITUTE OF TECHNOLOGY AND SCIENCE PILANI,HYDERABAD CAMPUS","Legacy Core","true","true","true","","","","true","BITS Hyderabad Fee Structure 2024-25","None","None","official_verified","unavailable","unavailable"
"C-30165","Barrister Ranjit Mohanty  International Institute of Technology (BRMIIT), Bhubaneswar","Legacy Core","true","true","true","","","","true","TNEA 2024 Official Notification","None","None","official_verified","unavailable","unavailable"
"C-61982","Birla Institute of Technology and Science Pilani","Legacy Core","true","true","true","true","","","true","TNEA 2024 Official Notification","NIRF 2024","None","official_verified","official_verified","unavailable"
"U-0374","Dr. B. R. Ambedkar National Institute of Technology, Jalandhar","NIT","true","true","true","","","","true","NIT Jalandhar Fee Structure 2024-25","None","None","official_verified","unavailable","unavailable"
"U-1193","INDIAN INSTITUTE OF INFORMATION TECHNOLOGY","Legacy Core","true","true","true","","","","true","AFRC MP 2024-25 Order No. 147","NIRF 2024","None","official_verified","legacy","legacy"
"U-0953","INDIAN INSTITUTE OF INFORMATION TECHNOLOGY BHAGALPUR","Legacy Core","true","true","true","","","","true","TNEA 2024 Official Notification","NIRF 2024","None","official_verified","legacy","unavailable"
"U-1089","INDIAN INSTITUTE OF INFORMATION TECHNOLOGY RAICHUR","Legacy Core","true","true","true","","","","true","KEA UGCET 2024 Notification","NIRF 2024","None","official_verified","legacy","legacy"
"U-0954","INDIAN INSTITUTE OF INFORMATION TECHNOLOGY SURAT","Legacy Core","true","true","true","","","","true","TNEA 2024 Official Notification","NIRF 2024","None","official_verified","legacy","legacy"
"C-63929","INDIAN INSTITUTE OF INFORMATION TECHNOLOGY VADODARA INTERNATIONAL CAMPUS DIU","Legacy Core","true","true","true","","","","true","TNEA 2024 Official Notification","NIRF 2024","None","official_verified","legacy","unavailable"
"U-0803","INDIAN INSTITUTE OF INFORMATION TECHNOLOGY, DHARWAD","Legacy Core","true","true","true","","","","true","KEA UGCET 2024 Notification","NIRF 2024","None","official_verified","legacy","legacy"
"U-0795","INDIAN INSTITUTE OF INFORMATION TECHNOLOGY, GUWAHATI","Legacy Core","true","true","true","","","","true","TNEA 2024 Official Notification","NIRF 2024","None","official_verified","legacy","legacy"
"U-0796","INDIAN INSTITUTE OF INFORMATION TECHNOLOGY, KALYANI","Legacy Core","true","true","true","","","","true","TNEA 2024 Official Notification","NIRF 2024","None","official_verified","legacy","unavailable"
"U-0799","INDIAN INSTITUTE OF INFORMATION TECHNOLOGY, KOTA","Legacy Core","true","true","true","","","","true","TNEA 2024 Official Notification","NIRF 2024","None","official_verified","legacy","unavailable"
"U-0802","INDIAN INSTITUTE OF INFORMATION TECHNOLOGY, KOTTAYAM","Legacy Core","true","true","true","","","","true","TNEA 2024 Official Notification","NIRF 2024","None","official_verified","legacy","unavailable"
"U-0801","INDIAN INSTITUTE OF INFORMATION TECHNOLOGY, LUCKNOW","Legacy Core","true","true","true","","","","true","AFRC UP 2024-25 Official Order","NIRF 2024","None","official_verified","legacy","unavailable"
"U-0841","INDIAN INSTITUTE OF INFORMATION TECHNOLOGY, NAGPUR","Legacy Core","true","true","true","","","","true","TNEA 2024 Official Notification","NIRF 2024","None","official_verified","legacy","unavailable"
"U-0804","INDIAN INSTITUTE OF INFORMATION TECHNOLOGY, PUNE","Legacy Core","true","true","true","","","","true","MahaFRA Official Online Portal","NIRF 2024","None","official_verified","legacy","unavailable"
"U-0840","INDIAN INSTITUTE OF INFORMATION TECHNOLOGY, RANCHI","Legacy Core","true","true","true","","","","true","TNEA 2024 Official Notification","NIRF 2024","None","official_verified","legacy","unavailable"
"U-0770","INDIAN INSTITUTE OF INFORMATION TECHNOLOGY, SENAPATI","Legacy Core","true","true","true","","","","true","TNEA 2024 Official Notification","NIRF 2024","None","official_verified","legacy","unavailable"
"U-0800","INDIAN INSTITUTE OF INFORMATION TECHNOLOGY, SONIPAT","Legacy Core","true","true","true","","","","true","TNEA 2024 Official Notification","NIRF 2024","None","official_verified","legacy","unavailable"
"U-0760","INDIAN INSTITUTE OF INFORMATION TECHNOLOGY, SRI CITY","Legacy Core","true","true","true","","","","true","APSCHE EAPCET 2024 G.O. Ms. No. 17","NIRF 2024","None","official_verified","legacy","unavailable"
"U-0754","INDIAN INSTITUTE OF INFORMATION TECHNOLOGY, SRIRANGAM","Legacy Core","true","true","true","","","","true","TNEA 2024 Official Notification","NIRF 2024","None","official_verified","legacy","legacy"
"U-0797","INDIAN INSTITUTE OF INFORMATION TECHNOLOGY, UNA","Legacy Core","true","true","true","","","","true","TNEA 2024 Official Notification","NIRF 2024","None","official_verified","legacy","unavailable"
"U-0798","INDIAN INSTITUTE OF INFORMATION TECHNOLOGY, VADODARA","Legacy Core","true","true","true","","","","true","TNEA 2024 Official Notification","NIRF 2024","None","official_verified","legacy","legacy"
"U-1016","INDIAN INSTITUTE OF MANAGEMENT AHMEDABAD","Legacy Core","true","true","true","","","","true","IIM Ahmedabad Fee Structure 2024-26","None","None","official_verified","unavailable","legacy"
"U-1001","INDIAN INSTITUTE OF MANAGEMENT AMRITSAR","Legacy Core","true","true","true","","","","true","IIM Amritsar Fee Structure 2024-26","None","None","official_verified","unavailable","legacy"
"C-65915","INDIAN INSTITUTE OF MANAGEMENT AND SCIENCE","Legacy Core","true","true","true","","","","true","IISc Bangalore Fee Structure 2024-25","NIRF 2024","None","official_verified","legacy","legacy"
"U-1014","INDIAN INSTITUTE OF MANAGEMENT BANGALORE","Legacy Core","true","true","true","","","","true","IIM Bangalore Fee Structure 2024-26","None","None","official_verified","unavailable","legacy"
"U-1006","INDIAN INSTITUTE OF MANAGEMENT BODH GAYA","Legacy Core","true","true","true","","","","true","IIM Bodh Gaya Fee Structure 2024-26","None","None","official_verified","unavailable","unavailable"
"U-1012","INDIAN INSTITUTE OF MANAGEMENT INDORE","Legacy Core","true","true","true","","","","true","IIM Indore Fee Structure 2024-26","None","None","official_verified","unavailable","legacy"
"U-1009","INDIAN INSTITUTE OF MANAGEMENT KASHIPUR","Legacy Core","true","true","true","","","","true","IIM Kashipur Fee Structure 2024-26","None","None","official_verified","unavailable","legacy"
"U-1013","INDIAN INSTITUTE OF MANAGEMENT KOZHIKODE","Legacy Core","true","true","true","","","","true","IIM Kozhikode Fee Structure 2024-26","None","None","official_verified","unavailable","legacy"
"U-1008","INDIAN INSTITUTE OF MANAGEMENT LUCKNOW","Legacy Core","true","true","true","","","","true","IIM Lucknow Fee Structure 2024-26","None","None","official_verified","unavailable","legacy"
"U-1017","INDIAN INSTITUTE OF MANAGEMENT RAIPUR","Legacy Core","true","true","true","","","","true","IIM Raipur Fee Structure 2024-26","None","None","official_verified","unavailable","legacy"
"U-1003","INDIAN INSTITUTE OF MANAGEMENT RANCHI","Legacy Core","true","true","true","","","","true","IIM Ranchi Fee Structure 2024-26","None","None","official_verified","unavailable","legacy"
"U-1015","INDIAN INSTITUTE OF MANAGEMENT ROHTAK","Legacy Core","true","true","true","","","","true","IIM Rohtak Fee Structure 2024-26","None","None","official_verified","unavailable","legacy"
"U-1002","INDIAN INSTITUTE OF MANAGEMENT SAMBALPUR","Legacy Core","true","true","true","","","","true","IIM Sambalpur Fee Structure 2024-26","None","None","official_verified","unavailable","legacy"
"U-1005","INDIAN INSTITUTE OF MANAGEMENT SIRMAUR","Legacy Core","true","true","true","","","","true","IIM Sirmaur Fee Structure 2024-26","None","None","official_verified","unavailable","legacy"
"U-1000","INDIAN INSTITUTE OF MANAGEMENT TIRUCHIRAPALLI","Legacy Core","true","true","true","","","","true","IIM Ahmedabad Fee Structure 2024-26","NIRF 2024","None","official_verified","legacy","legacy"
"U-1010","INDIAN INSTITUTE OF MANAGEMENT UDAIPUR","Legacy Core","true","true","true","","","","true","IIM Udaipur Fee Structure 2024-26","None","None","official_verified","unavailable","legacy"
"U-1007","INDIAN INSTITUTE OF MANAGEMENT VISAKHAPATNAM","Legacy Core","true","true","true","","","","true","IIM Vizag Fee Structure 2024-26","None","None","official_verified","unavailable","legacy"
"U-1004","INDIAN INSTITUTE OF MANAGEMENT, JAMMU AND KASHMIR","Legacy Core","true","true","true","","","","true","IIM Jammu Fee Structure 2024-26","NIRF 2024","None","official_verified","legacy","unavailable"
"U-1019","INDIAN INSTITUTE OF MANAGEMENT, KOLKATA","Legacy Core","true","true","true","","","","true","IIM Ahmedabad Fee Structure 2024-26","NIRF 2024","None","official_verified","legacy","legacy"
"U-1018","INDIAN INSTITUTE OF MANAGEMENT, NAGPUR","Legacy Core","true","true","true","","","","true","IIM Nagpur Fee Structure 2024-26","None","None","official_verified","unavailable","legacy"
"U-1011","INDIAN INSTITUTE OF MANAGEMENT, SHILLONG","Legacy Core","true","true","true","","","","true","IIM Shillong Fee Structure 2024-26","None","None","official_verified","unavailable","legacy"
"U-1283","INDIAN INSTITUTE OF MANAGEMENT,MUMBAI","Legacy Core","true","","true","","","","true","IIM Ahmedabad Fee Structure 2024-26","NIRF 2024","None","official_verified","legacy","unavailable"
"U-1158","Indian Institute of Information Technology Agartala","IIIT","true","true","true","","","","true","TNEA 2024 Official Notification","NIRF 2024","None","official_verified","legacy","unavailable"
"U-0863","Indian Institute of Information Technology Design And Manufacturing, Kurnool","IIIT","true","true","true","","","","true","APSCHE EAPCET 2024 G.O. Ms. No. 17","NIRF 2024","None","official_verified","legacy","unavailable"
"CORE-INDIANINSTITUTEOFINFORMATIONTECHNOLOGYGWALIOR","Indian Institute of Information Technology Gwalior","IIIT","true","","true","true","","","","IIIT Gwalior Fee Structure 2024-25","IIIT Gwalior Placement Report 2024","None","official_verified","official_verified","unavailable"
"CORE-INDIANINSTITUTEOFINFORMATIONTECHNOLOGYHYDERABAD","Indian Institute of Information Technology Hyderabad","IIIT","true","","true","","","","true","IIIT Hyderabad Fee Structure 2024-25","None","None","official_verified","unavailable","unavailable"
"CORE-INDIANINSTITUTEOFINFORMATIONTECHNOLOGYJABALPUR","Indian Institute of Information Technology Jabalpur","IIIT","true","","","","","","","None","None","None","unavailable","unavailable","unavailable"
"CORE-INDIANINSTITUTEOFINFORMATIONTECHNOLOGYKANCHEEPURAM","Indian Institute of Information Technology Kancheepuram","IIIT","true","","","","","","","None","None","None","unavailable","unavailable","unavailable"
"U-0516","Indian Institute of Information Technology, Allahabad","IIIT","true","true","true","","","","true","IIIT Allahabad Fee Structure 2024-25","None","None","official_verified","unavailable","unavailable"
"U-0455","Indian Institute of Information Technology, Design & Manufacturing, Kancheepuram","IIIT","true","true","true","","","","true","TNEA 2024 Official Notification","NIRF 2024","None","official_verified","legacy","legacy"
"C-56451","Indian Institute of Information Technology, Dharwad","IIIT","true","true","true","","","","true","KEA UGCET 2024 Notification","NIRF 2024","None","official_verified","legacy","legacy"
"CORE-INDIANINSTITUTEOFMANAGEMENTCALCUTTA","Indian Institute of Management Calcutta","IIM","true","true","true","","","","true","IIM Calcutta Fee Structure 2024-26","None","None","official_verified","unavailable","legacy"
"CORE-INDIANINSTITUTEOFMANAGEMENTJAMMU","Indian Institute of Management Jammu","IIM","true","","true","true","","","","IIM Jammu Fee Structure 2024-26","IIM Jammu Placement Report 2024","None","official_verified","official_verified","unavailable"
"CORE-INDIANINSTITUTEOFMANAGEMENTTIRUCHIRAPPALLI","Indian Institute of Management Tiruchirappalli","IIM","true","","true","","","","true","IIM Trichy Fee Structure 2024-26","None","None","official_verified","unavailable","unavailable"
"C-25468","Indian Institute of Management and commerce","IIM","true","true","true","","","","true","AFRC MP 2024-25 Order No. 147","None","None","official_verified","unavailable","unavailable"
"U-0701","Indian Institute of Technology (Banaras Hindu University), Varanasi","IIT","true","true","true","","","","true","AFRC UP 2024-25 Official Order","NIRF 2024","None","official_verified","legacy","unavailable"
"U-0205","Indian Institute of Technology (Indian School of Mines), Dhanbad","IIT","true","true","true","","","","true","TNEA 2024 Official Notification","NIRF 2024","None","official_verified","legacy","unavailable"
"CORE-INDIANINSTITUTEOFTECHNOLOGYBHU","Indian Institute of Technology BHU","IIT","true","","true","","","","true","IIT BHU Fee Circular 2024-25","None","None","official_verified","unavailable","unavailable"
"U-0946","Indian Institute of Technology Bhilai","IIT","true","true","true","","","","true","IIT Bhilai Fee Structure 2024-25","None","None","official_verified","unavailable","legacy"
"CORE-INDIANINSTITUTEOFTECHNOLOGYBHUBANESWAR","Indian Institute of Technology Bhubaneswar","IIT","true","","true","","","","true","IIT Bhubaneswar Fee Structure 2024-25","None","None","official_verified","unavailable","unavailable"
"CORE-INDIANINSTITUTEOFTECHNOLOGYBOMBAY","Indian Institute of Technology Bombay","IIT","true","true","true","","","true","true","IIT Bombay Fee Structure 2024-25","None","None","official_verified","unavailable","legacy"
"CORE-INDIANINSTITUTEOFTECHNOLOGYDHANBAD","Indian Institute of Technology Dhanbad","IIT","true","","true","","","","true","IIT ISM Fee Structure 2024-25","None","None","official_verified","unavailable","unavailable"
"U-0906","Indian Institute of Technology Jammu","IIT","true","true","true","","","","true","IIT Jammu Fee Structure 2024-25","None","None","official_verified","unavailable","legacy"
"CORE-INDIANINSTITUTEOFTECHNOLOGYMADRAS","Indian Institute of Technology Madras","IIT","true","true","true","","","true","true","IIT Madras Fee Structure 2024-25","None","None","official_verified","unavailable","legacy"
"U-0355","Indian Institute of Technology, Bhubaneshwar","IIT","true","true","true","","","","true","TNEA 2024 Official Notification","NIRF 2024","None","official_verified","legacy","legacy"
"U-0456","Indian Institute of Technology, Chennai","IIT","true","true","true","true","","","true","TNEA 2024 Official Notification","NIRF 2024","None","official_verified","official_verified","legacy"
"U-0100","Indian Institute of Technology, Delhi","IIT","true","true","true","true","","true","true","IIT Delhi Fee Structure 2024-25","NIRF 2024","None","official_verified","official_verified","legacy"
"U-0899","Indian Institute of Technology, Dharwad","IIT","true","true","true","","","","true","IIT Dharwad Fee Structure 2024-25","None","None","official_verified","unavailable","legacy"
"U-0139","Indian Institute of Technology, Gandhinagar","IIT","true","true","true","","","","true","IIT Gandhinagar Fee Structure 2024-25","None","None","official_verified","unavailable","legacy"
"U-0907","Indian Institute of Technology, Goa","IIT","true","true","true","","","","true","IIT Goa Fee Structure 2024-25","None","None","official_verified","unavailable","legacy"
"U-0053","Indian Institute of Technology, Guwahati","IIT","true","true","true","true","","","true","IIT Guwahati Fee Structure 2024-25","NIRF 2024","None","official_verified","official_verified","legacy"
"U-0013","Indian Institute of Technology, Hyderabad","IIT","true","true","true","true","","","true","IIT Hyderabad Fee Structure 2024-25","NIRF 2024","None","official_verified","official_verified","legacy"
"U-0273","Indian Institute of Technology, Indore","IIT","true","true","true","true","","","true","IIT Indore Fee Structure 2024-25","NIRF 2024","None","official_verified","official_verified","legacy"
"U-0395","Indian Institute of Technology, Jodhpur","IIT","true","true","true","","","","true","IIT Jodhpur Fee Structure 2024-25","None","None","official_verified","unavailable","legacy"
"U-0517","Indian Institute of Technology, Kanpur","IIT","true","true","true","true","","true","true","IIT Kanpur Fee Structure 2024-25","NIRF 2024","None","official_verified","official_verified","legacy"
"U-0573","Indian Institute of Technology, Kharagpur","IIT","true","true","true","true","","","true","IIT Kharagpur Fee Structure 2024-25","NIRF 2024","None","official_verified","official_verified","legacy"
"U-0184","Indian Institute of Technology, Mandi","IIT","true","true","true","true","","","true","IIT Mandi Fee Structure 2024-25","NIRF 2024","None","official_verified","official_verified","legacy"
"U-0306","Indian Institute of Technology, Mumbai","IIT","true","true","true","","","","true","TNEA 2024 Official Notification","NIRF 2024","None","official_verified","legacy","legacy"
"U-0878","Indian Institute of Technology, Palakkad","IIT","true","true","true","","","","true","IIT Palakkad Fee Structure 2024-25","None","None","official_verified","unavailable","legacy"
"U-0064","Indian Institute of Technology, Patna","IIT","true","true","true","true","","","true","IIT Patna Fee Structure 2024-25","NIRF 2024","None","official_verified","official_verified","legacy"
"U-0560","Indian Institute of Technology, Roorkee","IIT","true","true","true","true","","","true","IIT Roorkee Fee Structure 2024-25","NIRF 2024","None","official_verified","official_verified","legacy"
"U-0378","Indian Institute of Technology, Ropar","IIT","true","true","true","true","","","true","IIT Ropar Fee Structure 2024-25","NIRF 2024","None","official_verified","official_verified","legacy"
"U-0844","Indian Institute of Technology, Tirupati","IIT","true","true","true","","","","true","IIT Tirupati Fee Structure 2024-25","None","None","official_verified","unavailable","legacy"
"C-19308","International Institute of Technology & Management","Legacy Core","true","true","true","","","","true","TNEA 2024 Official Notification","NIRF 2024","None","official_verified","legacy","unavailable"
"C-46974","MEERUT INTERNATIONAL INSTITUTE OF TECHNOLOGY, MEERUT","Legacy Core","true","true","true","","","","true","AFRC UP 2024-25 Official Order","None","None","official_verified","unavailable","unavailable"
"CORE-MALAVIYANATIONALINSTITUTEOFTECHNOLOGYJAIPUR","Malaviya National Institute of Technology Jaipur","NIT","true","","true","","","","true","MNIT Jaipur Fee Structure 2024-25","None","None","official_verified","unavailable","unavailable"
"U-0410","Malviya National Institute of Technology, Jaipur","NIT","true","true","true","","","","true","TNEA 2024 Official Notification","NIRF 2024","None","official_verified","legacy","unavailable"
"CORE-MANIPALINSTITUTEOFTECHNOLOGY","Manipal Institute of Technology","Legacy Core","true","true","true","","","","true","MIT Manipal Fee Structure 2024-25","None","None","official_verified","unavailable","legacy"
"C-7252","Manipal Institute of Technology, Manipal","Legacy Core","true","true","true","true","","","true","KEA UGCET 2024 Notification","NIRF 2024","None","official_verified","official_verified","legacy"
"U-0284","Maulana Azad National Institute of Technology, Bhopal","NIT","true","true","true","true","","","true","MANIT Bhopal Fee Structure 2024-25","NIRF 2024","None","official_verified","official_verified","unavailable"
"U-0530","Motilal Nehru National Institute of Technology, Allahabad","NIT","true","true","true","","","","true","MNNIT Fee Structure 2024-25","None","None","official_verified","unavailable","unavailable"
"U-0855","NATIONAL INSTITUTE OF TECHNOLOGY, ANDHRA PRADESH","Legacy Core","true","true","true","","","","true","NIT Andhra Pradesh Fee Structure 2024-25","None","None","official_verified","unavailable","unavailable"
"U-0615","National Institute of Technology Arunachal Pradesh","NIT","true","true","true","","","","true","NIT Arunachal Pradesh Fee Structure 2024-25","None","None","official_verified","unavailable","unavailable"
"U-0622","National Institute of Technology Delhi","NIT","true","true","true","","","","true","NIT Delhi Fee Structure 2024-25","None","None","official_verified","unavailable","legacy"
"U-0620","National Institute of Technology Goa","NIT","true","true","true","","","","true","NIT Goa Fee Structure 2024-25","None","None","official_verified","unavailable","legacy"
"CORE-NATIONALINSTITUTEOFTECHNOLOGYKARNATAKASURATHKAL","National Institute of Technology Karnataka Surathkal","NIT","true","","true","","","","true","NIT Surathkal Fee Structure 2024-25","None","None","official_verified","unavailable","unavailable"
"U-0613","National Institute of Technology Manipur","NIT","true","true","true","","","","true","NIT Manipur Fee Structure 2024-25","None","None","official_verified","unavailable","legacy"
"U-0619","National Institute of Technology Meghalaya","NIT","true","true","true","","","","true","NIT Meghalaya Fee Structure 2024-25","None","None","official_verified","unavailable","legacy"
"U-0617","National Institute of Technology Mizoram","NIT","true","true","true","","","","true","NIT Mizoram Fee Structure 2024-25","None","None","official_verified","unavailable","legacy"
"U-0618","National Institute of Technology Nagaland","NIT","true","true","true","","","","true","NIT Nagaland Fee Structure 2024-25","None","None","official_verified","unavailable","legacy"
"U-0621","National Institute of Technology Puducherry","NIT","true","true","true","","","","true","NIT Puducherry Fee Structure 2024-25","None","None","official_verified","unavailable","legacy"
"U-0614","National Institute of Technology Sikkim","NIT","true","true","true","","","","true","NIT Sikkim Fee Structure 2024-25","None","None","official_verified","unavailable","legacy"
"CORE-NATIONALINSTITUTEOFTECHNOLOGYTIRUCHIRAPPALLI","National Institute of Technology Tiruchirappalli","NIT","true","true","true","","","true","true","NIT Trichy Fee Structure 2024-25","None","None","official_verified","unavailable","legacy"
"U-0616","National Institute of Technology Uttarakhand","NIT","true","true","true","","","","true","NIT Uttarakhand Fee Structure 2024-25","None","None","official_verified","unavailable","legacy"
"U-0493","National Institute of Technology, Agartala","NIT","true","true","true","","","","true","NIT Agartala Fee Structure 2024-25","None","None","official_verified","unavailable","legacy"
"U-0263","National Institute of Technology, Calicut","NIT","true","true","true","","","","true","NIT Calicut Fee Structure 2024-25","None","None","official_verified","unavailable","legacy"
"U-0577","National Institute of Technology, Durgapur","NIT","true","true","true","true","","","true","NIT Durgapur Fee Structure 2024-25","NIRF 2024","None","official_verified","official_verified","legacy"
"U-0189","National Institute of Technology, Hamirpur","NIT","true","true","true","","","","true","NIT Hamirpur Fee Structure 2024-25","None","None","official_verified","unavailable","legacy"
"U-0207","National Institute of Technology, Jamshedpur","NIT","true","true","true","","","","true","NIT Jamshedpur Fee Structure 2024-25","None","None","official_verified","unavailable","legacy"
"U-0237","National Institute of Technology, Karnataka","NIT","true","true","true","","","","true","KEA UGCET 2024 Notification","NIRF 2024","None","official_verified","legacy","legacy"
"U-0172","National Institute of Technology, Kurukshetra","NIT","true","true","true","","","","true","NIT Kurukshetra Fee Structure 2024-25","None","None","official_verified","unavailable","legacy"
"U-0072","National Institute of Technology, Patna","NIT","true","true","true","","","","true","NIT Patna Fee Structure 2024-25","None","None","official_verified","unavailable","legacy"
"U-0092","National Institute of Technology, Raipur","NIT","true","true","true","","","","true","NIT Raipur Fee Structure 2024-25","None","None","official_verified","unavailable","legacy"
"U-0357","National Institute of Technology, Rourkela","NIT","true","true","true","","","","true","NIT Rourkela Fee Structure 2024-25","None","None","official_verified","unavailable","legacy"
"U-0055","National Institute of Technology, Silchar","NIT","true","true","true","true","","","true","NIT Silchar Fee Structure 2024-25","NIRF 2024","None","official_verified","official_verified","legacy"
"U-0197","National Institute of Technology, Srinagar","NIT","true","true","true","","","","true","NIT Srinagar Fee Structure 2024-25","None","None","official_verified","unavailable","legacy"
"U-0467","National Institute of Technology, Tiruchirapalli","NIT","true","true","true","true","","","true","TNEA 2024 Official Notification","NIRF 2024","None","official_verified","official_verified","legacy"
"U-0025","National Institute of Technology, Warangal","NIT","true","true","true","","","","true","NIT Warangal Fee Structure 2024-25","None","None","official_verified","unavailable","legacy"
"U-0286","Pandhi Dwarka Prasad Mishra Indian Institute of Information Technology & Manufacturing , Jabalpur","IIIT","true","true","true","","","","true","AFRC MP 2024-25 Order No. 147","NIRF 2024","None","official_verified","legacy","unavailable"
"S-19023","SATYAM INTERNATIONAL INSTITUTE OF TECHNOLOGY","Legacy Core","true","","true","","","","true","TNEA 2024 Official Notification","None","None","official_verified","unavailable","unavailable"
"C-71440","SATYAM INTERNATIONAL INSTITUTE OF TECHNOLOGY AND MANAGEMENT","Legacy Core","true","true","true","","","","true","TNEA 2024 Official Notification","None","None","official_verified","unavailable","unavailable"
"U-0149","Sardar Vallabhbhai National Institute of Technology, Surat","NIT","true","true","true","","","","true","SVNIT Fee Structure 2024-25","None","None","official_verified","unavailable","legacy"
"C-8627","Sikkim Manipal Institute of Technology (SMIT)","Legacy Core","true","true","true","","","","true","TNEA 2024 Official Notification","NIRF 2024","None","official_verified","legacy","legacy"
"C-25191","Sine International Institute of Technology,Jaipur","Legacy Core","true","true","true","","","","true","TNEA 2024 Official Notification","None","None","official_verified","unavailable","unavailable"
"C-49441","VELLORE INSTITUTE OF TECHNOLOGY, CHENNAI","Legacy Core","true","true","true","","","","true","TNEA 2024 Official Notification","NIRF 2024","None","official_verified","legacy","legacy"
"CORE-VELLOREINSTITUTEOFTECHNOLOGY","Vellore Institute of Technology","Legacy Core","true","true","true","","","","true","VIT Vellore Fee Structure 2024-25","None","None","official_verified","unavailable","legacy"
"U-0945","Vellore Institute of Technology - Andhra Pradesh","Legacy Core","true","true","true","","","","true","APSCHE EAPCET 2024 G.O. Ms. No. 17","NIRF 2024","None","official_verified","legacy","legacy"
"U-0490","Vellore Institute of Technology, Vellore","Legacy Core","true","true","true","true","","","true","TNEA 2024 Official Notification","NIRF 2024","None","official_verified","official_verified","legacy"
"S-17597","Vellore Institute of Technology-Andhra Pradesh(VIT-AP), Amaravti","Legacy Core","true","","true","","","","true","APSCHE EAPCET 2024 G.O. Ms. No. 17","NIRF 2024","None","official_verified","legacy","legacy"
"U-0334","Visvesvaraya National Institute of Technology, Nagpur","NIT","true","true","true","","","","true","VNIT Nagpur Fee Structure 2024-25","None","None","official_verified","unavailable","unavailable"
"C-29455","College of Basic Sciences & Humanities","Legacy Core","true","true","","","","","true","Fee Regulation Slab — Haryana (2024-25)","None","None","legacy","unavailable","unavailable"
"C-10981","Vishwakarma Dadasaheb Chavan Institute of Management and Research,Malawadi","Legacy Core","true","true","","","","","true","Fee Regulation Slab — Maharashtra (2024-25)","None","None","legacy","unavailable","unavailable"
"C-10990","Shrimant Jayashrimaladevi Naik Nimbalkar Institute of Management Studies, Phaltan","Legacy Core","true","true","","","","","true","Fee Regulation Slab — Maharashtra (2024-25)","None","None","legacy","unavailable","unavailable"
"C-10996","Kolhapur Institute of Technology's College of Engineering (Autonomous),  GOKUL-SHIRGAON","Legacy Core","true","true","true","","","","true","TNEA 2024 Official Notification","None","None","official_verified","unavailable","unavailable"
"C-8838","SES'S R.C.PATEL INSTITUTE OF TECHNOLOGY, SHIRPUR","Legacy Core","true","true","true","","","","true","TNEA 2024 Official Notification","None","None","official_verified","unavailable","unavailable"
"C-11017","Abasaheb Garware Institute of Management Studies S.T. Stand, Khanbhag,","Legacy Core","true","true","","","","","true","Fee Regulation Slab — Maharashtra (2024-25)","None","None","legacy","unavailable","unavailable"
"C-11094","Karmaveer Bahurao Patil Institute of Management  Studies & Research,","Legacy Core","true","true","","","","","true","Fee Regulation Slab — Maharashtra (2024-25)","None","None","legacy","unavailable","unavailable"
"C-11110","Sharad Institute of Technology College of Engineering, Gat","Legacy Core","true","true","true","","","","true","TNEA 2024 Official Notification","None","None","official_verified","unavailable","unavailable"
"C-11115","Vasantraodada Patil Institute of Management Studies and Research, Sangli Miraj Road,","Legacy Core","true","true","","","","","true","Fee Regulation Slab — Maharashtra (2024-25)","None","None","legacy","unavailable","unavailable"
"C-11134","Vasudeo Gavade Education and Charitable Trust Ideal Institute of Management, Kondigre, Gat","Legacy Core","true","true","true","","","","true","AFRC UP 2024-25 Official Order","None","None","official_verified","unavailable","unavailable"
"C-11164","Deccan Education Society's Chintamanrao Institute of Management Development and Research, Sangli","Legacy Core","true","true","true","","","","true","AFRC UP 2024-25 Official Order","None","None","official_verified","unavailable","unavailable"
"C-11169","Gauri Shankar Education & Charitable Trust Gauri Shankar Institute of Management Sciences, Limb,","Legacy Core","true","true","","","","","true","Fee Regulation Slab — Maharashtra (2024-25)","None","None","legacy","unavailable","unavailable"
"C-11175","Krishna Foundation Sanchalit Jayawant Institute of Management, Vathar","Legacy Core","true","true","","","","","true","Fee Regulation Slab — Maharashtra (2024-25)","None","None","legacy","unavailable","unavailable"
"C-34550","Aditya Institute of Management & Research Centre, Telegaon Road.","Legacy Core","true","","","","","","true","Fee Regulation Slab — Maharashtra (2024-25)","None","None","legacy","unavailable","unavailable"
"C-11208","Rajarambapu Institute of Technology, Rajaramnagar, SAKHARALE","Legacy Core","true","true","true","","","","true","TNEA 2024 Official Notification","None","None","official_verified","unavailable","unavailable"
"C-34578","Millennium Institute of Management, Rauza Bagh, Aurangabad.","Legacy Core","true","true","","","","","true","Fee Regulation Slab — Maharashtra (2024-25)","None","None","legacy","unavailable","unavailable"
"C-11238","Venkateshwara Institute of Management, Peth Naka","Legacy Core","true","true","","","","","true","Fee Regulation Slab — Maharashtra (2024-25)","None","None","legacy","unavailable","unavailable"
"C-35405","Chitamber School of Humanities & Social Sciences","Legacy Core","true","","true","","","","true","AFRC UP 2024-25 Official Order","None","None","official_verified","unavailable","unavailable"
"C-113","GIDC Rajju Shroff Rofel Institute of Management Studies-Vapi (SFI) 716","Legacy Core","true","true","","","","","true","Fee Regulation Slab — Gujarat (2024-25)","None","None","legacy","unavailable","unavailable"
"C-41267","Arihant Institute of Management Studies AIMS SHL Court, Near Pulgate Bus Stand, Camp, Pune 411001","Legacy Core","true","true","","","","","true","Fee Regulation Slab — Maharashtra (2024-25)","None","None","legacy","unavailable","unavailable"
"C-41324","Mitcon Institute of Management, Balewadi, Pune 411045","Legacy Core","true","true","","","","","true","Fee Regulation Slab — Maharashtra (2024-25)","None","None","legacy","unavailable","unavailable"
"C-11535","LLR Institute of Management, Jabli-Kyar, PO Oachghat, Distt Solan","Legacy Core","true","true","","","","","true","Fee Regulation Slab — Himachal Pradesh (2024-25)","None","None","legacy","unavailable","unavailable"
"C-41425","P.G.K.M.S. Institute of Management,Pune 411011","Legacy Core","true","","","","","","true","Fee Regulation Slab — Maharashtra (2024-25)","None","None","legacy","unavailable","unavailable"
"C-1155","Shree JM Patel Institute of Studies & Research in Humanities, Anand","Legacy Core","true","true","","","","","true","Fee Regulation Slab — Gujarat (2024-25)","None","None","legacy","unavailable","unavailable"
"C-11648","St. Stephen's College, Uzhavoor 686 634","Legacy Core","true","true","","","","","true","Fee Regulation Slab — Kerala (2024-25)","None","None","legacy","unavailable","unavailable"
"C-11651","Govt. College, Tripunithura - 682 301","Legacy Core","true","true","","","","","true","Fee Regulation Slab — Kerala (2024-25)","None","None","legacy","unavailable","unavailable"
"C-11676","RLV College of Music and Fine Arts, Tripunithura","Legacy Core","true","true","","","","","true","Fee Regulation Slab — Kerala (2024-25)","None","None","legacy","unavailable","unavailable"
"C-11679","Govt. Sanskrit College, Tripunithura -682 301","Legacy Core","true","true","","","","","true","Fee Regulation Slab — Kerala (2024-25)","None","None","legacy","unavailable","unavailable"
"C-11691","Rajagiri College of Social Sciences, Kalamassery 683 104","Legacy Core","true","true","","","","","true","Fee Regulation Slab — Kerala (2024-25)","None","None","legacy","unavailable","unavailable"
"C-11734","Rajiv Gandhi Institute of Technology, Velloor P.O.,Pampady. Kottayam - 689 501","Legacy Core","true","true","true","","","","true","TNEA 2024 Official Notification","None","None","official_verified","unavailable","unavailable"
"C-11787","Chinmaya College of Arts, Commerce and Science, Layam Road, Tripunithura,Kochi","Legacy Core","true","true","","","","","true","Fee Regulation Slab — Kerala (2024-25)","None","None","legacy","unavailable","unavailable"
"C-11798","Govt. Ayurveda College, Dhanwanthari Nagar, Tripunithura 682 301","Legacy Core","true","true","","","","","true","Fee Regulation Slab — Kerala (2024-25)","None","None","legacy","unavailable","unavailable"
"C-11810","Mar Baselious Institute of Technology and Science, Nellimattom. P.O,Kothamangalam - 686 693","Legacy Core","true","true","true","","","","true","TNEA 2024 Official Notification","NIRF 2024","None","official_verified","legacy","unavailable"
"C-11881","St. Xavier's College","Legacy Core","true","true","true","","","","true","TNEA 2024 Official Notification","None","None","official_verified","unavailable","unavailable"
"C-46649","M E S S IDEAL INSTITUTE OF MANAGEMENT AND COMPUTER APPLICATION TECHNICAL CAMPUS, PUNE","Legacy Core","true","","","","","","true","Fee Regulation Slab — Maharashtra (2024-25)","None","None","legacy","unavailable","unavailable"
"C-46684","SHAMBHUNATH INSTITUTE OF MANAGEMENT, ALLAHABAD","Legacy Core","true","true","true","","","","true","AFRC UP 2024-25 Official Order","None","None","official_verified","unavailable","unavailable"
"C-11920","Women's Christian College","Legacy Core","true","true","true","","","","true","TNEA 2024 Official Notification","None","None","official_verified","unavailable","unavailable"
"C-11926","Ramakrishna Mission Vidyamandira","Legacy Core","true","true","","","","","true","Fee Regulation Slab — West Bengal (2024-25)","None","None","legacy","unavailable","unavailable"
"C-46908","HIMALAYAN INSTITUTE OF TECHNOLOGY AND MANAGEMENT, LUCKNOW","Legacy Core","true","true","true","","","","true","AFRC UP 2024-25 Official Order","None","None","official_verified","unavailable","unavailable"
"C-11964","Scottish Church College","Legacy Core","true","true","","","","","true","Fee Regulation Slab — West Bengal (2024-25)","None","None","legacy","unavailable","unavailable"
"C-11991","Bethune College","Legacy Core","true","true","","","","","true","Fee Regulation Slab — West Bengal (2024-25)","None","None","legacy","unavailable","unavailable"
"C-12029","Invertis Institute of Management Studies","Legacy Core","true","","","","","","true","Fee Regulation Slab — Uttar Pradesh (2024-25)","None","None","legacy","unavailable","unavailable"
"C-49305","S.P.MEMORIAL INSTITUTE OF TECHNOLOGY,KAUSHAMBI","Legacy Core","true","true","true","","","","true","AFRC UP 2024-25 Official Order","None","None","official_verified","unavailable","unavailable"
"C-12089","DR. OM PRAKASH INSTITUTE OF MANAGEMENT & TECH.,","Legacy Core","true","true","true","","","","true","TNEA 2024 Official Notification","None","None","official_verified","unavailable","unavailable"
"C-1375","S C T Institute of Technology, BANGALORE","Legacy Core","true","true","true","","","","true","KEA UGCET 2024 Notification","NIRF 2024","None","official_verified","legacy","legacy"
"C-1230","Ekalavya Institute of Technology,  CHAMARAJANAGAR","Legacy Core","true","true","true","","","","true","KEA UGCET 2024 Notification","None","None","official_verified","unavailable","legacy"
"C-1235","Sai Vidya Institute of Technology, BANGALORE","Legacy Core","true","true","true","","","","true","KEA UGCET 2024 Notification","None","None","official_verified","unavailable","legacy"
"C-1236","Bearys Institute of Technology, MANGALORE","Legacy Core","true","true","true","","","","true","KEA UGCET 2024 Notification","None","None","official_verified","unavailable","legacy"
"C-1238","V.T.U Extension Center, N M A M Institute of Technology,  Nitte","Legacy Core","true","true","true","","","","true","KEA UGCET 2024 Notification","None","None","official_verified","unavailable","legacy"
"C-1240","B T L Institute of Technology Management, BANGALORE","Legacy Core","true","true","true","","","","true","KEA UGCET 2024 Notification","NIRF 2024","None","official_verified","legacy","legacy"
"C-1241","H M S Institute of Technology, Tumakuru","Legacy Core","true","true","true","","","","true","KEA UGCET 2024 Notification","None","None","official_verified","unavailable","legacy"
"C-1242","Navodaya Institute of Technology, RAICHUR","Legacy Core","true","true","true","","","","true","KEA UGCET 2024 Notification","None","None","official_verified","unavailable","legacy"
"C-65929","NAVYUG DIPLOMA IN HEALTH AND SANITARY INSPECTOR","Legacy Core","true","true","","","","","true","Fee Regulation Slab — Gujarat (2024-25)","None","None","legacy","unavailable","unavailable"
"C-8811","200023-DES'S INSTITUTE OF MANAGEMENT, DHULE.","Legacy Core","true","","","","","","true","Fee Regulation Slab — Maharashtra (2024-25)","None","None","legacy","unavailable","unavailable"
"C-8939","230035-PSGVPS'S INSTITUTE OF MANAGEMENT, SHAHADA.","Legacy Core","true","true","","","","","true","Fee Regulation Slab — Maharashtra (2024-25)","None","None","legacy","unavailable","unavailable"
"C-10131","ANNAPOORNA INSTITUTE OF MANAGEMENT RESEARCH, SANKESHWAR (PG)","Legacy Core","true","true","","","","","true","Fee Regulation Slab — Karnataka (2024-25)","None","None","legacy","unavailable","unavailable"
"C-10224","Aarupadai Veedu Institute of Technology","Legacy Core","true","true","true","","","","true","TNEA 2024 Official Notification","None","None","official_verified","unavailable","legacy"
"C-20644","United Mission Degree College, Mission Road, Bangalore-27","Legacy Core","true","true","","","","","true","Fee Regulation Slab — Karnataka (2024-25)","None","None","legacy","unavailable","unavailable"
"C-10240","College  of Basic Sciences and Humanities,Pusa","Legacy Core","true","true","","","","","true","Fee Regulation Slab — Bihar (2024-25)","None","None","legacy","unavailable","unavailable"
"C-10244","College of Community  Science,Pusa","Legacy Core","true","true","","","","","true","Fee Regulation Slab — Bihar (2024-25)","None","None","legacy","unavailable","unavailable"
"C-10282","Baba Isher Singh Institute of Technology VPO-Gagra","Legacy Core","true","true","true","","","","true","TNEA 2024 Official Notification","None","None","official_verified","unavailable","unavailable"
"C-21463","College of Basic Science & Humanities, Bhubaneswar","Legacy Core","true","true","","","","","true","Fee Regulation Slab — Odisha (2024-25)","None","None","legacy","unavailable","unavailable"
"C-10331","S.G.T.B Institute of Management and IT, Bhogpur","Legacy Core","true","true","","","","","true","Fee Regulation Slab — Punjab (2024-25)","None","None","legacy","unavailable","unavailable"
"C-10377","Rayat Institute of Management, Railmajra","Legacy Core","true","true","","","","","true","Fee Regulation Slab — Punjab (2024-25)","None","None","legacy","unavailable","unavailable"
"C-10387","VMS Institute of Management, Batala","Legacy Core","true","true","","","","","true","Fee Regulation Slab — Punjab (2024-25)","None","None","legacy","unavailable","unavailable"
"C-10390","Rayat & Bahra Institute of Management, Bohan","Legacy Core","true","true","","","","","true","Fee Regulation Slab — Punjab (2024-25)","None","None","legacy","unavailable","unavailable"
"C-10394","CT Institute of Technology, Shahpur","Legacy Core","true","true","true","","","","true","TNEA 2024 Official Notification","None","None","official_verified","unavailable","unavailable"
"C-104","Anand Institute Of Management and Information Science","Legacy Core","true","true","","","","","true","Fee Regulation Slab — Gujarat (2024-25)","None","None","legacy","unavailable","unavailable"
"C-10429","CT Institute of Management and IT , Jalandhar","Legacy Core","true","true","","","","","true","Fee Regulation Slab — Punjab (2024-25)","None","None","legacy","unavailable","unavailable"
"C-10499","Bharat Institute of Management Studies , Vill Khara Khurd","Legacy Core","true","true","","","","","true","Fee Regulation Slab — Punjab (2024-25)","None","None","legacy","unavailable","unavailable"
"C-10549","R.P. Indraprastha Institute of Technology","Legacy Core","true","true","true","","","","true","TNEA 2024 Official Notification","NIRF 2024","None","official_verified","legacy","unavailable"
"C-10555","Guru Nanak Institute of Management","Legacy Core","true","true","true","","","","true","TSCHE TAFRC 2024-25 Notification","None","None","official_verified","unavailable","unavailable"
"C-25123","Swami Keshvanand Institute of Technology, Management & Gramothan","Legacy Core","true","true","true","","","","true","TNEA 2024 Official Notification","None","None","official_verified","unavailable","unavailable"
"C-10580","Hindustan Institute of Technology & Management","Legacy Core","true","true","true","","","","true","TNEA 2024 Official Notification","NIRF 2024","None","official_verified","legacy","unavailable"
"C-1069","Biogas Research Unit & Microbiology, Sadra","Legacy Core","true","true","","","","","true","Fee Regulation Slab — Gujarat (2024-25)","None","None","legacy","unavailable","unavailable"
"C-28324","Shri Baba Mast Nath Institute of Management Studies and Research","Legacy Core","true","","","","","","true","Fee Regulation Slab — Haryana (2024-25)","None","None","legacy","unavailable","unavailable"
"C-10777","Vinayak Institute of Management","Legacy Core","true","true","true","","","","true","AFRC UP 2024-25 Official Order","None","None","official_verified","unavailable","unavailable"
"C-10781","United College of Education","Legacy Core","true","true","true","","","","true","AFRC UP 2024-25 Official Order","None","None","official_verified","unavailable","unavailable"
"C-10807","United College of Education","Legacy Core","true","true","true","","","","true","AFRC UP 2024-25 Official Order","None","None","official_verified","unavailable","unavailable"
"C-1081","S K PATEL INSTITUTE OF MANAGEMENT AND COMPUTER STUDIES","Legacy Core","true","true","","","","","true","Fee Regulation Slab — Gujarat (2024-25)","None","None","legacy","unavailable","unavailable"
"C-10843","Guru Nanak Khalsa Institute of Technology and Management Technical Campus, Yamuna Nagar","Legacy Core","true","true","true","","","","true","TNEA 2024 Official Notification","None","None","official_verified","unavailable","unavailable"
"C-10846","Swami Devi Dyal Institute of Management Studies","Legacy Core","true","true","","","","","true","Fee Regulation Slab — Haryana (2024-25)","None","None","legacy","unavailable","unavailable"
"C-1255","Jnana Vikas Institute of Technology, BANGALORE","Legacy Core","true","true","true","","","","true","KEA UGCET 2024 Notification","None","None","official_verified","unavailable","legacy"
"C-13647","M.P.Institute of Management &Computer Aplication,Bhagtua,Chiraigaon,Varanasi","Legacy Core","true","true","","","","","true","Fee Regulation Slab — Uttar Pradesh (2024-25)","None","None","legacy","unavailable","unavailable"
"C-1374","G M Institute of Technology, DAVANGERE","Legacy Core","true","true","true","","","","true","KEA UGCET 2024 Notification","None","None","official_verified","unavailable","legacy"
"C-1378","R R Institute of Technology, BANGALORE","Legacy Core","true","true","true","","","","true","KEA UGCET 2024 Notification","NIRF 2024","None","official_verified","legacy","legacy"
"C-1379","Dr. Timmaiah  Institute of Technology,  K G F","Legacy Core","true","true","true","","","","true","KEA UGCET 2024 Notification","None","None","official_verified","unavailable","legacy"
"C-1380","Karavali Institute of Technology, MANGALORE","Legacy Core","true","true","true","","","","true","KEA UGCET 2024 Notification","None","None","official_verified","unavailable","legacy"
"C-1387","Moodlakatte Institute of Technology, Moodlakatte -576217, Kundapur Taluk, Udupi - District.","Legacy Core","true","true","true","","","","true","KEA UGCET 2024 Notification","None","None","official_verified","unavailable","legacy"
"C-1389","Rajiv Gandhi Institute of Technology,  BANGALORE","Legacy Core","true","true","true","","","","true","KEA UGCET 2024 Notification","None","None","official_verified","unavailable","legacy"
"C-1390","Kalpataru Institute of Technology, TIPTUR","Legacy Core","true","true","true","","","","true","KEA UGCET 2024 Notification","None","None","official_verified","unavailable","legacy"
"C-1392","SDM Institute of Technology, UJIRE","Legacy Core","true","true","true","","","","true","KEA UGCET 2024 Notification","None","None","official_verified","unavailable","legacy"
"C-1258","Don Bosco Institute of Technology, BANGALORE","Legacy Core","true","true","true","","","","true","KEA UGCET 2024 Notification","None","None","official_verified","unavailable","legacy"
"C-1394","Coorg Institute of Technology, PONNAMPET","Legacy Core","true","true","true","","","","true","KEA UGCET 2024 Notification","None","None","official_verified","unavailable","legacy"
"C-1395","H K B K College of Engineering, BENGALURU","Legacy Core","true","true","true","","","","true","KEA UGCET 2024 Notification","None","None","official_verified","unavailable","legacy"
"C-1398","B N M Institute of Technology, BANGALORE","Legacy Core","true","true","true","","","","true","KEA UGCET 2024 Notification","NIRF 2024","None","official_verified","legacy","legacy"
"C-140","Dr. Jivraj Mehta Institute of Technology, Anand 082","Legacy Core","true","true","true","","","","true","TNEA 2024 Official Notification","None","None","official_verified","unavailable","legacy"
"C-1400","N M A M Institute of Technology, NITTE","Legacy Core","true","true","true","","","","true","KEA UGCET 2024 Notification","None","None","official_verified","unavailable","legacy"
"C-1405","Shree Devi Institute of Technology, MANGALORE","Legacy Core","true","true","true","","","","true","KEA UGCET 2024 Notification","None","None","official_verified","unavailable","legacy"
"C-1406","C M R Institute of Technology, BANGALORE","Legacy Core","true","true","true","","","","true","KEA UGCET 2024 Notification","NIRF 2024","None","official_verified","legacy","legacy"
"C-1409","Hirasugar Institute of Technology, NIDASOSHI","Legacy Core","true","true","true","","","","true","KEA UGCET 2024 Notification","None","None","official_verified","unavailable","legacy"
"C-1411","S T J Institute of Technology, RANEBENNUR","Legacy Core","true","true","true","","","","true","KEA UGCET 2024 Notification","None","None","official_verified","unavailable","legacy"
"C-1415","VTU  Extension  Centre, United Technologies Ltd,  Bangalore","Legacy Core","true","true","","","","","true","Fee Regulation Slab — Karnataka (2024-25)","None","None","legacy","unavailable","unavailable"
"C-1416","Cambridge Institute of Technology, BANGALORE-560036","Legacy Core","true","true","true","","","","true","KEA UGCET 2024 Notification","None","None","official_verified","unavailable","legacy"
"C-12603","SETH SRI NIWAS AGARWAL INSTITUTE OF MANAGEMENT, NARAMAU,","Legacy Core","true","true","","","","","true","Fee Regulation Slab — Uttar Pradesh (2024-25)","None","None","legacy","unavailable","unavailable"
"C-1421","Sri Krishana Institute of Technology,  BANGALORE","Legacy Core","true","true","true","","","","true","KEA UGCET 2024 Notification","None","None","official_verified","unavailable","legacy"
"C-1423","Angadi Institute of Technology & Mgmt., BELAGAVI","Legacy Core","true","true","true","","","","true","KEA UGCET 2024 Notification","None","None","official_verified","unavailable","legacy"
"C-1424","Sambhram Institute of Technology, BANGALORE","Legacy Core","true","true","true","","","","true","KEA UGCET 2024 Notification","None","None","official_verified","unavailable","legacy"
"C-1261","Bhemanna Khandre  Institute of Technology, BHALKI","Legacy Core","true","true","true","","","","true","KEA UGCET 2024 Notification","None","None","official_verified","unavailable","legacy"
"C-1426","NIE Institute of Technology, MYSORE","Legacy Core","true","true","true","","","","true","KEA UGCET 2024 Notification","None","None","official_verified","unavailable","legacy"
"C-1433","Shri Madhwa Vadiraja Institute of Technology  & Management, BANTAKAL","Legacy Core","true","true","true","","","","true","KEA UGCET 2024 Notification","None","None","official_verified","unavailable","legacy"
"C-1439","Gogte Institute of Technology, BELGAUM","Legacy Core","true","true","true","","","","true","KEA UGCET 2024 Notification","None","None","official_verified","unavailable","legacy"
"C-14424","Punitha Ohm College of Education","Legacy Core","true","true","","","","","true","Fee Regulation Slab — Tamil Nadu (2024-25)","None","None","legacy","unavailable","unavailable"
"C-14480","Holy Trinity College of Education","Legacy Core","true","true","true","","","","true","TSCHE TAFRC 2024-25 Notification","None","None","official_verified","unavailable","unavailable"
"C-14525","Punitha Valanar College of Education","Legacy Core","true","true","","","","","true","Fee Regulation Slab — Tamil Nadu (2024-25)","None","None","legacy","unavailable","unavailable"
"C-1264","Atria Institute of Technology, BANGALORE","Legacy Core","true","true","true","","","","true","KEA UGCET 2024 Notification","None","None","official_verified","unavailable","legacy"
"C-12643","UNITED INSTITUTE OF MANAGEMENT, LEADER ROAD,","Legacy Core","true","true","true","","","","true","AFRC UP 2024-25 Official Order","None","None","official_verified","unavailable","unavailable"
"C-14693","Vellore College of Education","Legacy Core","true","true","","","","","true","Fee Regulation Slab — Tamil Nadu (2024-25)","None","None","legacy","unavailable","unavailable"
"C-148","Laxmi Institute of Management,Sarigam (SFI) 731","Legacy Core","true","true","","","","","true","Fee Regulation Slab — Gujarat (2024-25)","None","None","legacy","unavailable","legacy"
"C-1266","S J M Institute of Technology, CHITRADURGA","Legacy Core","true","true","true","","","","true","KEA UGCET 2024 Notification","None","None","official_verified","unavailable","legacy"
"C-15058","St. Xavier's College","Legacy Core","true","true","true","","","","true","TNEA 2024 Official Notification","None","None","official_verified","unavailable","unavailable"
"C-15137","UTTAM INSTITUTE OF TECHNOLOGY & MANAGEMENT,RUNKATA,AGRA","Legacy Core","true","true","true","","","","true","AFRC UP 2024-25 Official Order","None","None","official_verified","unavailable","unavailable"
"C-15237","MANORAMA INSTITUTE OF MANAGEMENT & TECH. LADAMADA, AGRA","Legacy Core","true","true","true","","","","true","TNEA 2024 Official Notification","None","None","official_verified","unavailable","unavailable"
"C-1271","S J B Institute of Technology, BANGALORE","Legacy Core","true","true","true","","","","true","KEA UGCET 2024 Notification","NIRF 2024","None","official_verified","legacy","legacy"
"C-1275","R L Jalappa Institute of Technology, DODDABALLAPURA","Legacy Core","true","true","true","","","","true","KEA UGCET 2024 Notification","None","None","official_verified","unavailable","legacy"
"C-12752","UNITY DEGREE COLLEGE, HARDOI ROAD","Legacy Core","true","true","true","","","","true","AFRC UP 2024-25 Official Order","None","None","official_verified","unavailable","unavailable"
"C-12756","BORA INSTITUTE OF MANAGEMENT SCIENCES, SITAPUR ROAD","Legacy Core","true","true","","","","","true","Fee Regulation Slab — Uttar Pradesh (2024-25)","None","None","legacy","unavailable","unavailable"
"C-1276","K N S Institute of Technology, BANGALORE","Legacy Core","true","true","true","","","","true","KEA UGCET 2024 Notification","NIRF 2024","None","official_verified","legacy","legacy"
"C-1281","Srinivas Institute of Technology, Magalore","Legacy Core","true","true","true","","","","true","KEA UGCET 2024 Notification","None","None","official_verified","unavailable","legacy"
"C-1282","KLS Vishwanatharao Deshpande Institute of Technology, HALIYAL  Dt: N.K.","Legacy Core","true","true","true","","","","true","KEA UGCET 2024 Notification","None","None","official_verified","unavailable","legacy"
"C-1283","K S Institute of Technology, BANGALORE","Legacy Core","true","true","true","","","","true","KEA UGCET 2024 Notification","NIRF 2024","None","official_verified","legacy","legacy"
"C-1285","T. John Institute of Technology, BANGALORE","Legacy Core","true","true","true","","","","true","KEA UGCET 2024 Notification","None","None","official_verified","unavailable","legacy"
"C-1287","Akshaya Institute of Technology, TUMKUR DIST","Legacy Core","true","true","true","","","","true","KEA UGCET 2024 Notification","None","None","official_verified","unavailable","legacy"
"C-1288","Vemana Institute of Technology, BANGALORE","Legacy Core","true","true","true","","","","true","KEA UGCET 2024 Notification","None","None","official_verified","unavailable","legacy"
"C-1289","Adichunchanagiri Institute of Technology, CHIKKAMAGALUR","Legacy Core","true","true","true","","","","true","KEA UGCET 2024 Notification","None","None","official_verified","unavailable","legacy"
"C-1290","Ballari Institute of Technology & Management, BELLARY","Legacy Core","true","true","true","","","","true","KEA UGCET 2024 Notification","None","None","official_verified","unavailable","legacy"
"C-1291","Dr. Ambedkar Institute of Technology, BANGALORE","Legacy Core","true","true","true","","","","true","KEA UGCET 2024 Notification","NIRF 2024","None","official_verified","legacy","legacy"
"C-1293","Sampoorna Institute of Technology & Research,RAMANAGAR DIST","Legacy Core","true","true","true","","","","true","KEA UGCET 2024 Notification","None","None","official_verified","unavailable","legacy"
"C-1297","Siddaganga Institute of Technology, TUMKUR","Legacy Core","true","true","true","true","","","true","KEA UGCET 2024 Notification","NIRF 2024","None","official_verified","official_verified","legacy"
"C-13026","Punit Teacher Training College, Pansal","Legacy Core","true","true","","","","","true","Fee Regulation Slab — Rajasthan (2024-25)","None","None","legacy","unavailable","unavailable"
"C-70122","BETHANIA INSTITUTE OF MANAGEMENT STUDIES, KUNNAMKULAM","Legacy Core","true","true","","","","","true","Fee Regulation Slab — Kerala (2024-25)","None","None","legacy","unavailable","unavailable"
"C-1312","Channabasaveshwara Institute of Technology, GUBBI","Legacy Core","true","true","true","","","","true","KEA UGCET 2024 Notification","None","None","official_verified","unavailable","legacy"
"C-1318","C. BYREGOWDA INSTITUTE OF TECHNOLOGY","Legacy Core","true","true","true","","","","true","KEA UGCET 2024 Notification","None","None","official_verified","unavailable","legacy"
"C-1319","Acharya Institute of Technology, BANGALORE","Legacy Core","true","true","true","","","","true","KEA UGCET 2024 Notification","None","None","official_verified","unavailable","legacy"
"C-1320","S J C Institute of Technology, CHICKBALLAPUR","Legacy Core","true","true","true","","","","true","KEA UGCET 2024 Notification","None","None","official_verified","unavailable","legacy"
"C-13201","Punit College","Legacy Core","true","true","","","","","true","Fee Regulation Slab — Rajasthan (2024-25)","None","None","legacy","unavailable","unavailable"
"C-1321","S G Balekundri Institute of Technology,  BELGAUM","Legacy Core","true","true","true","","","","true","KEA UGCET 2024 Notification","None","None","official_verified","unavailable","legacy"
"C-1327","Sir M Visvesvaraya Institute of Technology, BANGALORE","Legacy Core","true","true","true","","","","true","KEA UGCET 2024 Notification","None","None","official_verified","unavailable","legacy"
"C-1331","M S Ramaiah Institute of Technology, BANGALORE","Legacy Core","true","true","true","","","","true","KEA UGCET 2024 Notification","NIRF 2024","None","official_verified","legacy","legacy"
"C-1332","R N S Institute of Technology, BANGALORE","Legacy Core","true","true","true","","","","true","KEA UGCET 2024 Notification","NIRF 2024","None","official_verified","legacy","legacy"
"C-1252","KLE Institute of Technology, HUBLI","Legacy Core","true","true","true","","","","true","KEA UGCET 2024 Notification","None","None","official_verified","unavailable","legacy"
"C-1335","YENEPOYA INSTITUTE OF TECHNOLOGY, MOODBIDRI, MANGALURU","Legacy Core","true","true","true","","","","true","KEA UGCET 2024 Notification","None","None","official_verified","unavailable","legacy"
"C-1336","B M S Institute of Technology & Management, BANGALORE","Legacy Core","true","true","true","","","","true","KEA UGCET 2024 Notification","NIRF 2024","None","official_verified","legacy","legacy"
"C-13360","Shri Krishna Institute of Management & Science, Chandausi","Legacy Core","true","true","","","","","true","Fee Regulation Slab — Uttar Pradesh (2024-25)","None","None","legacy","unavailable","unavailable"
"C-1337","Proudhadevaraya Institute of Technology, Hospete","Legacy Core","true","true","true","","","","true","KEA UGCET 2024 Notification","None","None","official_verified","unavailable","legacy"
"C-1338","Rajeev Institute of Technology, HASSAN","Legacy Core","true","true","true","","","","true","KEA UGCET 2024 Notification","None","None","official_verified","unavailable","legacy"
"C-13381","ACME Institute of Management & Technlogy","Legacy Core","true","true","","","","","true","Fee Regulation Slab — Uttar Pradesh (2024-25)","None","None","legacy","unavailable","unavailable"
"C-13382","Rotary Institute of Management & Techonology, Chandausi","Legacy Core","true","true","","","","","true","Fee Regulation Slab — Uttar Pradesh (2024-25)","None","None","legacy","unavailable","unavailable"
"C-1340","Bangalore Institute of Technology, BANGALORE-560 004","Legacy Core","true","true","true","","","","true","KEA UGCET 2024 Notification","None","None","official_verified","unavailable","legacy"
"C-13444","Bhagwan Devi Institute of Management Studies","Legacy Core","true","true","","","","","true","Fee Regulation Slab — Uttar Pradesh (2024-25)","None","None","legacy","unavailable","unavailable"
"C-1342","Vivekananda Institute of Technology, BANGALORE","Legacy Core","true","true","true","","","","true","KEA UGCET 2024 Notification","None","None","official_verified","unavailable","legacy"
"C-13451","Hindu College","Legacy Core","true","true","true","","","","true","APSCHE EAPCET 2024 G.O. Ms. No. 17","None","None","official_verified","unavailable","unavailable"
"C-1346","V S Ms Institute of Technology,  NIPPANI","Legacy Core","true","true","true","","","","true","KEA UGCET 2024 Notification","None","None","official_verified","unavailable","legacy"
"C-1352","Nitte Meenakshi Institute of Technology, BANGALORE","Legacy Core","true","true","true","","","","true","KEA UGCET 2024 Notification","None","None","official_verified","unavailable","legacy"
"C-1356","East West Institute of Technology, BANGALORE","Legacy Core","true","true","true","","","","true","KEA UGCET 2024 Notification","None","None","official_verified","unavailable","legacy"
"C-1358","PES Institute of Technology & Management,  SHIVAMOGA","Legacy Core","true","true","true","","","","true","KEA UGCET 2024 Notification","None","None","official_verified","unavailable","legacy"
"C-16550","Velammal Institute of Technology","Legacy Core","true","true","true","","","","true","TNEA 2024 Official Notification","None","None","official_verified","unavailable","legacy"
"C-16568","Vi Institute of Technology","Legacy Core","true","true","true","","","","true","TNEA 2024 Official Notification","None","None","official_verified","unavailable","legacy"
"C-16576","Chennai Institute of Technology","Legacy Core","true","true","true","","","","true","TNEA 2024 Official Notification","None","None","official_verified","unavailable","legacy"
"C-166","B and B Institute of Technology,Vallabh Vidhyanagar - GIA 604","Legacy Core","true","true","true","","","","true","TNEA 2024 Official Notification","None","None","official_verified","unavailable","legacy"
"C-16604","Sri Sivasubramaniya Nadar College of Engineering","Legacy Core","true","true","true","","","","true","TNEA 2024 Official Notification","None","None","official_verified","unavailable","legacy"
"C-16617","T.J. Institute of Technology","Legacy Core","true","true","true","","","","true","TNEA 2024 Official Notification","NIRF 2024","None","official_verified","legacy","legacy"
"C-16634","Bhilai Institute of Technology Kendri, Raipur","Legacy Core","true","true","true","","","","true","TNEA 2024 Official Notification","None","None","official_verified","unavailable","unavailable"
"C-16642","Institute of Technology Government Polytechnic Campus, Korba.","Legacy Core","true","true","true","","","","true","TNEA 2024 Official Notification","None","None","official_verified","unavailable","unavailable"
"C-16650","Lakhmi Chand Institute of Technology Vidyasthali, Bilaspur.","Legacy Core","true","true","true","","","","true","TNEA 2024 Official Notification","None","None","official_verified","unavailable","unavailable"
"C-16657","Dignity College of Architecture anjora","Legacy Core","true","true","","","","","true","Fee Regulation Slab — Chhattisgarh (2024-25)","None","None","legacy","unavailable","unavailable"
"C-16658","Bhilai Institute of Technology Durg","Legacy Core","true","true","true","","","","true","TNEA 2024 Official Notification","NIRF 2024","None","official_verified","legacy","unavailable"
"C-16659","Raipur Institute of Technology Chhatona, Mandir Hasaud,Raipur.","Legacy Core","true","true","true","","","","true","TNEA 2024 Official Notification","None","None","official_verified","unavailable","unavailable"
"C-16664","Kirodimal Institute of Technology Garh Umaria Raigarh.","Legacy Core","true","true","true","","","","true","TNEA 2024 Official Notification","None","None","official_verified","unavailable","unavailable"
"C-16670","Colloge of Basic Sciences & Humanities","Legacy Core","true","true","","","","","true","Fee Regulation Slab — Uttarakhand (2024-25)","None","None","legacy","unavailable","unavailable"
"C-16686","St. Joseph's College","Legacy Core","true","true","true","","","","true","TNEA 2024 Official Notification","None","None","official_verified","unavailable","unavailable"
"C-167","PARUL INSTITUTE OF MANAGEMENT AND RESEARCH, VADODARA","Legacy Core","true","true","","","","","true","Fee Regulation Slab — Gujarat (2024-25)","None","None","legacy","unavailable","legacy"
"C-16714","St. Xavier's College","Legacy Core","true","true","true","","","","true","TNEA 2024 Official Notification","None","None","official_verified","unavailable","unavailable"
"C-16717","Unity College","Legacy Core","true","true","true","","","","true","AFRC UP 2024-25 Official Order","None","None","official_verified","unavailable","unavailable"
"C-16890","A.J. Institute of Management, Kottara Chowki, Bypass, Ashoknagar, Mangalore","Legacy Core","true","true","","","","","true","Fee Regulation Slab — Karnataka (2024-25)","None","None","legacy","unavailable","unavailable"
"C-16966","Manel Srinivas Nayak Institute of Management, Bondel, Mangalore","Legacy Core","true","true","","","","","true","Fee Regulation Slab — Karnataka (2024-25)","None","None","legacy","unavailable","unavailable"
"C-16983","Poornaprajna Institute of Management, Udupi","Legacy Core","true","true","","","","","true","Fee Regulation Slab — Karnataka (2024-25)","None","None","legacy","unavailable","unavailable"
"C-16992","Kanachur Institute of Management and Science, Deralakatte, Mangalore","Legacy Core","true","true","","","","","true","Fee Regulation Slab — Karnataka (2024-25)","None","None","legacy","unavailable","unavailable"
"C-17012","Dr. N.S.A.M. First Grade College, Nitte, Karkala - 574110","Legacy Core","true","true","","","","","true","Fee Regulation Slab — Karnataka (2024-25)","None","None","legacy","unavailable","unavailable"
"C-17031","CSIIT COLLEGE OF ARCHITECTURE","Legacy Core","true","true","true","","","","true","TSCHE TAFRC 2024-25 Notification","None","None","official_verified","unavailable","unavailable"
"C-17231","Scholar's Institute of Technology & Management","Legacy Core","true","true","true","","","","true","TNEA 2024 Official Notification","NIRF 2024","None","official_verified","legacy","unavailable"
"C-17368","Dr. Anita Baruah Sarma College of Education","Legacy Core","true","true","","","","","true","Fee Regulation Slab — Assam (2024-25)","None","None","legacy","unavailable","unavailable"
"C-17413","Bhagavan Buddha Institute Of Management  Malavalli Mandya","Legacy Core","true","true","","","","","true","Fee Regulation Slab — Karnataka (2024-25)","None","None","legacy","unavailable","unavailable"
"C-176","A. D. Patel Institute Of Technology, Karamsad  001","Legacy Core","true","true","true","","","","true","TNEA 2024 Official Notification","None","None","official_verified","unavailable","legacy"
"C-17751","Nutan institute of management, Davangere","Legacy Core","true","true","","","","","true","Fee Regulation Slab — Karnataka (2024-25)","None","None","legacy","unavailable","unavailable"
"C-17830","AKSHARA INSTITUTE OF MANAGEMENT STUDIES","Legacy Core","true","true","","","","","true","Fee Regulation Slab — Karnataka (2024-25)","None","None","legacy","unavailable","unavailable"
"C-17929","Sasi Institute of Technology & Engineering, Kadakatla, Tadepalligudem,  Pin-534101(CC-K6)","Legacy Core","true","true","true","","","","true","APSCHE EAPCET 2024 G.O. Ms. No. 17","None","None","official_verified","unavailable","unavailable"
"C-17951","Kshna Chaitanya Institute of Management, Devarajugattu(CC-2Y)","Legacy Core","true","true","","","","","true","Fee Regulation Slab — Andhra Pradesh (2024-25)","None","None","legacy","unavailable","unavailable"
"C-17958","GMR Institute of Technology (GMRIT)","Legacy Core","true","true","true","","","","true","APSCHE EAPCET 2024 G.O. Ms. No. 17","None","None","official_verified","unavailable","unavailable"
"C-17976","Bellamkonda Institute of Technology & Science, Kambhalapadu, Podili-523240, (CC-PH)","Legacy Core","true","true","true","","","","true","APSCHE EAPCET 2024 G.O. Ms. No. 17","None","None","official_verified","unavailable","unavailable"
"C-17979","Krishna chaitanya Institute of Technology & Sciences, Jawayar nagar , MarkapurPIN-523316(CC-JU)","Legacy Core","true","true","true","","","","true","APSCHE EAPCET 2024 G.O. Ms. No. 17","None","None","official_verified","unavailable","unavailable"
"C-17990","NRI Institute of Technology, Visadala Road, Medikonda Mandal, Perecherla,PIN-522 009(CC-KP)","Legacy Core","true","true","true","","","","true","APSCHE EAPCET 2024 G.O. Ms. No. 17","None","None","official_verified","unavailable","unavailable"
"C-17999","KALLAM HARANADHAREDDY INSTITUTE OF TECHNOLOGY","Legacy Core","true","true","true","","","","true","APSCHE EAPCET 2024 G.O. Ms. No. 17","None","None","official_verified","unavailable","unavailable"
"C-18001","Vignan's Lara Institute of Technology & Science, Vadlamudi, Chebrolu Mandal, PIN-522213(CC-FE)","Legacy Core","true","true","true","","","","true","APSCHE EAPCET 2024 G.O. Ms. No. 17","None","None","official_verified","unavailable","unavailable"
"C-18002","SRK Institute of Technology, Enikepadu, Vijayawada-521108(CC-X4)","Legacy Core","true","true","true","","","","true","APSCHE EAPCET 2024 G.O. Ms. No. 17","None","None","official_verified","unavailable","unavailable"
"C-18003","Vasireddy Venkatadri Institute of Technology, Nambur (V), Pedakakani(M), PIN-522508(CC-BQ)","Legacy Core","true","true","true","","","","true","APSCHE EAPCET 2024 G.O. Ms. No. 17","None","None","official_verified","unavailable","unavailable"
"C-18014","PRIYADARSHNI INSTITUTE OF TECHNOLOGY & MANAGEMENT","Legacy Core","true","true","true","","","","true","APSCHE EAPCET 2024 G.O. Ms. No. 17","NIRF 2024","None","official_verified","legacy","unavailable"
"C-18030","RV INSTITUTE OF TECHNOLOGY, Chebrolu, Guntur District-522212 Andhra Pradesh.","Legacy Core","true","true","true","","","","true","APSCHE EAPCET 2024 G.O. Ms. No. 17","NIRF 2024","None","official_verified","legacy","unavailable"
"C-18053","Indira Institute of Technology & Sciences,  Darimadugu(V), Markapur Mandal, PIN- 523316(CC-7Z)","Legacy Core","true","true","true","","","","true","APSCHE EAPCET 2024 G.O. Ms. No. 17","None","None","official_verified","unavailable","unavailable"
"C-18076","Ideal Institute of Technology, Vidyut Nagar, Kakinada-533003(CC-6K)","Legacy Core","true","true","true","","","","true","APSCHE EAPCET 2024 G.O. Ms. No. 17","None","None","official_verified","unavailable","unavailable"
"C-18099","Vishnu Institute of Technology, Vishnupur, Bhimavaram, PIN-534202(CC-PA)","Legacy Core","true","true","true","","","","true","APSCHE EAPCET 2024 G.O. Ms. No. 17","None","None","official_verified","unavailable","unavailable"
"C-18107","Jogaiah Institute of Technology & Pharmacy Sciences, (CC-GC)","Legacy Core","true","true","true","","","","true","APSCHE EAPCET 2024 G.O. Ms. No. 17","None","None","official_verified","unavailable","unavailable"
"C-18118","KKR&KSR Institute of Technology & Sciences, VINJANAMPADU Village (CC-JR)","Legacy Core","true","true","true","","","","true","APSCHE EAPCET 2024 G.O. Ms. No. 17","None","None","official_verified","unavailable","unavailable"
"C-18185","Renaissance Institute of Management Studies, New Chandrapur","Legacy Core","true","true","","","","","true","Fee Regulation Slab — Maharashtra (2024-25)","None","None","legacy","unavailable","unavailable"
"C-18206","G H Raisoni Institute of Management and Research Khaparkheda Nagpur","Legacy Core","true","true","","","","","true","Fee Regulation Slab — Maharashtra (2024-25)","None","None","legacy","unavailable","unavailable"
"C-18283","Real Institute of Management and Research Belatrodi road","Legacy Core","true","true","","","","","true","Fee Regulation Slab — Maharashtra (2024-25)","None","None","legacy","unavailable","unavailable"
"C-18365","Priyadarshini Lokmanya Tilak Institute of Management Studies and Research, Hingna Road, Nagpur","Legacy Core","true","true","","","","","true","Fee Regulation Slab — Maharashtra (2024-25)","None","None","legacy","unavailable","unavailable"
"C-18383","Tirpude Institute of Management Education, Civil Lines","Legacy Core","true","true","","","","","true","Fee Regulation Slab — Maharashtra (2024-25)","None","None","legacy","unavailable","unavailable"
"C-18418","Akhilesh Institute of Management Studies, Nandanvan","Legacy Core","true","true","","","","","true","Fee Regulation Slab — Maharashtra (2024-25)","None","None","legacy","unavailable","unavailable"
"C-18476","Swaminarayan Siddhanta Institute of Technology","Legacy Core","true","true","true","","","","true","TNEA 2024 Official Notification","None","None","official_verified","unavailable","unavailable"
"C-185","CHHOTUBHAI GOPALBHAI PATEL INSTITUTE OF TECHNOLOGY","Legacy Core","true","true","true","","","","true","TNEA 2024 Official Notification","None","None","official_verified","unavailable","legacy"
"C-18514","Anand narayan Institute of Technology and management Studies, Hudkeshwar road","Legacy Core","true","true","true","","","","true","TNEA 2024 Official Notification","None","None","official_verified","unavailable","unavailable"
"C-18645","SB Jain Institute of Technology Management and Research, Yerla","Legacy Core","true","true","true","","","","true","TNEA 2024 Official Notification","None","None","official_verified","unavailable","unavailable"
"C-18650","Jhulelal Institute of Technology, Lonara","Legacy Core","true","true","true","","","","true","TNEA 2024 Official Notification","None","None","official_verified","unavailable","unavailable"
"C-18681","G.S. College of Commerce and Economics, Nagpur","Legacy Core","true","true","","","","","true","Fee Regulation Slab — Maharashtra (2024-25)","None","None","legacy","unavailable","unavailable"
"C-70882","ZENITH INSTITUTE OF NURSING SCIENCES","Legacy Core","true","","","","","","true","Fee Regulation Slab — West Bengal (2024-25)","None","None","legacy","unavailable","unavailable"
"C-15558","INCREDIBLE INSTITUTE OF MANAGEMENT & TECHNOLOGIES, ACHHNERA, AGRA","Legacy Core","true","true","","","","","true","Fee Regulation Slab — Uttar Pradesh (2024-25)","None","None","legacy","unavailable","unavailable"
"C-15589","Yugantar Institute of Technology and Management  Ramdhin Marg,","Legacy Core","true","true","true","","","","true","TNEA 2024 Official Notification","None","None","official_verified","unavailable","unavailable"
"C-15627","Kruti Institute of Technology and Engineering Knowledge Village,","Legacy Core","true","true","true","","","","true","TNEA 2024 Official Notification","NIRF 2024","None","official_verified","legacy","unavailable"
"C-15650","Chhatrapati Shivaji Institute of Technology Kolihapuri, P O Pisegaon","Legacy Core","true","true","true","","","","true","TNEA 2024 Official Notification","None","None","official_verified","unavailable","unavailable"
"C-15755","Karmayogi Institute of Technology, Tal.Pandharpur, Dist-Solapur","Legacy Core","true","true","true","","","","true","TNEA 2024 Official Notification","None","None","official_verified","unavailable","unavailable"
"C-15759","A G PATIL INSTITUTE OF TECHNOLOGY  18 2A2  PRATANAGER SOREGON ROAD","Legacy Core","true","true","true","","","","true","TNEA 2024 Official Notification","None","None","official_verified","unavailable","unavailable"
"C-15774","BRAHMDEVDADA MANE INSTITUTE OF TECHNOLOGY GAT NO. 137. BELATI.  TAL NORTH SOLAPUR,","Legacy Core","true","true","true","","","","true","TNEA 2024 Official Notification","None","None","official_verified","unavailable","unavailable"
"C-15784","SHIVRATNA INSTITUTE OF MANAGEMENT STUDIES, AKLUJ","Legacy Core","true","true","","","","","true","Fee Regulation Slab — Maharashtra (2024-25)","None","None","legacy","unavailable","unavailable"
"C-15788","WALCHAND INSTITUTE OF TECHNOLOGY, SOLAPUR","Legacy Core","true","true","true","","","","true","MahaFRA Official Online Portal","None","None","official_verified","unavailable","unavailable"
"C-15311","ANJALI INSTITUTE OF MANAGEMENT AND SCIENCE, AGRA","Legacy Core","true","true","","","","","true","Fee Regulation Slab — Uttar Pradesh (2024-25)","None","None","legacy","unavailable","unavailable"
"C-16183","Chandubhai S. Patel Institute of Technology","Legacy Core","true","true","true","","","","true","TNEA 2024 Official Notification","None","None","official_verified","unavailable","legacy"
"C-16184","Indukaka Ipcowala Institute of Management","Legacy Core","true","true","","","","","true","Fee Regulation Slab — Gujarat (2024-25)","None","None","legacy","unavailable","unavailable"
"C-16298","Arunachal Community College of Health Sciences","Legacy Core","true","true","","","","","true","Fee Regulation Slab — Arunachal Pradesh (2024-25)","None","None","legacy","unavailable","unavailable"
"C-16476","Sri Sai Ram Institute of Technology","Legacy Core","true","true","true","","","","true","TNEA 2024 Official Notification","None","None","official_verified","unavailable","legacy"
"C-16482","PERI Institute of Technology","Legacy Core","true","true","true","","","","true","TNEA 2024 Official Notification","None","None","official_verified","unavailable","legacy"
"C-16484","Panimalar Institute of Technology","Legacy Core","true","true","true","","","","true","TNEA 2024 Official Notification","None","None","official_verified","unavailable","legacy"
"C-16494","Jaya Institute of Technology","Legacy Core","true","true","true","","","","true","TNEA 2024 Official Notification","None","None","official_verified","unavailable","legacy"
"C-16499","Sri Krishna Institute of Technology","Legacy Core","true","true","true","","","","true","TNEA 2024 Official Notification","None","None","official_verified","unavailable","legacy"
"C-16508","SMK Fomra Institute of Technology","Legacy Core","true","true","true","","","","true","TNEA 2024 Official Notification","None","None","official_verified","unavailable","legacy"
"C-16518","Loyola Institute of Technology","Legacy Core","true","true","true","","","","true","TNEA 2024 Official Notification","None","None","official_verified","unavailable","legacy"
"C-16531","Sri Muthukumaran Institute of Technology","Legacy Core","true","true","true","","","","true","TNEA 2024 Official Notification","None","None","official_verified","unavailable","legacy"
"C-16532","Rajalakshmi Institute of Technology","Legacy Core","true","true","true","","","","true","TNEA 2024 Official Notification","None","None","official_verified","unavailable","legacy"
"C-20425","Tivarinath Sanskrit Mahavidyalaya, Nainitaal Road","Legacy Core","true","true","true","","","","true","AFRC UP 2024-25 Official Order","None","None","official_verified","unavailable","unavailable"
"C-18889","Aakar Institute of Management and Research Studies, Shankar Nagar","Legacy Core","true","true","","","","","true","Fee Regulation Slab — Maharashtra (2024-25)","None","None","legacy","unavailable","unavailable"
"C-20662","Community Institute of Commerce & Management Studies,  #2 Block, Jayangar, Bangalore -11","Legacy Core","true","true","","","","","true","Fee Regulation Slab — Karnataka (2024-25)","None","None","legacy","unavailable","unavailable"
"C-20690","MP Birla Institute of Management, No.43, Racecourse Road, Bangalore-9","Legacy Core","true","true","","","","","true","Fee Regulation Slab — Karnataka (2024-25)","None","None","legacy","unavailable","unavailable"
"C-18898","Dr Ambedkar Institute of Management Studies Research, Deekshabhoomi","Legacy Core","true","true","true","","","","true","TSCHE TAFRC 2024-25 Notification","None","None","official_verified","unavailable","unavailable"
"C-20727","Acharya Institute of Management and Science, Ist Stage, Peenya Industrial Estate,  Bangalore-58","Legacy Core","true","true","","","","","true","Fee Regulation Slab — Karnataka (2024-25)","None","None","legacy","unavailable","unavailable"
"C-18901","Ballarpur Institute of Technology, Ballarpur","Legacy Core","true","true","true","","","","true","MahaFRA Official Online Portal","None","None","official_verified","unavailable","unavailable"
"C-20757","RV Institute of Management, No.17, 26th Main, 36th Cross, Jayanagar, 4th T Block, Bangalore-41.","Legacy Core","true","true","","","","","true","Fee Regulation Slab — Karnataka (2024-25)","None","None","legacy","unavailable","unavailable"
"C-20784","M.H. Institute of Management Sciences, BM Road, Vivekanandanagar, Ramanagaram-571 511","Legacy Core","true","true","","","","","true","Fee Regulation Slab — Karnataka (2024-25)","None","None","legacy","unavailable","unavailable"
"C-20789","Community Institute of Management Studies,  #2 Block, Jayangar, Bangalore -11","Legacy Core","true","true","","","","","true","Fee Regulation Slab — Karnataka (2024-25)","None","None","legacy","unavailable","unavailable"
"C-20826","BGS Institute of Management Studies, BGS Campus, Chikkaballapura-562 101,","Legacy Core","true","true","","","","","true","Fee Regulation Slab — Karnataka (2024-25)","None","None","legacy","unavailable","unavailable"
"C-20846","T John Institute of Management and Science, Banerghatta Road, Bangalore -83","Legacy Core","true","true","","","","","true","Fee Regulation Slab — Karnataka (2024-25)","None","None","legacy","unavailable","unavailable"
"C-20852","AL-AMEEN INSTITUTE OF MANAGEMENT STUDIES","Legacy Core","true","true","","","","","true","Fee Regulation Slab — Karnataka (2024-25)","None","None","legacy","unavailable","unavailable"
"C-18913","NIT Graduate school of Management, Katol Road","Legacy Core","true","true","","","","","true","Fee Regulation Slab — Maharashtra (2024-25)","None","None","legacy","unavailable","unavailable"
"C-21","Swami Krishnajivandasji Institute of Technology, Sokli 632","Legacy Core","true","true","true","","","","true","TNEA 2024 Official Notification","None","None","official_verified","unavailable","legacy"
"C-21023","Padmashree Institute of Management and Sciences, Kommaghatta, Kengeri, Bangalore-60","Legacy Core","true","true","","","","","true","Fee Regulation Slab — Karnataka (2024-25)","None","None","legacy","unavailable","unavailable"
"C-21188","MES Institute of Management, 17th Main, 2nd Block, Rajajinagar, Bangalore -10","Legacy Core","true","true","","","","","true","Fee Regulation Slab — Karnataka (2024-25)","None","None","legacy","unavailable","unavailable"
"C-21226","Dr. Ambedkar Institute of Management Studies, HAL, IInd Stage, Indiranagar, Bangalore-38","Legacy Core","true","true","true","","","","true","KEA UGCET 2024 Notification","None","None","official_verified","unavailable","unavailable"
"C-21236","RR Institute of Management, #67, Chikkabanavara, Bangalore-560 090.","Legacy Core","true","true","","","","","true","Fee Regulation Slab — Karnataka (2024-25)","None","None","legacy","unavailable","unavailable"
"C-21270","Maya Institute of Technology & Management","Legacy Core","true","true","true","","","","true","TNEA 2024 Official Notification","NIRF 2024","None","official_verified","legacy","unavailable"
"C-21271","Institute of Technology Roorkee (ITR)","Legacy Core","true","true","true","","","","true","TNEA 2024 Official Notification","NIRF 2024","None","official_verified","legacy","legacy"
"C-21289","Dev Bhoomi Institute of Technology","Legacy Core","true","true","true","","","","true","TNEA 2024 Official Notification","None","None","official_verified","unavailable","unavailable"
"C-21297","Institute of Management Studies","Legacy Core","true","true","true","","","","true","MahaFRA Official Online Portal","None","None","official_verified","unavailable","unavailable"
"C-21303","Mahadevi Institute of Technology","Legacy Core","true","true","true","","","","true","TNEA 2024 Official Notification","None","None","official_verified","unavailable","unavailable"
"C-21306","Modern Institute of Technology","Legacy Core","true","","true","","","","true","TNEA 2024 Official Notification","None","None","official_verified","unavailable","unavailable"
"C-21308","Bishambhar Sahay Institute of Technology","Legacy Core","true","true","true","","","","true","TNEA 2024 Official Notification","None","None","official_verified","unavailable","unavailable"
"C-21312","J.B. Institute of Technology","Legacy Core","true","true","true","","","","true","MahaFRA Official Online Portal","NIRF 2024","None","official_verified","legacy","unavailable"
"C-21319","SEEMANT INSTITUTE OF TECHNOLOGY (Constituent College of Uttarakhand technical University)","Legacy Core","true","true","true","","","","true","TNEA 2024 Official Notification","None","None","official_verified","unavailable","unavailable"
"C-214","L.J.Institute of Management Studies (SFI)-First shift Ahmedabad 729","Legacy Core","true","true","","","","","true","Fee Regulation Slab — Gujarat (2024-25)","None","None","legacy","unavailable","legacy"
"C-21510","TRINITY DEGREE COLLEGE JYOTHI NAGAR, NTPC, RAMAGUNDAM","Legacy Core","true","true","true","","","","true","TSCHE TAFRC 2024-25 Notification","None","None","official_verified","unavailable","unavailable"
"C-21525","SRI SHIVANI INSTITUTE OF MANAGEMENT, GANAGADHARA,KARIMNAGAR","Legacy Core","true","true","","","","","true","Fee Regulation Slab — Telangana (2024-25)","None","None","legacy","unavailable","unavailable"
"C-21531","TRINITY COLLEGE OF PHARMACEUTICAL SCIENCES, PRAGATHINAGAR, PEDDAPALLY, KARIMNAGAR","Legacy Core","true","true","true","","","","true","TSCHE TAFRC 2024-25 Notification","None","None","official_verified","unavailable","unavailable"
"C-21566","SHREE VASHISTA COLLEGE OF EDUCATION NEAR VAARTHA UNIT, ALGUNOOR, THIMMAPUR, KARIMNAGAR","Legacy Core","true","true","true","","","","true","TSCHE TAFRC 2024-25 Notification","None","None","official_verified","unavailable","unavailable"
"C-21575","TRINITY COLLEGE OF EDUCATION, KASULAPALLY, PEDDAPALLY","Legacy Core","true","true","true","","","","true","TSCHE TAFRC 2024-25 Notification","None","None","official_verified","unavailable","unavailable"
"C-21586","TRINITY DEGREE COLLEGE, PRAGATHI NAGAR, PEDDAPALLY","Legacy Core","true","true","true","","","","true","TSCHE TAFRC 2024-25 Notification","None","None","official_verified","unavailable","unavailable"
"C-18725","Nagpur Institute of Technology, Katol road","Legacy Core","true","true","true","","","","true","TNEA 2024 Official Notification","None","None","official_verified","unavailable","unavailable"
"C-21606","TRINITY COLLEGE OF EDUCATION, STATION ROAD, PEDDAPALLY","Legacy Core","true","true","true","","","","true","TSCHE TAFRC 2024-25 Notification","None","None","official_verified","unavailable","unavailable"
"C-21622","TRINITY COLLEGE OF EDUCATION,  PEDDAPALLY","Legacy Core","true","true","true","","","","true","TSCHE TAFRC 2024-25 Notification","None","None","official_verified","unavailable","unavailable"
"C-21801","Institute of Technology & Science Devobhog Road, Gariyabandh","Legacy Core","true","true","true","","","","true","TNEA 2024 Official Notification","None","None","official_verified","unavailable","unavailable"
"C-21922","Salt Institute of Technology and Management, Salt","Legacy Core","true","true","true","","","","true","MahaFRA Official Online Portal","None","None","official_verified","unavailable","unavailable"
"C-19022","Nitishwar College, Muzaffarpur","Legacy Core","true","true","","","","","true","Fee Regulation Slab — Bihar (2024-25)","None","None","legacy","unavailable","unavailable"
"C-18742","Orange City Institute of Management, Tal.Dist. Nagpur","Legacy Core","true","true","","","","","true","Fee Regulation Slab — Maharashtra (2024-25)","None","None","legacy","unavailable","unavailable"
"C-19115","Chhattisgarh Institute of Technology Rajnandgaon","Legacy Core","true","true","true","","","","true","TNEA 2024 Official Notification","None","None","official_verified","unavailable","unavailable"
"C-19168","Infinity Mgt. and Engg. College, Sagar","Legacy Core","true","true","true","","","","true","AFRC MP 2024-25 Order No. 147","None","None","official_verified","unavailable","unavailable"
"C-19296","Delhi Institute of Technology and Management","Legacy Core","true","true","true","","","","true","MahaFRA Official Online Portal","None","None","official_verified","unavailable","unavailable"
"C-19301","South Point Institute of Technology & Management","Legacy Core","true","true","true","","","","true","TNEA 2024 Official Notification","None","None","official_verified","unavailable","unavailable"
"C-19304","Hindu Institute of Management","Legacy Core","true","true","","","","","true","Fee Regulation Slab — Haryana (2024-25)","None","None","legacy","unavailable","unavailable"
"C-19314","G.V.M. Institute of Technology and Management","Legacy Core","true","true","true","","","","true","MahaFRA Official Online Portal","NIRF 2024","None","official_verified","legacy","unavailable"
"C-19318","NITTE USHA INSTITUTE OF NURSING SCIENCES","Legacy Core","true","true","","","","","true","Fee Regulation Slab — Karnataka (2024-25)","None","None","legacy","unavailable","unavailable"
"C-19321","NITTE INSTITUTE OF PHYSIOTHERAPY","Legacy Core","true","true","","","","","true","Fee Regulation Slab — Karnataka (2024-25)","None","None","legacy","unavailable","unavailable"
"C-19325","SYMBIOSIS Centre for Management Studies, Pune","Legacy Core","true","true","","","","","true","Fee Regulation Slab — Maharashtra (2024-25)","None","None","legacy","unavailable","unavailable"
"C-19326","SYMBIOSIS Law School, NOIDA","Legacy Core","true","true","","","","","true","Fee Regulation Slab — Uttar Pradesh (2024-25)","None","None","legacy","unavailable","unavailable"
"C-19328","SYMBIOSIS Law School, Pune","Legacy Core","true","true","","","","","true","Fee Regulation Slab — Maharashtra (2024-25)","None","None","legacy","unavailable","unavailable"
"C-19329","SYMBIOSIS Institute of Digital and Telecom Management","Legacy Core","true","true","","","","","true","Fee Regulation Slab — Maharashtra (2024-25)","None","None","legacy","unavailable","unavailable"
"C-19330","SYMBIOSIS Centre for Information Technology","Legacy Core","true","true","","","","","true","Fee Regulation Slab — Maharashtra (2024-25)","None","None","legacy","unavailable","unavailable"
"C-19331","SYMBIOSIS Institute of Computer Studies and Research","Legacy Core","true","true","","","","","true","Fee Regulation Slab — Maharashtra (2024-25)","None","None","legacy","unavailable","unavailable"
"C-19332","SYMBIOSIS Institute of International Business","Legacy Core","true","true","true","","","","true","SIBM Fee Structure 2024-26","NIRF 2024","None","official_verified","legacy","unavailable"
"C-19334","SYMBIOSIS Institute of Business Management, Bengaluru","Legacy Core","true","true","true","","","","true","SIBM Fee Structure 2024-26","NIRF 2024","None","official_verified","legacy","unavailable"
"C-19337","SYMBIOSIS Institute of Geoinformatics","Legacy Core","true","true","","","","","true","Fee Regulation Slab — Maharashtra (2024-25)","None","None","legacy","unavailable","unavailable"
"C-19338","SYMBIOSIS Institute of Health Sciences","Legacy Core","true","true","","","","","true","Fee Regulation Slab — Maharashtra (2024-25)","None","None","legacy","unavailable","unavailable"
"C-19339","SYMBIOSIS Centre for Management and Human Resource Development","Legacy Core","true","true","","","","","true","Fee Regulation Slab — Maharashtra (2024-25)","None","None","legacy","unavailable","unavailable"
"C-19340","SYMBIOSIS Institute of Media and Communication","Legacy Core","true","true","","","","","true","Fee Regulation Slab — Maharashtra (2024-25)","None","None","legacy","unavailable","unavailable"
"C-19341","SYMBIOSIS School of Banking and Finance","Legacy Core","true","true","","","","","true","Fee Regulation Slab — Maharashtra (2024-25)","None","None","legacy","unavailable","unavailable"
"C-19342","SYMBIOSIS School of Economics","Legacy Core","true","true","","","","","true","Fee Regulation Slab — Maharashtra (2024-25)","None","None","legacy","unavailable","unavailable"
"C-19343","SYMBIOSIS Institute of Business Management, Pune","Legacy Core","true","true","true","","","","true","SIBM Fee Structure 2024-26","NIRF 2024","None","official_verified","legacy","unavailable"
"C-19344","SYMBIOSIS Institute of Technology, Pune","Legacy Core","true","true","true","","","","true","TNEA 2024 Official Notification","None","None","official_verified","unavailable","unavailable"
"C-19345","SYMBIOSIS College of Nursing","Legacy Core","true","true","","","","","true","Fee Regulation Slab — Maharashtra (2024-25)","None","None","legacy","unavailable","unavailable"
"C-19346","English Language Teaching Institute of SYMBIOSIS","Legacy Core","true","true","","","","","true","Fee Regulation Slab — Maharashtra (2024-25)","None","None","legacy","unavailable","unavailable"
"C-19347","SYMBIOSIS Centre for Media and Communication","Legacy Core","true","true","","","","","true","Fee Regulation Slab — Maharashtra (2024-25)","None","None","legacy","unavailable","unavailable"
"C-19348","SYMBIOSIS Institute of Operations Management, Nashik","Legacy Core","true","true","","","","","true","Fee Regulation Slab — Maharashtra (2024-25)","None","None","legacy","unavailable","unavailable"
"C-19349","SYMBIOSIS Institute of Management Studies","Legacy Core","true","true","true","","","","true","SIBM Fee Structure 2024-26","NIRF 2024","None","official_verified","legacy","unavailable"
"C-19350","SYMBIOSIS Institute of Design","Legacy Core","true","true","","","","","true","Fee Regulation Slab — Maharashtra (2024-25)","None","None","legacy","unavailable","unavailable"
"C-18777","Kavi Kulguru Institute of Technology and Science,  Ramtek","Legacy Core","true","true","true","","","","true","TNEA 2024 Official Notification","NIRF 2024","None","official_verified","legacy","unavailable"
"C-18780","Datta Meghe Institute of Management Studies","Legacy Core","true","true","","","","","true","Fee Regulation Slab — Maharashtra (2024-25)","None","None","legacy","unavailable","unavailable"
"C-19464","Modi Institute of Management & Technoloy, Kota","Legacy Core","true","true","","","","","true","Fee Regulation Slab — Rajasthan (2024-25)","None","None","legacy","unavailable","unavailable"
"C-19486","Om Kothari Institute of Management & Research, Kota","Legacy Core","true","true","","","","","true","Fee Regulation Slab — Rajasthan (2024-25)","None","None","legacy","unavailable","unavailable"
"C-19506","Vaageswari Institute of Management Sciences","Legacy Core","true","true","","","","","true","Fee Regulation Slab — Telangana (2024-25)","None","None","legacy","unavailable","unavailable"
"C-19531","Guru Nanak Institute of Technology","Legacy Core","true","true","true","","","","true","TSCHE TAFRC 2024-25 Notification","None","None","official_verified","unavailable","unavailable"
"C-19539","Bandari Srinivas Institute of Technology","Legacy Core","true","true","true","","","","true","TSCHE TAFRC 2024-25 Notification","None","None","official_verified","unavailable","unavailable"
"C-19560","Sri Visweswaraiah Institute of Technology & Science","Legacy Core","true","true","true","","","","true","TSCHE TAFRC 2024-25 Notification","None","None","official_verified","unavailable","unavailable"
"C-19567","Sri Chaitanya Institute of Technology and Research (SCIT)","Legacy Core","true","true","true","","","","true","TSCHE TAFRC 2024-25 Notification","None","None","official_verified","unavailable","unavailable"
"C-19569","B.V Raju Institute of Technology","Legacy Core","true","true","true","","","","true","TSCHE TAFRC 2024-25 Notification","None","None","official_verified","unavailable","unavailable"
"C-19582","Vidya Jythi Institute of Technology","Legacy Core","true","true","true","","","","true","TSCHE TAFRC 2024-25 Notification","None","None","official_verified","unavailable","unavailable"
"C-19584","Balaji Institute of Management Sciences","Legacy Core","true","true","","","","","true","Fee Regulation Slab — Telangana (2024-25)","None","None","legacy","unavailable","unavailable"
"C-19602","Kommuri Pratap Reddy Institute of Technology","Legacy Core","true","true","true","","","","true","TSCHE TAFRC 2024-25 Notification","None","None","official_verified","unavailable","unavailable"
"C-19623","Annamacharya Institute of Technology & Sciences","Legacy Core","true","true","true","","","","true","TSCHE TAFRC 2024-25 Notification","None","None","official_verified","unavailable","unavailable"
"C-19644","Rousseau Institute of Management Studies","Legacy Core","true","true","","","","","true","Fee Regulation Slab — Telangana (2024-25)","None","None","legacy","unavailable","unavailable"
"C-19671","TRINITY COLLEGE OF ENGINEERING AND TECHNOLOGY","Legacy Core","true","true","true","","","","true","TSCHE TAFRC 2024-25 Notification","None","None","official_verified","unavailable","unavailable"
"C-19678","Vignan Institute of Technology & Sciences","Legacy Core","true","true","true","","","","true","TSCHE TAFRC 2024-25 Notification","None","None","official_verified","unavailable","unavailable"
"C-19696","Vivekananda Institute of Technology and Science","Legacy Core","true","true","true","","","","true","TSCHE TAFRC 2024-25 Notification","NIRF 2024","None","official_verified","legacy","unavailable"
"C-19698","Trinity College of Engineering & Technology","Legacy Core","true","true","true","","","","true","TSCHE TAFRC 2024-25 Notification","None","None","official_verified","unavailable","unavailable"
"C-19700","Vignana Bharathi Institute of Technology","Legacy Core","true","true","true","","","","true","TSCHE TAFRC 2024-25 Notification","None","None","official_verified","unavailable","unavailable"
"C-19716","Christu Jyothi Institute of Technology & Sciences","Legacy Core","true","true","true","","","","true","TSCHE TAFRC 2024-25 Notification","None","None","official_verified","unavailable","unavailable"
"C-19733","Bomma Institute of Technology Science","Legacy Core","true","true","true","","","","true","TSCHE TAFRC 2024-25 Notification","None","None","official_verified","unavailable","unavailable"
"C-19734","Malla Reddy Institute of Technology","Legacy Core","true","true","true","","","","true","TSCHE TAFRC 2024-25 Notification","None","None","official_verified","unavailable","unavailable"
"C-19753","MLR Institute of Technology","Legacy Core","true","true","true","","","","true","TSCHE TAFRC 2024-25 Notification","None","None","official_verified","unavailable","unavailable"
"C-19765","Swami Vivekananda Institute of Technology","Legacy Core","true","true","true","","","","true","TSCHE TAFRC 2024-25 Notification","None","None","official_verified","unavailable","unavailable"
"C-19776","Anu Bose Institute of Technology","Legacy Core","true","true","true","","","","true","TSCHE TAFRC 2024-25 Notification","None","None","official_verified","unavailable","unavailable"
"C-19778","Madhira Institute of Technology and Sciences","Legacy Core","true","true","true","","","","true","TSCHE TAFRC 2024-25 Notification","None","None","official_verified","unavailable","unavailable"
"C-18704","Acharya Vinoba Bhave Institute of Technology, Pavnar","Legacy Core","true","true","true","","","","true","TNEA 2024 Official Notification","None","None","official_verified","unavailable","unavailable"
"C-19785","Malla Reddy Institute of Technology & Sciences","Legacy Core","true","true","true","","","","true","TSCHE TAFRC 2024-25 Notification","None","None","official_verified","unavailable","unavailable"
"C-19793","Mahatma Gandhi Institute of Technology","Legacy Core","true","true","true","","","","true","TSCHE TAFRC 2024-25 Notification","None","None","official_verified","unavailable","unavailable"
"C-18808","Guru Nanak Institute of Technology, Dahegaon","Legacy Core","true","true","true","","","","true","TNEA 2024 Official Notification","None","None","official_verified","unavailable","unavailable"
"C-19837","CMR Institute of Technology","Legacy Core","true","true","true","","","","true","TSCHE TAFRC 2024-25 Notification","None","None","official_verified","unavailable","unavailable"
"C-19850","Hyderabad Institute of Technology & Management","Legacy Core","true","true","true","","","","true","TSCHE TAFRC 2024-25 Notification","NIRF 2024","None","official_verified","legacy","legacy"
"C-19868","Jyothishmathi Institute of Technology & Science, Nusthulapur","Legacy Core","true","true","true","","","","true","TSCHE TAFRC 2024-25 Notification","None","None","official_verified","unavailable","unavailable"
"C-19874","Balaji Institute of Technology & Science","Legacy Core","true","true","true","","","","true","TSCHE TAFRC 2024-25 Notification","None","None","official_verified","unavailable","unavailable"
"C-19890","Sai Spurthi Institute of Technology","Legacy Core","true","true","true","","","","true","TSCHE TAFRC 2024-25 Notification","None","None","official_verified","unavailable","unavailable"
"C-19894","Holy Mary Institute of Technology","Legacy Core","true","true","true","","","","true","TSCHE TAFRC 2024-25 Notification","None","None","official_verified","unavailable","unavailable"
"C-19898","Scient Institute of Technology","Legacy Core","true","true","true","","","","true","TSCHE TAFRC 2024-25 Notification","None","None","official_verified","unavailable","unavailable"
"C-19909","Holy Mary Institute of Technology & Science","Legacy Core","true","true","true","","","","true","TSCHE TAFRC 2024-25 Notification","None","None","official_verified","unavailable","unavailable"
"C-19915","Siddhartha Institute of Technology & Science","Legacy Core","true","true","true","","","","true","TSCHE TAFRC 2024-25 Notification","None","None","official_verified","unavailable","unavailable"
"C-19922","Marri Educational Society's Marri Laxman Reddy Institute of Technology and Management","Legacy Core","true","true","true","","","","true","TSCHE TAFRC 2024-25 Notification","None","None","official_verified","unavailable","unavailable"
"C-19924","Bharat Institute of Technology","Legacy Core","true","true","true","","","","true","TSCHE TAFRC 2024-25 Notification","None","None","official_verified","unavailable","unavailable"
"C-19928","Kamala Institute of Technology & Science","Legacy Core","true","true","true","","","","true","TSCHE TAFRC 2024-25 Notification","None","None","official_verified","unavailable","unavailable"
"C-19946","Keshav Memorial Institute of Technology","Legacy Core","true","true","true","","","","true","TSCHE TAFRC 2024-25 Notification","None","None","official_verified","unavailable","unavailable"
"C-20","R.N.G. Patel Institute of Technology, Bardoli","Legacy Core","true","true","true","","","","true","TNEA 2024 Official Notification","None","None","official_verified","unavailable","legacy"
"C-20039","Nityanand Ved Mahavidyalaya","Legacy Core","true","true","true","","","","true","AFRC UP 2024-25 Official Order","None","None","official_verified","unavailable","unavailable"
"C-18835","Vidarbha Institute of Technology, Bhiwapur","Legacy Core","true","true","true","","","","true","TNEA 2024 Official Notification","None","None","official_verified","unavailable","unavailable"
"C-249","Param Institute of Management & Research(SFI) .Lakhabavad Road-Jamnagar. 801","Legacy Core","true","true","","","","","true","Fee Regulation Slab — Gujarat (2024-25)","None","None","legacy","unavailable","unavailable"
"C-24980","Karpaga Vinayaga Institute of Management","Legacy Core","true","true","","","","","true","Fee Regulation Slab — Tamil Nadu (2024-25)","None","None","legacy","unavailable","unavailable"
"C-25003","Parisutham Institute of Technology and Science","Legacy Core","true","true","true","","","","true","TNEA 2024 Official Notification","NIRF 2024","None","official_verified","legacy","legacy"
"C-25036","OASYS Institute of Technology","Legacy Core","true","true","true","","","","true","TNEA 2024 Official Notification","None","None","official_verified","unavailable","legacy"
"C-25043","M.R.K. Institute of Technology","Legacy Core","true","true","true","","","","true","TNEA 2024 Official Notification","NIRF 2024","None","official_verified","legacy","legacy"
"C-25044","A.R.J. Institute of Management Studies","Legacy Core","true","true","true","","","","true","MahaFRA Official Online Portal","None","None","official_verified","unavailable","unavailable"
"C-224","Madhuben & Bhanubhai Patel Institute of Technology (MBIT)","Legacy Core","true","true","true","","","","true","TNEA 2024 Official Notification","None","None","official_verified","unavailable","legacy"
"C-25070","Madras Institute of Technology Campus","Legacy Core","true","true","true","","","","true","TNEA 2024 Official Notification","NIRF 2024","None","official_verified","legacy","legacy"
"C-25078","Yagyavalkya Institute of Technology,Jaipur","Legacy Core","true","true","true","","","","true","TNEA 2024 Official Notification","None","None","official_verified","unavailable","unavailable"
"C-25080","SHREE DIGAMBER INSTITUTE OF TECHNOLOGY,Mitrapura,DAUSA","Legacy Core","true","true","true","","","","true","TNEA 2024 Official Notification","None","None","official_verified","unavailable","unavailable"
"C-25086","Om Kothari Institute of Management & Research","Legacy Core","true","true","","","","","true","Fee Regulation Slab — Rajasthan (2024-25)","None","None","legacy","unavailable","unavailable"
"C-25088","Dr. Radhakrishnan Institute of Technology,Jaipur","Legacy Core","true","true","true","","","","true","TNEA 2024 Official Notification","None","None","official_verified","unavailable","unavailable"
"C-25149","Khandelwal Vaish Girls Institute Of Technology","Legacy Core","true","true","true","","","","true","TNEA 2024 Official Notification","None","None","official_verified","unavailable","unavailable"
"C-25156","Manda Institute of Technology,Bikaner","Legacy Core","true","true","true","","","","true","TNEA 2024 Official Notification","None","None","official_verified","unavailable","unavailable"
"C-25159","Kautilya Institute of Technology & Engineering and School of Management,Jaipur","Legacy Core","true","true","true","","","","true","TNEA 2024 Official Notification","NIRF 2024","None","official_verified","legacy","unavailable"
"C-25180","Apex Institute of Management & Science","Legacy Core","true","true","","","","","true","Fee Regulation Slab — Rajasthan (2024-25)","None","None","legacy","unavailable","unavailable"
"C-25186","Compucom Institute of Technology & Management,Jaipur","Legacy Core","true","true","true","","","","true","TNEA 2024 Official Notification","None","None","official_verified","unavailable","unavailable"
"C-25192","Global Institute of Technology,Jaipur","Legacy Core","true","true","true","","","","true","TNEA 2024 Official Notification","None","None","official_verified","unavailable","unavailable"
"C-25195","Techno India NJR Institute of Technology,Udaipur","Legacy Core","true","true","true","","","","true","TNEA 2024 Official Notification","None","None","official_verified","unavailable","unavailable"
"C-25204","Modi Institute of Technology,Kota","Legacy Core","true","true","true","","","","true","TNEA 2024 Official Notification","None","None","official_verified","unavailable","unavailable"
"C-25220","Jaipur Institute of Technology Group of Institutions,Jaipur","Legacy Core","true","true","true","","","","true","TNEA 2024 Official Notification","None","None","official_verified","unavailable","unavailable"
"C-25222","Vyas Institute of Management","Legacy Core","true","true","","","","","true","Fee Regulation Slab — Rajasthan (2024-25)","None","None","legacy","unavailable","unavailable"
"C-25248","Modern Institute of Technology & Research Centre,Alwar","Legacy Core","true","true","true","","","","true","TNEA 2024 Official Notification","None","None","official_verified","unavailable","unavailable"
"C-25265","Institute of Management Studies, BJS Rampuria Jain College","Legacy Core","true","true","","","","","true","Fee Regulation Slab — Rajasthan (2024-25)","None","None","legacy","unavailable","unavailable"
"C-25269","CHARTERED INSTITUTE OF TECHNOLOGY","Legacy Core","true","true","true","","","","true","TNEA 2024 Official Notification","None","None","official_verified","unavailable","unavailable"
"C-25276","SHRINATHJI INSTITUTE OF TECHNOLOGY & ENGINEERING, UPALI ODEN, NATHDWARA, RAJSAMAND","Legacy Core","true","true","true","","","","true","TNEA 2024 Official Notification","None","None","official_verified","unavailable","unavailable"
"C-25432","Azad Institute of Management","Legacy Core","true","true","","","","","true","Fee Regulation Slab — Telangana (2024-25)","None","None","legacy","unavailable","unavailable"
"C-25448","Akshara Institute of Management Studies","Legacy Core","true","true","","","","","true","Fee Regulation Slab — Telangana (2024-25)","None","None","legacy","unavailable","unavailable"
"C-25452","Grahambell Institute of Technology & Science","Legacy Core","true","true","true","","","","true","TSCHE TAFRC 2024-25 Notification","None","None","official_verified","unavailable","unavailable"
"C-25529","Krishnamurthy Institute of Management","Legacy Core","true","true","","","","","true","Fee Regulation Slab — Telangana (2024-25)","None","None","legacy","unavailable","unavailable"
"C-25570","Kommuri Pratap Reddy Institute of Management","Legacy Core","true","true","true","","","","true","TSCHE TAFRC 2024-25 Notification","None","None","official_verified","unavailable","unavailable"
"C-25601","Horizon Institute of Technology","Legacy Core","true","true","true","","","","true","TSCHE TAFRC 2024-25 Notification","None","None","official_verified","unavailable","unavailable"
"C-25610","Global Institute of Management","Legacy Core","true","true","true","","","","true","APSCHE EAPCET 2024 G.O. Ms. No. 17","None","None","official_verified","unavailable","unavailable"
"C-25622","Chaitanya Bharathi Institute of Technology","Legacy Core","true","true","true","","","","true","TSCHE TAFRC 2024-25 Notification","None","None","official_verified","unavailable","unavailable"
"C-25626","Sarojini Naidu Vanita Pharmacy Maha Vidyalaya","Legacy Core","true","true","true","","","","true","TSCHE TAFRC 2024-25 Notification","None","None","official_verified","unavailable","unavailable"
"C-25757","Holy mary Institute of Technology & Management","Legacy Core","true","true","true","","","","true","TSCHE TAFRC 2024-25 Notification","None","None","official_verified","unavailable","unavailable"
"C-25774","Bright Institute of Management","Legacy Core","true","true","","","","","true","Fee Regulation Slab — Telangana (2024-25)","None","None","legacy","unavailable","unavailable"
"C-25775","RBVRR Institute of Technology","Legacy Core","true","true","true","","","","true","TSCHE TAFRC 2024-25 Notification","None","None","official_verified","unavailable","unavailable"
"C-25793","Holy Trinity College of Education","Legacy Core","true","true","true","","","","true","TSCHE TAFRC 2024-25 Notification","None","None","official_verified","unavailable","unavailable"
"C-25807","TKR Institute of Management & Science","Legacy Core","true","true","","","","","true","Fee Regulation Slab — Telangana (2024-25)","None","None","legacy","unavailable","unavailable"
"C-25822","Sarojini Naidu Vanita Maha Vidyalaya","Legacy Core","true","true","true","","","","true","TSCHE TAFRC 2024-25 Notification","None","None","official_verified","unavailable","unavailable"
"C-25854","Sri Indu Institute of Management","Legacy Core","true","true","","","","","true","Fee Regulation Slab — Telangana (2024-25)","None","None","legacy","unavailable","unavailable"
"C-25860","Malla Reddy Institute of Management","Legacy Core","true","true","true","","","","true","TSCHE TAFRC 2024-25 Notification","None","None","official_verified","unavailable","unavailable"
"C-25865","IITM Degree College","Legacy Core","true","true","true","","","","true","TSCHE TAFRC 2024-25 Notification","None","None","official_verified","unavailable","unavailable"
"C-25901","Shadan Institute of Management Studies for Gilrs","Legacy Core","true","true","","","","","true","Fee Regulation Slab — Telangana (2024-25)","None","None","legacy","unavailable","unavailable"
"C-25926","K.G.R Institute of Technology & Management","Legacy Core","true","true","true","","","","true","TSCHE TAFRC 2024-25 Notification","NIRF 2024","None","official_verified","legacy","unavailable"
"C-25927","M.R.M  Institute of Management (Ibrahimpatnam)","Legacy Core","true","true","","","","","true","Fee Regulation Slab — Telangana (2024-25)","None","None","legacy","unavailable","unavailable"
"C-25951","Pendekanti Institute of Management","Legacy Core","true","true","","","","","true","Fee Regulation Slab — Telangana (2024-25)","None","None","legacy","unavailable","unavailable"
"C-25954","Shadan Institute of Management Studies for Boys","Legacy Core","true","true","","","","","true","Fee Regulation Slab — Telangana (2024-25)","None","None","legacy","unavailable","unavailable"
"C-22462","Atma Ram Sanatan Dharam College","Legacy Core","true","true","","","","","true","Fee Regulation Slab — Delhi (2024-25)","None","None","legacy","unavailable","unavailable"
"C-25977","Siddhartha Institute of Technology & Science (formerly Siddharatha Technical Institute)","Legacy Core","true","true","true","","","","true","TSCHE TAFRC 2024-25 Notification","None","None","official_verified","unavailable","unavailable"
"C-26067","David Memorial Institute of Management","Legacy Core","true","true","","","","","true","Fee Regulation Slab — Telangana (2024-25)","None","None","legacy","unavailable","unavailable"
"C-26079","MESCO Institute of Management & Computer Science","Legacy Core","true","true","","","","","true","Fee Regulation Slab — Telangana (2024-25)","None","None","legacy","unavailable","unavailable"
"C-26087","Suprabhat Institute of Management Studies","Legacy Core","true","true","","","","","true","Fee Regulation Slab — Telangana (2024-25)","None","None","legacy","unavailable","unavailable"
"C-26108","Bhavans Vivekananda College of Science, Humanities & Commerce","Legacy Core","true","true","true","","","","true","TSCHE TAFRC 2024-25 Notification","None","None","official_verified","unavailable","unavailable"
"C-26201","Swathi Institute of Technology & Science","Legacy Core","true","true","true","","","","true","TSCHE TAFRC 2024-25 Notification","None","None","official_verified","unavailable","unavailable"
"C-26770","Shankara Institute of Technology,jaipur","Legacy Core","true","true","true","","","","true","TNEA 2024 Official Notification","None","None","official_verified","unavailable","unavailable"
"C-26771","Velankini Institute of Management Studies","Legacy Core","true","true","","","","","true","Fee Regulation Slab — Andhra Pradesh (2024-25)","None","None","legacy","unavailable","unavailable"
"C-26772","Rao's Institute of Management Studies","Legacy Core","true","true","","","","","true","Fee Regulation Slab — Andhra Pradesh (2024-25)","None","None","legacy","unavailable","unavailable"
"C-26776","Vijay Institute of Management","Legacy Core","true","true","","","","","true","Fee Regulation Slab — Tamil Nadu (2024-25)","None","None","legacy","unavailable","unavailable"
"C-26848","Bheemi Reddy Institute of Management Science, Adoni","Legacy Core","true","true","","","","","true","Fee Regulation Slab — Andhra Pradesh (2024-25)","None","None","legacy","unavailable","unavailable"
"C-26856","Dr.K.V.Subba Reddy Institute of Technology, Kurnool","Legacy Core","true","true","true","","","","true","APSCHE EAPCET 2024 G.O. Ms. No. 17","None","None","official_verified","unavailable","unavailable"
"C-26867","Chaitanya Bharathi Institute of Technology, Proddutur","Legacy Core","true","true","true","","","","true","APSCHE EAPCET 2024 G.O. Ms. No. 17","None","None","official_verified","unavailable","unavailable"
"C-26874","Parvatha Reddy Babul Reddy Visvodaya Institute of Technology & Science","Legacy Core","true","true","true","","","","true","APSCHE EAPCET 2024 G.O. Ms. No. 17","None","None","official_verified","unavailable","unavailable"
"C-26880","KMM Institute of Technology & Science, Tirupathi","Legacy Core","true","true","true","","","","true","APSCHE EAPCET 2024 G.O. Ms. No. 17","None","None","official_verified","unavailable","unavailable"
"C-269","R.B.Institute of Management Studies (SFI)-Ahmedabad 549","Legacy Core","true","true","","","","","true","Fee Regulation Slab — Gujarat (2024-25)","None","None","legacy","unavailable","legacy"
"C-26902","Madanapalle Institute of Technology & Science, Madanapalle","Legacy Core","true","true","true","","","","true","APSCHE EAPCET 2024 G.O. Ms. No. 17","None","None","official_verified","unavailable","unavailable"
"C-26903","Bheema Institute of Technology & Sciences, Adoni","Legacy Core","true","true","true","","","","true","APSCHE EAPCET 2024 G.O. Ms. No. 17","None","None","official_verified","unavailable","unavailable"
"C-26911","Vasavi Institute of Management & Computer Sciences","Legacy Core","true","true","","","","","true","Fee Regulation Slab — Andhra Pradesh (2024-25)","None","None","legacy","unavailable","unavailable"
"C-26918","Annamacharya Institute of Technology And Sciences, Chinthakomma Dinne","Legacy Core","true","true","true","","","","true","APSCHE EAPCET 2024 G.O. Ms. No. 17","None","None","official_verified","unavailable","unavailable"
"C-26919","Sai Rajeswari Institute of Technology","Legacy Core","true","true","true","","","","true","APSCHE EAPCET 2024 G.O. Ms. No. 17","None","None","official_verified","unavailable","unavailable"
"C-26920","Sir C.V. Raman Institute of Technology & Sciences, Tadipatri,","Legacy Core","true","true","true","","","","true","APSCHE EAPCET 2024 G.O. Ms. No. 17","None","None","official_verified","unavailable","unavailable"
"C-26922","BRINDAVAN INSTITUTE OF TECHNOLOGY & SCIENCE","Legacy Core","true","true","true","","","","true","APSCHE EAPCET 2024 G.O. Ms. No. 17","None","None","official_verified","unavailable","unavailable"
"C-26924","Annamacharya Institute of Technology & Sciences, New Boyanapalli, Rajampet","Legacy Core","true","true","true","","","","true","APSCHE EAPCET 2024 G.O. Ms. No. 17","None","None","official_verified","unavailable","unavailable"
"C-26927","Sumourya Institute of Management","Legacy Core","true","true","","","","","true","Fee Regulation Slab — Andhra Pradesh (2024-25)","None","None","legacy","unavailable","unavailable"
"C-26940","Anantha Lakshmi Institute of Technology & Sciences","Legacy Core","true","true","true","","","","true","APSCHE EAPCET 2024 G.O. Ms. No. 17","None","None","official_verified","unavailable","unavailable"
"C-26947","Annamacharya Institute of Technology & Sciences,Tirupati","Legacy Core","true","true","true","","","","true","APSCHE EAPCET 2024 G.O. Ms. No. 17","None","None","official_verified","unavailable","unavailable"
"C-26948","PVKK Institute of Technology, Anantapur","Legacy Core","true","true","true","","","","true","APSCHE EAPCET 2024 G.O. Ms. No. 17","None","None","official_verified","unavailable","unavailable"
"C-26972","Sri Venkateswara Institute of Technology, Hampapuram,Anantapur","Legacy Core","true","true","true","","","","true","APSCHE EAPCET 2024 G.O. Ms. No. 17","None","None","official_verified","unavailable","unavailable"
"C-26973","Vaagdevi Institute of Technology & Science, Proddatur","Legacy Core","true","true","true","","","","true","APSCHE EAPCET 2024 G.O. Ms. No. 17","None","None","official_verified","unavailable","unavailable"
"C-26980","Sri Annamacharya Institute of Technology & Science","Legacy Core","true","true","true","","","","true","APSCHE EAPCET 2024 G.O. Ms. No. 17","None","None","official_verified","unavailable","unavailable"
"C-26984","SRINIVASA RAMANUJAN INSTITUTE OF TECHNOLOGY","Legacy Core","true","true","true","","","","true","APSCHE EAPCET 2024 G.O. Ms. No. 17","None","None","official_verified","unavailable","unavailable"
"C-26995","Damisetty Bala Suresh Institute of Technology, Kavali","Legacy Core","true","true","true","","","","true","APSCHE EAPCET 2024 G.O. Ms. No. 17","None","None","official_verified","unavailable","unavailable"
"C-26996","Audisankara Institute of Technology, Gudur","Legacy Core","true","true","true","","","","true","APSCHE EAPCET 2024 G.O. Ms. No. 17","None","None","official_verified","unavailable","unavailable"
"C-27014","Priyadarshini Institute of Technology Maharajpuram, Tirupathi","Legacy Core","true","true","true","","","","true","APSCHE EAPCET 2024 G.O. Ms. No. 17","None","None","official_verified","unavailable","unavailable"
"C-27016","GATES Institute of Technology,  Gooty","Legacy Core","true","true","true","","","","true","APSCHE EAPCET 2024 G.O. Ms. No. 17","None","None","official_verified","unavailable","unavailable"
"C-27031","Rajas Institute of Technology","Legacy Core","true","true","true","","","","true","TNEA 2024 Official Notification","None","None","official_verified","unavailable","legacy"
"C-22541","Shri Shankar Bhagwan Institute of Technology","Legacy Core","true","true","true","","","","true","AFRC UP 2024-25 Official Order","None","None","official_verified","unavailable","unavailable"
"C-228","Shree Swaminarayan Institute of Technology(SFI)-Gandhinagar 533","Legacy Core","true","true","true","","","","true","TNEA 2024 Official Notification","None","None","official_verified","unavailable","legacy"
"C-22850","Patna Women's College","Legacy Core","true","true","","","","","true","Fee Regulation Slab — Bihar (2024-25)","None","None","legacy","unavailable","unavailable"
"C-229","S. R. Luthra Institute of Management","Legacy Core","true","true","","","","","true","Fee Regulation Slab — Gujarat (2024-25)","None","None","legacy","unavailable","unavailable"
"C-230","K.K.Parekh Institute of Management Studies (SFI)-Amreli 722","Legacy Core","true","true","","","","","true","Fee Regulation Slab — Gujarat (2024-25)","None","None","legacy","unavailable","unavailable"
"C-23003","Institute of Management Sciences","Legacy Core","true","true","true","","","","true","KEA UGCET 2024 Notification","None","None","official_verified","unavailable","unavailable"
"C-235","R. H. Patel Institute of Management-Goblaj,Di:Kheda -(SFI) 804","Legacy Core","true","true","","","","","true","Fee Regulation Slab — Gujarat (2024-25)","None","None","legacy","unavailable","unavailable"
"C-23898","Srinivasa Institute of Management Studies ( SIMS )","Legacy Core","true","true","","","","","true","Fee Regulation Slab — Andhra Pradesh (2024-25)","None","None","legacy","unavailable","unavailable"
"C-24004","Andhra University College of Engineering(A)","Legacy Core","true","true","true","","","","true","APSCHE EAPCET 2024 G.O. Ms. No. 17","None","None","official_verified","unavailable","unavailable"
"C-24143","SreeRama Institute of Management","Legacy Core","true","true","","","","","true","Fee Regulation Slab — Andhra Pradesh (2024-25)","None","None","legacy","unavailable","unavailable"
"C-24171","Anil Neerukonda Institute Of Technology & Sciences","Legacy Core","true","true","true","","","","true","APSCHE EAPCET 2024 G.O. Ms. No. 17","None","None","official_verified","unavailable","unavailable"
"C-24299","Al Ameer Institute of Management & Tech","Legacy Core","true","true","true","","","","true","TNEA 2024 Official Notification","None","None","official_verified","unavailable","unavailable"
"C-24323","Unity Degree College","Legacy Core","true","true","true","","","","true","APSCHE EAPCET 2024 G.O. Ms. No. 17","None","None","official_verified","unavailable","unavailable"
"C-24368","Raghu Institute Of Technology","Legacy Core","true","true","true","","","","true","APSCHE EAPCET 2024 G.O. Ms. No. 17","None","None","official_verified","unavailable","unavailable"
"C-24476","Rajiv Gandhi Institute of Management & Sciences","Legacy Core","true","true","","","","","true","Fee Regulation Slab — Andhra Pradesh (2024-25)","None","None","legacy","unavailable","unavailable"
"C-24558","Baba Farid Institute of Technology, Dehradun","Legacy Core","true","true","true","","","","true","TNEA 2024 Official Notification","None","None","official_verified","unavailable","unavailable"
"C-24560","Institute of Technology and Management, 60 Chakrata Road,Dehradun","Legacy Core","true","true","true","","","","true","TNEA 2024 Official Notification","None","None","official_verified","unavailable","unavailable"
"C-24586","Doon Institute of Management and Research, Shyampur,Dehradun","Legacy Core","true","true","","","","","true","Fee Regulation Slab — Uttarakhand (2024-25)","None","None","legacy","unavailable","unavailable"
"C-24661","Institute of Management Studies, Civil Line, Roorkee, Haridwar","Legacy Core","true","true","","","","","true","Fee Regulation Slab — Uttarakhand (2024-25)","None","None","legacy","unavailable","unavailable"
"C-24681","Modern Institute of Technology, Dhalwala, Rishikesh","Legacy Core","true","true","true","","","","true","TNEA 2024 Official Notification","None","None","official_verified","unavailable","unavailable"
"C-24686","Institute of Management Studies, Makkawala, Mussoorie Diversion Road, Dehradun","Legacy Core","true","true","","","","","true","Fee Regulation Slab — Uttarakhand (2024-25)","None","None","legacy","unavailable","unavailable"
"C-24694","Himalayan Institute of Technology,D-31/32, Nehru Colony Dehradun","Legacy Core","true","true","true","","","","true","TNEA 2024 Official Notification","None","None","official_verified","unavailable","unavailable"
"C-28549","RUDRA INSTITUTE OF TECHNOLOGY, NANPUR, HAPUR","Legacy Core","true","true","true","","","","true","AFRC UP 2024-25 Official Order","None","None","official_verified","unavailable","unavailable"
"C-28573","HARI INSTITUTE OF TECHNOLOGY RANDEVI, SHARANPUR","Legacy Core","true","true","true","","","","true","AFRC UP 2024-25 Official Order","None","None","official_verified","unavailable","unavailable"
"C-28581","WALSON INSTITUTE OF MANAGEMENT & TECH. 3RD MILESTONE, GULAUTHOI ROAD, SIKANDRABAD, BULANDSHAR","Legacy Core","true","true","true","","","","true","TNEA 2024 Official Notification","None","None","official_verified","unavailable","unavailable"
"C-28605","INSTITUTE OF MANAGEMENT EDUCATION 178, MAIN G.T. ROAD, SAHIBABAD (GHAZIABAD) Ph. No :- 627646","Legacy Core","true","true","","","","","true","Fee Regulation Slab — Uttar Pradesh (2024-25)","None","None","legacy","unavailable","unavailable"
"C-28641","AMAN INSTITUTE OF MANAGEMENT & EDUCATION 65, DUHAI, DELHI-MEERUT ROAD, GHAZIABAD","Legacy Core","true","true","","","","","true","Fee Regulation Slab — Uttar Pradesh (2024-25)","None","None","legacy","unavailable","unavailable"
"C-28740","MAHILA INSTITUTE OF TECHNOLOGY, KALAND ROAD, SARDHANA ROAD, MEERUT Ph. 9997312494, 9837791586","Legacy Core","true","true","true","","","","true","AFRC UP 2024-25 Official Order","None","None","official_verified","unavailable","unavailable"
"C-28745","BABU BANARSI DAS INSTITUTE OF TECHNOLOGY (B.Ed) COLLEGE, DELHI-MEERUT ROAD, DUHAI, GHAZIABAD","Legacy Core","true","true","true","","","","true","AFRC UP 2024-25 Official Order","None","None","official_verified","unavailable","unavailable"
"C-28761","INSTITUTE OF MANAGEMENT STUDIES, NH-24, ADHYATMIK NAGAR, NEAR GURUKUL SCHOOL, DASNA (GHAZIABAD)","Legacy Core","true","true","","","","","true","Fee Regulation Slab — Uttar Pradesh (2024-25)","None","None","legacy","unavailable","unavailable"
"C-28777","ORNATE INSTITUTE OF TECHNOLOGY SAMPLA BEGUMPUR, NAKUR, SAHARANPUR","Legacy Core","true","true","true","","","","true","AFRC UP 2024-25 Official Order","None","None","official_verified","unavailable","unavailable"
"C-28860","GYAN BHARTI INSTITUTE OF MANAGEMENT STUDIES, JEWARI, KHIRWA ROAD, KANKER KHEDA, MEERUT","Legacy Core","true","true","","","","","true","Fee Regulation Slab — Uttar Pradesh (2024-25)","None","None","legacy","unavailable","unavailable"
"C-28863","BHAGWANT INSTITUTE OF TECHNOLOGY BUGHWANTPURAM, MUZAFFARNAGAR","Legacy Core","true","true","true","","","","true","AFRC UP 2024-25 Official Order","None","None","official_verified","unavailable","unavailable"
"C-28894","MAHAVEER INSTITUTE OF TECHNOLOGY,  POHALI, SARADHANA ROAD, MEERUT","Legacy Core","true","true","true","","","","true","AFRC UP 2024-25 Official Order","None","None","official_verified","unavailable","unavailable"
"C-289","Sigma Institute of Technology & Engg.( Polytechnic) 648","Legacy Core","true","true","true","","","","true","TNEA 2024 Official Notification","None","None","official_verified","unavailable","legacy"
"C-28958","RUDRA INSTITUTE OF TECHNOLOGY, NH-119, MAWANA KHURD, MEERUT Ph. 9897100201, 9415328178","Legacy Core","true","true","true","","","","true","AFRC UP 2024-25 Official Order","None","None","official_verified","unavailable","unavailable"
"C-28993","INSTITUTE OF MANAGEMENT STUDIES A-8B, SECTOR-62, INSTITUTIONAL ARYA ,NOIDA Ph. No :- 241050-51-43","Legacy Core","true","true","","","","","true","Fee Regulation Slab — Uttar Pradesh (2024-25)","None","None","legacy","unavailable","unavailable"
"C-27245","Jayamukhi Institute of Management Sciences, Maqdumpur, Narsampet, Warangal","Legacy Core","true","true","","","","","true","Fee Regulation Slab — Telangana (2024-25)","None","None","legacy","unavailable","unavailable"
"C-29001","INSTITUTE OF MANAGEMENT STUDIES K.NO. 320, VILL-MUSHTHAM SAHARANPUR","Legacy Core","true","true","","","","","true","Fee Regulation Slab — Uttar Pradesh (2024-25)","None","None","legacy","unavailable","unavailable"
"C-29050","MUZAFFARNAGAR INSTITUTE OF TECHNOLOGY ROORKEE ROAD, N.H.-58, MUZAFFARNAGAR","Legacy Core","true","true","true","","","","true","AFRC UP 2024-25 Official Order","None","None","official_verified","unavailable","unavailable"
"C-29073","KRISHNA INSTITUTE OF MANAGEMENT, BAGPAT ROAD, KITHOLI, MEERUT Ph. 0121-2672668, 2646575","Legacy Core","true","true","","","","","true","Fee Regulation Slab — Uttar Pradesh (2024-25)","None","None","legacy","unavailable","unavailable"
"C-27255","Mohammadiya Institute of Management, Arempula, Khammam","Legacy Core","true","true","","","","","true","Fee Regulation Slab — Telangana (2024-25)","None","None","legacy","unavailable","unavailable"
"C-27291","Warangal Institute of Technology & Science, Oorugonda (V), Athmakur (M), Warangal","Legacy Core","true","true","true","","","","true","TSCHE TAFRC 2024-25 Notification","None","None","official_verified","unavailable","unavailable"
"C-29454","I. C. College of Community Science","Legacy Core","true","true","","","","","true","Fee Regulation Slab — Haryana (2024-25)","None","None","legacy","unavailable","unavailable"
"C-29596","Vidya Vihar Institute of Technology","Legacy Core","true","true","true","","","","true","TNEA 2024 Official Notification","None","None","official_verified","unavailable","unavailable"
"C-29651","Shri Aurbindo Institute of Management, Sanwer Road, Indore","Legacy Core","true","true","","","","","true","Fee Regulation Slab — Madhya Pradesh (2024-25)","None","None","legacy","unavailable","unavailable"
"C-29660","Shri Nityanand B.Ed. College, 1 Mission Compound, Dhar","Legacy Core","true","true","true","","","","true","AFRC MP 2024-25 Order No. 147","None","None","official_verified","unavailable","unavailable"
"C-29673","CH Institute of Management and Commerce ,Sanwer Road,  Indore","Legacy Core","true","true","","","","","true","Fee Regulation Slab — Madhya Pradesh (2024-25)","None","None","legacy","unavailable","unavailable"
"C-27330","Dhanvanthari Institute of Management Sciences, Sujathanagar, Kothagudem, Khammam","Legacy Core","true","true","","","","","true","Fee Regulation Slab — Telangana (2024-25)","None","None","legacy","unavailable","unavailable"
"C-29700","Softvision Institute of Technology & Science, Vijay Nagar,  Indore","Legacy Core","true","true","true","","","","true","AFRC MP 2024-25 Order No. 147","None","None","official_verified","unavailable","unavailable"
"C-29705","Acropolis Institute of Technology and Research, Manglia Chouraha, Indore","Legacy Core","true","true","true","","","","true","AFRC MP 2024-25 Order No. 147","None","None","official_verified","unavailable","unavailable"
"C-29714","Shri Vaishnav Institute of Management, Indore","Legacy Core","true","true","","","","","true","Fee Regulation Slab — Madhya Pradesh (2024-25)","None","None","legacy","unavailable","unavailable"
"C-29722","Maa Renuka Institute of Management, Sendhwa","Legacy Core","true","true","","","","","true","Fee Regulation Slab — Madhya Pradesh (2024-25)","None","None","legacy","unavailable","unavailable"
"C-29733","Liberal College, IIM Pithampur Rau, Indore","Legacy Core","true","true","true","","","","true","AFRC MP 2024-25 Order No. 147","None","None","official_verified","unavailable","unavailable"
"C-29740","Vindhya Institute of Technology, Umarikheda Khandwa Road, Indore","Legacy Core","true","true","true","","","","true","AFRC MP 2024-25 Order No. 147","None","None","official_verified","unavailable","unavailable"
"C-29750","Vikrant Institute of Technology & Management Gram Borkheri,  Mhow, Indore","Legacy Core","true","true","true","","","","true","AFRC MP 2024-25 Order No. 147","None","None","official_verified","unavailable","unavailable"
"C-29753","Swati Jain Institute of Management  Studies, Indore","Legacy Core","true","true","","","","","true","Fee Regulation Slab — Madhya Pradesh (2024-25)","None","None","legacy","unavailable","unavailable"
"C-29776","Maharshi Institute of Management Studies, Rau, Indore","Legacy Core","true","true","","","","","true","Fee Regulation Slab — Madhya Pradesh (2024-25)","None","None","legacy","unavailable","unavailable"
"C-29809","Acropolis Institute of Management Studies & Research, Manglia Chouraha, Indore","Legacy Core","true","true","","","","","true","Fee Regulation Slab — Madhya Pradesh (2024-25)","None","None","legacy","unavailable","unavailable"
"C-29812","Vindhya Institute of Management & Research, Umarikheda, Khandwa Road, Indore","Legacy Core","true","true","true","","","","true","AFRC MP 2024-25 Order No. 147","None","None","official_verified","unavailable","unavailable"
"C-29813","Rishiraj Institute of Technology Village Revati, Sanwer Road,Indore","Legacy Core","true","true","true","","","","true","AFRC MP 2024-25 Order No. 147","None","None","official_verified","unavailable","unavailable"
"C-29830","Adarsh Institute of Management and Science, Dhamnod","Legacy Core","true","true","","","","","true","Fee Regulation Slab — Madhya Pradesh (2024-25)","None","None","legacy","unavailable","unavailable"
"C-29835","Sanghvi Institute of Management & Science Rau,  Indore","Legacy Core","true","true","","","","","true","Fee Regulation Slab — Madhya Pradesh (2024-25)","None","None","legacy","unavailable","unavailable"
"C-29847","Indore Institute of Management & Research Rau, Pithampur, Indore","Legacy Core","true","true","","","","","true","Fee Regulation Slab — Madhya Pradesh (2024-25)","None","None","legacy","unavailable","unavailable"
"C-29854","Malwa  institute of Technology, Nipaniya Byass, Indore","Legacy Core","true","true","true","","","","true","AFRC MP 2024-25 Order No. 147","None","None","official_verified","unavailable","unavailable"
"C-29859","Prestige Institute of Management & Research, Ring Road,  Indore","Legacy Core","true","true","","","","","true","Fee Regulation Slab — Madhya Pradesh (2024-25)","None","None","legacy","unavailable","unavailable"
"C-29861","Shri Govindram SeksariaInstitute of Management & Research, Indore","Legacy Core","true","true","","","","","true","Fee Regulation Slab — Madhya Pradesh (2024-25)","None","None","legacy","unavailable","unavailable"
"C-29864","Apex Institute of Management & Research, Hansakhedi, Nemavar Road. Indore","Legacy Core","true","true","","","","","true","Fee Regulation Slab — Madhya Pradesh (2024-25)","None","None","legacy","unavailable","unavailable"
"C-29886","Astral Institute of Technology and Research, Bypass Road, Indore","Legacy Core","true","true","true","","","","true","AFRC MP 2024-25 Order No. 147","None","None","official_verified","unavailable","unavailable"
"C-30031","Rourkela Institute of Management Studies (RIMS), Rourkela","Legacy Core","true","true","","","","","true","Fee Regulation Slab — Odisha (2024-25)","None","None","legacy","unavailable","unavailable"
"C-30034","Nalanda Institute of Technology (NIT), Bhubaneswar","Legacy Core","true","true","true","","","","true","TNEA 2024 Official Notification","None","None","official_verified","unavailable","unavailable"
"C-30038","Vignan Institute of Technology and Management (VITAM), Brahmapur","Legacy Core","true","true","true","","","","true","TNEA 2024 Official Notification","None","None","official_verified","unavailable","unavailable"
"C-30043","Vedang Institute of Technology (VIT), Khurda, Bhubaneswar","Legacy Core","true","true","true","","","","true","TNEA 2024 Official Notification","None","None","official_verified","unavailable","unavailable"
"C-30053","United School of Business Management (USBM), Bhubaneswar","Legacy Core","true","true","","","","","true","Fee Regulation Slab — Odisha (2024-25)","None","None","legacy","unavailable","unavailable"
"C-30072","Silicon Institute of Technology (SIT), Sambalpur","Legacy Core","true","true","true","","","","true","TNEA 2024 Official Notification","None","None","official_verified","unavailable","unavailable"
"C-30077","Vijayanjali Institute of Technology (VIT), Balasore","Legacy Core","true","true","true","","","","true","TNEA 2024 Official Notification","None","None","official_verified","unavailable","unavailable"
"C-30078","Ajay Binay Institute of Technology Piloo Modi College of Architecture (ABIT-PMCA), Cuttack","Legacy Core","true","true","true","","","","true","TNEA 2024 Official Notification","None","None","official_verified","unavailable","unavailable"
"C-30079","Gurukula Institute of Technology (GIT), Bhubaneswar","Legacy Core","true","true","true","","","","true","TNEA 2024 Official Notification","None","None","official_verified","unavailable","unavailable"
"C-27064","Sethu Institute of Technology","Legacy Core","true","true","true","","","","true","TNEA 2024 Official Notification","None","None","official_verified","unavailable","legacy"
"C-30086","Gandhi Institute of Technology And Management (GITAM), Bhubaneswar","Legacy Core","true","true","true","","","","true","TNEA 2024 Official Notification","None","None","official_verified","unavailable","unavailable"
"C-30093","Saraswat Institute of Management (SIM), Bhubaneswar","Legacy Core","true","true","","","","","true","Fee Regulation Slab — Odisha (2024-25)","None","None","legacy","unavailable","unavailable"
"C-30095","Majhighariani Institute of Technology and Science (MITS), Rayagada","Legacy Core","true","true","true","","","","true","TNEA 2024 Official Notification","NIRF 2024","None","official_verified","legacy","unavailable"
"C-30097","Modern Institute of Technology and Management (MITM), Bhubaneswar","Legacy Core","true","true","true","","","","true","TNEA 2024 Official Notification","None","None","official_verified","unavailable","unavailable"
"C-30102","Hi-Tech Institute of Technology (HIT), Bhubaneswar","Legacy Core","true","true","true","","","","true","TNEA 2024 Official Notification","None","None","official_verified","unavailable","unavailable"
"C-30104","Global Institute of Management (GIM), Bhubaneswar","Legacy Core","true","true","","","","","true","Fee Regulation Slab — Odisha (2024-25)","None","None","legacy","unavailable","unavailable"
"C-30105","Kalam Institute of Technology (KIT), Berhampur","Legacy Core","true","true","true","","","","true","TNEA 2024 Official Notification","None","None","official_verified","unavailable","unavailable"
"C-30113","Roland Institute of Technology (RIT), Berhampur","Legacy Core","true","true","true","","","","true","TNEA 2024 Official Notification","None","None","official_verified","unavailable","unavailable"
"C-30119","Samanta Chandrasekhar Institute of Technology and Management (SCITM), Semiliguda","Legacy Core","true","true","true","","","","true","TNEA 2024 Official Notification","None","None","official_verified","unavailable","unavailable"
"C-30125","Bhubaneswar Institute of Technology, (BIT), Infovalley, Harapur, Bhubaneswar","Legacy Core","true","true","true","","","","true","TNEA 2024 Official Notification","None","None","official_verified","unavailable","unavailable"
"C-30127","Indira Gandhi Institute of Technology (IGIT), Sarang","Legacy Core","true","true","true","","","","true","TNEA 2024 Official Notification","None","None","official_verified","unavailable","unavailable"
"C-30135","Ghanashyam Hemlata Institute of Technology and Management (GHITM), Puri","Legacy Core","true","true","true","","","","true","TNEA 2024 Official Notification","None","None","official_verified","unavailable","unavailable"
"C-30151","Sanjay Memorial Institute of Technology (SMIT), Berhampur","Legacy Core","true","true","true","","","","true","TNEA 2024 Official Notification","None","None","official_verified","unavailable","unavailable"
"C-30156","Capital Institute of Management and Science, (CIMS), Bhubaneswar","Legacy Core","true","true","","","","","true","Fee Regulation Slab — Odisha (2024-25)","None","None","legacy","unavailable","unavailable"
"C-30173","Vikash Institute of Technology","Legacy Core","true","true","true","","","","true","TNEA 2024 Official Notification","None","None","official_verified","unavailable","unavailable"
"C-30174","SUBAS Institute of Technology (SIT), Barang, Bhubaneswar","Legacy Core","true","true","true","","","","true","TNEA 2024 Official Notification","None","None","official_verified","unavailable","unavailable"
"C-30175","Rayagada Institute of Technology And Management (RITAM), Rayagada","Legacy Core","true","true","true","","","","true","TNEA 2024 Official Notification","None","None","official_verified","unavailable","unavailable"
"C-30181","Ajay Binay Institute of Technology, (ABIT), Cuttack","Legacy Core","true","true","true","","","","true","TNEA 2024 Official Notification","None","None","official_verified","unavailable","unavailable"
"C-30184","Bhubaneswar Institute of Industrial Technology, (BIIT), Khurda","Legacy Core","true","true","true","","","","true","TNEA 2024 Official Notification","None","None","official_verified","unavailable","unavailable"
"C-30186","Templecity Institute of Technology and Engineering (TITE), Khurda","Legacy Core","true","true","true","","","","true","TNEA 2024 Official Notification","NIRF 2024","None","official_verified","legacy","unavailable"
"C-304","Shri MH Kadakia Institute of Management & Computer Studies (SFI)-Ankleshwar 771","Legacy Core","true","true","","","","","true","Fee Regulation Slab — Gujarat (2024-25)","None","None","legacy","unavailable","unavailable"
"C-27400","Kakatiya Institute of Technology & Science, Yerragattu Hillocks, Bheemaram, Hasanparthy, Warangal","Legacy Core","true","true","true","","","","true","TSCHE TAFRC 2024-25 Notification","None","None","official_verified","unavailable","unavailable"
"C-27068","Unnamalai Institute of Technology","Legacy Core","true","true","true","","","","true","TNEA 2024 Official Notification","None","None","official_verified","unavailable","legacy"
"C-27502","Vinuthna Institute of Technology & Science, Hasanparthy (V&M), Warangal","Legacy Core","true","true","true","","","","true","TSCHE TAFRC 2024-25 Notification","None","None","official_verified","unavailable","unavailable"
"C-27541","Alluri Institute of Management Sciences, Hunter Road, Hanamkonda","Legacy Core","true","true","","","","","true","Fee Regulation Slab — Telangana (2024-25)","None","None","legacy","unavailable","unavailable"
"C-27079","PSN Institute of Technology and Science","Legacy Core","true","true","true","","","","true","TNEA 2024 Official Notification","NIRF 2024","None","official_verified","legacy","legacy"
"C-27081","Cape Institute of Technology","Legacy Core","true","true","true","","","","true","TNEA 2024 Official Notification","None","None","official_verified","unavailable","legacy"
"C-27580","Vaagdevi Institute of Management Sciences, Bollikunta, Warangal (PG)","Legacy Core","true","true","","","","","true","Fee Regulation Slab — Telangana (2024-25)","None","None","legacy","unavailable","unavailable"
"C-276","Sal Institute of Management (SFI) ,Opp. Science City, Bhadaj,Ahmedabad 807","Legacy Core","true","true","","","","","true","Fee Regulation Slab — Gujarat (2024-25)","None","None","legacy","unavailable","legacy"
"C-27604","Manav Institute of Technology & Management","Legacy Core","true","true","true","","","","true","TNEA 2024 Official Notification","NIRF 2024","None","official_verified","legacy","unavailable"
"C-27608","Lady Irwin College","Legacy Core","true","true","","","","","true","Fee Regulation Slab — Delhi (2024-25)","None","None","legacy","unavailable","unavailable"
"C-27087","Loyola Institute of Technology and Science","Legacy Core","true","true","true","","","","true","TNEA 2024 Official Notification","NIRF 2024","None","official_verified","legacy","legacy"
"C-27093","C.S.I.Institute of Technology","Legacy Core","true","true","true","","","","true","TNEA 2024 Official Notification","NIRF 2024","None","official_verified","legacy","legacy"
"C-27722","Sri Vidya Institute of Management, Puttur","Legacy Core","true","true","","","","","true","Fee Regulation Slab — Andhra Pradesh (2024-25)","None","None","legacy","unavailable","unavailable"
"C-27837","Shekhawati Institute of Technology","Legacy Core","true","true","true","","","","true","TNEA 2024 Official Notification","None","None","official_verified","unavailable","unavailable"
"C-27928","Trinity College, Church Nagar, G.G.S.Avenue,Chogitti Jalandhar","Legacy Core","true","true","","","","","true","Fee Regulation Slab — Punjab (2024-25)","None","None","legacy","unavailable","unavailable"
"C-27997","St. Soldier College of Education Behind  REC (NIT) Jalandhar.","Legacy Core","true","true","","","","","true","Fee Regulation Slab — Punjab (2024-25)","None","None","legacy","unavailable","unavailable"
"C-28014","Advanced Institute of Technology & Management, Aurangabad, Tehsil Hodal, Palwal","Legacy Core","true","true","true","","","","true","TNEA 2024 Official Notification","None","None","official_verified","unavailable","unavailable"
"C-28037","Global Institute of Technology & Management","Legacy Core","true","true","true","","","","true","TNEA 2024 Official Notification","NIRF 2024","None","official_verified","legacy","unavailable"
"C-28157","DELHI GLOBAL INSTITUTE OF TECHNOLOGY","Legacy Core","true","true","true","","","","true","TNEA 2024 Official Notification","NIRF 2024","None","official_verified","legacy","legacy"
"C-28173","Delhi Global Institute of Management, Jasana, Faridabad","Legacy Core","true","true","","","","","true","Fee Regulation Slab — Haryana (2024-25)","None","None","legacy","unavailable","unavailable"
"C-28177","Rawal Institute of Management, Sohna Road, Faridabad","Legacy Core","true","true","","","","","true","Fee Regulation Slab — Haryana (2024-25)","None","None","legacy","unavailable","unavailable"
"C-28182","MRDAV Institute of Management Studies","Legacy Core","true","true","","","","","true","Fee Regulation Slab — Haryana (2024-25)","None","None","legacy","unavailable","unavailable"
"C-28185","Maharana Partap Institute of Technology & Management","Legacy Core","true","true","true","","","","true","TNEA 2024 Official Notification","None","None","official_verified","unavailable","unavailable"
"C-28203","KIIT College of Engg.Sohna Road,Bhondsi (Gurgaon)","Legacy Core","true","true","true","","","","true","TNEA 2024 Official Notification","None","None","official_verified","unavailable","unavailable"
"C-28207","Sat kabir Institute of Technology","Legacy Core","true","true","true","","","","true","TNEA 2024 Official Notification","None","None","official_verified","unavailable","unavailable"
"C-28209","KIIT COLLEGE OF EDUCATION","Legacy Core","true","true","","","","","true","Fee Regulation Slab — Haryana (2024-25)","None","None","legacy","unavailable","unavailable"
"C-28243","S.D. Mewat Institute of Technology & management","Legacy Core","true","true","true","","","","true","TNEA 2024 Official Notification","NIRF 2024","None","official_verified","legacy","unavailable"
"C-28327","DPG Institute of Technology and Management","Legacy Core","true","true","true","","","","true","MahaFRA Official Online Portal","None","None","official_verified","unavailable","unavailable"
"C-28433","Ganga Institute of Technology & Management","Legacy Core","true","true","true","","","","true","TNEA 2024 Official Notification","NIRF 2024","None","official_verified","legacy","unavailable"
"C-28434","Rattan Institute of Technology & Management","Legacy Core","true","true","true","","","","true","TNEA 2024 Official Notification","NIRF 2024","None","official_verified","legacy","unavailable"
"C-327","Smt. Vanitaben Bachubhai Nandola MCA College,Bhacha, Tal.Una, Di:Junagadh (SFI) 551","Legacy Core","true","true","","","","","true","Fee Regulation Slab — Gujarat (2024-25)","None","None","legacy","unavailable","unavailable"
"C-32841","Trinity Institute of Professional Studies","Legacy Core","true","true","true","","","","true","AFRC UP 2024-25 Official Order","None","None","official_verified","unavailable","unavailable"
"C-32842","Dr. Akhilesh Das Gupta Institute of Technology & Management","Legacy Core","true","true","true","","","","true","TNEA 2024 Official Notification","None","None","official_verified","unavailable","unavailable"
"C-32846","HMR Institute of Technology & Management","Legacy Core","true","true","true","","","","true","TNEA 2024 Official Notification","NIRF 2024","None","official_verified","legacy","unavailable"
"C-32849","R.C. Institute of Technology","Legacy Core","true","true","true","","","","true","MahaFRA Official Online Portal","NIRF 2024","None","official_verified","legacy","unavailable"
"C-32852","Guru Nanak Institute of Management","Legacy Core","true","true","true","","","","true","TSCHE TAFRC 2024-25 Notification","None","None","official_verified","unavailable","unavailable"
"C-32855","Jagan Institute of Management Studies (Rohini)","Legacy Core","true","true","","","","","true","Fee Regulation Slab — Delhi (2024-25)","None","None","legacy","unavailable","unavailable"
"C-32858","Lingaya's Lalita Devi Institute of Management & Sciences","Legacy Core","true","true","","","","","true","Fee Regulation Slab — Delhi (2024-25)","None","None","legacy","unavailable","unavailable"
"C-32860","Maharaja Agrasen Institute of Management Studies","Legacy Core","true","true","","","","","true","Fee Regulation Slab — Delhi (2024-25)","None","None","legacy","unavailable","unavailable"
"C-32861","Maharaja Surajmal Institute of Technology","Legacy Core","true","true","true","","","","true","TNEA 2024 Official Notification","None","None","official_verified","unavailable","unavailable"
"C-32870","Maharaja Agrasen Institute of Technology","Legacy Core","true","true","true","","","","true","TNEA 2024 Official Notification","None","None","official_verified","unavailable","unavailable"
"C-32873","Lal Bahadur Shastri Institute of Management","Legacy Core","true","true","true","","","","true","AFRC MP 2024-25 Order No. 147","None","None","official_verified","unavailable","unavailable"
"C-32887","New Delhi Institute of Management","Legacy Core","true","true","","","","","true","Fee Regulation Slab — Delhi (2024-25)","None","None","legacy","unavailable","unavailable"
"C-32894","Guru Teg Bahadur Institute of Technology","Legacy Core","true","true","true","","","","true","TNEA 2024 Official Notification","None","None","official_verified","unavailable","unavailable"
"C-32906","V.D. Institute of Technology","Legacy Core","true","true","true","","","","true","MahaFRA Official Online Portal","NIRF 2024","None","official_verified","legacy","unavailable"
"C-32912","Bhagwan Parshuram Institute of Technology","Legacy Core","true","true","true","","","","true","TNEA 2024 Official Notification","None","None","official_verified","unavailable","unavailable"
"C-30621","SRM Institute of Medical Sciences & Technology, Karimnagar","AIIMS","true","true","true","","","","true","TSCHE TAFRC 2024-25 Notification","None","None","official_verified","unavailable","unavailable"
"C-33243","MADHIRA INSTITUTE OF TECHNOLOGY & SCIENCE, KODAD","Legacy Core","true","true","true","","","","true","TSCHE TAFRC 2024-25 Notification","None","None","official_verified","unavailable","unavailable"
"C-33379","Shri Ram Institute of Management, Jabalpur","Legacy Core","true","true","true","","","","true","AFRC UP 2024-25 Official Order","None","None","official_verified","unavailable","unavailable"
"C-334","Shri Chimanbhai Patel Institute of Management and Research (SFI)-Ahmedabad 768","Legacy Core","true","true","","","","","true","Fee Regulation Slab — Gujarat (2024-25)","None","None","legacy","unavailable","legacy"
"C-33415","Takshashila Institute of Management, Jabalpur","Legacy Core","true","true","","","","","true","Fee Regulation Slab — Madhya Pradesh (2024-25)","None","None","legacy","unavailable","unavailable"
"C-33424","Kesharwani College, Ranital, Jabalpur","Legacy Core","true","true","true","","","","true","AFRC MP 2024-25 Order No. 147","None","None","official_verified","unavailable","unavailable"
"C-33453","Central India Law Institute,Ranital Jabalpur","Legacy Core","true","true","true","","","","true","AFRC MP 2024-25 Order No. 147","None","None","official_verified","unavailable","unavailable"
"C-33458","Shri Ram Institute of Technology, Jabalpur","Legacy Core","true","true","true","","","","true","AFRC MP 2024-25 Order No. 147","None","None","official_verified","unavailable","unavailable"
"C-33535","Jayant dalal institute of management sutdies","Legacy Core","true","","","","","","true","Fee Regulation Slab — Maharashtra (2024-25)","None","None","legacy","unavailable","unavailable"
"C-33615","Elphinstone College Fort Mumbai 400 032","Legacy Core","true","true","","","","","true","Fee Regulation Slab — Maharashtra (2024-25)","None","None","legacy","unavailable","unavailable"
"C-33661","Lala Lajpatrai Institute of Management  Lala Lajpatrai Marg, Mahalaxmi, Mumbai 400 034","Legacy Core","true","true","","","","","true","Fee Regulation Slab — Maharashtra (2024-25)","None","None","legacy","unavailable","unavailable"
"C-33717","Sophia College for Women Autonomous Bhulabhai Desai Road Mumbai 400 026","Legacy Core","true","true","","","","","true","Fee Regulation Slab — Maharashtra (2024-25)","None","None","legacy","unavailable","unavailable"
"C-33773","Bhartiya Vidya Bhavans Sardar Patel Institute of Technology  Munshi Nagar Andheri Mumbai","Legacy Core","true","true","true","","","","true","TNEA 2024 Official Notification","None","None","official_verified","unavailable","unavailable"
"C-338","Gandhinagar Institute of Technology(SFI),BHOYAN-Khatraj Kalol Road 012","Legacy Core","true","true","true","","","","true","TNEA 2024 Official Notification","None","None","official_verified","unavailable","legacy"
"C-33849","IBSAR Trusts IBSAR Institute of Management Studies Karjat Campus Dahivali Village Karjat Dist-Raigad","Legacy Core","true","true","","","","","true","Fee Regulation Slab — Maharashtra (2024-25)","None","None","legacy","unavailable","unavailable"
"C-33850","St. Fransis Institute of Management & Research Poinsur, S.V.P. Road, Borivali (W), Mumbai - 400 103","Legacy Core","true","true","","","","","true","Fee Regulation Slab — Maharashtra (2024-25)","None","None","legacy","unavailable","unavailable"
"C-33882","St. Francis Institute of Technology (Engineering College)","Legacy Core","true","true","true","","","","true","TNEA 2024 Official Notification","None","None","official_verified","unavailable","unavailable"
"C-33895","Vivekanand Education Societys Institute of Technology","Legacy Core","true","true","true","","","","true","MahaFRA Official Online Portal","None","None","official_verified","unavailable","unavailable"
"C-33898","Pillai HOC Institute of Management Studies & Research","Legacy Core","true","true","","","","","true","Fee Regulation Slab — Maharashtra (2024-25)","None","None","legacy","unavailable","unavailable"
"C-34005","Thakur Institute of Management Studies and Research","Legacy Core","true","true","","","","","true","Fee Regulation Slab — Maharashtra (2024-25)","None","None","legacy","unavailable","unavailable"
"C-34012","Sterling Institute of Management Studies  Plot No.93 93A Sector 19 Nerul (E) Navi Mumbai 400 706","Legacy Core","true","true","","","","","true","Fee Regulation Slab — Maharashtra (2024-25)","None","None","legacy","unavailable","unavailable"
"C-34053","Anjuman-I-Islam's Allana Institute of Management Studies","Legacy Core","true","true","","","","","true","Fee Regulation Slab — Maharashtra (2024-25)","None","None","legacy","unavailable","unavailable"
"C-34190","Maratha Mandirs Babasaheb Gawde Institute of Management Studies Maratha Mandir Marg Mumbai 400 008","Legacy Core","true","true","","","","","true","Fee Regulation Slab — Maharashtra (2024-25)","None","None","legacy","unavailable","unavailable"
"C-34209","Bharati Vidyapeeths Institute of Management Studies & Research","Legacy Core","true","true","","","","","true","Fee Regulation Slab — Maharashtra (2024-25)","None","None","legacy","unavailable","unavailable"
"C-34243","College of Basic Science & Huminities","Legacy Core","true","","","","","","true","Fee Regulation Slab — Gujarat (2024-25)","None","None","legacy","unavailable","unavailable"
"C-34347","Gramaudyogik Shikshan Mandal's Marathwada Institute of Technology, Cidco, Aurangabad.","Legacy Core","true","true","true","","","","true","TNEA 2024 Official Notification","None","None","official_verified","unavailable","unavailable"
"C-34376","Marathwada Institute of Technology Engineering College, Satara Road, Aurangabad.","Legacy Core","true","true","true","","","","true","TNEA 2024 Official Notification","None","None","official_verified","unavailable","unavailable"
"C-34399","Gramaudyogik Shikshan Mandal's, Maharashtra Institute of Technology, Satara Parisar, Aurangabad.","Legacy Core","true","true","true","","","","true","TNEA 2024 Official Notification","None","None","official_verified","unavailable","unavailable"
"C-34419","Rajarshi Shahu  Institute of Management, MIDC, Chikalthana, Aurangabad.","Legacy Core","true","true","","","","","true","Fee Regulation Slab — Maharashtra (2024-25)","None","None","legacy","unavailable","unavailable"
"C-34435","NKSPTS INSTITUTE OF MANAGEMENT","Legacy Core","true","true","","","","","true","Fee Regulation Slab — Maharashtra (2024-25)","None","None","legacy","unavailable","unavailable"
"C-345","Shrimad Rajchandra Institute of Management and Computer Application","Legacy Core","true","true","","","","","true","Fee Regulation Slab — Gujarat (2024-25)","None","None","legacy","unavailable","unavailable"
"C-30765","Rajendra Institute of Technology & Sciences, Sirsa","Legacy Core","true","true","true","","","","true","TNEA 2024 Official Notification","None","None","official_verified","unavailable","unavailable"
"C-34520","M.S.P. Mandal's Deogiri Institute of Technology and Management Studies, Aurangabad.","Legacy Core","true","true","true","","","","true","MahaFRA Official Online Portal","None","None","official_verified","unavailable","unavailable"
"C-34528","BGP'S Hitech Institute of Technology, MIDC, Waluj, Aurangabad.","Legacy Core","true","true","true","","","","true","TNEA 2024 Official Notification","None","None","official_verified","unavailable","unavailable"
"C-34551","Mahatma Gandhi Mission's Institute of Management, Cidco, Aurangabad.","Legacy Core","true","true","","","","","true","Fee Regulation Slab — Maharashtra (2024-25)","None","None","legacy","unavailable","unavailable"
"C-34567","F.K. Multi Education Society's Aurangabad institute of Management Science","Legacy Core","true","","","","","","true","Fee Regulation Slab — Maharashtra (2024-25)","None","None","legacy","unavailable","unavailable"
"C-34593","Mehar Education Trust, Aurangabad Institute of Management Studies","Legacy Core","true","true","","","","","true","Fee Regulation Slab — Maharashtra (2024-25)","None","None","legacy","unavailable","unavailable"
"C-34614","Shri Sai Institute of Management and Research, MIDC Chikalthana, Aurangabad.","Legacy Core","true","true","","","","","true","Fee Regulation Slab — Maharashtra (2024-25)","None","None","legacy","unavailable","unavailable"
"C-308","Laxmi Institute of Technology, Valsad 086","Legacy Core","true","true","true","","","","true","TNEA 2024 Official Notification","None","None","official_verified","unavailable","legacy"
"C-30875","St. Xavier's College","Legacy Core","true","true","true","","","","true","TNEA 2024 Official Notification","None","None","official_verified","unavailable","unavailable"
"C-30914","Sri Vani Institute of Management & Science, Anantapur","Legacy Core","true","true","","","","","true","Fee Regulation Slab — Andhra Pradesh (2024-25)","None","None","legacy","unavailable","unavailable"
"C-30958","PRR Institute of Management, Gooty","Legacy Core","true","true","","","","","true","Fee Regulation Slab — Andhra Pradesh (2024-25)","None","None","legacy","unavailable","unavailable"
"C-30984","Narayana Institute of Management, Tadipatri","Legacy Core","true","true","","","","","true","Fee Regulation Slab — Andhra Pradesh (2024-25)","None","None","legacy","unavailable","unavailable"
"C-31","Bhulabhai Vanmalibhai Patel Institute of Technology(D.S),Umrakh 656","Legacy Core","true","true","true","","","","true","TNEA 2024 Official Notification","None","None","official_verified","unavailable","legacy"
"C-31013","CSIRD Institute of Management, Gooty","Legacy Core","true","true","","","","","true","Fee Regulation Slab — Andhra Pradesh (2024-25)","None","None","legacy","unavailable","unavailable"
"C-31080","GEETA VERMA INSTITUTE OF TECHNOLOGY CHHINDWARA","Legacy Core","true","true","true","","","","true","AFRC MP 2024-25 Order No. 147","None","None","official_verified","unavailable","unavailable"
"C-31137","IITM (INSTITUTE OF IT & MANAGEMENT) SABALGARH","Legacy Core","true","true","true","","","","true","AFRC MP 2024-25 Order No. 147","None","None","official_verified","unavailable","unavailable"
"C-31182","SWAMI VIVEKANAND INSTITUTE OF TECHNOLOGY BALAGHAT","Legacy Core","true","true","true","","","","true","AFRC MP 2024-25 Order No. 147","None","None","official_verified","unavailable","unavailable"
"C-31192","ABACUS INSTITUTE OF TECHNOLOGY & MANAGEMENT PANDHURNA","Legacy Core","true","true","true","","","","true","AFRC MP 2024-25 Order No. 147","None","None","official_verified","unavailable","unavailable"
"C-31288","MICROTECH COMPUTER INSTITUTE OF TECHNOLOGY SIRONJ","Legacy Core","true","true","true","","","","true","AFRC MP 2024-25 Order No. 147","None","None","official_verified","unavailable","unavailable"
"C-31378","KB INSTITUTE OF TECHNOLOGY & MANAGEMENT FAIZABAD","Legacy Core","true","true","true","","","","true","AFRC UP 2024-25 Official Order","None","None","official_verified","unavailable","unavailable"
"C-31379","SAMARPIT COMPUTER INSTITUTE OF TECHNOLOGY BARELI","Legacy Core","true","true","true","","","","true","AFRC MP 2024-25 Order No. 147","None","None","official_verified","unavailable","unavailable"
"C-31427","TATA INSTITUTE OF TECHNOLOGY, SIDHI","Legacy Core","true","true","true","","","","true","AFRC MP 2024-25 Order No. 147","None","None","official_verified","unavailable","unavailable"
"C-31440","UNITY IN-FORMATIVE INSTITUTE OF TECHNOLOGY VIDISHA","Legacy Core","true","true","true","","","","true","AFRC MP 2024-25 Order No. 147","None","None","official_verified","unavailable","unavailable"
"C-31445","ASHA INSTITUTE OF TECHNOLOGY AND SCIENCE (AITS) GWALIOR","Legacy Core","true","true","true","","","","true","AFRC MP 2024-25 Order No. 147","NIRF 2024","None","official_verified","legacy","unavailable"
"C-31452","SUN INSTITUTE OF TECHNOLOGY & MANAGEMENT JAUNPUR","Legacy Core","true","true","true","","","","true","AFRC UP 2024-25 Official Order","None","None","official_verified","unavailable","unavailable"
"C-31489","BHARAT INSTITUTE OF TECHNOLOGY AND SCIENCE DATIA","Legacy Core","true","true","true","","","","true","AFRC MP 2024-25 Order No. 147","NIRF 2024","None","official_verified","legacy","unavailable"
"C-31506","SUNRISE INSTITUTE OF TECHNOLOGY BHOPAL","Legacy Core","true","true","true","","","","true","AFRC MP 2024-25 Order No. 147","None","None","official_verified","unavailable","unavailable"
"C-31519","APEX INSTITUTE OF TECHNOLOGY & MANAGEMENT, MORENA","Legacy Core","true","true","true","","","","true","AFRC MP 2024-25 Order No. 147","None","None","official_verified","unavailable","unavailable"
"C-31550","DIGITAL INSTITUTE OF TECHNOLOGY & SCIENCE KOTMA","Legacy Core","true","true","true","","","","true","AFRC MP 2024-25 Order No. 147","None","None","official_verified","unavailable","unavailable"
"C-31552","PRT INSTITUTE OF TECHNOLOGY & SCIENCE ANUPPUR","Legacy Core","true","true","true","","","","true","AFRC MP 2024-25 Order No. 147","None","None","official_verified","unavailable","unavailable"
"C-31601","Radha Devi R.M. Institute of Management & Research, Bhatkhedi, Neemuch","Legacy Core","true","true","","","","","true","Fee Regulation Slab — Madhya Pradesh (2024-25)","None","None","legacy","unavailable","unavailable"
"C-31660","Mahakal Institute of Management, Ujjain","Legacy Core","true","true","true","","","","true","AFRC MP 2024-25 Order No. 147","None","None","official_verified","unavailable","unavailable"
"C-31687","Prestige Institute of Management, Dewas","Legacy Core","true","true","","","","","true","Fee Regulation Slab — Madhya Pradesh (2024-25)","None","None","legacy","unavailable","unavailable"
"C-31735","Synargy Institute of Technology, Dewas","Legacy Core","true","true","true","","","","true","AFRC MP 2024-25 Order No. 147","None","None","official_verified","unavailable","unavailable"
"C-31752","DAV INSTITUTE OF MANAGEMENT","Legacy Core","true","true","","","","","true","Fee Regulation Slab — Haryana (2024-25)","None","None","legacy","unavailable","unavailable"
"C-32598","Shanti NiketanInstitute of Technology, Ratlam","Legacy Core","true","true","true","","","","true","AFRC MP 2024-25 Order No. 147","None","None","official_verified","unavailable","unavailable"
"C-36084","St. Aloysius Institute of Technology,  Mandla Road, Jabalpur - 482001","Legacy Core","true","true","true","","","","true","AFRC MP 2024-25 Order No. 147","None","None","official_verified","unavailable","unavailable"
"C-36089","Vaishnavi Institute of Technology and Science, Village-Deepadi,P.O. Misrod,Bhopal","Legacy Core","true","true","true","","","","true","AFRC MP 2024-25 Order No. 147","NIRF 2024","None","official_verified","legacy","unavailable"
"C-36093","Vindhya Institute of Technology & Science, Karhi Road, Amoudha, Satna-485441","Legacy Core","true","true","true","","","","true","AFRC MP 2024-25 Order No. 147","None","None","official_verified","unavailable","unavailable"
"C-361","Christ Institute of Management,""Vidya Niketan""-Rajkot (Minority Institute ) (SFI)","Legacy Core","true","true","","","","","true","Fee Regulation Slab — Gujarat (2024-25)","None","None","legacy","unavailable","unavailable"
"C-36100","Infinity Management & Engineering College, Village - Patharia Jat Deori Road, Sagar - 470228","Legacy Core","true","true","true","","","","true","AFRC MP 2024-25 Order No. 147","None","None","official_verified","unavailable","unavailable"
"C-36102","S.G.B.M. Institute of Technology & Science, Village Bineki, Tahsil Patan Dist. Jabalpur","Legacy Core","true","true","true","","","","true","AFRC MP 2024-25 Order No. 147","None","None","official_verified","unavailable","unavailable"
"C-36139","Alpine Institute of Technology,  Gram Chandesara, Dewas Road, Ujjain","Legacy Core","true","true","true","","","","true","AFRC MP 2024-25 Order No. 147","None","None","official_verified","unavailable","unavailable"
"C-36143","Shri G. S. Institute of Technology & Science, 23,Park Road, Indore - 452003","Legacy Core","true","true","true","","","","true","AFRC MP 2024-25 Order No. 147","None","None","official_verified","unavailable","unavailable"
"C-36146","Vikrant Institute of Technology and Management, Village-Ratwai, Chitora Road, Gwalior - 474006","Legacy Core","true","true","true","","","","true","AFRC MP 2024-25 Order No. 147","None","None","official_verified","unavailable","unavailable"
"C-36159","Shri Ram Institute of Technology Pharmacy, In front of ITI, Madhotal, Jabalpur-482002","Legacy Core","true","true","true","","","","true","AFRC MP 2024-25 Order No. 147","None","None","official_verified","unavailable","unavailable"
"C-36160","Synergy Institute of Technology,  Village Rajapura, Maxi Road, A.B. Road, Dewas","Legacy Core","true","true","true","","","","true","AFRC MP 2024-25 Order No. 147","None","None","official_verified","unavailable","unavailable"
"C-36185","Trinity Institute of Technology & Research, Hathai Kheda Kokta, Raisen Road, Bhopal","Legacy Core","true","true","true","","","","true","AFRC MP 2024-25 Order No. 147","None","None","official_verified","unavailable","unavailable"
"C-36197","Shreejee Institute of Technology and Management , Khandwa  Road, , Khargone","Legacy Core","true","true","true","","","","true","AFRC MP 2024-25 Order No. 147","None","None","official_verified","unavailable","unavailable"
"C-36200","Shri Yogindra Sagar Institute of Technology & Science, Dharad Gram, Mhow Neemach Road, Ratlam","Legacy Core","true","true","true","","","","true","AFRC MP 2024-25 Order No. 147","None","None","official_verified","unavailable","unavailable"
"C-36201","Bapu Institute of Technology & Management, Village Jaderua, A.B. Road, Morena","Legacy Core","true","true","true","","","","true","AFRC MP 2024-25 Order No. 147","None","None","official_verified","unavailable","unavailable"
"C-36212","Vindhya Institute of Technology & Science, Umrikheda, Khandwa Road, Indore","Legacy Core","true","true","true","","","","true","AFRC MP 2024-25 Order No. 147","None","None","official_verified","unavailable","unavailable"
"C-36236","Jawaharlal Institute of Technology, Vidhya Vihar, Borwan, Kasrwada, Khargone-45122","Legacy Core","true","true","true","","","","true","AFRC MP 2024-25 Order No. 147","None","None","official_verified","unavailable","unavailable"
"C-36266","Sri Dadaji Institute of Technology & Science, Rehmapur, Khandwa Dist. East Nimar-450001","Legacy Core","true","true","true","","","","true","AFRC MP 2024-25 Order No. 147","None","None","official_verified","unavailable","unavailable"
"C-36288","IASSCOM Fortune Institute of Technology, Village Rasulia, Gosai, Ratibad, Bhopal","Legacy Core","true","true","true","","","","true","AFRC MP 2024-25 Order No. 147","None","None","official_verified","unavailable","unavailable"
"C-36307","Shri Ram Institute of Technology (MCA), Near ITI, Madhotal, Jabalpur-482002","Legacy Core","true","true","true","","","","true","AFRC MP 2024-25 Order No. 147","None","None","official_verified","unavailable","unavailable"
"C-36347","Holy Mary Institute of Technology & Science College of Pharmacy","Legacy Core","true","true","true","","","","true","TSCHE TAFRC 2024-25 Notification","None","None","official_verified","unavailable","unavailable"
"C-36464","Centre for Behavioral and Cognitive Science","Legacy Core","true","","true","","","","true","AFRC UP 2024-25 Official Order","None","None","official_verified","unavailable","unavailable"
"C-36483","Sri Siddhartha Institute of Technology, Tumkur.","Legacy Core","true","true","true","","","","true","KEA UGCET 2024 Notification","None","None","official_verified","unavailable","legacy"
"C-36929","Dr N.G.P. Institute of Technology","Legacy Core","true","true","true","","","","true","TNEA 2024 Official Notification","NIRF 2024","None","official_verified","legacy","legacy"
"C-36946","KV Institute of Management and Information Studies","Legacy Core","true","true","","","","","true","Fee Regulation Slab — Tamil Nadu (2024-25)","None","None","legacy","unavailable","unavailable"
"C-36969","Coimbatore Institute of Technology","Legacy Core","true","true","true","","","","true","TNEA 2024 Official Notification","None","None","official_verified","unavailable","legacy"
"C-36984","Bannari Amman Institute of Technology","Legacy Core","true","true","true","","","","true","TNEA 2024 Official Notification","None","None","official_verified","unavailable","legacy"
"C-36989","KGiSL Institute of Technology","Legacy Core","true","true","true","","","","true","TNEA 2024 Official Notification","None","None","official_verified","unavailable","legacy"
"C-36990","United  Institute of Technology","Legacy Core","true","true","true","","","","true","TNEA 2024 Official Notification","None","None","official_verified","unavailable","legacy"
"C-37004","Mahendra Institute of Technology","Legacy Core","true","true","true","","","","true","TNEA 2024 Official Notification","None","None","official_verified","unavailable","legacy"
"C-37013","PSG College of Technology","Legacy Core","true","true","true","true","","","","TNEA 2024 Official Notification","NIRF 2024","None","official_verified","official_verified","legacy"
"C-37021","Jansons Institute of Technology","Legacy Core","true","true","true","","","","true","TNEA 2024 Official Notification","None","None","official_verified","unavailable","legacy"
"C-37026","R P Sarathy Institute of Technology","Legacy Core","true","true","true","","","","true","TNEA 2024 Official Notification","None","None","official_verified","unavailable","legacy"
"C-37032","Sri Ramakrishna Institute of Technology","Legacy Core","true","true","true","","","","true","TNEA 2024 Official Notification","None","None","official_verified","unavailable","legacy"
"C-37035","Karpagam Institute of Technology","Legacy Core","true","true","true","","","","true","TNEA 2024 Official Notification","None","None","official_verified","unavailable","legacy"
"C-37043","PPG Institute of Technology","Legacy Core","true","true","true","","","","true","TNEA 2024 Official Notification","None","None","official_verified","unavailable","legacy"
"C-37046","Hindusthan Institute of Technology","Legacy Core","true","true","true","","","","true","TNEA 2024 Official Notification","None","None","official_verified","unavailable","legacy"
"C-37053","Adithya Institute of Technology","Legacy Core","true","true","true","","","","true","TNEA 2024 Official Notification","None","None","official_verified","unavailable","legacy"
"C-37056","Jayalakshmi Institute of Technology","Legacy Core","true","true","true","","","","true","TNEA 2024 Official Notification","None","None","official_verified","unavailable","legacy"
"C-37058","Knowledge Institute of Technology","Legacy Core","true","true","true","","","","true","TNEA 2024 Official Notification","None","None","official_verified","unavailable","legacy"
"C-37070","KIT- Kalaignar Karunanidhi Institute of Technology","Legacy Core","true","true","true","","","","true","TNEA 2024 Official Notification","None","None","official_verified","unavailable","legacy"
"C-37085","Sree Narayana Guru Institute of Management Studies","Legacy Core","true","true","","","","","true","Fee Regulation Slab — Tamil Nadu (2024-25)","None","None","legacy","unavailable","unavailable"
"C-37086","RVS Institute of Management Studies","Legacy Core","true","true","","","","","true","Fee Regulation Slab — Tamil Nadu (2024-25)","None","None","legacy","unavailable","unavailable"
"C-37090","Nehru Institute of Technology","Legacy Core","true","true","true","","","","true","TNEA 2024 Official Notification","NIRF 2024","None","official_verified","legacy","legacy"
"C-37092","Varuvan Vadivelan Institute of Technology","Legacy Core","true","true","true","","","","true","TNEA 2024 Official Notification","None","None","official_verified","unavailable","legacy"
"C-37098","AJK Institute of Management","Legacy Core","true","true","","","","","true","Fee Regulation Slab — Tamil Nadu (2024-25)","None","None","legacy","unavailable","unavailable"
"C-34885","SHRI VAISANAV INSTITUTE OF TECHNOLOGY & MANAGEMENT BIRLA NAGAR","Legacy Core","true","true","true","","","","true","AFRC MP 2024-25 Order No. 147","None","None","official_verified","unavailable","unavailable"
"C-37181","Holy Sprite Institute of Technology, Science & Research College, Paota-C- Road, Jodhpur","Legacy Core","true","true","true","","","","true","TNEA 2024 Official Notification","None","None","official_verified","unavailable","unavailable"
"C-376","Shree Satsangi Saket Dham (721) K.J. Institute of Management (SFI)-Vadasma Di:Mehsana","Legacy Core","true","true","","","","","true","Fee Regulation Slab — Gujarat (2024-25)","None","None","legacy","unavailable","unavailable"
"C-383","Kalol Institute of Management (SFI),Kalol. 725","Legacy Core","true","true","","","","","true","Fee Regulation Slab — Gujarat (2024-25)","None","None","legacy","unavailable","unavailable"
"C-38749","Mehta College & Institute of Technology, Jaipur","Legacy Core","true","true","true","","","","true","TNEA 2024 Official Notification","None","None","official_verified","unavailable","unavailable"
"C-39241","Anitha Venkateswara College of Eduation, Tenali","Legacy Core","true","true","true","","","","true","APSCHE EAPCET 2024 G.O. Ms. No. 17","None","None","official_verified","unavailable","unavailable"
"C-34675","Dharti Janseva Prathishthan Aurangabad Swami Vivekanand Institute of Management Science","Legacy Core","true","","","","","","true","Fee Regulation Slab — Maharashtra (2024-25)","None","None","legacy","unavailable","unavailable"
"C-35115","Anand Institute of Management(BEd), Barkheda Nahu Neelbad, Bhopal","Legacy Core","true","true","","","","","true","Fee Regulation Slab — Madhya Pradesh (2024-25)","None","None","legacy","unavailable","unavailable"
"C-35173","Govt. H.S.Z.H. Unani Medical College, Science Hills Behind MNIT Chunabhatti Bhopal","Legacy Core","true","true","true","","","","true","AFRC MP 2024-25 Order No. 147","None","None","official_verified","unavailable","unavailable"
"C-34700","JB INSTITUTE OF TECHNOLOGY AND MANAGEMENT","Legacy Core","true","true","true","","","","true","AFRC MP 2024-25 Order No. 147","None","None","official_verified","unavailable","unavailable"
"C-35391","Iqbal Institute of Technology & Management Hyderpora,Srinagar","Legacy Core","true","true","true","","","","true","TNEA 2024 Official Notification","None","None","official_verified","unavailable","unavailable"
"C-35421","Institute of Management, Kolhapur","Legacy Core","true","true","","","","","true","Fee Regulation Slab — Maharashtra (2024-25)","None","None","legacy","unavailable","unavailable"
"C-35429","Institute of Management and Entrepreneurship Development, Pune","Legacy Core","true","true","","","","","true","Fee Regulation Slab — Maharashtra (2024-25)","None","None","legacy","unavailable","unavailable"
"C-35432","Institute of Management and Rural Development Administration, Sangli","Legacy Core","true","true","","","","","true","Fee Regulation Slab — Maharashtra (2024-25)","None","None","legacy","unavailable","unavailable"
"C-35435","Yashwantrao Mohite Institute of Management, Karad","Legacy Core","true","true","","","","","true","Fee Regulation Slab — Maharashtra (2024-25)","None","None","legacy","unavailable","unavailable"
"C-35436","Abhijit Kadam Institute of Management and Social Sciences, Solapur","Legacy Core","true","true","","","","","true","Fee Regulation Slab — Maharashtra (2024-25)","None","None","legacy","unavailable","unavailable"
"C-35440","Institute of Management and Research, New Delhi","Legacy Core","true","true","","","","","true","Fee Regulation Slab — Delhi (2024-25)","None","None","legacy","unavailable","unavailable"
"C-35517","KLEs Institute of Management Studies & Research, Vidya nagar, Hubli","Legacy Core","true","true","","","","","true","Fee Regulation Slab — Karnataka (2024-25)","None","None","legacy","unavailable","unavailable"
"C-35616","Anjuman-Hami-A-Muslimin Societys Anjuman Institute of Management, Bhatkal.","Legacy Core","true","true","","","","","true","Fee Regulation Slab — Karnataka (2024-25)","None","None","legacy","unavailable","unavailable"
"C-35664","JSS Dr. D Verendra Heggade Institute of Management Studies & Research Vidyagiri, Dharwad","Legacy Core","true","true","","","","","true","Fee Regulation Slab — Karnataka (2024-25)","None","None","legacy","unavailable","unavailable"
"C-35920","Radharaman Institute of Technology & Science, Bhadbhada Road, Ratibad, Bhopal-462002","Legacy Core","true","true","true","","","","true","AFRC MP 2024-25 Order No. 147","None","None","official_verified","unavailable","unavailable"
"C-35937","""Mahakal Institute of Technology & Management, Behind Air Strip, Dewas, Ujjain - 456446""","Legacy Core","true","true","true","","","","true","AFRC MP 2024-25 Order No. 147","None","None","official_verified","unavailable","unavailable"
"C-35938","""Indore Institute of Pharmacy, Pithampur Road, Opp. IIM, Rau, Indore ""","Legacy Core","true","true","","","","","true","Fee Regulation Slab — Madhya Pradesh (2024-25)","None","None","legacy","unavailable","unavailable"
"C-35949","Bethesda Institute of Technology & Science, Gram Ratwai, (Chitora Road), Morar Cant Gwalior-474006","Legacy Core","true","true","true","","","","true","AFRC MP 2024-25 Order No. 147","None","None","official_verified","unavailable","unavailable"
"C-35953","University Institute of Technology, RGPV","Legacy Core","true","true","true","","","","true","AFRC MP 2024-25 Order No. 147","None","None","official_verified","unavailable","unavailable"
"C-35968","Vidyasagar Institute of Technology, Garipipliya, Aath Meel, Nemanwar Road, Indore-452018","Legacy Core","true","true","true","","","","true","AFRC MP 2024-25 Order No. 147","None","None","official_verified","unavailable","unavailable"
"C-35969","Millennium Institute of Technology,  Nathu Barkheda Road, Neelbad Bhopal","Legacy Core","true","true","true","","","","true","AFRC MP 2024-25 Order No. 147","None","None","official_verified","unavailable","unavailable"
"C-35984","Shree Sai Institute of Technology,  Jaora Road, Ratlam 45700","Legacy Core","true","true","true","","","","true","AFRC MP 2024-25 Order No. 147","None","None","official_verified","unavailable","unavailable"
"C-35992","Shri Ram Institute of Technology,  ITI, Madhotal, Jabalpur-482002","Legacy Core","true","true","true","","","","true","AFRC MP 2024-25 Order No. 147","None","None","official_verified","unavailable","unavailable"
"C-36016","""Malwa Institute of Technology, Village Nipani, Bypass Road, Opp, D.P.S., Indore   ""","Legacy Core","true","true","true","","","","true","AFRC MP 2024-25 Order No. 147","None","None","official_verified","unavailable","unavailable"
"C-36020","Bhopal Institute of Technology & Management (BITM), Village Bangrasia, Bhojpur Road, Bhopal","Legacy Core","true","true","true","","","","true","AFRC MP 2024-25 Order No. 147","None","None","official_verified","unavailable","unavailable"
"C-36033","""Rustamji Institute of Technology, Border Security Force (BSF) Academy, Tekanpur, Gwalior 474005","Legacy Core","true","true","true","","","","true","AFRC MP 2024-25 Order No. 147","None","None","official_verified","unavailable","unavailable"
"C-36038","Srajan Institute of Technology Management & Science, Jaora Road, Ratlam","Legacy Core","true","true","true","","","","true","AFRC MP 2024-25 Order No. 147","None","None","official_verified","unavailable","unavailable"
"C-36046","Mathuradevi Institute of Technology & Management, Garipipliya, Nemawar Road, Indore  - 452018","Legacy Core","true","true","true","","","","true","AFRC MP 2024-25 Order No. 147","None","None","official_verified","unavailable","unavailable"
"C-410","C.K.Shah Vijapurwala Institute of Management, Vadodra (SFI) 705","Legacy Core","true","true","","","","","true","Fee Regulation Slab — Gujarat (2024-25)","None","None","legacy","unavailable","unavailable"
"C-41046","PSGR Krishnammal College for Women","Legacy Core","true","true","","","","","true","Fee Regulation Slab — Tamil Nadu (2024-25)","None","None","legacy","unavailable","unavailable"
"C-4106","SRK Institute Of Management  and Computer Education","Legacy Core","true","true","true","","","","true","AFRC UP 2024-25 Official Order","None","None","official_verified","unavailable","unavailable"
"C-41065","CMS Institute of Management Studies","Legacy Core","true","true","","","","","true","Fee Regulation Slab — Tamil Nadu (2024-25)","None","None","legacy","unavailable","unavailable"
"C-41103","Guruvayurappan Institute of Management","Legacy Core","true","true","","","","","true","Fee Regulation Slab — Tamil Nadu (2024-25)","None","None","legacy","unavailable","unavailable"
"C-4111","Swami Gansyam Jivandasji Institute of Management and IT","Legacy Core","true","true","","","","","true","Fee Regulation Slab — Gujarat (2024-25)","None","None","legacy","unavailable","unavailable"
"C-41124","PSG College of Arts and Science","Legacy Core","true","true","","","","","true","Fee Regulation Slab — Tamil Nadu (2024-25)","None","None","legacy","unavailable","unavailable"
"C-41137","NIFT-TEA College of Knitwear Fashion","Legacy Core","true","true","","","","","true","Fee Regulation Slab — Tamil Nadu (2024-25)","None","None","legacy","unavailable","unavailable"
"C-39467","Nagarjuna Institute of Management Studies, Chekurapadu","Legacy Core","true","true","","","","","true","Fee Regulation Slab — Andhra Pradesh (2024-25)","None","None","legacy","unavailable","unavailable"
"C-41254","PSD Shastri Educational Foundations ASMA Institute of Management","Legacy Core","true","true","","","","","true","Fee Regulation Slab — Maharashtra (2024-25)","None","None","legacy","unavailable","unavailable"
"C-41293","Shri Khanderai Pratishthan Dnyansagar Institute of Management and Research, Balewadi, Pune 411045","Legacy Core","true","true","","","","","true","Fee Regulation Slab — Maharashtra (2024-25)","None","None","legacy","unavailable","unavailable"
"C-41318","All India Shivaji Memorial Societys  Institute of Management, Kenedi Road, Near RTO, Pune 411001","Legacy Core","true","true","","","","","true","Fee Regulation Slab — Maharashtra (2024-25)","None","None","legacy","unavailable","unavailable"
"C-41411","J.D.C.Bytco Institute of Management Studies and Research, Nashik 422005","Legacy Core","true","true","","","","","true","Fee Regulation Slab — Maharashtra (2024-25)","None","None","legacy","unavailable","unavailable"
"C-41461","Jayavant Institute of Management Studies, Tathawade, Pune 411033","Legacy Core","true","true","","","","","true","Fee Regulation Slab — Maharashtra (2024-25)","None","None","legacy","unavailable","unavailable"
"C-41520","Sandip Foundations Sandip Institute of Technology & Research Centre, P.O.Mahirawani, Dist.Nashik","Legacy Core","true","true","true","","","","true","TNEA 2024 Official Notification","None","None","official_verified","unavailable","unavailable"
"C-41544","Shri Shivaji Maratha Societys Institute of Management and Research,Parvati, Aranyeshwar, Pune 411009","Legacy Core","true","true","","","","","true","Fee Regulation Slab — Maharashtra (2024-25)","None","None","legacy","unavailable","unavailable"
"C-41550","Kasturi Shikshan Sansthas Institute of Management, A-p. Shikrapur, Tal. Shirur, Dist. Pune 412208","Legacy Core","true","true","","","","","true","Fee Regulation Slab — Maharashtra (2024-25)","None","None","legacy","unavailable","unavailable"
"C-41568","RSM's Chetan Dattaji Gaikwad Institute of Management Studies, Karve Road, Pune 411004","Legacy Core","true","true","","","","","true","Fee Regulation Slab — Maharashtra (2024-25)","None","None","legacy","unavailable","unavailable"
"C-41643","Atharva Institute of Management, Yerwada, Pune 411006","Legacy Core","true","true","","","","","true","Fee Regulation Slab — Maharashtra (2024-25)","None","None","legacy","unavailable","unavailable"
"C-41674","Raigad Gyanpeeths Institute of Management Research and Development, Dhanakawadi, Pune 411043","Legacy Core","true","true","","","","","true","Fee Regulation Slab — Maharashtra (2024-25)","None","None","legacy","unavailable","unavailable"
"C-41753","Chaitanya Shikshan Sansthas Institute of Management, Hadapsar, Pune 411028","Legacy Core","true","true","","","","","true","Fee Regulation Slab — Maharashtra (2024-25)","None","None","legacy","unavailable","unavailable"
"C-41799","Navjeevan Education Societys NAVJEEVAN INSTITUTE OF MANAGEMENT","Legacy Core","true","true","","","","","true","Fee Regulation Slab — Maharashtra (2024-25)","None","None","legacy","unavailable","unavailable"
"C-41806","Brahma Valley Institute of Management, Anjaneri, Tryambakeshwar, Nashik","Legacy Core","true","true","","","","","true","Fee Regulation Slab — Maharashtra (2024-25)","None","None","legacy","unavailable","unavailable"
"C-41814","Dr. D.Y.Patil Pratishthans Dr.D.Y.Patil Institute of Management Studies, Akurdi, Pune 411044","Legacy Core","true","true","","","","","true","Fee Regulation Slab — Maharashtra (2024-25)","None","None","legacy","unavailable","unavailable"
"C-41818","The Shetkari Shikshan Mandals Padma Vasantdada Patil Institute of Technology, Bavdhan Khurd,Pune 38","Legacy Core","true","true","true","","","","true","TNEA 2024 Official Notification","None","None","official_verified","unavailable","unavailable"
"C-41837","M.G.Vidyamandirs Institute of Management and Research, Panchavati, Nashik 422003","Legacy Core","true","true","","","","","true","Fee Regulation Slab — Maharashtra (2024-25)","None","None","legacy","unavailable","unavailable"
"C-41897","Dnyan Prabodhini Institute of Management and Leadership Development, Sadashiv Peth, Pune 411030","Legacy Core","true","true","","","","","true","Fee Regulation Slab — Maharashtra (2024-25)","None","None","legacy","unavailable","unavailable"
"C-41940","Eagle Education Societys Unique Institute of Management, Katraj, Kondhava Rd., Pune 411046","Legacy Core","true","true","","","","","true","Fee Regulation Slab — Maharashtra (2024-25)","None","None","legacy","unavailable","unavailable"
"C-41943","Marathwada Mitra Mandal's Institute of Technology, Lohgaon, Tal Haveli, Pune 32","Legacy Core","true","true","true","","","","true","TNEA 2024 Official Notification","None","None","official_verified","unavailable","unavailable"
"C-41953","MET's Institute of Management, Bhujbal Knowledge City, Adgaon, Nashik 422003","Legacy Core","true","true","","","","","true","Fee Regulation Slab — Maharashtra (2024-25)","None","None","legacy","unavailable","unavailable"
"C-41957","K.J's Educational Institute's Trinity College of Engineering and Research, Pisoli, Pune 411048","Legacy Core","true","true","true","","","","true","MahaFRA Official Online Portal","NIRF 2024","None","official_verified","legacy","unavailable"
"C-41985","ANJUMAN KHAIRUL ISLAM POONA INSTITUTE OF MANAGEMENT SCIENCES AND ENTREPRENEURSHIP","Legacy Core","true","true","true","","","","true","KEA UGCET 2024 Notification","None","None","official_verified","unavailable","unavailable"
"C-41992","Chintamani Dnyanpeeths Chintamani Institute of Management, Dhankawadi, Pune","Legacy Core","true","true","","","","","true","Fee Regulation Slab — Maharashtra (2024-25)","None","None","legacy","unavailable","unavailable"
"C-41999","Bansilal Ramnath Agarwal Charitable Trusts Vishwakarma Institute of Technology,Pune","Legacy Core","true","","true","","","","true","TNEA 2024 Official Notification","None","None","official_verified","unavailable","unavailable"
"C-42029","INSTITUTE OF MANAGEMENT","Legacy Core","true","true","true","","","","true","MahaFRA Official Online Portal","NIRF 2024","None","official_verified","legacy","legacy"
"C-42034","Padmshri  Dr.D.Y.Patil Institute of Management Studies, Nigdi, Pune  411044","Legacy Core","true","true","","","","","true","Fee Regulation Slab — Maharashtra (2024-25)","None","None","legacy","unavailable","unavailable"
"C-42054","Army Institute of Technology, Dighi Hills, Pune","Legacy Core","true","true","true","","","","true","TNEA 2024 Official Notification","None","None","official_verified","unavailable","unavailable"
"C-42099","M.E.S. Institute of Management and Career Courses IMCC, Mayur Colony, Kothrud, Pune 411029","Legacy Core","true","true","","","","","true","Fee Regulation Slab — Maharashtra (2024-25)","None","None","legacy","unavailable","unavailable"
"C-42109","Dr.  D. Y. Patil Unitech Society's  Dr. D. Y. Patil Institute of Management and  Research","Legacy Core","true","true","","","","","true","Fee Regulation Slab — Maharashtra (2024-25)","None","None","legacy","unavailable","unavailable"
"C-42128","Symbiosis College of Arts & Commerce, Senapati Bapat Road, Pune 411004.","Legacy Core","true","true","","","","","true","Fee Regulation Slab — Maharashtra (2024-25)","None","None","legacy","unavailable","unavailable"
"C-42132","Pandit Deendayal Institute of Management Studies, Shukrawar Peth, Bajirao Road, Pune 411002","Legacy Core","true","true","","","","","true","Fee Regulation Slab — Maharashtra (2024-25)","None","None","legacy","unavailable","unavailable"
"C-42158","Institute of Management and Career Courses, IMCC, Mayu Colony, Kothrud, PUNE 411029","Legacy Core","true","true","","","","","true","Fee Regulation Slab — Maharashtra (2024-25)","None","None","legacy","unavailable","unavailable"
"C-42171","Bhalchandra Institute of Management, Shikago Hills, Panshet Road, Pune","Legacy Core","true","true","","","","","true","Fee Regulation Slab — Maharashtra (2024-25)","None","None","legacy","unavailable","unavailable"
"C-422","B and B Institute of Technology,Vallabh Vidhyanagar (SFI) 605","Legacy Core","true","true","true","","","","true","TNEA 2024 Official Notification","None","None","official_verified","unavailable","legacy"
"C-42224","J.S.P.M. Kautilya Institute of Management and Research, Wagholi, Pune 412207","Legacy Core","true","true","","","","","true","Fee Regulation Slab — Maharashtra (2024-25)","None","None","legacy","unavailable","unavailable"
"C-42234","J.S.P.M.s Jaywant Institute of Management Studies, Tathwade, Pune 411033","Legacy Core","true","true","","","","","true","Fee Regulation Slab — Maharashtra (2024-25)","None","None","legacy","unavailable","unavailable"
"C-39673","Com. Point Institute of Technology, Gamhadia, Canal Road, Cuttack","Legacy Core","true","true","true","","","","true","TNEA 2024 Official Notification","None","None","official_verified","unavailable","unavailable"
"C-39763","D.A.V. School of Business Management, Unit-8, BBSR","Legacy Core","true","true","","","","","true","Fee Regulation Slab — Odisha (2024-25)","None","None","legacy","unavailable","unavailable"
"C-39793","Institute of Technology & Management Studies, Praja Niketan, Nimapara, Puri","Legacy Core","true","true","true","","","","true","TNEA 2024 Official Notification","None","None","official_verified","unavailable","unavailable"
"C-39811","Ramachandi Mohavidyalaya, Gadamanitri, Khurda","Legacy Core","true","true","","","","","true","Fee Regulation Slab — Odisha (2024-25)","None","None","legacy","unavailable","unavailable"
"C-39845","Sophitorium Institute of Technology & Life Skills, Jatni, Khurda","Legacy Core","true","true","true","","","","true","TNEA 2024 Official Notification","None","None","official_verified","unavailable","unavailable"
"C-39852","Kalinga Institute of Management & Technology, 7th Floor, OCHC Complex, Unit-III, Bhubaneswar","Legacy Core","true","true","true","","","","true","TNEA 2024 Official Notification","None","None","official_verified","unavailable","unavailable"
"C-39937","NITYA LEELASTHA TILKAYAT SHRI. GOVINDLALJI MAHARAJ GOVT. GIRLS COLLEGE, NATHDWARA","Legacy Core","true","true","","","","","true","Fee Regulation Slab — Rajasthan (2024-25)","None","None","legacy","unavailable","unavailable"
"C-400","Laljibhai Chaturbhai Institute of Technology (SFI),Bhandu,Mehsana. 515","Legacy Core","true","true","true","","","","true","TNEA 2024 Official Notification","None","None","official_verified","unavailable","legacy"
"C-40037","SHREE DWARKADHISH INSTITUTE OF MANAGEMENT AND SCIENCE,PRATAP PURA","Legacy Core","true","true","","","","","true","Fee Regulation Slab — Rajasthan (2024-25)","None","None","legacy","unavailable","unavailable"
"C-39335","Rajiv Memorial Institute of Technology, Berhampur","Legacy Core","true","true","true","","","","true","TNEA 2024 Official Notification","None","None","official_verified","unavailable","unavailable"
"C-40233","Unity Institute of Nursing Sciences","Legacy Core","true","true","","","","","true","Fee Regulation Slab — Karnataka (2024-25)","None","None","legacy","unavailable","unavailable"
"C-40240","Unity College of  Nursing","Legacy Core","true","true","","","","","true","Fee Regulation Slab — Karnataka (2024-25)","None","None","legacy","unavailable","unavailable"
"C-43742","Gurudev Institute of Management Studies, Kottappuram P.O., Kadakkal, Kollam","Legacy Core","true","true","","","","","true","Fee Regulation Slab — Kerala (2024-25)","None","None","legacy","unavailable","unavailable"
"C-43762","Allama Iqbal Institute of Management, Iqbal Nagar, Daivappura P.O., Peringammala, Nedumangad","Legacy Core","true","true","","","","","true","Fee Regulation Slab — Kerala (2024-25)","None","None","legacy","unavailable","unavailable"
"C-43786","People Institute of Management Studies, Munnad, Kasaragod","Legacy Core","true","true","","","","","true","Fee Regulation Slab — Kerala (2024-25)","None","None","legacy","unavailable","unavailable"
"C-43795","Vimal Jyothi Institute of Management and Research, Chemperi, Kannur","Legacy Core","true","true","","","","","true","Fee Regulation Slab — Kerala (2024-25)","None","None","legacy","unavailable","unavailable"
"C-43816","Malabar Institute of Technology, Anjarakandi, Kannur","Legacy Core","true","true","true","","","","true","TNEA 2024 Official Notification","None","None","official_verified","unavailable","unavailable"
"C-43830","Institute of Technology, Mayyil, Pavannoor Motta, Kannur","Legacy Core","true","true","true","","","","true","TNEA 2024 Official Notification","None","None","official_verified","unavailable","unavailable"
"C-43833","Chinmaya Institute of Technology, Govindagiri.,Chala, Kannur","Legacy Core","true","true","true","","","","true","TNEA 2024 Official Notification","None","None","official_verified","unavailable","unavailable"
"C-43834","North Malabar Institute of Technology , Nelliadukam, P.O Parakalai, Kanhangad, Kasaragod","Legacy Core","true","true","true","","","","true","TNEA 2024 Official Notification","None","None","official_verified","unavailable","unavailable"
"C-43844","Sadguru Swamy Nithyananda Institute of Technology, Kanhangad","Legacy Core","true","true","true","","","","true","TNEA 2024 Official Notification","None","None","official_verified","unavailable","unavailable"
"C-43884","Malik Deenar Institute of Management Studies , Seethangoli, Kasaragod","Legacy Core","true","true","","","","","true","Fee Regulation Slab — Kerala (2024-25)","None","None","legacy","unavailable","unavailable"
"C-439","Institute of Technology, Nirma University","Legacy Core","true","true","true","","","","true","TNEA 2024 Official Notification","NIRF 2024","None","official_verified","legacy","legacy"
"C-43902","ETHIRAJ COLLEGE FOR WOMEN","Legacy Core","true","true","","","","","true","Fee Regulation Slab — Tamil Nadu (2024-25)","None","None","legacy","unavailable","unavailable"
"C-43921","PRESIDENCY COLLEGE","Legacy Core","true","true","true","","","","true","AFRC UP 2024-25 Official Order","None","None","official_verified","unavailable","unavailable"
"C-43927","QUEEN MARYS COLLEGE","Legacy Core","true","true","","","","","true","Fee Regulation Slab — Tamil Nadu (2024-25)","None","None","legacy","unavailable","unavailable"
"C-43931","STELLA MARIS COLLEGE [AUTONOMOUS]","Legacy Core","true","true","","","","","true","Fee Regulation Slab — Tamil Nadu (2024-25)","None","None","legacy","unavailable","unavailable"
"C-43946","WOMENS CHRISTIAN COLLEGE","Legacy Core","true","true","","","","","true","Fee Regulation Slab — Tamil Nadu (2024-25)","None","None","legacy","unavailable","unavailable"
"C-43955","MEASI INSTITUTE OF MANAGEMENT","Legacy Core","true","true","","","","","true","Fee Regulation Slab — Tamil Nadu (2024-25)","None","None","legacy","unavailable","unavailable"
"C-43975","JUSTICE BASHEER AHMED SAYEED COLLEGE FOR WOMEN","Legacy Core","true","true","","","","","true","Fee Regulation Slab — Tamil Nadu (2024-25)","None","None","legacy","unavailable","unavailable"
"C-43988","MEENAKSHI COLLEGE FOR WOMEN","Legacy Core","true","true","true","","","","true","TNEA 2024 Official Notification","None","None","official_verified","unavailable","unavailable"
"C-43993","ARINGAR ANNA INSTITUTE OF MANAGEMENT STUDIES AND COMPUTER APPLICATION","Legacy Core","true","true","","","","","true","Fee Regulation Slab — Tamil Nadu (2024-25)","None","None","legacy","unavailable","unavailable"
"C-44006","LOYOLA COLLEGE","Legacy Core","true","true","true","","","","true","TNEA 2024 Official Notification","None","None","official_verified","unavailable","unavailable"
"C-44188","Navalbhau Pratishthan's Rukmanitai Arts & Commerce Mahila College","Legacy Core","true","true","","","","","true","Fee Regulation Slab — Maharashtra (2024-25)","None","None","legacy","unavailable","unavailable"
"C-44322","S.N.D.T. College of Education,Pune","Legacy Core","true","true","","","","","true","Fee Regulation Slab — Maharashtra (2024-25)","None","None","legacy","unavailable","unavailable"
"C-44326","Jankidevi Bajaj Institute of Management Studies","Legacy Core","true","true","","","","","true","Fee Regulation Slab — Maharashtra (2024-25)","None","None","legacy","unavailable","unavailable"
"C-44421","RAMGOVIND INSTITUTE OF TECHNOLOGY, KODERMA","Legacy Core","true","true","true","","","","true","TNEA 2024 Official Notification","None","None","official_verified","unavailable","unavailable"
"C-445","Ganpat University V.M. Patel Institute of Management","Legacy Core","true","true","","","","","true","Fee Regulation Slab — Gujarat (2024-25)","None","None","legacy","unavailable","legacy"
"C-44578","Sadhu Vaswani Institute of Management Studies for Girls, 6, Koregaon Road, Pune 411001","Legacy Core","true","true","","","","","true","Fee Regulation Slab — Maharashtra (2024-25)","None","None","legacy","unavailable","unavailable"
"C-44579","Swargeeya Sanjibhai Rupjibhai Memorial Trusts SSR Institute of Management & Research, Silvassa","Legacy Core","true","true","","","","","true","Fee Regulation Slab — The Dadra and Nagar Haveli and Daman and Diu (2024-25)","None","None","legacy","unavailable","unavailable"
"C-44596","Seshachala Institute of Management Studies, Puttur","Legacy Core","true","true","","","","","true","Fee Regulation Slab — Andhra Pradesh (2024-25)","None","None","legacy","unavailable","unavailable"
"C-44700","Burdwan Institute of Management & Computer Science","Legacy Core","true","true","","","","","true","Fee Regulation Slab — West Bengal (2024-25)","None","None","legacy","unavailable","unavailable"
"C-44921","Community Science College and Research Institute","Legacy Core","true","true","","","","","true","Fee Regulation Slab — Tamil Nadu (2024-25)","None","None","legacy","unavailable","unavailable"
"C-44952","APOORVA INSTITUTE OF MANAGEMENT & SCIENCES, BHUPATHIPOOR","Legacy Core","true","true","","","","","true","Fee Regulation Slab — Telangana (2024-25)","None","None","legacy","unavailable","unavailable"
"C-44961","UNITY COLLEGE OF PHARMACY, RAIGIR","Legacy Core","true","true","true","","","","true","TSCHE TAFRC 2024-25 Notification","None","None","official_verified","unavailable","unavailable"
"C-44962","UNITY PG COLLEGE, RAIGIR","Legacy Core","true","true","true","","","","true","TSCHE TAFRC 2024-25 Notification","None","None","official_verified","unavailable","unavailable"
"C-44976","DR K V SUBBA REDDY INSTITUTE OF MANAGEMENT","Legacy Core","true","true","true","","","","true","APSCHE EAPCET 2024 G.O. Ms. No. 17","None","None","official_verified","unavailable","unavailable"
"C-45058","OM INSTITUTE OF TECHNOLOGY VANTAVACHHODA, PANCHAMAHAL 103","Legacy Core","true","true","true","","","","true","TNEA 2024 Official Notification","None","None","official_verified","unavailable","legacy"
"C-45060","GITANJALI INSTITUTE OF MANAGEMENT STUDIES, RAJKOT 766","Legacy Core","true","true","","","","","true","Fee Regulation Slab — Gujarat (2024-25)","None","None","legacy","unavailable","unavailable"
"C-45061","ARRDKETA INSTITUTE OF TECHNOLOGY RASHIWAD, SABARKANTHA 093","Legacy Core","true","true","true","","","","true","TNEA 2024 Official Notification","None","None","official_verified","unavailable","legacy"
"C-45067","SYMBIOSIS School for Liberal Arts","Legacy Core","true","true","","","","","true","Fee Regulation Slab — Maharashtra (2024-25)","None","None","legacy","unavailable","unavailable"
"C-45068","SYMBIOSIS School of Visual Arts and Photography","Legacy Core","true","true","","","","","true","Fee Regulation Slab — Maharashtra (2024-25)","None","None","legacy","unavailable","unavailable"
"C-45069","SYMBIOSIS School of Biological Sciences","Legacy Core","true","true","","","","","true","Fee Regulation Slab — Maharashtra (2024-25)","None","None","legacy","unavailable","unavailable"
"C-45070","SYMBIOSIS School of Media and Communication, Bengaluru","Legacy Core","true","true","","","","","true","Fee Regulation Slab — Karnataka (2024-25)","None","None","legacy","unavailable","unavailable"
"C-45071","SYMBIOSIS Centre for Management Studies, NOIDA","Legacy Core","true","true","","","","","true","Fee Regulation Slab — Uttar Pradesh (2024-25)","None","None","legacy","unavailable","unavailable"
"C-45072","KEDARNATH AGGARWAL INSTITUTE OF MANAGEMENT, CHARKHI DADRI","Legacy Core","true","true","","","","","true","Fee Regulation Slab — Haryana (2024-25)","None","None","legacy","unavailable","unavailable"
"C-45127","SAHAKAR MAHARSHI SHANKARRAO MOHITE PATIL INSTITUTE OF TECHNOLOGY AND RESEARCH, SHANKARNAGAR","Legacy Core","true","true","true","","","","true","TNEA 2024 Official Notification","None","None","official_verified","unavailable","unavailable"
"C-45131","FUTURE INSTITUTE OF MANAGEMENT STUDIES, LUCKNOW ROAD,","Legacy Core","true","true","","","","","true","Fee Regulation Slab — Uttar Pradesh (2024-25)","None","None","legacy","unavailable","unavailable"
"C-45135","LOTUS INSTITUTE OF MANAGEMENT, LUCKNOW RD","Legacy Core","true","true","","","","","true","Fee Regulation Slab — Uttar Pradesh (2024-25)","None","None","legacy","unavailable","unavailable"
"C-45168","SHAHEED BHAGAT SINGH INSTITUTE OF MANAGEMENT & TECH., RAMHUT","Legacy Core","true","true","true","","","","true","TNEA 2024 Official Notification","None","None","official_verified","unavailable","unavailable"
"C-45172","INSTITUTE OF MANAGEMENT & SCIENCE, GAJRAULA","Legacy Core","true","true","","","","","true","Fee Regulation Slab — Uttar Pradesh (2024-25)","None","None","legacy","unavailable","unavailable"
"C-45175","D B INSTITUTE OF MANAGEMENT AND RESEARCH, LATUR","Legacy Core","true","true","true","","","","true","AFRC UP 2024-25 Official Order","None","None","official_verified","unavailable","unavailable"
"C-45186","GNVS INSTITUTE OF MANAGEMENT, MUMBAI","Legacy Core","true","true","","","","","true","Fee Regulation Slab — Maharashtra (2024-25)","None","None","legacy","unavailable","unavailable"
"C-45312","SHETTY INSTITUTE OF TECHNOLOGY, GULBARGA","Legacy Core","true","true","true","","","","true","KEA UGCET 2024 Notification","None","None","official_verified","unavailable","legacy"
"C-45215","GOPINATH MAHADEO VEDAK PRATISHTHANS GM VEDAK INSTITUTE OF TECHNOLOGY, RAIGAD","Legacy Core","true","true","true","","","","true","TNEA 2024 Official Notification","None","None","official_verified","unavailable","unavailable"
"C-45222","JAYAWANTI BABU FOUNDATIONâS METROPOLITAN INSTITUTE OF TECHNOLOGY AND MANAGEMENT, SINDHUDURG","Legacy Core","true","true","true","","","","true","TNEA 2024 Official Notification","None","None","official_verified","unavailable","unavailable"
"C-45308","JYOTHY INSTITUTE OF TECHNOLOGY, BANGALORE","Legacy Core","true","true","true","","","","true","KEA UGCET 2024 Notification","None","None","official_verified","unavailable","legacy"
"C-45310","JAIN INSTITUTE OF TECHNOLOGY, DAVANAGERE","Legacy Core","true","true","true","","","","true","KEA UGCET 2024 Notification","None","None","official_verified","unavailable","legacy"
"C-45313","G MADEGOWDA INSTITUTE OF TECHNOLOGY, MANDYA","Legacy Core","true","true","true","","","","true","KEA UGCET 2024 Notification","None","None","official_verified","unavailable","legacy"
"C-45319","KARAIKUDI INSTITUTE OF TECHNOLOGY AND KARAIKUDI INSTITUTE OF MANAGEMENT, KARAIKUDI","Legacy Core","true","true","true","","","","true","TNEA 2024 Official Notification","None","None","official_verified","unavailable","legacy"
"C-45448","NATIONAL INSTITUTE OF  SIDDHA (Inst. Code - 183), TAMBARAM SANITORIUM, CHENNAI","Legacy Core","true","true","","","","","true","Fee Regulation Slab — Tamil Nadu (2024-25)","None","None","legacy","unavailable","unavailable"
"C-45468","INDIA HEART FOUNDATION (UNIT OF VENKATESWARA HOSPITALS) (Inst. Code - 364), CHENNAI","Legacy Core","true","true","","","","","true","Fee Regulation Slab — Tamil Nadu (2024-25)","None","None","legacy","unavailable","unavailable"
"C-45474","SANKARA NETHRALAYA ACADEMY (UNIT OF MEDICAL RESEARCH FOUNDATION) (Inst. Code - 383), CHENNAI","Legacy Core","true","true","","","","","true","Fee Regulation Slab — Tamil Nadu (2024-25)","None","None","legacy","unavailable","unavailable"
"C-45584","CHRISTIAN FELLOWSHIP COMMUNITY HEALTH CENTRE, COLLEGE OF NURSING (Inst. Code - 035 ) DINDUGUL","Legacy Core","true","true","","","","","true","Fee Regulation Slab — Tamil Nadu (2024-25)","None","None","legacy","unavailable","unavailable"
"C-42753","Ramchandra Chandravansi Institute of Technology,Bishrampur","Legacy Core","true","true","true","","","","true","TNEA 2024 Official Notification","None","None","official_verified","unavailable","unavailable"
"C-42819","Govt.Vidarbha Institute of Science & Humanities, Amravati.","Legacy Core","true","true","","","","","true","Fee Regulation Slab — Maharashtra (2024-25)","None","None","legacy","unavailable","unavailable"
"C-424","DALIA INSTITUTE OF TECHNOLOGY","Legacy Core","true","true","true","","","","true","TNEA 2024 Official Notification","None","None","official_verified","unavailable","legacy"
"C-42983","Pankaj Laddhad Institute of Technology and  Management Studies, Buldana","Legacy Core","true","true","true","","","","true","TNEA 2024 Official Notification","None","None","official_verified","unavailable","unavailable"
"C-43072","Prof. Ram Meghe Institute of Technology & Research Badnera Rly.","Legacy Core","true","true","true","","","","true","TNEA 2024 Official Notification","None","None","official_verified","unavailable","unavailable"
"C-43132","Dr.Rajendra Gode Institute of Technology & Research, Mardi Road, Amravati","Legacy Core","true","true","true","","","","true","TNEA 2024 Official Notification","None","None","official_verified","unavailable","unavailable"
"C-43965","MADRAS CHRISTIAN COLLEGE","Legacy Core","true","true","","","","","true","Fee Regulation Slab — Tamil Nadu (2024-25)","None","None","legacy","unavailable","unavailable"
"C-43247","Muzaffarpur Institute of Technology","Legacy Core","true","true","true","","","","true","TNEA 2024 Official Notification","None","None","official_verified","unavailable","unavailable"
"C-43257","Cambridge Institute of Technology","Legacy Core","true","true","true","","","","true","TNEA 2024 Official Notification","None","None","official_verified","unavailable","unavailable"
"C-43259","Mother Theresa Institute of Management, Palamaner","Legacy Core","true","true","true","","","","true","APSCHE EAPCET 2024 G.O. Ms. No. 17","None","None","official_verified","unavailable","unavailable"
"C-43267","RTC Institute of Technology","Legacy Core","true","true","true","","","","true","TNEA 2024 Official Notification","None","None","official_verified","unavailable","unavailable"
"C-43277","M.DASAN INSTITUTE OF TECHNOLOGY, ULLIYERI","Legacy Core","true","true","true","","","","true","TNEA 2024 Official Notification","None","None","official_verified","unavailable","unavailable"
"C-43330","FAROOK INSTITUTE OF MANAGEMENT, FAROOK COLLEGE","Legacy Core","true","true","","","","","true","Fee Regulation Slab — Kerala (2024-25)","None","None","legacy","unavailable","unavailable"
"C-43402","Ramkrishna Mission Vivekananda Centenary College","Legacy Core","true","true","","","","","true","Fee Regulation Slab — West Bengal (2024-25)","None","None","legacy","unavailable","unavailable"
"C-43568","Netaji Subhas Institute of Technology","Legacy Core","true","true","true","","","","true","TNEA 2024 Official Notification","None","None","official_verified","unavailable","unavailable"
"C-43571","R.P. Sharma Institute of Technology","Legacy Core","true","true","true","","","","true","TNEA 2024 Official Notification","None","None","official_verified","unavailable","unavailable"
"C-43626","Sree Narayana Institute of Technology, Vadakkevila, Kollam.","Legacy Core","true","true","true","","","","true","TNEA 2024 Official Notification","None","None","official_verified","unavailable","unavailable"
"C-43631","MAHAGURU INSTITUTE OF TECHNOLOGY","Legacy Core","true","true","true","","","","true","TNEA 2024 Official Notification","None","None","official_verified","unavailable","unavailable"
"C-43638","John Cox Memorial CSI Institute of Technology, Kanammoola, Thiruvananthapuram","Legacy Core","true","true","true","","","","true","TNEA 2024 Official Notification","None","None","official_verified","unavailable","unavailable"
"C-43695","K.V.V.S. Institute of Technology, Kaithaparambu, Adoor.","Legacy Core","true","true","true","","","","true","TNEA 2024 Official Notification","None","None","official_verified","unavailable","unavailable"
"C-437","Institute of Management, Nirma University","Legacy Core","true","true","true","","","","true","Nirma University Fee Structure 2024-25","NIRF 2024","None","official_verified","legacy","unavailable"
"C-43703","Mar Baselios Institute of Technology, Anchal, P.O. Kollam.","Legacy Core","true","true","true","","","","true","TNEA 2024 Official Notification","None","None","official_verified","unavailable","unavailable"
"C-43706","Mar Thoma Institute of Technology, Chadayamangalam, Ayur, Kollam.","Legacy Core","true","true","true","","","","true","TNEA 2024 Official Notification","None","None","official_verified","unavailable","unavailable"
"C-43707","MES Institute of Technology and Management, Chathannoor, Kollam","Legacy Core","true","true","true","","","","true","TNEA 2024 Official Notification","None","None","official_verified","unavailable","unavailable"
"C-43715","TKM Institute of Management, Karuvelil, Kollam","Legacy Core","true","true","","","","","true","Fee Regulation Slab — Kerala (2024-25)","None","None","legacy","unavailable","unavailable"
"C-47232","DURGADEVI SARAF INSTITUTE OF MANAGEMENT STUDIES, MUMBAI","Legacy Core","true","true","","","","","true","Fee Regulation Slab — Maharashtra (2024-25)","None","None","legacy","unavailable","unavailable"
"C-47252","SHRI BHIKHABHAI PATEL INSTITUTE OF P G STUDIES AND RESEARCH IN HUMANITIES, ANAND","Legacy Core","true","true","","","","","true","Fee Regulation Slab — Gujarat (2024-25)","None","None","legacy","unavailable","unavailable"
"C-47259","GIRIJABAI SAIL INSTITUTE OF TECHNOLOGY, KARWAR","Legacy Core","true","true","true","","","","true","KEA UGCET 2024 Notification","None","None","official_verified","unavailable","legacy"
"C-45920","TRINITYC MISSION MEDICAL FOUNDATION, COLLEGE OF PHYSIOTHERAPY (Inst. Code - 084), MADURAI","Legacy Core","true","true","","","","","true","Fee Regulation Slab — Tamil Nadu (2024-25)","None","None","legacy","unavailable","unavailable"
"C-47273","Idyllic Institute of Management, Indore","Legacy Core","true","true","true","","","","true","IIM Indore Fee Structure 2024-26","NIRF 2024","None","official_verified","legacy","legacy"
"C-47454","UNITY COLLEGE OF TEACHERS EDUCATION , DIMAPUR","Legacy Core","true","true","","","","","true","Fee Regulation Slab — Nagaland (2024-25)","None","None","legacy","unavailable","unavailable"
"C-47499","BHAVANs ROYAL INSTITUTE OF MANAGEMENT,THRIPUNITHURA","Legacy Core","true","true","","","","","true","Fee Regulation Slab — Kerala (2024-25)","None","None","legacy","unavailable","unavailable"
"C-47522","KAI YASHODABAI DAGADU SARAF CHERITABLE TRUST INSTITUTE OF MANAGEMENT AND SCIENCE, SAKEGAON","Legacy Core","true","true","","","","","true","Fee Regulation Slab — Maharashtra (2024-25)","None","None","legacy","unavailable","unavailable"
"C-47548","SGR EDUCATION FOUNDATIONs G H RAISONI INSTITUTE OF MANAGEMENT AND RESEARCH, AHMEDNAGAR","Legacy Core","true","true","true","","","","true","AFRC UP 2024-25 Official Order","None","None","official_verified","unavailable","unavailable"
"C-47675","PRATAP INSTITUTE OF TECHNOLOGY & SCIENCE, SIKAR","Legacy Core","true","true","true","","","","true","TNEA 2024 Official Notification","None","None","official_verified","unavailable","unavailable"
"C-47703","SASMIRAS INSTITUTE OF MANAGEMENT STUDIES AND RESEARCH","Legacy Core","true","true","","","","","true","Fee Regulation Slab — Maharashtra (2024-25)","None","None","legacy","unavailable","unavailable"
"C-47804","LAXMI BAI SAHUJI INSTITUTE OF MANAGEMENT, PATAN ROAD","Legacy Core","true","true","true","","","","true","AFRC MP 2024-25 Order No. 147","None","None","official_verified","unavailable","unavailable"
"C-47849","LAXMI INSTITUTE OF TECHNOLOGY, SARIGAM (2ND SHIFT), 691","Legacy Core","true","true","true","","","","true","TNEA 2024 Official Notification","None","None","official_verified","unavailable","legacy"
"C-47876","INDUS INSTITUTE OF TECHNOLOGY & ENGINEERING","Legacy Core","true","","true","","","","true","TNEA 2024 Official Notification","None","None","official_verified","unavailable","legacy"
"C-47913","UNITED COLLEGE OF ENGINEERING AND RESEARCH, ALLAHABAD","Legacy Core","true","true","true","","","","true","AFRC UP 2024-25 Official Order","None","None","official_verified","unavailable","unavailable"
"C-47914","UNITED INSTITUTE OF MANAGEMENT, ALLAHABAD","Legacy Core","true","true","true","","","","true","AFRC UP 2024-25 Official Order","None","None","official_verified","unavailable","unavailable"
"C-47915","SHRI SIDDHI VINAYAK INSTITUTE OF MANAGEMENT, NAINITAL ROAD, BAREILLY","Legacy Core","true","true","true","","","","true","AFRC UP 2024-25 Official Order","None","None","official_verified","unavailable","unavailable"
"C-47916","SHRI SIDDHI VINAYAK INSTITUTE OF TECHNOLOGY, NAINITAL ROAD, BAREILLY","Legacy Core","true","true","true","","","","true","AFRC UP 2024-25 Official Order","None","None","official_verified","unavailable","unavailable"
"C-47924","INSTITUTE OF TECHNOLOGY & MANAGEMANT, CHEARI PHARENDA ROAD, MAHARAJGANJ","Legacy Core","true","true","true","","","","true","AFRC UP 2024-25 Official Order","None","None","official_verified","unavailable","unavailable"
"C-48007","MAHATAMA JYOTIBA PHULE EDUCATION TRUSTs S N G INSTITUTE OF MANAGEMENT & RESEARCH, KHED","Legacy Core","true","true","","","","","true","Fee Regulation Slab — Maharashtra (2024-25)","None","None","legacy","unavailable","unavailable"
"C-48153","Mathuradevi Institute of Management, Indore","Legacy Core","true","true","true","","","","true","IIM Indore Fee Structure 2024-26","NIRF 2024","None","official_verified","legacy","legacy"
"C-48179","MARIAN INTERNATIONAL INSTITUTE OF MANAGEMENT, KUTTIKKANAM","Legacy Core","true","true","","","","","true","Fee Regulation Slab — Kerala (2024-25)","None","None","legacy","unavailable","unavailable"
"C-48180","KOTTAYAM INSTITUTE OF TECHNOLOGY & SCIENCE, CHENGALAM EAST, ANICKAD","Legacy Core","true","true","true","","","","true","TNEA 2024 Official Notification","None","None","official_verified","unavailable","unavailable"
"C-48237","MOUNT CARMEL COLLEGE, KARUKADOM, KOTHAMANGALAM","Legacy Core","true","true","","","","","true","Fee Regulation Slab — Kerala (2024-25)","None","None","legacy","unavailable","unavailable"
"C-48267","VIVEKANANDA INSTITUTE OF MANAGEMENT STUDIES","Legacy Core","true","true","","","","","true","Fee Regulation Slab — Tamil Nadu (2024-25)","None","None","legacy","unavailable","unavailable"
"C-48278","DHANALAKSHMI SRINIVASAN INSTITUTE OF TECHNOLOGY","Legacy Core","true","true","true","","","","true","TNEA 2024 Official Notification","None","None","official_verified","unavailable","legacy"
"C-48283","THANTHAI PERIYAR GOVERNMENT INSTITUTE OF TECHNOLOGY","Legacy Core","true","true","true","","","","true","TNEA 2024 Official Notification","None","None","official_verified","unavailable","legacy"
"C-48377","Binita Mahanta College of Education, Bhonpur","Legacy Core","true","true","","","","","true","Fee Regulation Slab — West Bengal (2024-25)","None","None","legacy","unavailable","unavailable"
"C-46037","AL BARKAT INSTITUTE OF MANAGEMENT STUDIES, ALIGARH","Legacy Core","true","true","","","","","true","Fee Regulation Slab — Uttar Pradesh (2024-25)","None","None","legacy","unavailable","unavailable"
"C-48460","TALENT INSTITUTE OF MANAGEMENT STUDIES, MUDUR, EDAPAL","Legacy Core","true","true","","","","","true","Fee Regulation Slab — Kerala (2024-25)","None","None","legacy","unavailable","unavailable"
"C-48478","Bharatiya Vidya Bhavan Institute of Management Science 339","Legacy Core","true","true","","","","","true","Fee Regulation Slab — West Bengal (2024-25)","None","None","legacy","unavailable","unavailable"
"C-46042","VISION INSTITUTE OF TECHNOLOGY, SHAHPUR MADRAK, ALIGARH","Legacy Core","true","true","true","","","","true","AFRC UP 2024-25 Official Order","None","None","official_verified","unavailable","unavailable"
"C-48493","BHAGWANT INSTITUTE OF TECHNOLOGY, BARSHI","Legacy Core","true","true","true","","","","true","MahaFRA Official Online Portal","None","None","official_verified","unavailable","unavailable"
"C-46045","SSLD VARSHNEY INSTITUTE OF MANAGEMENT AND ENGINEERING,ALIGARH","Legacy Core","true","true","true","","","","true","AFRC UP 2024-25 Official Order","None","None","official_verified","unavailable","unavailable"
"C-46052","TRIVENI INSTITUTE OF MANAGEMENT EDUCATION, BAGPAT","Legacy Core","true","true","","","","","true","Fee Regulation Slab — Uttar Pradesh (2024-25)","None","None","legacy","unavailable","unavailable"
"C-48550","IDEAL INSTITUTE OF TECHNOLOGY","Legacy Core","true","true","true","","","","true","MahaFRA Official Online Portal","None","None","official_verified","unavailable","unavailable"
"C-46058","VEER KUNWAR INSTITUTE OF TECHNOLOGY, NAGINA ROAD, BIJNOR","Legacy Core","true","true","true","","","","true","AFRC UP 2024-25 Official Order","None","None","official_verified","unavailable","unavailable"
"C-46059","R.V. INSTITUTE OF TECHNOLOGY, BIJNOR","Legacy Core","true","true","true","","","","true","AFRC UP 2024-25 Official Order","None","None","official_verified","unavailable","unavailable"
"C-48653","SWARAJ INSTITUTE OF MANAGEMENT, SATARA","Legacy Core","true","true","","","","","true","Fee Regulation Slab — Maharashtra (2024-25)","None","None","legacy","unavailable","unavailable"
"C-46066","DR. Z.H. INSTITUTE OF TECHNOLOGY AND MANAGEMENT, FIROZABAD","Legacy Core","true","true","true","","","","true","AFRC UP 2024-25 Official Order","None","None","official_verified","unavailable","unavailable"
"C-48720","SUNITI EDUCATIONAL TRUST","Legacy Core","true","true","","","","","true","Fee Regulation Slab — West Bengal (2024-25)","None","None","legacy","unavailable","unavailable"
"C-48752","ARRDEKTA INSTITUTE OF TECHNOLOGY-696","Legacy Core","true","true","true","","","","true","TNEA 2024 Official Notification","None","None","official_verified","unavailable","legacy"
"C-46071","INDRAPRASTH INSTITUTE OF TECHNOLOGY, J P NAGAR","Legacy Core","true","true","true","","","","true","AFRC UP 2024-25 Official Order","None","None","official_verified","unavailable","unavailable"
"C-46074","SRI SRI INSTITUTE OF TECHNOLOGY AND MANAGEMENT, KASHGANJ, KANSHIRAM NAGAR","Legacy Core","true","true","true","","","","true","AFRC UP 2024-25 Official Order","None","None","official_verified","unavailable","unavailable"
"C-46076","MORADABAD INSTITUTE OF TECHNOLOGY, MORADABAD.","Legacy Core","true","true","true","","","","true","AFRC UP 2024-25 Official Order","None","None","official_verified","unavailable","unavailable"
"C-46080","SHREE SATYA INSTITUTE OF MANAGEMENT, LODHIPUR RAJPUT, PALBARA, MORADABAD","Legacy Core","true","true","","","","","true","Fee Regulation Slab — Uttar Pradesh (2024-25)","None","None","legacy","unavailable","unavailable"
"C-46084","BHAGWANT INSTITUTE OF TECHNOLOGY, MUZAFFAR NAGAR","Legacy Core","true","true","true","","","","true","AFRC UP 2024-25 Official Order","None","None","official_verified","unavailable","unavailable"
"C-48973","GREAT GANGES INSTITUTE OF TECHNOLOGY,GADANKHERA","Legacy Core","true","true","true","","","","true","AFRC UP 2024-25 Official Order","None","None","official_verified","unavailable","unavailable"
"C-46091","APEX INSTITUTE OF TECHNOLOGY, RAMPUR","Legacy Core","true","true","true","","","","true","AFRC UP 2024-25 Official Order","None","None","official_verified","unavailable","unavailable"
"C-46094","MILLENNIUM INSTITUTE OF TECHNOLOGY, , MUZAFFARABAD, SAHARANPUR","Legacy Core","true","true","true","","","","true","AFRC UP 2024-25 Official Order","None","None","official_verified","unavailable","unavailable"
"C-49072","ANTHONIAMMAL COMMUNITY COLLEGE - AACC  (Inst.Code - 517)","Legacy Core","true","true","","","","","true","Fee Regulation Slab — Tamil Nadu (2024-25)","None","None","legacy","unavailable","unavailable"
"C-49122","Sityog Institute of Technology","Legacy Core","true","true","true","","","","true","TNEA 2024 Official Notification","None","None","official_verified","unavailable","unavailable"
"C-49123","Buddha Institute of Technology","Legacy Core","true","true","true","","","","true","TNEA 2024 Official Notification","None","None","official_verified","unavailable","unavailable"
"C-49128","NELLIANDAVAR INSTITUTE OF TECHNOLOGY","Legacy Core","true","true","true","","","","true","TNEA 2024 Official Notification","None","None","official_verified","unavailable","legacy"
"C-49131","Dhaanish Ahmed Institute of Technology","Legacy Core","true","true","true","","","","true","TNEA 2024 Official Notification","None","None","official_verified","unavailable","legacy"
"C-49138","ARIFA INSTITUTE OF TECHNOLOGY","Legacy Core","true","true","true","","","","true","TNEA 2024 Official Notification","None","None","official_verified","unavailable","legacy"
"C-49144","RAMCO INSTITUTE OF TECHNOLOGY","Legacy Core","true","true","true","","","","true","TNEA 2024 Official Notification","None","None","official_verified","unavailable","legacy"
"C-49166","Lok Nayak Jai Prakash Institute of Technology","Legacy Core","true","true","true","","","","true","TNEA 2024 Official Notification","None","None","official_verified","unavailable","unavailable"
"C-49268","KALICHARAN NIGAM INSTITUTE OF TECHNOLOGY,BANDA","Legacy Core","true","true","true","","","","true","AFRC UP 2024-25 Official Order","None","None","official_verified","unavailable","unavailable"
"C-49192","Sai Degree College, Markapur (Trinity)","Legacy Core","true","true","true","","","","true","APSCHE EAPCET 2024 G.O. Ms. No. 17","None","None","official_verified","unavailable","unavailable"
"C-46110","IDEAL INSTITUTE OF TECHNOLOGY, GHAZIABAD","Legacy Core","true","true","true","","","","true","AFRC UP 2024-25 Official Order","NIRF 2024","None","official_verified","legacy","unavailable"
"C-46114","INSTITUTE OF MANAGEMENT EDUCATION, GHAZIABAD","Legacy Core","true","true","true","","","","true","IMT Ghaziabad Fee Structure 2024-26","NIRF 2024","None","official_verified","legacy","unavailable"
"C-46115","INSTITUTE OF TECHNOLOGY AND SCIENCE, MOHAN NAGAR, GHAZIABAD","Legacy Core","true","true","true","","","","true","AFRC UP 2024-25 Official Order","NIRF 2024","None","official_verified","legacy","unavailable"
"C-46116","INSTITUTE OF MANAGEMENT AND RESEARCH, GHAZIABAD","Legacy Core","true","true","true","","","","true","AFRC UP 2024-25 Official Order","None","None","official_verified","unavailable","unavailable"
"C-46119","UNIQUE INSTITUTE OF MANAGEMENT, MODINAGAR, GHAZIABAD.","Legacy Core","true","true","true","","","","true","AFRC UP 2024-25 Official Order","None","None","official_verified","unavailable","unavailable"
"C-46122","ADVANCE INSTITUTE OF MANAGEMENT, GHAZIABAD","Legacy Core","true","true","true","","","","true","IMT Ghaziabad Fee Structure 2024-26","NIRF 2024","None","official_verified","legacy","unavailable"
"C-46123","JAIPURIA INSTITUTE OF MANAGEMENT, GHAZIABAD","Legacy Core","true","true","true","","","","true","IMT Ghaziabad Fee Structure 2024-26","NIRF 2024","None","official_verified","legacy","unavailable"
"C-46128","H.R.INSTITUTE OF TECHNOLOGY, MORTA, GHAZIABAD","Legacy Core","true","true","true","","","","true","AFRC UP 2024-25 Official Order","NIRF 2024","None","official_verified","legacy","unavailable"
"C-46141","ABES INSTITUTE OF TECHNOLOGY, GHAZIABAD","Legacy Core","true","true","true","","","","true","AFRC UP 2024-25 Official Order","NIRF 2024","None","official_verified","legacy","unavailable"
"C-46145","AJAY KUMAR GARG INSTITUTE OF MANAGEMENT, GHAZIABAD.","Legacy Core","true","true","","","","","true","Fee Regulation Slab — Uttar Pradesh (2024-25)","None","None","legacy","unavailable","unavailable"
"C-46146","NITRA TECHNICAL CAMPUS, GHAZIABAD","Legacy Core","true","true","true","","","","true","AFRC UP 2024-25 Official Order","None","None","official_verified","unavailable","unavailable"
"C-46160","MODERN INSTITUTE OF TECHNOLOGY AND MANAGEMENT, GHAZIABAD","Legacy Core","true","true","true","","","","true","AFRC UP 2024-25 Official Order","NIRF 2024","None","official_verified","legacy","unavailable"
"C-46164","BHAGWANT INSTITUTE OF TECHNOLOGY, GRAM - PARSOON, DASNA, GHAZIABAD","Legacy Core","true","true","true","","","","true","AFRC UP 2024-25 Official Order","None","None","official_verified","unavailable","unavailable"
"C-46174","DEWAN INSTITUTE OF MANAGEMENT STUDIES, MEERUT","Legacy Core","true","true","true","","","","true","AFRC UP 2024-25 Official Order","None","None","official_verified","unavailable","unavailable"
"C-46177","FORTE INSTITUTE OF TECHNOLOGY, MEERUT","Legacy Core","true","true","true","","","","true","AFRC UP 2024-25 Official Order","None","None","official_verified","unavailable","unavailable"
"C-46178","B.D.S. INSTITUTE OF MANAGEMENT, MEERUT","Legacy Core","true","true","true","","","","true","AFRC UP 2024-25 Official Order","None","None","official_verified","unavailable","unavailable"
"C-46185","IIMT COLLEGE OF MEDICAL SCIENCES, MEERUT","Legacy Core","true","true","","","","","true","Fee Regulation Slab — Uttar Pradesh (2024-25)","None","None","legacy","unavailable","unavailable"
"C-46192","INSTITUTE OF TECHNOLOGY AND MANAGEMENET, MEERUT-BAGHPAT ROAD, PANCHLI, MEERUT","Legacy Core","true","true","true","","","","true","AFRC UP 2024-25 Official Order","None","None","official_verified","unavailable","unavailable"
"C-46193","VENKATESHWARA INSTITUTE OF TECHNOLOGY, DELHI- RORRKEE BYPASS, JATOLI, MEERUT","Legacy Core","true","true","true","","","","true","AFRC UP 2024-25 Official Order","None","None","official_verified","unavailable","unavailable"
"C-46194","MEERUT INSTITUTE OF TECHNOLOGY, BARAL, PARTAPUR, MEERUT","Legacy Core","true","true","true","","","","true","AFRC UP 2024-25 Official Order","None","None","official_verified","unavailable","unavailable"
"C-46196","ABSS INSTITUTE OF TECHNOLOGY, MAWANA ROAD, MEERUT","Legacy Core","true","true","true","","","","true","AFRC UP 2024-25 Official Order","None","None","official_verified","unavailable","unavailable"
"C-46198","TRANSLAM INSTITUTE OF TECHNOLOGY AND MANAGEMENT, MAWANA ROAD, MEERUT","Legacy Core","true","true","true","","","","true","AFRC UP 2024-25 Official Order","None","None","official_verified","unavailable","unavailable"
"C-46199","GYAN BHARTI INSTITUTE OF TECHNOLOGY, PARTAPUR BYPASS ROAD, MEERUT","Legacy Core","true","true","true","","","","true","AFRC UP 2024-25 Official Order","None","None","official_verified","unavailable","unavailable"
"C-46218","KRISHNA INSTITUTE OF MANAGEMENT, BANA, MAWANA ROAD, MEERUT","Legacy Core","true","true","","","","","true","Fee Regulation Slab — Uttar Pradesh (2024-25)","None","None","legacy","unavailable","unavailable"
"C-46225","MAHAVEER INSTITUTE OF TECHNOLOGY, SARDHANA ROAD, MEERUT","Legacy Core","true","true","true","","","","true","AFRC UP 2024-25 Official Order","None","None","official_verified","unavailable","unavailable"
"C-46239","G. L.BAJAJ INSTITUTE OF TECHNOLOGY AND MANAGEMENT, GREATER NOIDA","Legacy Core","true","true","true","","","","true","AFRC UP 2024-25 Official Order","None","None","official_verified","unavailable","unavailable"
"C-46244","UNITED INSTITUTE OF MANAGEMENT, GREATER NOIDA","Legacy Core","true","true","true","","","","true","AFRC UP 2024-25 Official Order","None","None","official_verified","unavailable","unavailable"
"C-46246","IIMT COLLEGE OF ENGINEERING, GREATER NOIDA","Legacy Core","true","true","true","","","","true","AFRC UP 2024-25 Official Order","None","None","official_verified","unavailable","unavailable"
"C-46256","GREATER NOIDA INSTITUTE OF TECHNOLOGY (MBA INSTITUTE), GREATER NOIDA","Legacy Core","true","true","true","","","","true","AFRC UP 2024-25 Official Order","None","None","official_verified","unavailable","unavailable"
"C-46257","VISHVESWARYA INSTITUTE OF TECHNOLOGY, DADRI,GREATER NOIDA PHASE -II,G B NAGAR","Legacy Core","true","true","true","","","","true","AFRC UP 2024-25 Official Order","None","None","official_verified","unavailable","unavailable"
"C-46263","SARVOTTAM INSTITUTE OF TECHNOLOGY AND MANAGEMENT,G. NOIDA","Legacy Core","true","true","true","","","","true","AFRC UP 2024-25 Official Order","None","None","official_verified","unavailable","unavailable"
"C-46264","KCC INSTITUTE OF MANAGEMENT, GR.NOIDA","Legacy Core","true","true","","","","","true","Fee Regulation Slab — Uttar Pradesh (2024-25)","None","None","legacy","unavailable","unavailable"
"C-46283","HINDUSTAN INSTITUTE OF MANAGEMENT AND COMPUTER STUDIES, FARAH, MATHURA","Legacy Core","true","true","true","","","","true","AFRC UP 2024-25 Official Order","None","None","official_verified","unavailable","unavailable"
"C-46284","SACHDEVA INSTITUTE OF TECHNOLOGY, MATHURA","Legacy Core","true","true","true","","","","true","AFRC UP 2024-25 Official Order","None","None","official_verified","unavailable","unavailable"
"C-46286","ISHWARCHAND VIDYASAGAR INSTITUTE OF TECHNOLOGY, AKBARPUR, MATHURA.","Legacy Core","true","true","true","","","","true","AFRC UP 2024-25 Official Order","None","None","official_verified","unavailable","unavailable"
"C-46292","P.K. INSTITUTE OF TECHNOLOGY AND MANAGEMENT, BIRHANA, MATHURA","Legacy Core","true","true","true","","","","true","AFRC UP 2024-25 Official Order","None","None","official_verified","unavailable","unavailable"
"C-46329","AGNEL INSTITUTE OF TECHNOLOGY AND DESIGN, ASSAGAO, BARDEZ","Legacy Core","true","true","true","","","","true","TNEA 2024 Official Notification","None","None","official_verified","unavailable","unavailable"
"C-46348","INSTITUTE OF TECHNOLOGY MANAGEMENT, ALIGARH","Legacy Core","true","true","true","","","","true","AFRC UP 2024-25 Official Order","NIRF 2024","None","official_verified","legacy","unavailable"
"C-46360","SHRI GOPI CHAND INSTITUTE OF TECHNOLOGY AND MANAGEMENT, BAGHPAT","Legacy Core","true","true","true","","","","true","AFRC UP 2024-25 Official Order","None","None","official_verified","unavailable","unavailable"
"C-46379","MARATHWADA INSTITUTE OF TECHNOLOGY, BULANDSHAHAR","Legacy Core","true","true","true","","","","true","AFRC UP 2024-25 Official Order","None","None","official_verified","unavailable","unavailable"
"C-46385","RAJ KUMAR GOEL INSTITUTE OF TECHNOLOGY, GHAZIABAD","Legacy Core","true","true","true","","","","true","AFRC UP 2024-25 Official Order","None","None","official_verified","unavailable","unavailable"
"C-46386","BABU BANARASI DAS INSTITUTE OF TECHNOLOGY, GHAZIABAD","Legacy Core","true","true","true","","","","true","AFRC UP 2024-25 Official Order","None","None","official_verified","unavailable","unavailable"
"C-46389","D.S. INSTITUTE OF TECHNOLOGY AND MANAGEMENT, GHAZIABAD","Legacy Core","true","true","true","","","","true","AFRC UP 2024-25 Official Order","NIRF 2024","None","official_verified","legacy","unavailable"
"C-46390","MAHARAJA AGRASAIN INSTITUTE OF TECHNOLOGY, GHAZIABAD","Legacy Core","true","true","true","","","","true","AFRC UP 2024-25 Official Order","None","None","official_verified","unavailable","unavailable"
"C-46391","Raj Kumar Goel Institute of Technology &  Management,Ghaziabad","Legacy Core","true","true","true","","","","true","AFRC UP 2024-25 Official Order","NIRF 2024","None","official_verified","legacy","unavailable"
"C-46393","MODINAGAR INSTITUTE OF TECHNOLOGY, GHAZIABAD","Legacy Core","true","true","true","","","","true","AFRC UP 2024-25 Official Order","NIRF 2024","None","official_verified","legacy","unavailable"
"C-46395","ARYAN INSTITUTE OF TECHNOLOGY, GHAZIABAD","Legacy Core","true","true","true","","","","true","AFRC UP 2024-25 Official Order","NIRF 2024","None","official_verified","legacy","unavailable"
"C-46402","KOTHIWAL INSTITUTE OF TECHNOLOGY AND PROFESSIONAL STUDIES, MORADABAD","Legacy Core","true","true","true","","","","true","AFRC UP 2024-25 Official Order","None","None","official_verified","unavailable","unavailable"
"C-46407","INSTITUTE OF MANAGEMENT STUDIES, SAHARANPUR","Legacy Core","true","true","","","","","true","Fee Regulation Slab — Uttar Pradesh (2024-25)","None","None","legacy","unavailable","unavailable"
"C-46413","P.K. INSTITUTE OF TECHNOLOGY AND MANAGEMENT, MATHURA","Legacy Core","true","true","true","","","","true","AFRC UP 2024-25 Official Order","None","None","official_verified","unavailable","unavailable"
"C-46419","NEELKANTH INSTITUTE OF TECHNOLOGY, MEERUT","Legacy Core","true","true","true","","","","true","AFRC UP 2024-25 Official Order","None","None","official_verified","unavailable","unavailable"
"C-46421","SHREE BANKE BIHARI INSTITUTE OF TECHNOLOGY, MEERUT","Legacy Core","true","true","true","","","","true","AFRC UP 2024-25 Official Order","None","None","official_verified","unavailable","unavailable"
"C-46423","SHREE BANKEY BIHARI INSTITUTE OF MANAGEMENT, MEERUT","Legacy Core","true","true","","","","","true","Fee Regulation Slab — Uttar Pradesh (2024-25)","None","None","legacy","unavailable","unavailable"
"C-46542","BORA INSTITUTE OF MANAGEMENT SCIENCES, LUCKNOW","Legacy Core","true","true","","","","","true","Fee Regulation Slab — Uttar Pradesh (2024-25)","None","None","legacy","unavailable","unavailable"
"C-46582","AKSHAYA INSTITUTE OF MANAGEMENT STUDIES, COIMBATORE","Legacy Core","true","true","","","","","true","Fee Regulation Slab — Tamil Nadu (2024-25)","None","None","legacy","unavailable","unavailable"
"C-46613","CHETAN BUSINESS SCHOOL INSTITUTE OF MANAGEMENT AND RESEARCH, HUBLI","Legacy Core","true","true","","","","","true","Fee Regulation Slab — Karnataka (2024-25)","None","None","legacy","unavailable","unavailable"
"C-46641","DNYANVARDHINI SHIKSHAN SANSTHAS GLOBAL INSTITUTE OF MANAGEMENT, AHMEDNAGAR","Legacy Core","true","true","","","","","true","Fee Regulation Slab — Maharashtra (2024-25)","None","None","legacy","unavailable","unavailable"
"C-46661","SHIVDAN SINGH INSTITUTE OF TECHNOLOGY AND MANAGEMENT, ALIGARH","Legacy Core","true","true","true","","","","true","AFRC UP 2024-25 Official Order","None","None","official_verified","unavailable","unavailable"
"C-46672","DEVPRAYAG INSTITUTE OF MANAGEMENT, ALLAHABAD","Legacy Core","true","true","true","","","","true","AFRC UP 2024-25 Official Order","None","None","official_verified","unavailable","unavailable"
"C-46676","INFINITY INSTITUTE OF TECHNOLOGY, ALLAHABAD","Legacy Core","true","true","true","","","","true","AFRC UP 2024-25 Official Order","None","None","official_verified","unavailable","unavailable"
"C-46679","PRAYAG INSTITUTE OF TECHNOLOGY AND MANAGEMENT , ALLAHABAD","Legacy Core","true","true","true","","","","true","AFRC UP 2024-25 Official Order","None","None","official_verified","unavailable","unavailable"
"C-46687","UNITED COLLEGE OF ENGINEERING AND MANAGEMENT, ALLAHABAD","Legacy Core","true","true","true","","","","true","AFRC UP 2024-25 Official Order","None","None","official_verified","unavailable","unavailable"
"C-46688","UNITED INSTITUTE OF PHARMACY, ALLAHABAD","Legacy Core","true","true","true","","","","true","AFRC UP 2024-25 Official Order","None","None","official_verified","unavailable","unavailable"
"C-46689","UNITED INSTITUTE OF TECHNOLOGY, ALLAHABAD","Legacy Core","true","true","true","","","","true","AFRC UP 2024-25 Official Order","None","None","official_verified","unavailable","unavailable"
"C-46706","SAGAR INSTITUTE OF TECHNOLOGY AND MANAGEMENT DEPARTMENT OF PHARMACY, BARABANKI","Legacy Core","true","true","true","","","","true","AFRC UP 2024-25 Official Order","None","None","official_verified","unavailable","unavailable"
"C-46707","SAGAR INSTITUTE OF TECHNOLOGY AND MANAGEMENT, BARABANKI","Legacy Core","true","true","true","","","","true","AFRC UP 2024-25 Official Order","None","None","official_verified","unavailable","unavailable"
"C-46708","SETH VISHAMBHAR NATH INSTITUTE OF MANAGEMENT STUDIES AND RESEARCH, BARABANKI","Legacy Core","true","true","","","","","true","Fee Regulation Slab — Uttar Pradesh (2024-25)","None","None","legacy","unavailable","unavailable"
"C-46722","LOTUS INSTITUTE OF MANAGEMENT , BAREILLY","Legacy Core","true","true","","","","","true","Fee Regulation Slab — Uttar Pradesh (2024-25)","None","None","legacy","unavailable","unavailable"
"C-46724","PREM PRAKASH GUPTA INSTITUTE OF MANAGEMENT, BAREILLY","Legacy Core","true","true","true","","","","true","AFRC UP 2024-25 Official Order","None","None","official_verified","unavailable","unavailable"
"C-46749","INSTITUTE OF MANAGEMENT STUDIES, GHAZIABAD","Legacy Core","true","true","true","","","","true","IMT Ghaziabad Fee Structure 2024-26","NIRF 2024","None","official_verified","legacy","unavailable"
"C-46768","BUDDHA INSTITUTE OF TECHNOLOGY , GORAKHPUR","Legacy Core","true","true","true","","","","true","AFRC UP 2024-25 Official Order","None","None","official_verified","unavailable","unavailable"
"C-46786","IIMT COLLEGE OF PHARMACY, GREATER NOIDA","Legacy Core","true","true","true","","","","true","AFRC UP 2024-25 Official Order","None","None","official_verified","unavailable","unavailable"
"C-46795","UNITED COLLEGE OF ENGG AND RESEARCH , GREATERÂ NOIDA","Legacy Core","true","true","true","","","","true","AFRC UP 2024-25 Official Order","None","None","official_verified","unavailable","unavailable"
"C-46802","KUNWAR HARIBANSH SINGH INSTITUTE OF MANAGEMENT, JAUNPUR","Legacy Core","true","true","","","","","true","Fee Regulation Slab — Uttar Pradesh (2024-25)","None","None","legacy","unavailable","unavailable"
"C-46813","ALLENHOUSE INSTITUTE OF TECHNOLOGY, KANPUR","Legacy Core","true","true","true","","","","true","AFRC UP 2024-25 Official Order","NIRF 2024","None","official_verified","legacy","legacy"
"C-46814","APOLLO INSTITUTE OF TECHNOLOGY, KANPUR","Legacy Core","true","true","true","","","","true","AFRC UP 2024-25 Official Order","NIRF 2024","None","official_verified","legacy","legacy"
"C-46817","AXIS INSTITUTE OF TECHNOLOGY AND MANAGEMENT, KANPUR","Legacy Core","true","true","true","","","","true","AFRC UP 2024-25 Official Order","None","None","official_verified","unavailable","unavailable"
"C-46823","DR AMBEDKAR INSTITUTE OF TECHNOLOGY FOR HANDICAPPED , KANPUR","Legacy Core","true","true","true","","","","true","AFRC UP 2024-25 Official Order","None","None","official_verified","unavailable","unavailable"
"C-46824","DR G P R D PATEL INSTITUTE OF TECHNOLOGY AND MANAGEMENT, KANPUR","Legacy Core","true","true","true","","","","true","AFRC UP 2024-25 Official Order","None","None","official_verified","unavailable","unavailable"
"C-46829","INDUS INSTITUTE OF TECHNOLOGY AND MANAGEMENT, KANPUR","Legacy Core","true","true","true","","","","true","AFRC UP 2024-25 Official Order","None","None","official_verified","unavailable","unavailable"
"C-46830","JAGRAN INSTITUTE OF MANAGEMENT, KANPUR","Legacy Core","true","true","","","","","true","Fee Regulation Slab — Uttar Pradesh (2024-25)","None","None","legacy","unavailable","unavailable"
"C-46831","KANPUR INSTITUTE OF TECHNOLOGY , KANPUR","Legacy Core","true","true","true","","","","true","AFRC UP 2024-25 Official Order","NIRF 2024","None","official_verified","legacy","legacy"
"C-46832","KANPUR INSTITUTE OF TECHNOLOGY AND PHARMACY, KANPUR","Legacy Core","true","true","true","","","","true","AFRC UP 2024-25 Official Order","None","None","official_verified","unavailable","unavailable"
"C-46834","KRISHNA INSTITUTE OF TECHNOLOGY, KANPUR","Legacy Core","true","true","true","","","","true","AFRC UP 2024-25 Official Order","NIRF 2024","None","official_verified","legacy","legacy"
"C-46844","PRANVEER SINGH INSTITUTE OF TECHNOLOGY, KANPUR","Legacy Core","true","true","true","","","","true","AFRC UP 2024-25 Official Order","None","None","official_verified","unavailable","unavailable"
"C-46850","SETH SRI NIVAS AGARWAL INSTITUTE OF MANAGEMENT, KANPUR","Legacy Core","true","true","","","","","true","Fee Regulation Slab — Uttar Pradesh (2024-25)","None","None","legacy","unavailable","unavailable"
"C-46859","GLOBEL INSTITUTE OF MANAGEMENT, KANPUR DEHAT","Legacy Core","true","true","","","","","true","Fee Regulation Slab — Uttar Pradesh (2024-25)","None","None","legacy","unavailable","unavailable"
"C-46875","AMBALIKA INSTITUTE OF MANAGEMENT AND TECHNOLOGY, LUCKNOW","Legacy Core","true","true","true","","","","true","AFRC UP 2024-25 Official Order","None","None","official_verified","unavailable","unavailable"
"C-46884","BABU BANARASI DAS INSTITUTE OF TECHNOLOGY AND MANAGEMENT, LUCKNOW","Legacy Core","true","true","true","","","","true","AFRC UP 2024-25 Official Order","None","None","official_verified","unavailable","unavailable"
"C-46885","BABU BANARASI DAS NORTHERN INDIA INSTITUTE OF TECHNOLOGY, LUCKNOW","Legacy Core","true","true","true","","","","true","AFRC UP 2024-25 Official Order","None","None","official_verified","unavailable","unavailable"
"C-46886","BABU SUNDAR SINGH INSTITUTE OF TECHNOLOGY AND MANAGEMENT, LUCKNOW","Legacy Core","true","true","true","","","","true","AFRC UP 2024-25 Official Order","None","None","official_verified","unavailable","unavailable"
"C-46887","BASUDEV INSTITUTE OF MANAGEMENT AND TECHNOLOGY, LUCKNOW","Legacy Core","true","true","true","","","","true","AFRC UP 2024-25 Official Order","None","None","official_verified","unavailable","unavailable"
"C-46890","CENTRAL INSTITUTE OF MANAGEMENT AND TECHNOLOGY, LUCKNOW","Legacy Core","true","true","true","","","","true","AFRC UP 2024-25 Official Order","None","None","official_verified","unavailable","unavailable"
"C-46904","GOEL INSTITUTE OF TECHNOLOGY AND MANAGEMENT, LUCKNOW","Legacy Core","true","true","true","","","","true","AFRC UP 2024-25 Official Order","None","None","official_verified","unavailable","unavailable"
"C-46907","HEERALAL YADAV INSTITUTE OF TECHNOLOGY AND MANAGEMENT, LUCKNOW","Legacy Core","true","true","true","","","","true","AFRC UP 2024-25 Official Order","None","None","official_verified","unavailable","unavailable"
"C-46913","INSTITUTE OF MANAGEMENT RESEARCH AND TECHNOLOGY, LUCKNOW","Legacy Core","true","true","true","","","","true","AFRC UP 2024-25 Official Order","None","None","official_verified","unavailable","unavailable"
"C-46918","LAL BAHADUR SHASTRI INSTITUTE OF MANAGEMENT AND DEVELOPMENT STUDIES, LUCKNOW","Legacy Core","true","true","true","","","","true","AFRC UP 2024-25 Official Order","None","None","official_verified","unavailable","unavailable"
"C-46919","LUCKNOW INSTITUTE OF TECHNOLOGY, LUCKNOW","Legacy Core","true","true","true","","","","true","AFRC UP 2024-25 Official Order","None","None","official_verified","unavailable","unavailable"
"C-46920","LUCKNOW MODEL INSTITUTE OF MANAGEMENT, LUCKNOW","Legacy Core","true","true","true","","","","true","IIM Lucknow Fee Structure 2024-26","NIRF 2024","None","official_verified","legacy","legacy"
"C-46921","LUCKNOW MODEL INSTITUTE OF TECHNOLOGY AND MANAGEMENT, LUCKNOW","Legacy Core","true","true","true","","","","true","AFRC UP 2024-25 Official Order","None","None","official_verified","unavailable","unavailable"
"C-46922","M G INSTITUTE OF MANAGEMENT AND TECHNOLOGY, LUCKNOW","Legacy Core","true","true","true","","","","true","AFRC UP 2024-25 Official Order","None","None","official_verified","unavailable","unavailable"
"C-46925","MAHARANA INSTITUTE OF TECHNOLOGY AND SCIENCE, LUCKNOW","Legacy Core","true","true","true","","","","true","AFRC UP 2024-25 Official Order","NIRF 2024","None","official_verified","legacy","unavailable"
"C-46929","NOBLE INSTITUTE OF MANAGEMENT AND TECHNOLOGY, LUCKNOW","Legacy Core","true","true","true","","","","true","AFRC UP 2024-25 Official Order","None","None","official_verified","unavailable","unavailable"
"C-46932","RAMESHWARAM INSTITUTE OF TECHNOLOGY AND MANAGEMENT, LUCKNOW","Legacy Core","true","true","true","","","","true","AFRC UP 2024-25 Official Order","None","None","official_verified","unavailable","unavailable"
"C-46935","S R INSTITUTE OF MANAGEMENT AND TECHNOLOGY, LUCKNOW","Legacy Core","true","true","true","","","","true","AFRC UP 2024-25 Official Order","None","None","official_verified","unavailable","unavailable"
"C-46936","S S INSTITUTE OF MANAGEMENT, LUCKNOW","Legacy Core","true","true","true","","","","true","IIM Lucknow Fee Structure 2024-26","NIRF 2024","None","official_verified","legacy","legacy"
"C-46939","SAROJ INSTITUTE OF TECHNOLOGY AND MANAGEMENT, LUCKNOW","Legacy Core","true","true","true","","","","true","AFRC UP 2024-25 Official Order","None","None","official_verified","unavailable","unavailable"
"C-46964","BHARAT INSTITUTE OF TECHNOLOGY SCHOOL OF ENGINEERING, MEERUT","Legacy Core","true","true","true","","","","true","AFRC UP 2024-25 Official Order","None","None","official_verified","unavailable","unavailable"
"C-46965","BHARAT INSTITUTE OF TECHNOLOGY SCHOOL OF MANAGEMENT, MEERUT","Legacy Core","true","true","true","","","","true","AFRC UP 2024-25 Official Order","None","None","official_verified","unavailable","unavailable"
"C-46978","SHRIRAM INSTITUTE OF TECHNOLOGY, MEERUT","Legacy Core","true","true","true","","","","true","AFRC UP 2024-25 Official Order","None","None","official_verified","unavailable","unavailable"
"C-46999","MAHAVEER INSTITUTE OF TECHNOLOGY AND MANAGEMENT, RAIBAREILLY","Legacy Core","true","true","true","","","","true","AFRC UP 2024-25 Official Order","None","None","official_verified","unavailable","unavailable"
"C-47","SWARRNIM INSTITUTE OF TECHNOLOGY","Legacy Core","true","true","true","","","","true","TNEA 2024 Official Notification","None","None","official_verified","unavailable","legacy"
"C-47001","BHABHA INSTITUTE OF TECHNOLOGY, RAMABAI NAGAR","Legacy Core","true","true","true","","","","true","AFRC UP 2024-25 Official Order","None","None","official_verified","unavailable","unavailable"
"C-47019","KAMLA NEHRU INSTITUTE OF TECHNOLOGY, SULTANPUR","Legacy Core","true","true","true","","","","true","AFRC UP 2024-25 Official Order","None","None","official_verified","unavailable","unavailable"
"C-47024","KANPUR INSTITUTE OF MANAGEMENT STUDIES, UNNAO","Legacy Core","true","true","","","","","true","Fee Regulation Slab — Uttar Pradesh (2024-25)","None","None","legacy","unavailable","unavailable"
"C-47030","ASHOKA INSTITUTE OF TECHNOLOGY AND MANAGEMENT , VARANASI","Legacy Core","true","true","true","","","","true","AFRC UP 2024-25 Official Order","None","None","official_verified","unavailable","unavailable"
"C-47036","KASHI INSTITUTE OF TECHNOLOGY, VARANASI","Legacy Core","true","true","true","","","","true","AFRC UP 2024-25 Official Order","None","None","official_verified","unavailable","unavailable"
"C-45897","SINHGAD TECHNICAL EDUCATION SOCIETYS SKN SINHGAD INSTITUTE OF TECHNOLOGY AND SCIENCE, PUNE","Legacy Core","true","true","true","","","","true","MahaFRA Official Online Portal","NIRF 2024","None","official_verified","legacy","unavailable"
"C-47136","SYMBIOSIS INSTITUTEITUTE OF NURSING, JAIPUR","Legacy Core","true","true","","","","","true","Fee Regulation Slab — Rajasthan (2024-25)","None","None","legacy","unavailable","unavailable"
"C-50562","UNITED WORLD SCHOOL OF LAW","Legacy Core","true","true","","","","","true","Fee Regulation Slab — Gujarat (2024-25)","None","None","legacy","unavailable","unavailable"
"C-50605","PSG INSTITUTE OF TECHNOLOGY AND APPLIED RESEARCH","Legacy Core","true","true","true","","","","true","TNEA 2024 Official Notification","None","None","official_verified","unavailable","legacy"
"C-50661","S A V ACHARYA INSTITUTE OF MANAGEMENT STUDIES","Legacy Core","true","true","","","","","true","Fee Regulation Slab — Maharashtra (2024-25)","None","None","legacy","unavailable","unavailable"
"C-50676","SWOSTI INSTITUTE OF MANAGEMENT AND SOCIAL STUDIES","Legacy Core","true","true","","","","","true","Fee Regulation Slab — Odisha (2024-25)","None","None","legacy","unavailable","unavailable"
"C-50743","INSTITUTE OF TECHNOLOGY, GOPESHWAR","Legacy Core","true","true","true","","","","true","TNEA 2024 Official Notification","None","None","official_verified","unavailable","unavailable"
"C-49269","GOKARAN NARVADESHWAR INSTITUTE OF TECHNOLOGY & MANAGEMENT,BARABANKI","Legacy Core","true","true","true","","","","true","AFRC UP 2024-25 Official Order","None","None","official_verified","unavailable","unavailable"
"C-50830","Shri Rawatpura Sarkar Institute of Technology and Science","Legacy Core","true","true","true","","","","true","AFRC MP 2024-25 Order No. 147","NIRF 2024","None","official_verified","legacy","unavailable"
"C-50903","NORTH EASTERN REGIONAL INSTITUTE OF MANAGEMENT(NERIM)","Legacy Core","true","true","","","","","true","Fee Regulation Slab — Assam (2024-25)","None","None","legacy","unavailable","unavailable"
"C-50909","Zeal Education Societys Zeal Institute of Management and Computer Application, Narhe","Legacy Core","true","true","true","","","","true","AFRC UP 2024-25 Official Order","None","None","official_verified","unavailable","unavailable"
"C-50925","JEPPIAAR INSTITUTE OF TECHNOLOGY","Legacy Core","true","true","true","","","","true","TNEA 2024 Official Notification","None","None","official_verified","unavailable","legacy"
"C-50926","Centurion Institute of Technology","Legacy Core","true","true","true","","","","true","TNEA 2024 Official Notification","None","None","official_verified","unavailable","unavailable"
"C-50932","Maryland Institute of Technology and Management","Legacy Core","true","true","true","","","","true","MahaFRA Official Online Portal","None","None","official_verified","unavailable","unavailable"
"C-50938","TRINITY COLLEGE OF ENGINEERING","Legacy Core","true","true","true","","","","true","TNEA 2024 Official Notification","None","None","official_verified","unavailable","unavailable"
"C-50957","Sir M Visvesvaraya Institute of Management Studies and Research","Legacy Core","true","true","","","","","true","Fee Regulation Slab — Maharashtra (2024-25)","None","None","legacy","unavailable","unavailable"
"C-51039","Jain Acharya Gundharnandi Maharaj Institute of Technology, Jamkhandi","Legacy Core","true","true","true","","","","true","KEA UGCET 2024 Notification","None","None","official_verified","unavailable","legacy"
"C-51271","CAUVERY INSTITUTE OF TECHNOLOGY, Mandya","Legacy Core","true","true","true","","","","true","KEA UGCET 2024 Notification","None","None","official_verified","unavailable","legacy"
"C-51275","ADESH INSTITUTE OF TECHNOLOGY","Legacy Core","true","true","true","","","","true","TNEA 2024 Official Notification","None","None","official_verified","unavailable","unavailable"
"C-51337","Unity Law College","Legacy Core","true","true","","","","","true","Fee Regulation Slab — Uttarakhand (2024-25)","None","None","legacy","unavailable","unavailable"
"C-51345","ST ANDREWS INSTITUTE OF TECHNOLOGY AND MANAGEMENT","Legacy Core","true","true","true","","","","true","TNEA 2024 Official Notification","None","None","official_verified","unavailable","unavailable"
"C-51351","N.L DALMIA INSTITUTE OF MANAGEMENT STUDIES AND RESEARCH","Legacy Core","true","","","","","","true","Fee Regulation Slab — Maharashtra (2024-25)","None","None","legacy","unavailable","unavailable"
"C-51378","Kashi Anathalaya Associations Vanita Polytechnic","Legacy Core","true","true","true","","","","true","AFRC UP 2024-25 Official Order","None","None","official_verified","unavailable","unavailable"
"C-51401","ORIENTAL INSTITUTE OF MANAGEMENT","Legacy Core","true","true","","","","","true","Fee Regulation Slab — Maharashtra (2024-25)","None","None","legacy","unavailable","unavailable"
"C-51417","FR.C.RODRIGUES INSTITUTE OF MANAGEMENT STUDIES","Legacy Core","true","true","","","","","true","Fee Regulation Slab — Maharashtra (2024-25)","None","None","legacy","unavailable","unavailable"
"C-51459","UNITY DEGREE COLLEGE, RAMPUR","Legacy Core","true","true","true","","","","true","AFRC UP 2024-25 Official Order","None","None","official_verified","unavailable","unavailable"
"C-51474","Bal Krishna Institute Of Technology","Legacy Core","true","true","true","","","","true","TNEA 2024 Official Notification","None","None","official_verified","unavailable","unavailable"
"C-51485","Trinity Academy of Engineering","Legacy Core","true","true","true","","","","true","MahaFRA Official Online Portal","None","None","official_verified","unavailable","unavailable"
"C-49277","SIR MADAN LAL INSTITUTE OF MANAGEMENT,,ETAWAH","Legacy Core","true","true","","","","","true","Fee Regulation Slab — Uttar Pradesh (2024-25)","None","None","legacy","unavailable","unavailable"
"C-51523","Gyanmanjari Institute of Technology","Legacy Core","true","true","true","","","","true","TNEA 2024 Official Notification","None","None","official_verified","unavailable","legacy"
"C-51524","VEDICA INSTITUTE OF TECHNOLOGY","Legacy Core","true","true","true","","","","true","AFRC MP 2024-25 Order No. 147","None","None","official_verified","unavailable","unavailable"
"C-51533","Muthoot Institute of Technology and Science,Varikoli P.O., Putencruz- 682308, Ernakulam","Legacy Core","true","true","true","","","","true","TNEA 2024 Official Notification","NIRF 2024","None","official_verified","legacy","unavailable"
"C-51535","ANJUMAN INSTITUTE OF TECHNOLOGY AND MANAGEMENT","Legacy Core","true","true","true","","","","true","KEA UGCET 2024 Notification","None","None","official_verified","unavailable","legacy"
"C-51551","ECR Institute of Management Studies, Kota ,Udupi","Legacy Core","true","true","","","","","true","Fee Regulation Slab — Karnataka (2024-25)","None","None","legacy","unavailable","unavailable"
"C-51603","BHOPAL INSTITUTE OF TECHNOLOGY AND SCIENCE","Legacy Core","true","true","true","","","","true","AFRC MP 2024-25 Order No. 147","NIRF 2024","None","official_verified","legacy","unavailable"
"C-51609","BHOPAL INSTITUTE OF TECHNOLOGY, BHOPAL","Legacy Core","true","true","true","","","","true","AFRC MP 2024-25 Order No. 147","NIRF 2024","None","official_verified","legacy","unavailable"
"C-51611","PUNJAB INSTITUTE OF TECHNOLOGY, NANDGARH","Legacy Core","true","true","true","","","","true","TNEA 2024 Official Notification","None","None","official_verified","unavailable","unavailable"
"C-51630","SREE NARAYANA INSTITUTE OF TECHNOLOGY ,THEPPUPARA,ADOOR","Legacy Core","true","true","true","","","","true","TNEA 2024 Official Notification","None","None","official_verified","unavailable","unavailable"
"C-51638","INNOVA INSTITUTE OF MANAGEMENT AND SCIENCE","Legacy Core","true","true","true","","","","true","AFRC MP 2024-25 Order No. 147","None","None","official_verified","unavailable","unavailable"
"C-49517","Institute of Management and Planing and Advance Computer Training","Legacy Core","true","true","","","","","true","Fee Regulation Slab — Bihar (2024-25)","None","None","legacy","unavailable","unavailable"
"C-51666","Ramgarhia Institute of Management and Advance Studies","Legacy Core","true","true","","","","","true","Fee Regulation Slab — Punjab (2024-25)","None","None","legacy","unavailable","unavailable"
"C-51716","SATYA INSTITUTE OF TECHNOLOGY AND MANAGEMENT","Legacy Core","true","true","true","","","","true","APSCHE EAPCET 2024 G.O. Ms. No. 17","None","None","official_verified","unavailable","unavailable"
"C-51717","SYMBIOSIS Law School, Hyderabad","Legacy Core","true","true","","","","","true","Fee Regulation Slab — Telangana (2024-25)","None","None","legacy","unavailable","unavailable"
"C-51719","SYMBIOSIS Institute of Business Management, Hyderabad","Legacy Core","true","true","true","","","","true","SIBM Fee Structure 2024-26","NIRF 2024","None","official_verified","legacy","unavailable"
"C-51755","VINITA DEVI MAHILA MAHAVIDYALAYA, VAISHAPUR","Legacy Core","true","true","true","","","","true","AFRC UP 2024-25 Official Order","None","None","official_verified","unavailable","unavailable"
"C-49529","250114-SHRI JAYKUMAR RAWAL INSTITUTE OF TECHNOLOGY, DONDAICHA, DHULE","Legacy Core","true","true","true","","","","true","TNEA 2024 Official Notification","None","None","official_verified","unavailable","unavailable"
"C-51775","UNIVERSITY INSTITUTE OF TECHNOLOGY, THENMALA","Legacy Core","true","true","true","","","","true","TNEA 2024 Official Notification","None","None","official_verified","unavailable","unavailable"
"C-51979","UNIVERSITY INSTITUTE OF TECHNOLOGY, KOTTRARAKARA","Legacy Core","true","true","true","","","","true","TNEA 2024 Official Notification","None","None","official_verified","unavailable","unavailable"
"C-51989","UNIVERSITY INSTITUTE OF TECHNOLOGY, KARUVATTA","Legacy Core","true","true","true","","","","true","TNEA 2024 Official Notification","None","None","official_verified","unavailable","unavailable"
"C-51990","UNIVERSITY INSTITUTE OF TECHNOLOGY, ADOOR","Legacy Core","true","true","true","","","","true","TNEA 2024 Official Notification","None","None","official_verified","unavailable","unavailable"
"C-51991","UNIVERSITY INSTITUTE OF TECHNOLOGY, MANNADY","Legacy Core","true","true","true","","","","true","TNEA 2024 Official Notification","None","None","official_verified","unavailable","unavailable"
"C-52002","UNIVERSITY INSTITUTE OF TECHNOLOGY, UNIVERSITY OF KERALA, NEYYATTINKARA REGIONAL CENTRE","Legacy Core","true","true","true","","","","true","TNEA 2024 Official Notification","None","None","official_verified","unavailable","unavailable"
"C-52031","CHAVARA INSTITUTE OF MANAGEMENT STUDIES","Legacy Core","true","","","","","","true","Fee Regulation Slab — Kerala (2024-25)","None","None","legacy","unavailable","unavailable"
"C-52051","Mahaveer Institute of Technology and Science, Jadan","Legacy Core","true","true","true","","","","true","TNEA 2024 Official Notification","NIRF 2024","None","official_verified","legacy","unavailable"
"C-52061","CT INSTITUTE OF TECHNOLOGY AND RESEARCH","Legacy Core","true","true","true","","","","true","TNEA 2024 Official Notification","None","None","official_verified","unavailable","unavailable"
"C-49556","Moti Babu Institute of Technology","Legacy Core","true","true","true","","","","true","TNEA 2024 Official Notification","None","None","official_verified","unavailable","unavailable"
"C-49557","Adwaita Mission Institute of Technology","Legacy Core","true","true","true","","","","true","TNEA 2024 Official Notification","None","None","official_verified","unavailable","unavailable"
"C-52123","UNIVERSITY INSTITUTE OF TECHNOLOGY REGIONAL CENTRE PIRAPPANCODE","Legacy Core","true","true","true","","","","true","TNEA 2024 Official Notification","None","None","official_verified","unavailable","unavailable"
"C-52125","DEV BHOOMI INSTITUTE OF MANAGEMENT STUDIES","Legacy Core","true","true","","","","","true","Fee Regulation Slab — Uttarakhand (2024-25)","None","None","legacy","unavailable","unavailable"
"C-49561","Azmet Institute of Technology","Legacy Core","true","true","true","","","","true","TNEA 2024 Official Notification","None","None","official_verified","unavailable","unavailable"
"C-52258","UNIVERSITY INSTITUTE OF TECHNOLOGY, VELLARADA CENTRE","Legacy Core","true","true","true","","","","true","TNEA 2024 Official Notification","None","None","official_verified","unavailable","unavailable"
"C-52267","ANNIE INSTITUTE OF TECHNOLOGY AND RESEARCH CENTRE","Legacy Core","true","true","true","","","","true","AFRC MP 2024-25 Order No. 147","None","None","official_verified","unavailable","unavailable"
"C-49585","ADITYA INSTITUTE OF MANAGEMENT STUDIES AND RESEARCH","Legacy Core","true","true","","","","","true","Fee Regulation Slab — Maharashtra (2024-25)","None","None","legacy","unavailable","unavailable"
"C-52372","SHALOM INSTITUTE OF MANAGEMENT STUDIES","Legacy Core","true","true","","","","","true","Fee Regulation Slab — Odisha (2024-25)","None","None","legacy","unavailable","unavailable"
"C-52465","TRINITY INSTITUTE OF PROFESSIONAL STUDIES","Legacy Core","true","true","true","","","","true","AFRC UP 2024-25 Official Order","None","None","official_verified","unavailable","unavailable"
"C-49296","VIVEKANAND INSTITUTE OF TECHNOLOGY & SCIENCE, HAPUR","Legacy Core","true","true","true","","","","true","AFRC UP 2024-25 Official Order","None","None","official_verified","unavailable","unavailable"
"C-49603","SHIVAM INSTITUTE OF MANAGEMENT, VALASAN-829","Legacy Core","true","true","","","","","true","Fee Regulation Slab — Gujarat (2024-25)","None","None","legacy","unavailable","unavailable"
"C-49297","INSTITUTE OF TECHNOLOGY & MANAGEMENT,GORAKHPUR","Legacy Core","true","true","true","","","","true","AFRC UP 2024-25 Official Order","NIRF 2024","None","official_verified","legacy","unavailable"
"C-49622","NEOTECH INSTITUTE OF TECHNOLOGY-117","Legacy Core","true","true","true","","","","true","TNEA 2024 Official Notification","None","None","official_verified","unavailable","legacy"
"C-49624","SARDAR VALLABHBHAI PATEL INSTITUTE OF TECHNOLOGY-530","Legacy Core","true","true","true","","","","true","TNEA 2024 Official Notification","None","None","official_verified","unavailable","legacy"
"C-49656","SAS INSTITUTE OF MANAGEMENT STUDIES","Legacy Core","true","true","","","","","true","Fee Regulation Slab — Maharashtra (2024-25)","None","None","legacy","unavailable","unavailable"
"C-49677","D L PATEL INSTITUTE OF MANAGEMENT BBA COLLEGE, HIMATNAGAR","Legacy Core","true","true","","","","","true","Fee Regulation Slab — Gujarat (2024-25)","None","None","legacy","unavailable","unavailable"
"C-49680","B315 M J P ARTS DEGREE COLLEGE NITTUR, BHALKI","Legacy Core","true","","","","","","true","Fee Regulation Slab — Karnataka (2024-25)","None","None","legacy","unavailable","unavailable"
"C-49303","VISION INSTITUTE OF TECHNOLOGY,KANPUR","Legacy Core","true","true","true","","","","true","AFRC UP 2024-25 Official Order","NIRF 2024","None","official_verified","legacy","unavailable"
"C-49704","Future Institute of Technology 342","Legacy Core","true","true","true","","","","true","TNEA 2024 Official Notification","None","None","official_verified","unavailable","unavailable"
"C-49313","INSTITUTE OF TECHNOLOGY & MANAGEMENT,LUCKNOW","Legacy Core","true","true","true","","","","true","AFRC UP 2024-25 Official Order","NIRF 2024","None","official_verified","legacy","unavailable"
"C-49320","SHANTI INSTITUTE OF TECHNOLOGY,MEERUT","Legacy Core","true","true","true","","","","true","AFRC UP 2024-25 Official Order","None","None","official_verified","unavailable","unavailable"
"C-49793","SHANTI NIKETAN INSTITUTE OF TECHNOLOGY, RAHU NANGLI, CHANDPUR (BIJNOR)","Legacy Core","true","true","true","","","","true","AFRC UP 2024-25 Official Order","None","None","official_verified","unavailable","unavailable"
"C-49974","NAYAK NITYANAND SAI GOVERNMENT COLLEGE, AARA","Legacy Core","true","true","","","","","true","Fee Regulation Slab — Chhattisgarh (2024-25)","None","None","legacy","unavailable","unavailable"
"C-49996","SHRI GURUDEO ADIVASI SHIKSHAN PRASARAK MANDAL'S KIRSAN'S MISSION INSTITUTE OF MANAGEMENT","Legacy Core","true","true","","","","","true","Fee Regulation Slab — Maharashtra (2024-25)","None","None","legacy","unavailable","unavailable"
"C-49999","SAHYADRI SHIKSHAN SANSTHAS SAHYADRI INSTITUTE OF MANAGEMENT AND RESEARCH, SAWARDE, CHIPLUN","Legacy Core","true","true","","","","","true","Fee Regulation Slab — Maharashtra (2024-25)","None","None","legacy","unavailable","unavailable"
"C-50016","GOOD SHEPHERD INSTITUTE OF MANAGEMENT STUDIES, RAJARAJESHWARI NAGAR","Legacy Core","true","true","","","","","true","Fee Regulation Slab — Karnataka (2024-25)","None","None","legacy","unavailable","unavailable"
"C-50028","Cambridge Institute of Technology North Campus, BANGALORE","Legacy Core","true","true","true","","","","true","KEA UGCET 2024 Notification","None","None","official_verified","unavailable","legacy"
"C-50030","BILURU GURUBASAVA MAHASWAMIJI INSTITUTE OF TECHNOLOGY, MUDHOL","Legacy Core","true","true","true","","","","true","KEA UGCET 2024 Notification","None","None","official_verified","unavailable","legacy"
"C-50066","SUNITA SINGH SITA SINGH MAHILA MAHAVIDYALAYA","Legacy Core","true","","true","","","","true","AFRC UP 2024-25 Official Order","None","None","official_verified","unavailable","unavailable"
"C-50078","SUMANRANI INSTITUTE OF TECHNOLOGY","Legacy Core","true","true","true","","","","true","AFRC UP 2024-25 Official Order","None","None","official_verified","unavailable","unavailable"
"C-50209","SHREE SWAMINARAYAN INSTITUTE OF TECHNOLOGY","Legacy Core","true","true","true","","","","true","TNEA 2024 Official Notification","None","None","official_verified","unavailable","legacy"
"C-50221","TRINITY COLLEGE OF HOTEL MANAGEMENT, TARNAKA","Legacy Core","true","true","true","","","","true","TSCHE TAFRC 2024-25 Notification","None","None","official_verified","unavailable","unavailable"
"C-49390","PATEL INSTITUTE OF MANAGEMENT & TECHONOLOGY, RAJPURA","Legacy Core","true","true","","","","","true","Fee Regulation Slab — Punjab (2024-25)","None","None","legacy","unavailable","unavailable"
"C-50442","ST. JOSEPH'S INSTITUTE OF TECHNOLOGY","Legacy Core","true","true","true","","","","true","TNEA 2024 Official Notification","None","None","official_verified","unavailable","legacy"
"C-50444","VIVEKANANDA INSTITUTE OF MANAGEMENT, RAJAJINAGAR","Legacy Core","true","true","","","","","true","Fee Regulation Slab — Karnataka (2024-25)","None","None","legacy","unavailable","unavailable"
"C-50447","NEST INSTITUTE OF HUMANITIES AND BASIC SCIENCES","Legacy Core","true","true","","","","","true","Fee Regulation Slab — Kerala (2024-25)","None","None","legacy","unavailable","unavailable"
"C-50450","A P SHAH INSTITUTE OF TECHNOLOGY, KASARVADAVALI","Legacy Core","true","true","true","","","","true","TNEA 2024 Official Notification","None","None","official_verified","unavailable","unavailable"
"C-50451","SAKSHI INSTITUTE OF TECHNOLOGY AND MANAGEMENT, MYANA","Legacy Core","true","true","true","","","","true","AFRC MP 2024-25 Order No. 147","None","None","official_verified","unavailable","unavailable"
"C-50515","ADITYA SILVER OAK INSTITUTE OF TECHNOLOGY","Legacy Core","true","true","true","","","","true","TNEA 2024 Official Notification","None","None","official_verified","unavailable","legacy"
"C-50517","ASIAN INSTITUTE OF TECHNOLOGY, VADALI (969)","Legacy Core","true","true","true","","","","true","TNEA 2024 Official Notification","None","None","official_verified","unavailable","legacy"
"C-50519","Ganpat University Institute of Technology","Legacy Core","true","true","true","","","","true","TNEA 2024 Official Notification","None","None","official_verified","unavailable","legacy"
"C-53804","RESONANCE INSTITUTE OF TECHNOLOGY","Legacy Core","true","true","true","","","","true","AFRC MP 2024-25 Order No. 147","None","None","official_verified","unavailable","unavailable"
"C-53835","Punjab Institute of Technology Guru Teg Bahadurgarh","Legacy Core","true","true","true","","","","true","TNEA 2024 Official Notification","None","None","official_verified","unavailable","unavailable"
"C-53851","SDP INSTITUTE OF TECHNOLOGY AND COMPUTER BHOPAL","Legacy Core","true","true","true","","","","true","AFRC MP 2024-25 Order No. 147","None","None","official_verified","unavailable","unavailable"
"C-53932","shiv computer institute of technology","Legacy Core","true","","true","","","","true","AFRC MP 2024-25 Order No. 147","None","None","official_verified","unavailable","unavailable"
"C-52643","Trinity College, Dalot","Legacy Core","true","true","","","","","true","Fee Regulation Slab — Rajasthan (2024-25)","None","None","legacy","unavailable","unavailable"
"C-54067","TATA INSTITUTE OF TECHNOLOGY AND SCIENCE ANUPPUR MP","Legacy Core","true","true","true","","","","true","AFRC MP 2024-25 Order No. 147","NIRF 2024","None","official_verified","legacy","unavailable"
"C-54071","GLOBAL INSTITUTE OF TECHNOLOGY","Legacy Core","true","true","true","","","","true","AFRC MP 2024-25 Order No. 147","None","None","official_verified","unavailable","unavailable"
"C-54173","LTR INSTITUTE OF MANAGEMENT","Legacy Core","true","true","","","","","true","Fee Regulation Slab — Uttar Pradesh (2024-25)","None","None","legacy","unavailable","unavailable"
"C-54174","KAMAL INSTITUTE OF TECHNOLOGY KANPUR DEHAT","Legacy Core","true","true","true","","","","true","AFRC UP 2024-25 Official Order","None","None","official_verified","unavailable","unavailable"
"C-54199","Christian Institute of Management","Legacy Core","true","true","true","","","","true","AFRC UP 2024-25 Official Order","None","None","official_verified","unavailable","unavailable"
"C-54247","UNIVERSITY INSTITUTE OF TECHNOLOGY, PATHANAPURAM","Legacy Core","true","true","true","","","","true","TNEA 2024 Official Notification","None","None","official_verified","unavailable","unavailable"
"C-54257","Punjab Institute of Technology","Legacy Core","true","true","true","","","","true","TNEA 2024 Official Notification","None","None","official_verified","unavailable","unavailable"
"C-54379","TRINITY COLLEGE OF EDUCATION","Legacy Core","true","true","true","","","","true","APSCHE EAPCET 2024 G.O. Ms. No. 17","None","None","official_verified","unavailable","unavailable"
"C-54393","MAA BHAGWATA KUNWAR INSTITUTE OF MANAGEMENT","Legacy Core","true","true","","","","","true","Fee Regulation Slab — Uttar Pradesh (2024-25)","None","None","legacy","unavailable","unavailable"
"C-54397","UNIVERSITY INSTITUTE OF TECHNOLOGY, ALAPPUZHA","Legacy Core","true","true","true","","","","true","TNEA 2024 Official Notification","None","None","official_verified","unavailable","unavailable"
"C-54399","Anand Institute Of Management (MBA)","Legacy Core","true","true","","","","","true","Fee Regulation Slab — Madhya Pradesh (2024-25)","None","None","legacy","unavailable","unavailable"
"C-54429","surya kiran Institute of Technology","Legacy Core","true","true","true","","","","true","AFRC UP 2024-25 Official Order","None","None","official_verified","unavailable","unavailable"
"C-54433","L T R institute of technology kurali meerut","Legacy Core","true","true","true","","","","true","AFRC UP 2024-25 Official Order","None","None","official_verified","unavailable","unavailable"
"C-54479","Marwadi Sammelan, Sitaram Deora Institute of Management Studies","Legacy Core","true","true","","","","","true","Fee Regulation Slab — Maharashtra (2024-25)","None","None","legacy","unavailable","unavailable"
"C-54503","SATYAM INSTITUTE OF MANAGEMENT","Legacy Core","true","true","","","","","true","Fee Regulation Slab — Punjab (2024-25)","None","None","legacy","unavailable","unavailable"
"C-54540","MONTI INTERNATIONAL INSTITUTE OF MANAGEMENT STUDIES, PUTHANANGADI","Legacy Core","true","true","","","","","true","Fee Regulation Slab — Kerala (2024-25)","None","None","legacy","unavailable","unavailable"
"C-54555","UNIVERSITY INSTITUTE OF TECHNOLOGY, KURAVANKONAM, THIRUVANANTHAPURAM","Legacy Core","true","true","true","","","","true","TNEA 2024 Official Notification","None","None","official_verified","unavailable","unavailable"
"C-54570","A F C I INSTITUTE OF MANAGEMENT COLLEGE","Legacy Core","true","","true","","","","true","AFRC MP 2024-25 Order No. 147","None","None","official_verified","unavailable","unavailable"
"C-54624","NETES INSTITUTE OF TECHNOLOGY AND SCIENCE","Legacy Core","true","true","true","","","","true","TNEA 2024 Official Notification","NIRF 2024","None","official_verified","legacy","unavailable"
"C-54636","KCC INSTITUTE OF TECHNOLOGY AND MANAGEMENT","Legacy Core","true","true","true","","","","true","AFRC UP 2024-25 Official Order","None","None","official_verified","unavailable","unavailable"
"C-54675","MOTHERHOOD INSTITUTE OF TECHNOLOGY, NANU SARDHANA","Legacy Core","true","true","true","","","","true","AFRC UP 2024-25 Official Order","None","None","official_verified","unavailable","unavailable"
"C-54695","HASDEO INSTITUTE OF TECHNOLOGY","Legacy Core","true","true","true","","","","true","AFRC MP 2024-25 Order No. 147","None","None","official_verified","unavailable","unavailable"
"C-54697","MAHATMA GANDHI INSTITUTE OF TECHNOLOGY","Legacy Core","true","true","true","","","","true","AFRC MP 2024-25 Order No. 147","None","None","official_verified","unavailable","unavailable"
"C-54709","ELIGMA INSTITUTE OF MANAGEMENT OF SCIENCE","Legacy Core","true","true","","","","","true","Fee Regulation Slab — Madhya Pradesh (2024-25)","None","None","legacy","unavailable","unavailable"
"C-54751","SWAMI VIVEKANAND INSTITUTE OF TECHNOLOGY MANASA","Legacy Core","true","true","true","","","","true","AFRC MP 2024-25 Order No. 147","None","None","official_verified","unavailable","unavailable"
"C-54878","SANITY INSTITUTE OF MANAGEMENT AND STUDIES, RAMPUR","Legacy Core","true","true","true","","","","true","AFRC UP 2024-25 Official Order","None","None","official_verified","unavailable","unavailable"
"C-52731","Dr. Ram Manohar Lohia Institute of Medical Sciences","AIIMS","true","true","","","","","","Fee Regulation Slab — Uttar Pradesh (2024-25)","None","None","legacy","unavailable","unavailable"
"C-54977","APEX INSTITUTE OF MANAGEMENT STUDIES","Legacy Core","true","true","","","","","true","Fee Regulation Slab — Madhya Pradesh (2024-25)","None","None","legacy","unavailable","unavailable"
"C-54978","Trinity College Of Education","Legacy Core","true","true","true","","","","true","TSCHE TAFRC 2024-25 Notification","None","None","official_verified","unavailable","unavailable"
"C-55139","INSTITUTE FOR COMMUNICATIVE AND COGNITIVE NEUROSCIENCES (ICCONS)","Legacy Core","true","true","","","","","true","Fee Regulation Slab — Kerala (2024-25)","None","None","legacy","unavailable","unavailable"
"C-55188","UNIVERSAL INSTITUTE OF TECHNOLOGY BALAGHAT","Legacy Core","true","true","true","","","","true","AFRC MP 2024-25 Order No. 147","None","None","official_verified","unavailable","unavailable"
"C-55324","TRIVENI INSTITUTE OF MANAGEMENT, DAULA","Legacy Core","true","true","","","","","true","Fee Regulation Slab — Uttar Pradesh (2024-25)","None","None","legacy","unavailable","unavailable"
"C-55358","SIIT CHANDERI","Legacy Core","true","true","true","","","","true","AFRC MP 2024-25 Order No. 147","None","None","official_verified","unavailable","unavailable"
"C-55387","Dignity college keolari kesli","Legacy Core","true","true","true","","","","true","AFRC MP 2024-25 Order No. 147","None","None","official_verified","unavailable","unavailable"
"C-55413","GIIT Professional College","Legacy Core","true","true","","","","","true","Fee Regulation Slab — Jharkhand (2024-25)","None","None","legacy","unavailable","unavailable"
"C-52775","BOSTON INSTITUTE OF MANAGEMENT STUDIES (BIMS)","Legacy Core","true","true","","","","","true","Fee Regulation Slab — Karnataka (2024-25)","None","None","legacy","unavailable","unavailable"
"C-52785","HOLY TRINITY COLLEGE","Legacy Core","true","true","true","","","","true","TSCHE TAFRC 2024-25 Notification","None","None","official_verified","unavailable","unavailable"
"C-55592","imperial institute of technology and science jaisinghnagar","Legacy Core","true","true","true","","","","true","AFRC MP 2024-25 Order No. 147","NIRF 2024","None","official_verified","legacy","unavailable"
"C-55670","Bihar Institute Of Technology And Management","Legacy Core","true","","true","","","","true","MahaFRA Official Online Portal","None","None","official_verified","unavailable","unavailable"
"C-55677","Tolani Motwane Institute of Management Studies","Legacy Core","true","true","","","","","true","Fee Regulation Slab — Gujarat (2024-25)","None","None","legacy","unavailable","unavailable"
"C-55711","University Institute Of Management,Varkala","Legacy Core","true","true","","","","","true","Fee Regulation Slab — Kerala (2024-25)","None","None","legacy","unavailable","unavailable"
"C-55822","KIIT SCHOOL OF SOCIAL SCIENCES","Legacy Core","true","","","","","","true","Fee Regulation Slab — Odisha (2024-25)","None","None","legacy","unavailable","unavailable"
"C-52520","VIJAYA INSTITUTE OF MANAGEMENT","Legacy Core","true","true","","","","","true","Fee Regulation Slab — Telangana (2024-25)","None","None","legacy","unavailable","unavailable"
"C-52823","MEENA SHAH INSTITUTE OF TECHNOLOGY AND MANAGEMENT","Legacy Core","true","true","true","","","","true","AFRC UP 2024-25 Official Order","None","None","official_verified","unavailable","unavailable"
"C-52887","Radha Krishan Institute of Technology and  Management","Legacy Core","true","true","true","","","","true","AFRC UP 2024-25 Official Order","None","None","official_verified","unavailable","unavailable"
"C-52934","CSI WESLEY INSTITUTE OF TECHNOLOGY AND SCIENCES","Legacy Core","true","true","true","","","","true","TSCHE TAFRC 2024-25 Notification","None","None","official_verified","unavailable","unavailable"
"C-52979","MAHENDRA INSTITUTE OF TECHNOLOGY, MEERUT","Legacy Core","true","true","true","","","","true","AFRC UP 2024-25 Official Order","None","None","official_verified","unavailable","unavailable"
"C-52990","SHANTI INSTITUTE OF TECHNOLOGY","Legacy Core","true","true","true","","","","true","AFRC UP 2024-25 Official Order","None","None","official_verified","unavailable","unavailable"
"C-53385","Vikrant Institute of Management","Legacy Core","true","true","true","","","","true","AFRC MP 2024-25 Order No. 147","None","None","official_verified","unavailable","unavailable"
"C-53446","Sanghvi Institute of Management and Science (MCA)","Legacy Core","true","true","","","","","true","Fee Regulation Slab — Madhya Pradesh (2024-25)","None","None","legacy","unavailable","unavailable"
"C-53480","JAGAN NATH UNIVERSITY, JHAJJAR","Legacy Core","true","true","","","","","","Fee Regulation Slab — Haryana (2024-25)","None","None","legacy","unavailable","unavailable"
"C-53606","SHREE VINAYAKA INSTITUTE OF TECHNOLOGY","Legacy Core","true","true","true","","","","true","KEA UGCET 2024 Notification","None","None","official_verified","unavailable","legacy"
"C-53611","SAHRDAYA INSTITUTE OF MANAGEMENT STUDIES","Legacy Core","true","true","","","","","true","Fee Regulation Slab — Kerala (2024-25)","None","None","legacy","unavailable","unavailable"
"C-53647","Sri Parashuram Institute of Technology and Research, Khandwa","Legacy Core","true","true","true","","","","true","AFRC MP 2024-25 Order No. 147","None","None","official_verified","unavailable","unavailable"
"C-53649","Gyan Ganga Institute of Technology & Sciences","Legacy Core","true","true","true","","","","true","AFRC MP 2024-25 Order No. 147","None","None","official_verified","unavailable","unavailable"
"C-53710","JCRC INSTITUTE OF TECHNOLOGY","Legacy Core","true","true","true","","","","true","AFRC MP 2024-25 Order No. 147","None","None","official_verified","unavailable","unavailable"
"C-53754","Bijuri Institute Of technology","Legacy Core","true","true","true","","","","true","AFRC MP 2024-25 Order No. 147","None","None","official_verified","unavailable","unavailable"
"C-53766","DPS INSTITUTE OF TECHNOLOGY","Legacy Core","true","true","true","","","","true","AFRC MP 2024-25 Order No. 147","None","None","official_verified","unavailable","unavailable"
"C-53770","career paver institute of technology and management","Legacy Core","true","true","true","","","","true","AFRC MP 2024-25 Order No. 147","None","None","official_verified","unavailable","unavailable"
"C-57160","HARINADHA REDDY INSTITUTE OF MANAGEMENT SCIENCES","Legacy Core","true","true","","","","","true","Fee Regulation Slab — Andhra Pradesh (2024-25)","None","None","legacy","unavailable","unavailable"
"C-57173","SHRI GURU SANDIPANI INSTITUTE OF MANAGEMENT","Legacy Core","true","true","true","","","","true","AFRC MP 2024-25 Order No. 147","None","None","official_verified","unavailable","unavailable"
"C-57268","ELIJAH INSTITUTE OF MANAGEMENT STUDIES","Legacy Core","true","true","","","","","true","Fee Regulation Slab — Kerala (2024-25)","None","None","legacy","unavailable","unavailable"
"C-57338","TRINITY DEGREE COLLEGE   SULTANABAD","Legacy Core","true","","true","","","","true","TSCHE TAFRC 2024-25 Notification","None","None","official_verified","unavailable","unavailable"
"C-57397","APS INSTITUTE OF TECHNOLOGY","Legacy Core","true","true","true","","","","true","AFRC MP 2024-25 Order No. 147","None","None","official_verified","unavailable","unavailable"
"C-57440","IIMT College of Law, Greater Noida","Legacy Core","true","true","true","","","","true","AFRC UP 2024-25 Official Order","None","None","official_verified","unavailable","unavailable"
"C-57464","Dharam Institute of Technology","Legacy Core","true","true","true","","","","true","AFRC UP 2024-25 Official Order","None","None","official_verified","unavailable","unavailable"
"C-57661","Madhav Institute of Technology","Legacy Core","true","true","true","","","","true","AFRC UP 2024-25 Official Order","None","None","official_verified","unavailable","unavailable"
"C-57687","APS INSTITUTE OF TECHNOLOGY, CHURHAT","Legacy Core","true","true","true","","","","true","AFRC MP 2024-25 Order No. 147","None","None","official_verified","unavailable","unavailable"
"C-57700","L.B.S. Group of Education Institute of Management, Hardua, Nababganj, Bareilly","Legacy Core","true","true","","","","","true","Fee Regulation Slab — Uttar Pradesh (2024-25)","None","None","legacy","unavailable","unavailable"
"C-57750","UNITY DEGREE COLLEGE","Legacy Core","true","true","true","","","","true","AFRC UP 2024-25 Official Order","None","None","official_verified","unavailable","unavailable"
"C-57772","UNITED DEGREE COLLEGE","Legacy Core","true","true","","","","","true","Fee Regulation Slab — Karnataka (2024-25)","None","None","legacy","unavailable","unavailable"
"C-57808","BSC COLLEGE OF NURSING MUSLIM MATERNITY AND ZANANA HOSPITAL","Legacy Core","true","true","true","","","","true","TSCHE TAFRC 2024-25 Notification","None","None","official_verified","unavailable","unavailable"
"C-57854","ASIAN INSTITUTE OF MANAGEMENT AND HIGHER STUDIES","Legacy Core","true","true","","","","","true","Fee Regulation Slab — Uttar Pradesh (2024-25)","None","None","legacy","unavailable","unavailable"
"C-57863","UNIVERSITY INSTITUTE OF MANAGEMENT, PUNALUR","Legacy Core","true","true","","","","","true","Fee Regulation Slab — Kerala (2024-25)","None","None","legacy","unavailable","unavailable"
"C-579","Dolat-Usha Institute of Applied Science & Dhiru-Sarla Institute of Management & Commerce","Legacy Core","true","true","","","","","true","Fee Regulation Slab — Gujarat (2024-25)","None","None","legacy","unavailable","unavailable"
"C-57925","RANI RUPMATI INSTITUTE OF MANAGEMENT AND SCIENCE DHARAMPURI","Legacy Core","true","true","","","","","true","Fee Regulation Slab — Madhya Pradesh (2024-25)","None","None","legacy","unavailable","unavailable"
"C-57948","G L BAJAJ INSTITUTE OF MANAGEMENT AND RESEARCH","Legacy Core","true","true","true","","","","true","AFRC UP 2024-25 Official Order","None","None","official_verified","unavailable","unavailable"
"C-56057","Sitamarhi Institute of Technology","Legacy Core","true","true","true","","","","true","TNEA 2024 Official Notification","None","None","official_verified","unavailable","unavailable"
"C-58004","Nitte School of Architecture Planning and Design","Legacy Core","true","true","","","","","true","Fee Regulation Slab — Karnataka (2024-25)","None","None","legacy","unavailable","unavailable"
"C-58039","UNIVERSITY INSTITUTE OF TECHNOLOGY, RGPV, SHAHDOL","Legacy Core","true","true","true","","","","true","AFRC MP 2024-25 Order No. 147","None","None","official_verified","unavailable","unavailable"
"C-58046","CORPORATE INSTITUTE OF MANAGEMENT","Legacy Core","true","true","","","","","true","Fee Regulation Slab — Madhya Pradesh (2024-25)","None","None","legacy","unavailable","unavailable"
"C-58056","Vikram Institute of Management and science","Legacy Core","true","true","true","","","","true","AFRC MP 2024-25 Order No. 147","None","None","official_verified","unavailable","unavailable"
"C-58072","Bhagwan Arihant Institute of Technology","Legacy Core","true","true","true","","","","true","TNEA 2024 Official Notification","None","None","official_verified","unavailable","legacy"
"C-56072","SGPCS GURU NANAK INSTITUTE OF MANAGEMENT STUDIES","Legacy Core","true","true","","","","","true","Fee Regulation Slab — Maharashtra (2024-25)","None","None","legacy","unavailable","unavailable"
"C-58164","KARIMPUR ANITA PRIMARY TEACHERS TRAINING INSTITUTE","Legacy Core","true","true","","","","","true","Fee Regulation Slab — West Bengal (2024-25)","None","None","legacy","unavailable","unavailable"
"C-58266","Sir C.V.RAMAN INSTITUTE OF MANAGEMENT STUDIES","Legacy Core","true","true","","","","","true","Fee Regulation Slab — Andhra Pradesh (2024-25)","None","None","legacy","unavailable","unavailable"
"C-56088","MATOSHRI USHATAI JADHAV INSTITUTE OF MANAGEMENT STUDIES AND RESEARCH CENTRE BHIWANDI","Legacy Core","true","true","","","","","true","Fee Regulation Slab — Maharashtra (2024-25)","None","None","legacy","unavailable","unavailable"
"C-58291","Samarth Bharat Institute of Management Studies,","Legacy Core","true","true","","","","","true","Fee Regulation Slab — Maharashtra (2024-25)","None","None","legacy","unavailable","unavailable"
"C-58440","TRINITY TEACHER TRAINING COLLEGE","Legacy Core","true","true","","","","","true","Fee Regulation Slab — Rajasthan (2024-25)","None","None","legacy","unavailable","unavailable"
"C-58518","SaiBalaji International Institute of Management Sciences","Legacy Core","true","true","","","","","true","Fee Regulation Slab — Maharashtra (2024-25)","None","None","legacy","unavailable","unavailable"
"C-58531","BAJAJ INSTITUTE OF TECHNOLOGY","Legacy Core","true","true","true","","","","true","MahaFRA Official Online Portal","None","None","official_verified","unavailable","unavailable"
"C-5855","St. Xavier's College","Legacy Core","true","true","true","","","","true","TNEA 2024 Official Notification","None","None","official_verified","unavailable","unavailable"
"C-58562","Durgapur Institute of Management and Science","Legacy Core","true","true","true","","","","true","AFRC MP 2024-25 Order No. 147","None","None","official_verified","unavailable","unavailable"
"C-58627","FOOTWEAR DESIGN AND DEVELOPMENT INSTITUTE","Legacy Core","true","true","","","","","","Fee Regulation Slab — Rajasthan (2024-25)","None","None","legacy","unavailable","unavailable"
"C-58667","FOOTWEAR DESIGN AND DEVELOPMENT INSTITUTE","Legacy Core","true","true","","","","","","Fee Regulation Slab — West Bengal (2024-25)","None","None","legacy","unavailable","unavailable"
"C-56145","KALA INSTITUTE OF MANAGEMENT STUDIES AND RESEARCH","Legacy Core","true","true","","","","","true","Fee Regulation Slab — Maharashtra (2024-25)","None","None","legacy","unavailable","unavailable"
"C-58754","NEIL GOGTE INSTITUTE OF TECHNOLOGY","Legacy Core","true","true","true","","","","true","TSCHE TAFRC 2024-25 Notification","None","None","official_verified","unavailable","unavailable"
"C-55875","SESHADRIPURAM INSTITUTE OF MANAGEMENT STUDIES","Legacy Core","true","true","","","","","true","Fee Regulation Slab — Karnataka (2024-25)","None","None","legacy","unavailable","unavailable"
"C-56288","CHHATRAPATI SHIVAJI MAHARAJ INSTITUTE OF TECHNOLOGY, PANVEL","Legacy Core","true","true","true","","","","true","MahaFRA Official Online Portal","None","None","official_verified","unavailable","unavailable"
"C-56297","SHAKUNTALA KRISHANA INSTITUTE OF TECHNOLOGY","Legacy Core","true","true","true","","","","true","AFRC UP 2024-25 Official Order","None","None","official_verified","unavailable","unavailable"
"C-56361","THE NAVKONKAN EDUCATION SOCIETYS INSTITUTE OF MANAGEMENT STUDIES","Legacy Core","true","true","","","","","true","Fee Regulation Slab — Maharashtra (2024-25)","None","None","legacy","unavailable","unavailable"
"C-55895","PRABHAKAR PATIL EDUCATION SOCIETYs INSTITUTE OF MANAGEMENT STUDIES","Legacy Core","true","true","","","","","true","Fee Regulation Slab — Maharashtra (2024-25)","None","None","legacy","unavailable","unavailable"
"C-56452","Sapthagiri Institute of Management, Hindupur","Legacy Core","true","true","","","","","true","Fee Regulation Slab — Andhra Pradesh (2024-25)","None","None","legacy","unavailable","unavailable"
"C-56473","A.K. INSTITUTE OF MANAGEMENT COLLEGE","Legacy Core","true","true","true","","","","true","AFRC MP 2024-25 Order No. 147","None","None","official_verified","unavailable","unavailable"
"C-56577","SHRI SAPTHAGIRI INSTITUTE OF TECHNOLOGY","Legacy Core","true","true","true","","","","true","TNEA 2024 Official Notification","None","None","official_verified","unavailable","legacy"
"C-56637","MANGALORE INSTITUTE OF MANAGEMENT AND SCIENCE","Legacy Core","true","true","true","","","","true","AFRC MP 2024-25 Order No. 147","None","None","official_verified","unavailable","unavailable"
"C-56642","NITTE SCHOOL OF FASHION TECHNOLOGY AND INTERIOR DESIGN","Legacy Core","true","true","true","","","","true","KEA UGCET 2024 Notification","None","None","official_verified","unavailable","legacy"
"C-56659","Nitte Institute of Architecture","Legacy Core","true","true","","","","","true","Fee Regulation Slab — Karnataka (2024-25)","None","None","legacy","unavailable","unavailable"
"C-56857","SURAJ INSTITUTE OF MANAGEMENT","Legacy Core","true","true","","","","","true","Fee Regulation Slab — Maharashtra (2024-25)","None","None","legacy","unavailable","unavailable"
"C-56949","Chaudhary Veerbhan Singh Anita Devi Mahavidyalaya","Legacy Core","true","","true","","","","true","AFRC UP 2024-25 Official Order","None","None","official_verified","unavailable","unavailable"
"C-56995","KCNIT COLLEGE OF EDUCATION","Legacy Core","true","true","true","","","","true","AFRC UP 2024-25 Official Order","None","None","official_verified","unavailable","unavailable"
"C-59876","SYMBIOSIS Statistical Institute","Legacy Core","true","true","","","","","true","Fee Regulation Slab — Maharashtra (2024-25)","None","None","legacy","unavailable","unavailable"
"C-59938","B574 M.S INSTITUTE OF TECHNOLOGY AND MANAGEMENT, BIDAR","Legacy Core","true","true","true","","","","true","KEA UGCET 2024 Notification","None","None","official_verified","unavailable","legacy"
"C-59962","Somany Institute of Technology and Management","Legacy Core","true","true","true","","","","true","MahaFRA Official Online Portal","None","None","official_verified","unavailable","unavailable"
"C-58886","FOOTWEAR DESIGN AND DEVELOPMENT INSTITUTE","Legacy Core","true","true","","","","","","Fee Regulation Slab — Tamil Nadu (2024-25)","None","None","legacy","unavailable","unavailable"
"C-58887","FOOTWEAR DESIGN AND DEVELOPMENT INSTITUTE","Legacy Core","true","true","","","","","","Fee Regulation Slab — Punjab (2024-25)","None","None","legacy","unavailable","unavailable"
"C-60074","VBTs Institute of Arts & Humanities","Legacy Core","true","true","","","","","true","Fee Regulation Slab — Gujarat (2024-25)","None","None","legacy","unavailable","unavailable"
"C-60084","VBTs Institute of Management Studies","Legacy Core","true","true","","","","","true","Fee Regulation Slab — Gujarat (2024-25)","None","None","legacy","unavailable","unavailable"
"C-60085","UNIVERSITY INSTITUTE OF TECHNOLOGY, MANNANCHERRY REGIONAL CENTRE","Legacy Core","true","true","true","","","","true","TNEA 2024 Official Notification","None","None","official_verified","unavailable","unavailable"
"C-60096","JSPM`s JAYAWANT INSTITUTE OF MANAGEMENT STUDIES","Legacy Core","true","true","","","","","true","Fee Regulation Slab — Maharashtra (2024-25)","None","None","legacy","unavailable","unavailable"
"C-60098","University Institute of Technology,Pathiyoor","Legacy Core","true","true","true","","","","true","TNEA 2024 Official Notification","None","None","official_verified","unavailable","unavailable"
"C-60114","BHOPAL INSTITUTE OF TECHNOLOGY and SCIENCE-PHARMACY","Legacy Core","true","true","true","","","","true","AFRC MP 2024-25 Order No. 147","NIRF 2024","None","official_verified","legacy","unavailable"
"C-60193","MADHYANCHAL INSTITUTE OF TECHNOLOGY","Legacy Core","true","","true","","","","true","AFRC MP 2024-25 Order No. 147","None","None","official_verified","unavailable","unavailable"
"C-58912","DR. A.P.J ABDUL KALAM INSTITUTE OF TECHNOLOGY, TANAKPUR","Legacy Core","true","true","true","","","","true","TNEA 2024 Official Notification","None","None","official_verified","unavailable","unavailable"
"C-60266","Dr.D.Y.Patil Unitech Society's, Dr. D.Y.Patil Unitech Arts,Commerce and Science College Tathawade","Legacy Core","true","true","","","","","true","Fee Regulation Slab — Maharashtra (2024-25)","None","None","legacy","unavailable","unavailable"
"C-60292","University Institute of Management","Legacy Core","true","","true","","","","true","APSCHE EAPCET 2024 G.O. Ms. No. 17","None","None","official_verified","unavailable","unavailable"
"C-60293","UNIVERSITY INSTITUTE OF TECHNOLOGY MANNAR","Legacy Core","true","true","true","","","","true","TNEA 2024 Official Notification","None","None","official_verified","unavailable","unavailable"
"C-60331","APOORVA INSTITUTE OF MANAGEMENT STUDIES","Legacy Core","true","true","","","","","true","Fee Regulation Slab — Karnataka (2024-25)","None","None","legacy","unavailable","unavailable"
"C-60345","UNIVERSITY INSTITUTE OF TECHNOLOGY, Bharanikavu","Legacy Core","true","true","true","","","","true","TNEA 2024 Official Notification","None","None","official_verified","unavailable","unavailable"
"C-60351","APOORVA INSTITUTE OF MANAGEMENT STUDIES EVENING DEGREE COLLEGE","Legacy Core","true","true","","","","","true","Fee Regulation Slab — Karnataka (2024-25)","None","None","legacy","unavailable","unavailable"
"C-60356","UNIVERSITY INSTITUTE OF TECHNOLOGY (UIT) ITTIVA","Legacy Core","true","","true","","","","true","TNEA 2024 Official Notification","None","None","official_verified","unavailable","unavailable"
"C-60369","FACULTY OF HUMANITIES & SOCIAL SCIENCES","Legacy Core","true","true","","","","","true","Fee Regulation Slab — Gujarat (2024-25)","None","None","legacy","unavailable","unavailable"
"C-60385","Saraswati Institute of Management and Para Medical Science","Legacy Core","true","true","","","","","true","Fee Regulation Slab — Manipur (2024-25)","None","None","legacy","unavailable","unavailable"
"C-58953","PITHORAGARH INSTITUTE OF TECHNOLOGY AND MANAGEMENT, BUNGACHHINA, PITHORAGARG","Legacy Core","true","true","true","","","","true","TNEA 2024 Official Notification","None","None","official_verified","unavailable","unavailable"
"C-60804","Lala Lajpat Rai Memorial Institute of Management and Computer Sciences, Ajitwal","Legacy Core","true","true","","","","","true","Fee Regulation Slab — Punjab (2024-25)","None","None","legacy","unavailable","unavailable"
"C-60819","HARSHA INSTITUTE OF MANAGEMENT STUDIES","Legacy Core","true","true","","","","","true","Fee Regulation Slab — Karnataka (2024-25)","None","None","legacy","unavailable","unavailable"
"C-58967","SYMBIOSIS School of Culinary Arts and Nutritional Sciences","Legacy Core","true","true","","","","","true","Fee Regulation Slab — Maharashtra (2024-25)","None","None","legacy","unavailable","unavailable"
"C-58968","SYMBIOSIS School of Sports Sciences","Legacy Core","true","true","","","","","true","Fee Regulation Slab — Maharashtra (2024-25)","None","None","legacy","unavailable","unavailable"
"C-58969","SYMBIOSIS School of International Studies","Legacy Core","true","true","","","","","true","Fee Regulation Slab — Maharashtra (2024-25)","None","None","legacy","unavailable","unavailable"
"C-60866","UNIITECH DEGREE COLLEGE","Legacy Core","true","true","","","","","true","Fee Regulation Slab — Odisha (2024-25)","None","None","legacy","unavailable","unavailable"
"C-61162","S R Institute of Technology","Legacy Core","true","true","true","","","","true","AFRC MP 2024-25 Order No. 147","NIRF 2024","None","official_verified","legacy","unavailable"
"C-59000","UNIVERSITY INSTITUTE OF TECHNOLOGY, MUTHUKULAM","Legacy Core","true","true","true","","","","true","TNEA 2024 Official Notification","None","None","official_verified","unavailable","unavailable"
"C-61182","IMPACT Institute of Management Studies","Legacy Core","true","true","","","","","true","Fee Regulation Slab — Karnataka (2024-25)","None","None","legacy","unavailable","unavailable"
"C-61183","Sri Basaveshwara Institute of Technology, TIPTUR","Legacy Core","true","true","true","","","","true","KEA UGCET 2024 Notification","None","None","official_verified","unavailable","legacy"
"C-61280","University Institute of Management, Adoor","Legacy Core","true","true","","","","","true","Fee Regulation Slab — Kerala (2024-25)","None","None","legacy","unavailable","unavailable"
"C-6130","Neotia Institute of Technology, Management and Science 144","Legacy Core","true","true","true","","","","true","TNEA 2024 Official Notification","NIRF 2024","None","official_verified","legacy","unavailable"
"C-61356","Trinity College of Pharmacy","Legacy Core","true","true","","","","","true","Fee Regulation Slab — Maharashtra (2024-25)","None","None","legacy","unavailable","unavailable"
"C-6137","Saroj Mohan Institute of Technology 320","Legacy Core","true","true","true","","","","true","TNEA 2024 Official Notification","None","None","official_verified","unavailable","unavailable"
"C-59069","UNIVERSITY INSTITUTE OF TECHNOLOGY KANJIRAMKULAM","Legacy Core","true","true","true","","","","true","TNEA 2024 Official Notification","None","None","official_verified","unavailable","unavailable"
"C-58804","Govt Degree College Maldhanchaur (Nainital)","Legacy Core","true","true","","","","","true","Fee Regulation Slab — Uttarakhand (2024-25)","None","None","legacy","unavailable","unavailable"
"C-59147","NARMADA INSTITUTE OF TECHNOLOGY BABAI","Legacy Core","true","true","true","","","","true","AFRC MP 2024-25 Order No. 147","None","None","official_verified","unavailable","unavailable"
"C-59193","Trinity Institute of Education","Legacy Core","true","true","true","","","","true","AFRC MP 2024-25 Order No. 147","None","None","official_verified","unavailable","unavailable"
"C-59236","NITYA INSTITUTE OF COMPUTER TECHNOLOGY MEHADWANI","Legacy Core","true","true","true","","","","true","AFRC MP 2024-25 Order No. 147","None","None","official_verified","unavailable","unavailable"
"C-58821","Shri Vile Parle Kelvani Mandals Institute of Technology, Dhule","Legacy Core","true","true","true","","","","true","TNEA 2024 Official Notification","None","None","official_verified","unavailable","unavailable"
"C-59367","ARAVINDHAR AGRICULTURAL INSTITUTE OF TECHNOLOGY","Legacy Core","true","","true","","","","true","TNEA 2024 Official Notification","None","None","official_verified","unavailable","legacy"
"C-59455","VAISHNAVI INSTITUTE OF MANAGEMENT","Legacy Core","true","true","","","","","true","Fee Regulation Slab — Madhya Pradesh (2024-25)","None","None","legacy","unavailable","unavailable"
"C-58832","University Institute of Technology(UIT)  Kallara","Legacy Core","true","true","true","","","","true","TNEA 2024 Official Notification","None","None","official_verified","unavailable","unavailable"
"C-59545","HARE KRISHNA COLLEGE OF HUMANITIES, KANPUR","Legacy Core","true","true","true","","","","true","AFRC UP 2024-25 Official Order","None","None","official_verified","unavailable","unavailable"
"C-59556","UNIVERSITY INSTITUTE OF TECHNOLOGY, MUHAMMA REGIONAL CENTRE, KAYIPPURAM","Legacy Core","true","true","true","","","","true","TNEA 2024 Official Notification","None","None","official_verified","unavailable","unavailable"
"C-59563","Karmaveer Bhausaheb Hiray Institute of Management And Research","Legacy Core","true","true","","","","","true","Fee Regulation Slab — Maharashtra (2024-25)","None","None","legacy","unavailable","unavailable"
"C-59614","SANJIVANI INSTITUTE OF TECHNOLOGY","Legacy Core","true","true","true","","","","true","TNEA 2024 Official Notification","None","None","official_verified","unavailable","unavailable"
"C-58852","School of Humanities and Sciences","Legacy Core","true","","","","","","true","Fee Regulation Slab — Uttarakhand (2024-25)","None","None","legacy","unavailable","unavailable"
"C-59708","TRINITY BED COLLEGE","Legacy Core","true","true","","","","","true","Fee Regulation Slab — West Bengal (2024-25)","None","None","legacy","unavailable","unavailable"
"C-59750","GIIT COMPUTER BARWAHA","Legacy Core","true","true","true","","","","true","AFRC MP 2024-25 Order No. 147","None","None","official_verified","unavailable","unavailable"
"C-6239","Budge Budge Institute of Technology 276","Legacy Core","true","true","true","","","","true","TNEA 2024 Official Notification","None","None","official_verified","unavailable","unavailable"
"C-6244","Nopany Institute of Management Studies 150","Legacy Core","true","true","","","","","true","Fee Regulation Slab — West Bengal (2024-25)","None","None","legacy","unavailable","unavailable"
"C-61480","R V Institute of Technology and Management","Legacy Core","true","true","true","","","","true","KEA UGCET 2024 Notification","NIRF 2024","None","official_verified","legacy","legacy"
"C-62512","Basavashree  Institute of Management Studies","Legacy Core","true","true","","","","","true","Fee Regulation Slab — Karnataka (2024-25)","None","None","legacy","unavailable","unavailable"
"C-62527","RJS INSTITUTE OF MANAGEMENT STUDIES","Legacy Core","true","true","","","","","true","Fee Regulation Slab — Karnataka (2024-25)","None","None","legacy","unavailable","unavailable"
"C-62530","SINDHI INSTITUTE OF MANAGEMENT","Legacy Core","true","true","","","","","true","Fee Regulation Slab — Karnataka (2024-25)","None","None","legacy","unavailable","unavailable"
"C-61493","NITTE COLLEGE OF PHARMACEUTICAL SCIENCES","Legacy Core","true","true","","","","","true","Fee Regulation Slab — Karnataka (2024-25)","None","None","legacy","unavailable","unavailable"
"C-6257","Narula Institute of Technology 127","Legacy Core","true","true","true","","","","true","TNEA 2024 Official Notification","None","None","official_verified","unavailable","unavailable"
"C-6265","Mallabhum Institute of Technology 158","Legacy Core","true","true","true","","","","true","TNEA 2024 Official Notification","None","None","official_verified","unavailable","unavailable"
"C-6271","Bhartiya Vidya Bhavan Institute of Management Science 129","Legacy Core","true","true","","","","","true","Fee Regulation Slab — West Bengal (2024-25)","None","None","legacy","unavailable","unavailable"
"C-6151","Camellia Institute of Technology 230","Legacy Core","true","true","true","","","","true","TNEA 2024 Official Notification","None","None","official_verified","unavailable","unavailable"
"C-62734","Nitte University Centre for Science Education and Research","Legacy Core","true","true","","","","","true","Fee Regulation Slab — Karnataka (2024-25)","None","None","legacy","unavailable","unavailable"
"C-62735","Nitte Institute of Communication","Legacy Core","true","true","","","","","true","Fee Regulation Slab — Karnataka (2024-25)","None","None","legacy","unavailable","unavailable"
"C-6277","Swami Vivekananda Institute of Management and Computer Science 250","Legacy Core","true","true","true","","","","true","TSCHE TAFRC 2024-25 Notification","None","None","official_verified","unavailable","unavailable"
"C-6278","Gitaram Institute of Management 134","Legacy Core","true","true","","","","","true","Fee Regulation Slab — West Bengal (2024-25)","None","None","legacy","unavailable","unavailable"
"C-62797","AVK Institute of Management","Legacy Core","true","true","","","","","true","Fee Regulation Slab — Karnataka (2024-25)","None","None","legacy","unavailable","unavailable"
"C-6283","Techno India Institute of Technology 145","Legacy Core","true","true","true","","","","true","TNEA 2024 Official Notification","None","None","official_verified","unavailable","unavailable"
"C-6284","Army Institute of Management 136","Legacy Core","true","true","true","","","","true","AFRC UP 2024-25 Official Order","None","None","official_verified","unavailable","unavailable"
"C-6286","Meghnad Saha Institute of Technology 142","Legacy Core","true","true","true","","","","true","TNEA 2024 Official Notification","None","None","official_verified","unavailable","unavailable"
"C-62877","KASHI INSTITUTE OF MANAGEMENT AND SCIENCE","Legacy Core","true","true","true","","","","true","AFRC MP 2024-25 Order No. 147","None","None","official_verified","unavailable","unavailable"
"C-62885","TECHNO INSTITUTE OF MANAGEMENT SCIENCES","Legacy Core","true","true","","","","","true","Fee Regulation Slab — Uttar Pradesh (2024-25)","None","None","legacy","unavailable","unavailable"
"C-6292","Bengal Institute of Technology and Management 329","Legacy Core","true","true","true","","","","true","TNEA 2024 Official Notification","None","None","official_verified","unavailable","unavailable"
"C-6294","Bengal Institute of Technology 121","Legacy Core","true","true","true","","","","true","TNEA 2024 Official Notification","None","None","official_verified","unavailable","unavailable"
"C-6297","Siliguri Institute of Technology (HMCT) 335","Legacy Core","true","true","true","","","","true","TNEA 2024 Official Notification","None","None","official_verified","unavailable","unavailable"
"C-61540","University Institute of Technology","Legacy Core","true","","true","","","","true","TNEA 2024 Official Notification","None","None","official_verified","unavailable","unavailable"
"C-6304","Dream Institute of Technology 209","Legacy Core","true","true","true","","","","true","TNEA 2024 Official Notification","None","None","official_verified","unavailable","unavailable"
"C-63084","MOTHERS INSTITUTE OF TECHNOLOGY","Legacy Core","true","true","true","","","","true","TNEA 2024 Official Notification","None","None","official_verified","unavailable","unavailable"
"C-61551","GNIT COLLEGE OF PHARMACY","Legacy Core","true","true","true","","","","true","AFRC UP 2024-25 Official Order","None","None","official_verified","unavailable","unavailable"
"C-6318","Bengal Institute of Technology and Management 163","Legacy Core","true","true","true","","","","true","TNEA 2024 Official Notification","None","None","official_verified","unavailable","unavailable"
"C-6156","Institute of Management Study 194","Legacy Core","true","true","","","","","true","Fee Regulation Slab — West Bengal (2024-25)","None","None","legacy","unavailable","unavailable"
"C-6320","Haldia Institute of Management 175","Legacy Core","true","true","","","","","true","Fee Regulation Slab — West Bengal (2024-25)","None","None","legacy","unavailable","unavailable"
"C-63243","IITM College of Science Art and Commerce","Legacy Core","true","true","","","","","true","Fee Regulation Slab — Haryana (2024-25)","None","None","legacy","unavailable","unavailable"
"C-6331","Gurunanak Institute of Technology 311","Legacy Core","true","true","true","","","","true","TNEA 2024 Official Notification","None","None","official_verified","unavailable","unavailable"
"C-63376","University institute of technology vallakkadavu","Legacy Core","true","","true","","","","true","TNEA 2024 Official Notification","None","None","official_verified","unavailable","unavailable"
"C-63378","University Institute of Management  Kundara","Legacy Core","true","","","","","","true","Fee Regulation Slab — Kerala (2024-25)","None","None","legacy","unavailable","unavailable"
"C-63389","EURASIAN INSTITUTE OF MANAGEMENT","Legacy Core","true","true","","","","","true","Fee Regulation Slab — Madhya Pradesh (2024-25)","None","None","legacy","unavailable","unavailable"
"C-6339","Meghnad Saha Institute of Technology 310","Legacy Core","true","true","true","","","","true","TNEA 2024 Official Notification","None","None","official_verified","unavailable","unavailable"
"C-63402","SANSKRITI INSTITUTE OF TECHNOLOGY SHAHDOL","Legacy Core","true","true","true","","","","true","AFRC MP 2024-25 Order No. 147","None","None","official_verified","unavailable","unavailable"
"C-63476","Visvesvaraya Community College","Legacy Core","true","true","","","","","true","Fee Regulation Slab — Rajasthan (2024-25)","None","None","legacy","unavailable","unavailable"
"C-63486","GREATER NOIDA INSTITUTE OF TECHNOLOGY","Legacy Core","true","true","true","","","","true","AFRC UP 2024-25 Official Order","None","None","official_verified","unavailable","unavailable"
"C-63500","SRINIVASA INSTITUTE OF MANAGEMENT","Legacy Core","true","true","","","","","true","Fee Regulation Slab — Andhra Pradesh (2024-25)","None","None","legacy","unavailable","unavailable"
"C-6355","Miranda House","Legacy Core","true","true","","","","","true","Fee Regulation Slab — Delhi (2024-25)","None","None","legacy","unavailable","unavailable"
"C-63563","SYMBIOSIS Law School, Nagpur","Legacy Core","true","true","","","","","true","Fee Regulation Slab — Maharashtra (2024-25)","None","None","legacy","unavailable","unavailable"
"C-63564","SYMBIOSIS Institute of Business Management, Nagpur","Legacy Core","true","true","true","","","","true","SIBM Fee Structure 2024-26","NIRF 2024","None","official_verified","legacy","unavailable"
"C-63565","SYMBIOSIS Centre for Management Studies, Nagpur","Legacy Core","true","true","","","","","true","Fee Regulation Slab — Maharashtra (2024-25)","None","None","legacy","unavailable","unavailable"
"C-63566","SYMBIOSIS School of Planning, Architecture and Design, Nagpur","Legacy Core","true","true","","","","","true","Fee Regulation Slab — Maharashtra (2024-25)","None","None","legacy","unavailable","unavailable"
"C-6361","Deen Dayal Upadhyaya College","Legacy Core","true","true","","","","","true","Fee Regulation Slab — Delhi (2024-25)","None","None","legacy","unavailable","unavailable"
"C-63600","Loyola College","Legacy Core","true","true","true","","","","true","TNEA 2024 Official Notification","None","None","official_verified","unavailable","unavailable"
"C-6365","Indraprastha College for Women","Legacy Core","true","true","","","","","true","Fee Regulation Slab — Delhi (2024-25)","None","None","legacy","unavailable","unavailable"
"C-6367","Daulat Ram College","Legacy Core","true","true","","","","","true","Fee Regulation Slab — Delhi (2024-25)","None","None","legacy","unavailable","unavailable"
"C-6369","Sri Venkateswara College","Legacy Core","true","true","true","","","","true","TNEA 2024 Official Notification","None","None","official_verified","unavailable","unavailable"
"C-6371","Ramjas College","Legacy Core","true","true","","","","","true","Fee Regulation Slab — Delhi (2024-25)","None","None","legacy","unavailable","unavailable"
"C-6377","Hindu College","Legacy Core","true","true","true","","","","true","APSCHE EAPCET 2024 G.O. Ms. No. 17","None","None","official_verified","unavailable","unavailable"
"C-6380","Acharya Narendra Dev College","Legacy Core","true","true","","","","","true","Fee Regulation Slab — Delhi (2024-25)","None","None","legacy","unavailable","unavailable"
"C-6385","Kirori Mal College","Legacy Core","true","true","","","","","true","Fee Regulation Slab — Delhi (2024-25)","None","None","legacy","unavailable","unavailable"
"C-6166","Gurunanak Institute of Technology 143","Legacy Core","true","true","true","","","","true","TNEA 2024 Official Notification","None","None","official_verified","unavailable","unavailable"
"C-61669","UNITED PUBLIC SERVICE COLLEGE RAJUR","Legacy Core","true","true","","","","","true","Fee Regulation Slab — Maharashtra (2024-25)","None","None","legacy","unavailable","unavailable"
"C-61747","Tata Institute of Social Sciences","Legacy Core","true","true","","","","","true","Fee Regulation Slab — Telangana (2024-25)","None","None","legacy","unavailable","unavailable"
"C-6175","Dr. Sudhir Chandra Sur Institute of Technology and Sports Complex 255","Legacy Core","true","true","true","","","","true","TNEA 2024 Official Notification","None","None","official_verified","unavailable","unavailable"
"C-6181","Sarojmohan Institute of Technology 168","Legacy Core","true","true","true","","","","true","TNEA 2024 Official Notification","None","None","official_verified","unavailable","unavailable"
"C-61844","Lakes Institute Of Skill Initiate","Legacy Core","true","true","","","","","true","Fee Regulation Slab — Rajasthan (2024-25)","None","None","legacy","unavailable","unavailable"
"C-61869","C722 UNITED DEGREE COLLEGE KALABURAGI","Legacy Core","true","true","","","","","true","Fee Regulation Slab — Karnataka (2024-25)","None","None","legacy","unavailable","unavailable"
"C-61872","G D DAVID FOUNDATIONS TRINITY COLLEGE OF COMMERCE","Legacy Core","true","true","","","","","true","Fee Regulation Slab — Karnataka (2024-25)","None","None","legacy","unavailable","unavailable"
"C-61900","UNITED COLLEGE OF PHARMACY","Legacy Core","true","true","true","","","","true","AFRC UP 2024-25 Official Order","None","None","official_verified","unavailable","unavailable"
"C-6191","Siliguri Institute of Technology 334","Legacy Core","true","true","true","","","","true","TNEA 2024 Official Notification","None","None","official_verified","unavailable","unavailable"
"C-61910","GREATER NOIDA INSTITUTE OF MANAGEMENT","Legacy Core","true","true","true","","","","true","AFRC UP 2024-25 Official Order","None","None","official_verified","unavailable","unavailable"
"C-61917","MYSURU ROYAL INSTITUTE OF TECHNOLOGY","Legacy Core","true","true","true","","","","true","KEA UGCET 2024 Notification","None","None","official_verified","unavailable","legacy"
"C-6193","Calcutta Institute of Technology 177","Legacy Core","true","true","true","","","","true","TNEA 2024 Official Notification","None","None","official_verified","unavailable","unavailable"
"C-61944","Meerut Institute of Technology (Professional Courses)","Legacy Core","true","true","true","","","","true","AFRC UP 2024-25 Official Order","None","None","official_verified","unavailable","unavailable"
"C-61970","VIDUSH SOMANY INSTITUTE OF TECHNOLOGY AND RESEARCH","Legacy Core","true","","true","","","","true","TNEA 2024 Official Notification","None","None","official_verified","unavailable","legacy"
"C-61986","MAHARAJA INSTITUTE OF TECHNOLOGY THANDAVAPURA","Legacy Core","true","true","true","","","","true","KEA UGCET 2024 Notification","None","None","official_verified","unavailable","legacy"
"C-6199","International Institute of Management Sciences 178","Legacy Core","true","true","","","","","true","Fee Regulation Slab — West Bengal (2024-25)","None","None","legacy","unavailable","unavailable"
"C-62007","RMS INSTITUTE OF MANAGEMENT AND SCIENCE","Legacy Core","true","","true","","","","true","AFRC MP 2024-25 Order No. 147","None","None","official_verified","unavailable","unavailable"
"C-6202","Heritage Institute of Technology 126","Legacy Core","true","true","true","","","","true","TNEA 2024 Official Notification","None","None","official_verified","unavailable","unavailable"
"C-62061","GITAM : Gandhi Institute of Technology and Management , Off Campus - Bengaluru","Legacy Core","true","true","true","","","","true","KEA UGCET 2024 Notification","None","None","official_verified","unavailable","legacy"
"C-6207","Camellia Institute of Technology and Management 257","Legacy Core","true","true","true","","","","true","TNEA 2024 Official Notification","None","None","official_verified","unavailable","unavailable"
"C-62070","DEPARTMENT OF PHARMACY MEERUT INSTITUTE OF TECHNOLOGY","Legacy Core","true","true","true","","","","true","AFRC UP 2024-25 Official Order","None","None","official_verified","unavailable","unavailable"
"C-6210","Prajnanananda Institute of Technology and Management 220","Legacy Core","true","true","true","","","","true","TNEA 2024 Official Notification","None","None","official_verified","unavailable","unavailable"
"C-62102","University Institute of Technology, Yeroor","Legacy Core","true","true","true","","","","true","TNEA 2024 Official Notification","None","None","official_verified","unavailable","unavailable"
"C-62105","UNIVERSITY INSTITUTE OF TECHNOLOGY REGIONAL CENTRE PALLICKAL VARKALA","Legacy Core","true","","true","","","","true","TNEA 2024 Official Notification","None","None","official_verified","unavailable","unavailable"
"C-62107","R V NORTHLAND INSTITUTE OF MANAGEMENT","Legacy Core","true","true","","","","","true","Fee Regulation Slab — Uttar Pradesh (2024-25)","None","None","legacy","unavailable","unavailable"
"C-6145","Kotibarsha Institute of Technology and Management 202","Legacy Core","true","true","true","","","","true","TNEA 2024 Official Notification","None","None","official_verified","unavailable","unavailable"
"C-62147","JANKI DEVI BAJAJ INSTITUTE OF MANAGEMENT STUDIES AND RESEARCH, PUNE","Legacy Core","true","true","","","","","true","Fee Regulation Slab — Maharashtra (2024-25)","None","None","legacy","unavailable","unavailable"
"C-6216","Siliguri Institute of Technology 119","Legacy Core","true","true","true","","","","true","TNEA 2024 Official Notification","None","None","official_verified","unavailable","unavailable"
"C-6225","Siliguri Institute of Technology (MCA) 336","Legacy Core","true","true","true","","","","true","TNEA 2024 Official Notification","None","None","official_verified","unavailable","unavailable"
"C-61462","Trinity Institute  of Management and Technology","Legacy Core","true","true","true","","","","true","MahaFRA Official Online Portal","None","None","official_verified","unavailable","unavailable"
"C-62260","VIDHIK INSTITUTE OF MANAGEMENT","Legacy Core","true","true","","","","","true","Fee Regulation Slab — Madhya Pradesh (2024-25)","None","None","legacy","unavailable","unavailable"
"C-62326","JAHANGIRABAD INSTITUTE OF TECHNOLOGY FACULTY OF PHARMACY","Legacy Core","true","true","true","","","","true","AFRC UP 2024-25 Official Order","None","None","official_verified","unavailable","unavailable"
"C-6233","Gargi Memorial Institute of Technology Campus 281","Legacy Core","true","true","true","","","","true","TNEA 2024 Official Notification","None","None","official_verified","unavailable","unavailable"
"C-6235","Narula Institute of Technology 306","Legacy Core","true","true","true","","","","true","TNEA 2024 Official Notification","None","None","official_verified","unavailable","unavailable"
"C-6238","Haldia Institute of Technology 103","Legacy Core","true","true","true","","","","true","TNEA 2024 Official Notification","None","None","official_verified","unavailable","unavailable"
"C-64895","KAILASH INSTITUTE OF MANAGEMENT GIDA GORAKHPUR","Legacy Core","true","true","","","","","true","Fee Regulation Slab — Uttar Pradesh (2024-25)","None","None","legacy","unavailable","unavailable"
"C-64920","DELHI INSTITUTE OF MANAGEMENT","Legacy Core","true","true","true","","","","true","AFRC UP 2024-25 Official Order","None","None","official_verified","unavailable","unavailable"
"C-6499","ManakulaVinayagar Institute of Technology","Legacy Core","true","true","true","","","","true","TNEA 2024 Official Notification","None","None","official_verified","unavailable","unavailable"
"C-64991","ST ALOYSISUS INSTITUTE OF TECHNOLOGY","Legacy Core","true","true","true","","","","true","AFRC MP 2024-25 Order No. 147","None","None","official_verified","unavailable","unavailable"
"C-64995","ZENITH SCHOOL OF MANAGEMENT","Legacy Core","true","true","","","","","true","Fee Regulation Slab — Odisha (2024-25)","None","None","legacy","unavailable","unavailable"
"C-65026","PIONEER SANITARY INSPECTOR COLLEGE VIRPUR","Legacy Core","true","true","","","","","true","Fee Regulation Slab — Gujarat (2024-25)","None","None","legacy","unavailable","unavailable"
"C-65121","NAVJIVAN DIPLOMA IN HEALTH AND SENITARY INSPECTOR","Legacy Core","true","true","","","","","true","Fee Regulation Slab — Gujarat (2024-25)","None","None","legacy","unavailable","unavailable"
"C-65123","NAVODAY DIPLOMA IN HEALTH AND SENITARY INSPECTOR","Legacy Core","true","true","","","","","true","Fee Regulation Slab — Gujarat (2024-25)","None","None","legacy","unavailable","unavailable"
"C-65124","MAHARSHI DAYANAND DIPLOMA IN HEALTH SANITARY INSPECTOR COLLEGE BASPA","Legacy Core","true","true","","","","","true","Fee Regulation Slab — Gujarat (2024-25)","None","None","legacy","unavailable","unavailable"
"C-65125","CHITRINI INSTITUTE OF DIPLOMA IN HEALTH AND SANITARY INSPECTOR","Legacy Core","true","true","","","","","true","Fee Regulation Slab — Gujarat (2024-25)","None","None","legacy","unavailable","unavailable"
"C-65129","K P TRIVEDI DIPLOMA IN HEALTH AND SANITARY INSPECTOR","Legacy Core","true","true","","","","","true","Fee Regulation Slab — Gujarat (2024-25)","None","None","legacy","unavailable","unavailable"
"C-65130","SHRADDHA DIPLOMA HEALTH AND SANITARY INSPECTOR COLLEGE","Legacy Core","true","true","","","","","true","Fee Regulation Slab — Gujarat (2024-25)","None","None","legacy","unavailable","unavailable"
"C-65134","BGS INSTITUTE OF MANAGEMENT","Legacy Core","true","true","","","","","true","Fee Regulation Slab — Karnataka (2024-25)","None","None","legacy","unavailable","unavailable"
"C-6514","Pondicherry University Community College","Legacy Core","true","true","","","","","true","Fee Regulation Slab — Puducherry (2024-25)","None","None","legacy","unavailable","unavailable"
"C-65150","KALAM INSTITUTE OF MANAGEMENT STUDIES","Legacy Core","true","true","","","","","true","Fee Regulation Slab — Odisha (2024-25)","None","None","legacy","unavailable","unavailable"
"C-65166","SIDDHARTHA INSTITUTE OF TECHNOLOGY AND SCIENCES","Legacy Core","true","","true","","","","true","TSCHE TAFRC 2024-25 Notification","None","None","official_verified","unavailable","unavailable"
"C-65168","GITAM : Gandhi Institute of Technology and Management, Off Campus - Hyderabad","Legacy Core","true","true","true","","","","true","TSCHE TAFRC 2024-25 Notification","None","None","official_verified","unavailable","unavailable"
"C-6521","Regency Institute of Technology","Legacy Core","true","true","true","","","","true","TNEA 2024 Official Notification","None","None","official_verified","unavailable","unavailable"
"C-6530","R.V.S Institute of Management Studies and Computer Application","Legacy Core","true","true","","","","","true","Fee Regulation Slab — Puducherry (2024-25)","None","None","legacy","unavailable","unavailable"
"C-65351","DUKE INSTITUTE OF MANAGEMENT","Legacy Core","true","true","","","","","true","Fee Regulation Slab — Madhya Pradesh (2024-25)","None","None","legacy","unavailable","unavailable"
"C-65372","GANGA GLOBAL INSTITUTE OF MANAGEMENT STUDIES","Legacy Core","true","true","","","","","true","Fee Regulation Slab — Bihar (2024-25)","None","None","legacy","unavailable","unavailable"
"C-64037","UNITED COLLEGE OF ARTS AND SCIENCE","Legacy Core","true","true","","","","","true","Fee Regulation Slab — Tamil Nadu (2024-25)","None","None","legacy","unavailable","unavailable"
"C-65385","ADHARRSHILA INSTITUTE OF TECHNOLOGY","Legacy Core","true","","true","","","","true","AFRC UP 2024-25 Official Order","None","None","official_verified","unavailable","unavailable"
"C-65423","VIVEKANAND INSTITUTE OF MANAGEMENT","Legacy Core","true","true","","","","","true","Fee Regulation Slab — Gujarat (2024-25)","None","None","legacy","unavailable","unavailable"
"C-64042","IDEAL INSTITUTE OF MANAGEMENT STUDIES","Legacy Core","true","true","","","","","true","Fee Regulation Slab — Odisha (2024-25)","None","None","legacy","unavailable","unavailable"
"C-65491","SHREE KRISHNA DIPLOMA IN HEALTH AND SANITARY INSPECTOR, LAKHANI","Legacy Core","true","true","","","","","true","Fee Regulation Slab — Gujarat (2024-25)","None","None","legacy","unavailable","unavailable"
"C-65504","NGES DIPLOMA IN HEALTH AND SANITARY COLLEGE","Legacy Core","true","true","","","","","true","Fee Regulation Slab — Gujarat (2024-25)","None","None","legacy","unavailable","unavailable"
"C-65509","NOOTAN VINAY MANDIR DIPLOMA IN HEALTH SANITARY INSPECTOR COLLEGE PATAN","Legacy Core","true","true","","","","","true","Fee Regulation Slab — Gujarat (2024-25)","None","None","legacy","unavailable","unavailable"
"C-6551","Chirst Institute of Technology","Legacy Core","true","true","true","","","","true","TNEA 2024 Official Notification","None","None","official_verified","unavailable","unavailable"
"C-65510","JYOTI PRAKASH DIPLOMA IN HEALTH AND SANITARY INSPECTOR COLLEGE","Legacy Core","true","true","","","","","true","Fee Regulation Slab — Gujarat (2024-25)","None","None","legacy","unavailable","unavailable"
"C-65570","AKAR DIPLOMA IN HEALTH AND SANITARY INSPECTOR COLLEGE MAJARA","Legacy Core","true","true","","","","","true","Fee Regulation Slab — Gujarat (2024-25)","None","None","legacy","unavailable","unavailable"
"C-64062","UNIVERSITY INSTITUTE OF TECHNOLOGY REGIONAL CENTRE PARAVUR","Legacy Core","true","true","true","","","","true","TNEA 2024 Official Notification","None","None","official_verified","unavailable","unavailable"
"C-64063","GURU NITHYA CHAITHANYA YATHI COLLEGE OF LAW AND RESEARCH CENTRE","Legacy Core","true","true","","","","","true","Fee Regulation Slab — Kerala (2024-25)","None","None","legacy","unavailable","unavailable"
"C-65645","SMT SHALINITAI MEGHE AYURVED MEDICAL COLLEGE AND HOSPITAL","Legacy Core","true","true","","","","","true","Fee Regulation Slab — Maharashtra (2024-25)","None","None","legacy","unavailable","unavailable"
"C-65725","ASIAN DIPLOMA IN HEALTH AND SANITARY INSPECTOR COLLEGE","Legacy Core","true","true","","","","","true","Fee Regulation Slab — Gujarat (2024-25)","None","None","legacy","unavailable","unavailable"
"C-65727","JOITIBA COLLEGE OF DIPLOMA IN HEALTH AND SANITARY INSPECTOR","Legacy Core","true","true","","","","","true","Fee Regulation Slab — Gujarat (2024-25)","None","None","legacy","unavailable","unavailable"
"C-65729","JIVAN JYOT DIPLOMA IN HEALTH AND SANITARY INSPECTOR","Legacy Core","true","true","","","","","true","Fee Regulation Slab — Gujarat (2024-25)","None","None","legacy","unavailable","unavailable"
"C-65731","A K PATEL DIPLOMA IN HEALTH AND SANITARY INSPECTOR","Legacy Core","true","true","","","","","true","Fee Regulation Slab — Gujarat (2024-25)","None","None","legacy","unavailable","unavailable"
"C-65735","ARRDEKTA INSTITUTE OF DIPLOMA IN HEALTH AND SANITARY INSPECTOR","Legacy Core","true","true","","","","","true","Fee Regulation Slab — Gujarat (2024-25)","None","None","legacy","unavailable","unavailable"
"C-65741","SHREE M M PATEL DIPLOMA IN HEALTH AND SANITARY INSPECTOR COLLEGE LAKHANI","Legacy Core","true","true","","","","","true","Fee Regulation Slab — Gujarat (2024-25)","None","None","legacy","unavailable","unavailable"
"C-65748","GOURAV INSTITUTE OF MANAGEMENT SCIENCE","Legacy Core","true","true","","","","","true","Fee Regulation Slab — West Bengal (2024-25)","None","None","legacy","unavailable","unavailable"
"C-65765","PRIZAM DIPLOMA IN HEALTH AND SANITARY INSPECTOR","Legacy Core","true","","","","","","true","Fee Regulation Slab — Gujarat (2024-25)","None","None","legacy","unavailable","unavailable"
"C-6391","Maitreyi College","Legacy Core","true","true","","","","","true","Fee Regulation Slab — Delhi (2024-25)","None","None","legacy","unavailable","unavailable"
"C-6409","Deshbandhu College","Legacy Core","true","true","","","","","true","Fee Regulation Slab — Delhi (2024-25)","None","None","legacy","unavailable","unavailable"
"C-65881","BHUBANESWAR INSTITUTE OF MANAGEMENT","Legacy Core","true","true","","","","","true","Fee Regulation Slab — Odisha (2024-25)","None","None","legacy","unavailable","unavailable"
"C-65882","MANIPAL ACADEMY OF HIGHER EDUCATION BANGALURU CAMPUS","Legacy Core","true","true","","","","","true","Fee Regulation Slab — Karnataka (2024-25)","None","None","legacy","unavailable","unavailable"
"C-65889","SANTHIGIRI INSTITUTE OF MANAGEMENT","Legacy Core","true","true","","","","","true","Fee Regulation Slab — Kerala (2024-25)","None","None","legacy","unavailable","unavailable"
"C-65891","UTKAL INSTITUTE OF MANAGEMENT","Legacy Core","true","true","","","","","true","Fee Regulation Slab — Odisha (2024-25)","None","None","legacy","unavailable","unavailable"
"C-65900","LAKSHYA INSTITUTE OF TECHNOLOGY","Legacy Core","true","true","true","","","","true","TNEA 2024 Official Notification","None","None","official_verified","unavailable","unavailable"
"C-65922","NAVGUJARAT SANITARY INSPECTOR COLLEGE","Legacy Core","true","true","","","","","true","Fee Regulation Slab — Gujarat (2024-25)","None","None","legacy","unavailable","unavailable"
"C-65934","SHRI K K PATEL DIPLOMA IN HEALTH AND SANITARY INSPECTOR COLLEGE ANDROKHA","Legacy Core","true","true","","","","","true","Fee Regulation Slab — Gujarat (2024-25)","None","None","legacy","unavailable","unavailable"
"C-65941","SHREE SVT DIPLOMA IN HEALTH AND SANITARY INSPECTOR COLLEGE","Legacy Core","true","true","","","","","true","Fee Regulation Slab — Gujarat (2024-25)","None","None","legacy","unavailable","unavailable"
"C-65990","NAVEEN GOVERNMENT COLLEGE RANITARAI","Legacy Core","true","true","","","","","true","Fee Regulation Slab — Chhattisgarh (2024-25)","None","None","legacy","unavailable","unavailable"
"C-66032","CHAITHANAYA INSTITUTE OF MANAGEMENT AND SCIENCE","Legacy Core","true","true","true","","","","true","AFRC MP 2024-25 Order No. 147","None","None","official_verified","unavailable","unavailable"
"C-66056","UNITED INTERNATIONAL DEGREE COLLEGE","Legacy Core","true","true","","","","","true","Fee Regulation Slab — Karnataka (2024-25)","None","None","legacy","unavailable","unavailable"
"C-66058","ST CLARET INSTITUTE OF MANAGEMENT","Legacy Core","true","true","","","","","true","Fee Regulation Slab — Karnataka (2024-25)","None","None","legacy","unavailable","unavailable"
"C-66235","KRISHNA SCHOOL OF ARTS AND HUMANITIES","Legacy Core","true","true","","","","","true","Fee Regulation Slab — Gujarat (2024-25)","None","None","legacy","unavailable","unavailable"
"C-64116","SWAMI VIVEKANANDA INSTITUTE OF MANAGEMENT","Legacy Core","true","true","true","","","","true","TSCHE TAFRC 2024-25 Notification","None","None","official_verified","unavailable","unavailable"
"C-66142","SIDDHIVINAYAK DIPLOMA IN HEALTH AND SANITARY INSPECTOR COLLEGE","Legacy Core","true","true","","","","","true","Fee Regulation Slab — Gujarat (2024-25)","None","None","legacy","unavailable","unavailable"
"C-66169","SRI INSTITUTE OF MANAGEMENT","Legacy Core","true","true","true","","","","true","TNEA 2024 Official Notification","None","None","official_verified","unavailable","unavailable"
"C-66188","INSTITUTE OF MANAGEMENT AND APPLICATION","Legacy Core","true","true","true","","","","true","KEA UGCET 2024 Notification","None","None","official_verified","unavailable","unavailable"
"C-66210","GURUKUL COLLEGE OF DIPLOMA IN HEALTH AND SANITARY INSPECTOR","Legacy Core","true","true","","","","","true","Fee Regulation Slab — Gujarat (2024-25)","None","None","legacy","unavailable","unavailable"
"C-66212","GROW MORE DIPLOMA IN HEALTH AND SANITARY INSPECTOR","Legacy Core","true","true","","","","","true","Fee Regulation Slab — Gujarat (2024-25)","None","None","legacy","unavailable","unavailable"
"C-66214","SHREE SURYODAY DIPLOMA IN HEALTH AND SANITARY INSPACTOR COLLEGE","Legacy Core","true","true","","","","","true","Fee Regulation Slab — Gujarat (2024-25)","None","None","legacy","unavailable","unavailable"
"C-66215","AMBICA DIPLOMA IN HEALTH AND SANITARY INSPECTOR","Legacy Core","true","true","","","","","true","Fee Regulation Slab — Gujarat (2024-25)","None","None","legacy","unavailable","unavailable"
"C-66217","EXPERIMENTAL COLLEGE OF DIPLOMA IN HEALTH AND SANITARY INSPECTOR","Legacy Core","true","","","","","","true","Fee Regulation Slab — Gujarat (2024-25)","None","None","legacy","unavailable","unavailable"
"C-66223","SHRI K V TARAK DIPLOMA IN HEALTH SANITARY INSPECTOR COLLEGE DUCHAKWADA","Legacy Core","true","","","","","","true","Fee Regulation Slab — Gujarat (2024-25)","None","None","legacy","unavailable","unavailable"
"C-66224","CRYSTAL INSTITUTE OF SANITARY INSPECTOR","Legacy Core","true","","","","","","true","Fee Regulation Slab — Gujarat (2024-25)","None","None","legacy","unavailable","unavailable"
"C-66225","SHRI HARI DIPLOMA IN HEALTH AND SANITARY INSPECTOR","Legacy Core","true","true","","","","","true","Fee Regulation Slab — Gujarat (2024-25)","None","None","legacy","unavailable","unavailable"
"C-66230","SHREEJI  BAPA DIPLOMA IN HEALTH AND SANITARY INSPECTOR MEGHRAJ","Legacy Core","true","true","","","","","true","Fee Regulation Slab — Gujarat (2024-25)","None","None","legacy","unavailable","unavailable"
"C-66231","SHREE HARI DIPLOMA IN HEALTH AND SANITARY INSPECTOR COLLEGE","Legacy Core","true","true","","","","","true","Fee Regulation Slab — Gujarat (2024-25)","None","None","legacy","unavailable","unavailable"
"C-66233","MAHISAGAR COLLEGE FOR SANITARY INSPECTOR","Legacy Core","true","true","","","","","true","Fee Regulation Slab — Gujarat (2024-25)","None","None","legacy","unavailable","unavailable"
"C-66241","V S RAVAL DIPLOMA IN HEALTH AND SANITARY PRANTIJ","Legacy Core","true","true","","","","","true","Fee Regulation Slab — Gujarat (2024-25)","None","None","legacy","unavailable","unavailable"
"C-66243","SANJIVANI DIPLOMA IN HEALTH SANITARY INSPECTOR COLLEGE","Legacy Core","true","","","","","","true","Fee Regulation Slab — Gujarat (2024-25)","None","None","legacy","unavailable","unavailable"
"C-66245","DIPLOMA IN HEALTH AND SANITARY INSPECTOR COLLEGE PANTHAWADA","Legacy Core","true","","","","","","true","Fee Regulation Slab — Gujarat (2024-25)","None","None","legacy","unavailable","unavailable"
"C-66252","SHREE M H PARMAR DIPLOMA IN HEALTH AND SANITARY INSPECTORY COLLEGE","Legacy Core","true","true","","","","","true","Fee Regulation Slab — Gujarat (2024-25)","None","None","legacy","unavailable","unavailable"
"C-66255","SHRI K R KATARA DIPLOMA IN HEALTH AND SANITARY INSPECTOR","Legacy Core","true","true","","","","","true","Fee Regulation Slab — Gujarat (2024-25)","None","None","legacy","unavailable","unavailable"
"C-66259","ARVALLI DIPLOMA IN HEALTH AND SANITARY INSPECTOR COLLEGE","Legacy Core","true","true","","","","","true","Fee Regulation Slab — Gujarat (2024-25)","None","None","legacy","unavailable","unavailable"
"C-66260","ADARSH DIPLOMA IN HEALTH AND SANITARY INSPECTOR COLLEGE PATAN","Legacy Core","true","true","","","","","true","Fee Regulation Slab — Gujarat (2024-25)","None","None","legacy","unavailable","unavailable"
"C-66261","SHREE AMARDEEP DIPLOMA IN HEALTH AND SANITARY INSPECTOR","Legacy Core","true","true","","","","","true","Fee Regulation Slab — Gujarat (2024-25)","None","None","legacy","unavailable","unavailable"
"C-66335","PEMIYA RISHIKESH INSTITUTE OF TECHNOLOGY","Legacy Core","true","true","true","","","","true","TNEA 2024 Official Notification","None","None","official_verified","unavailable","unavailable"
"C-64135","RUSTAMJI INSTITUTE OF TECHNOLOGY DIPLOMA","Legacy Core","true","true","true","","","","true","AFRC MP 2024-25 Order No. 147","None","None","official_verified","unavailable","unavailable"
"C-6415","Lady Shri Ram College for Women","Legacy Core","true","true","","","","","true","Fee Regulation Slab — Delhi (2024-25)","None","None","legacy","unavailable","unavailable"
"C-6417","Kamala Nehru College","Legacy Core","true","true","","","","","true","Fee Regulation Slab — Delhi (2024-25)","None","None","legacy","unavailable","unavailable"
"C-64225","TRINITY INSTITUTE OF INNOVATIONS IN PROFESSIONAL STUDIES","Legacy Core","true","true","true","","","","true","AFRC UP 2024-25 Official Order","None","None","official_verified","unavailable","unavailable"
"C-6425","Hans Raj College","Legacy Core","true","true","","","","","true","Fee Regulation Slab — Delhi (2024-25)","None","None","legacy","unavailable","unavailable"
"C-63926","SHIVPURI INSTITUTE OF TECHNOLOGY","Legacy Core","true","true","true","","","","true","AFRC MP 2024-25 Order No. 147","None","None","official_verified","unavailable","unavailable"
"C-6426","Shaheed Rajguru College of Applied Sciences for Women","Legacy Core","true","true","","","","","true","Fee Regulation Slab — Delhi (2024-25)","None","None","legacy","unavailable","unavailable"
"C-6429","Gargi College","Legacy Core","true","true","","","","","true","Fee Regulation Slab — Delhi (2024-25)","None","None","legacy","unavailable","unavailable"
"C-64304","BHAGWAN MAHAVIR COLLEGE OF LIBREAL ARTS HUMANITIES","Legacy Core","true","true","","","","","true","Fee Regulation Slab — Gujarat (2024-25)","None","None","legacy","unavailable","unavailable"
"C-63933","SILVER OAK COLLEGE OF  HUMANITIES AND SOCIAL SCIENCE","Legacy Core","true","true","","","","","true","Fee Regulation Slab — Gujarat (2024-25)","None","None","legacy","unavailable","unavailable"
"C-63940","RAIGARH INSTITUTE OF TECHNOLOGY AND SCIENCE","Legacy Core","true","true","true","","","","true","TNEA 2024 Official Notification","NIRF 2024","None","official_verified","legacy","unavailable"
"C-64395","INDRA INSTITUTE OF MANAGEMENT STUDIES","Legacy Core","true","true","","","","","true","Fee Regulation Slab — Madhya Pradesh (2024-25)","None","None","legacy","unavailable","unavailable"
"C-64396","BHOPAL INSTITUTE OF TECHNOLOGY AND MANAGEMENT MBA","Legacy Core","true","true","true","","","","true","AFRC MP 2024-25 Order No. 147","None","None","official_verified","unavailable","unavailable"
"C-64418","DEVALAMAHARSHI TRINITY FIRST GRADE COLLEGE","Legacy Core","true","true","","","","","true","Fee Regulation Slab — Karnataka (2024-25)","None","None","legacy","unavailable","unavailable"
"C-64454","UNITEDWORLD INSTITUTE OF DESIGN","Legacy Core","true","true","","","","","true","Fee Regulation Slab — Gujarat (2024-25)","None","None","legacy","unavailable","unavailable"
"C-64485","GANESH INSTITUTE OF MANAGEMENT STUDIES","Legacy Core","true","true","","","","","true","Fee Regulation Slab — Odisha (2024-25)","None","None","legacy","unavailable","unavailable"
"C-64529","TRINITY COLLEGE CHHOTI SARWAN","Legacy Core","true","true","","","","","true","Fee Regulation Slab — Rajasthan (2024-25)","None","None","legacy","unavailable","unavailable"
"C-64579","IQ CITY UNITED WORLD SCHOOL OF BUSINESS","Legacy Core","true","true","","","","","true","Fee Regulation Slab — West Bengal (2024-25)","None","None","legacy","unavailable","unavailable"
"C-64728","ALLENHOUSE INSTITUTE OF MANAGEMENT","Legacy Core","true","true","","","","","true","Fee Regulation Slab — Uttar Pradesh (2024-25)","None","None","legacy","unavailable","unavailable"
"C-63980","COLLEGE OF COMMUNITY AND APPLIED SCIENCES","Legacy Core","true","","","","","","true","Fee Regulation Slab — Rajasthan (2024-25)","None","None","legacy","unavailable","unavailable"
"C-64797","UNITY COLLEGE OF ALLIED HEALTH SCIENCES","Legacy Core","true","true","true","","","","true","KEA UGCET 2024 Notification","None","None","official_verified","unavailable","unavailable"
"C-64861","NITYANANDA COLLEGE OF PHARMACY","Legacy Core","true","true","","","","","true","Fee Regulation Slab — Odisha (2024-25)","None","None","legacy","unavailable","unavailable"
"C-64867","ODISHA INSTITUTE OF MANAGEMENT STUDIES","Legacy Core","true","true","","","","","true","Fee Regulation Slab — Odisha (2024-25)","None","None","legacy","unavailable","unavailable"
"C-64868","MAYURBHANJ INSTITUTE OF MANAGEMENT STUDIES","Legacy Core","true","true","","","","","true","Fee Regulation Slab — Odisha (2024-25)","None","None","legacy","unavailable","unavailable"
"C-64884","INSTITUTE OF MANAGEMENT STUDIES","Legacy Core","true","true","true","","","","true","MahaFRA Official Online Portal","None","None","official_verified","unavailable","unavailable"
"C-67452","CIIT COLLEGE","Legacy Core","true","true","true","","","","true","AFRC MP 2024-25 Order No. 147","None","None","official_verified","unavailable","unavailable"
"C-67514","MILITARY INSTITUTE OF TECHNOLOGY","Legacy Core","true","","true","","","","true","TNEA 2024 Official Notification","None","None","official_verified","unavailable","unavailable"
"C-67521","VIJATA VITTALA INSTITUTE OF MANAGEMENT AND SCIENCE","Legacy Core","true","true","","","","","true","Fee Regulation Slab — Karnataka (2024-25)","None","None","legacy","unavailable","unavailable"
"C-66459","ABHIRAM INSTITUTE OF MANAGEMENT AND SCIENCE","Legacy Core","true","true","true","","","","true","AFRC MP 2024-25 Order No. 147","None","None","official_verified","unavailable","unavailable"
"C-67619","UNITY COLLEGE OF NURSING","Legacy Core","true","true","","","","","true","Fee Regulation Slab — Uttarakhand (2024-25)","None","None","legacy","unavailable","unavailable"
"C-67681","METROUNITED NURSING COLLEGE","Legacy Core","true","true","","","","","true","Fee Regulation Slab — Karnataka (2024-25)","None","None","legacy","unavailable","unavailable"
"C-67742","UNITED COLLEGE OF PHYSIOTHERAPY","Legacy Core","true","true","","","","","true","Fee Regulation Slab — Tamil Nadu (2024-25)","None","None","legacy","unavailable","unavailable"
"C-67865","SHRI PRABODHKANT PANDYA SANITARY INSPECTOR COLLEGE","Legacy Core","true","true","","","","","true","Fee Regulation Slab — Gujarat (2024-25)","None","None","legacy","unavailable","unavailable"
"C-67881","ORSANG SANITARY INSPECTOR COLLEGE","Legacy Core","true","true","","","","","true","Fee Regulation Slab — Gujarat (2024-25)","None","None","legacy","unavailable","unavailable"
"C-67953","AASHUTOSH INSTITUTE OF MANAGEMENT SCIENCE AND RESEARCH","Legacy Core","true","true","","","","","true","Fee Regulation Slab — Uttar Pradesh (2024-25)","None","None","legacy","unavailable","unavailable"
"C-68006","FACULTY OF ARTS AND HUMANITIES","Legacy Core","true","true","","","","","true","Fee Regulation Slab — Gujarat (2024-25)","None","None","legacy","unavailable","unavailable"
"C-68018","SYMBIOSIS CENTRE FOR MANAGEMENT STUDIES, HYDERABAD","Legacy Core","true","true","","","","","true","Fee Regulation Slab — Telangana (2024-25)","None","None","legacy","unavailable","unavailable"
"C-68023","EKLAVYA INSTITUTE OF TECHNOLOGY KUNJARA LAILUNGA RAIGARH","Legacy Core","true","","true","","","","true","TNEA 2024 Official Notification","None","None","official_verified","unavailable","unavailable"
"C-68088","RAJKIYA MAHAVIDHYALAYA RAMGARH, NAINITAL","Legacy Core","true","true","","","","","true","Fee Regulation Slab — Uttarakhand (2024-25)","None","None","legacy","unavailable","unavailable"
"C-68122","JAWAHARLAL INSTITUTE OF TECHNOLOGY BORAWAN M C A","Legacy Core","true","true","true","","","","true","AFRC MP 2024-25 Order No. 147","None","None","official_verified","unavailable","unavailable"
"C-68171","VIIT PHARMACY COLLEGE","Legacy Core","true","true","true","","","","true","AFRC UP 2024-25 Official Order","None","None","official_verified","unavailable","unavailable"
"C-68219","DR NITIN HUMANE COLLEGE OF HOTEL MAMAGEMENT AND PROFESSIONAL COURSES, VIHIRGAON NAGPUR","Legacy Core","true","true","","","","","true","Fee Regulation Slab — Maharashtra (2024-25)","None","None","legacy","unavailable","unavailable"
"C-68229","SHRI JIVAN JYOT SANITARY INSPECTOR COLLEGE","Legacy Core","true","true","","","","","true","Fee Regulation Slab — Gujarat (2024-25)","None","None","legacy","unavailable","unavailable"
"C-68233","GURJAR BHARTI INSTITUTE OF SANITARY INSPECTOR COLLEGE, NAGARALA","Legacy Core","true","true","","","","","true","Fee Regulation Slab — Gujarat (2024-25)","None","None","legacy","unavailable","unavailable"
"C-68237","UNITEDWORLD SCHOOL OF COMPUTATIONAL INTELLIGENCE","Legacy Core","true","","","","","","true","Fee Regulation Slab — Gujarat (2024-25)","None","None","legacy","unavailable","unavailable"
"C-66533","SYMBIOSIS CENTRE FOR MANAGEMENT STUDIES, BENGALURU","Legacy Core","true","true","","","","","true","Fee Regulation Slab — Karnataka (2024-25)","None","None","legacy","unavailable","unavailable"
"C-66534","JAY BHAVANI INSTITUTE OF MANAGEMENT","Legacy Core","true","true","","","","","true","Fee Regulation Slab — Maharashtra (2024-25)","None","None","legacy","unavailable","unavailable"
"C-66536","ADITYAS GLOBAL INSTITUTE OF MANAGEMENT","Legacy Core","true","true","","","","","true","Fee Regulation Slab — Karnataka (2024-25)","None","None","legacy","unavailable","unavailable"
"C-68338","SHRI VAISHNAV INSTITUTE OF MANAGEMENT, GWALIOR","Legacy Core","true","true","","","","","true","Fee Regulation Slab — Madhya Pradesh (2024-25)","None","None","legacy","unavailable","unavailable"
"C-68339","KOPAL INSTITUTE OF MANAGEMENT STUDIES","Legacy Core","true","","","","","","true","Fee Regulation Slab — Madhya Pradesh (2024-25)","None","None","legacy","unavailable","unavailable"
"C-68346","ANANT INSTITUTE OF MANAGEMENT STUDIES","Legacy Core","true","true","","","","","true","Fee Regulation Slab — Madhya Pradesh (2024-25)","None","None","legacy","unavailable","unavailable"
"C-68386","NITANSHU MAHAVIDYALAYA NAVKHADA NAGBHID, TAH NAGBHID, DIST CHANDRAPUR","Legacy Core","true","true","","","","","true","Fee Regulation Slab — Maharashtra (2024-25)","None","None","legacy","unavailable","unavailable"
"C-68411","MAHATMA GANDHI INSTITUTE OF TECHNOLOGY","Legacy Core","true","true","true","","","","true","TSCHE TAFRC 2024-25 Notification","None","None","official_verified","unavailable","unavailable"
"C-68449","GAYATRI INSTITUTE OF MANAGEMENT SUDHASARANGI BHUBANESWAR","Legacy Core","true","true","","","","","true","Fee Regulation Slab — Odisha (2024-25)","None","None","legacy","unavailable","unavailable"
"C-68474","SHREEYASH INSTITUTE OF MANAGEMENT STUDIES AND RESEARCH","Legacy Core","true","true","","","","","true","Fee Regulation Slab — Maharashtra (2024-25)","None","None","legacy","unavailable","unavailable"
"C-68475","U D PATHRIKAR INSTITUTE OF MANAGEMENT PATHRI","Legacy Core","true","true","","","","","true","Fee Regulation Slab — Maharashtra (2024-25)","None","None","legacy","unavailable","unavailable"
"C-68511","XAVIER INSTITUTE OF MANAGEMENT JABALPUR XIMJ","Legacy Core","true","true","","","","","true","Fee Regulation Slab — Madhya Pradesh (2024-25)","None","None","legacy","unavailable","unavailable"
"C-68529","SANJAY MEMORIAL INSTITUTE OF TECHNOLOGY , SMIT","Legacy Core","true","true","true","","","","true","TNEA 2024 Official Notification","None","None","official_verified","unavailable","unavailable"
"C-68530","UTKAL INSTITUTE OF TECHNOLOGY AND MANAGEMENT","Legacy Core","true","","true","","","","true","MahaFRA Official Online Portal","None","None","official_verified","unavailable","unavailable"
"C-68532","VAMSI INSTITUTE OF MANAGEMENT STUDIES RAYAGADA","Legacy Core","true","true","","","","","true","Fee Regulation Slab — Odisha (2024-25)","None","None","legacy","unavailable","unavailable"
"C-68538","CENTURION UNIVERSITY OF TECHNOLOGY AND MANAGEMENT","Legacy Core","true","true","true","","","","","AFRC MP 2024-25 Order No. 147","None","None","official_verified","unavailable","unavailable"
"C-68652","PRESIDENCY COLLEGE","Legacy Core","true","true","true","","","","true","AFRC UP 2024-25 Official Order","None","None","official_verified","unavailable","unavailable"
"C-68683","BHABHA INSTITUTE OF MANAGEMENT","Legacy Core","true","true","","","","","true","Fee Regulation Slab — Madhya Pradesh (2024-25)","None","None","legacy","unavailable","unavailable"
"C-66574","UNITED COLLEGE OF NURSING","Legacy Core","true","true","","","","","true","Fee Regulation Slab — Tamil Nadu (2024-25)","None","None","legacy","unavailable","unavailable"
"C-68725","SHRI MAHAKAL INSTITUTE OF MANAGEMENT AND SCIENCE","Legacy Core","true","true","","","","","true","Fee Regulation Slab — Madhya Pradesh (2024-25)","None","None","legacy","unavailable","unavailable"
"C-68726","RADIANT INSTITUTE OF MANAGEMENT AND SCIENCE","Legacy Core","true","true","true","","","","true","AFRC MP 2024-25 Order No. 147","None","None","official_verified","unavailable","unavailable"
"C-66587","INSTITUTE OF MANAGEMENT CO DAV COLLEGE","Legacy Core","true","true","","","","","true","Fee Regulation Slab — Chandigarh (2024-25)","None","None","legacy","unavailable","unavailable"
"C-66375","AAFFINITY  COLLEGE OF NURSING","Legacy Core","true","true","","","","","true","Fee Regulation Slab — Karnataka (2024-25)","None","None","legacy","unavailable","unavailable"
"C-66613","KINGSTON IMPERIAL INSTITUTE OF TECHNOLOGY AND SCIENCES","Legacy Core","true","true","true","","","","true","TNEA 2024 Official Notification","None","None","official_verified","unavailable","unavailable"
"C-66614","MITHLESH INSTITUTE OF MANAGEMENT","Legacy Core","true","","","","","","true","Fee Regulation Slab — Madhya Pradesh (2024-25)","None","None","legacy","unavailable","unavailable"
"C-66660","UNIVERSITY INSTITUTE OF MANAGEMENT ALAPPUZHA","Legacy Core","true","true","","","","","true","Fee Regulation Slab — Kerala (2024-25)","None","None","legacy","unavailable","unavailable"
"C-66676","RIDDHI DIPLOMA IN HEALTH AND SANITARY INSPECTOR","Legacy Core","true","","","","","","true","Fee Regulation Slab — Gujarat (2024-25)","None","None","legacy","unavailable","unavailable"
"C-66679","UNITEDWORLD SCHOOL OF LIBERAL ARTS  AND MASS COMMUNICATION","Legacy Core","true","true","","","","","true","Fee Regulation Slab — Gujarat (2024-25)","None","None","legacy","unavailable","unavailable"
"C-66696","SYMBIOSIS INSTITUTE OF TECHNOLOGY, NAGPUR","Legacy Core","true","true","true","","","","true","TNEA 2024 Official Notification","None","None","official_verified","unavailable","unavailable"
"C-66748","SIGMA COLLEGE OF SANITARY INSPECTOR","Legacy Core","true","true","","","","","true","Fee Regulation Slab — Gujarat (2024-25)","None","None","legacy","unavailable","unavailable"
"C-66391","NITESH KUMAR SMARAK MAHAVIDYALAY PAHARPURTOI VAISHALI","Legacy Core","true","true","","","","","true","Fee Regulation Slab — Bihar (2024-25)","None","None","legacy","unavailable","unavailable"
"C-66873","SERENITY COLLEGE FATEHGARH","Legacy Core","true","true","","","","","true","Fee Regulation Slab — Rajasthan (2024-25)","None","None","legacy","unavailable","unavailable"
"C-66402","JAWAHARLAL INSTITUTE OF TECHNOLOGY AND MANAGEMENT","Legacy Core","true","true","true","","","","true","AFRC MP 2024-25 Order No. 147","None","None","official_verified","unavailable","unavailable"
"C-66969","S S COLLEGE BHOPAL","Legacy Core","true","true","true","","","","true","AFRC MP 2024-25 Order No. 147","None","None","official_verified","unavailable","unavailable"
"C-66413","NAVKAR DIPLOMA IN HEALTH AND SANITARY INSPECTOR","Legacy Core","true","true","","","","","true","Fee Regulation Slab — Gujarat (2024-25)","None","None","legacy","unavailable","unavailable"
"C-67018","NITISHWAR AYURVED MEDICAL COLLEGE AND HOSPITAL","Legacy Core","true","true","","","","","true","Fee Regulation Slab — Bihar (2024-25)","None","None","legacy","unavailable","unavailable"
"C-66415","NACHIKETA  DIPLOMA IN HEALTH AND SANITARY INSPECTOR","Legacy Core","true","true","","","","","true","Fee Regulation Slab — Gujarat (2024-25)","None","None","legacy","unavailable","unavailable"
"C-66419","SHRI M N PATEL DIPLOMA IN HEALTH AND SANITARY INSPECTOR COLLEGE","Legacy Core","true","true","","","","","true","Fee Regulation Slab — Gujarat (2024-25)","None","None","legacy","unavailable","unavailable"
"C-67083","MANAV INSTITUTE OF TECHNOLOGY","Legacy Core","true","true","true","","","","true","AFRC MP 2024-25 Order No. 147","None","None","official_verified","unavailable","unavailable"
"C-66420","VRUNDAVAN DIPLOMA IN HEALTH AND SANITARY INSPECTOR","Legacy Core","true","true","","","","","true","Fee Regulation Slab — Gujarat (2024-25)","None","None","legacy","unavailable","unavailable"
"C-66423","ARADHANA DIPLOMA HEALTH SANITARY INSPECTOR","Legacy Core","true","","","","","","true","Fee Regulation Slab — Gujarat (2024-25)","None","None","legacy","unavailable","unavailable"
"C-66426","RAJVI DIPLOMA IN HEALTH AND SANITARY INSPECTOR COLLEGE KODIYAVADA","Legacy Core","true","true","","","","","true","Fee Regulation Slab — Gujarat (2024-25)","None","None","legacy","unavailable","unavailable"
"C-67189","MOUNT ZION INSTITUTE OF MANAGEMENT","Legacy Core","true","","","","","","true","Fee Regulation Slab — Kerala (2024-25)","None","None","legacy","unavailable","unavailable"
"C-66428","EKLAVYA PERA TECHNICAL COLLEGE DIPLOMA IN HEALTH AND SANITARY INSPECTOR PANOL","Legacy Core","true","","","","","","true","Fee Regulation Slab — Gujarat (2024-25)","None","None","legacy","unavailable","unavailable"
"C-66429","BHARAT EDUCATION TRUST SANCHALIT DIPLOMA IN HEALTH AND SANITARI INSPECTOR","Legacy Core","true","true","","","","","true","Fee Regulation Slab — Gujarat (2024-25)","None","None","legacy","unavailable","unavailable"
"C-66436","DIPLOMA IN HEALTH SANITARY INSPECTOR COLLEGE   RADHANPUR","Legacy Core","true","true","","","","","true","Fee Regulation Slab — Gujarat (2024-25)","None","None","legacy","unavailable","unavailable"
"C-67286","NEOTECH INSTITUTE OF MANAGEMENT STUDIES","Legacy Core","true","true","","","","","true","Fee Regulation Slab — Madhya Pradesh (2024-25)","None","None","legacy","unavailable","unavailable"
"C-67301","AMBIKA INSTITUTE OF MANAGEMENT","Legacy Core","true","true","","","","","true","Fee Regulation Slab — Madhya Pradesh (2024-25)","None","None","legacy","unavailable","unavailable"
"C-66440","SHRI T S PATEL DIPLOMA IN HEALTH SANITARY INSPECTOR COLLEGE AMBALIYARA","Legacy Core","true","true","","","","","true","Fee Regulation Slab — Gujarat (2024-25)","None","None","legacy","unavailable","unavailable"
"C-67331","AHIRKAR INSTITUTE OF MANAGEMENT STUDIES","Legacy Core","true","true","","","","","true","Fee Regulation Slab — Maharashtra (2024-25)","None","None","legacy","unavailable","unavailable"
"C-67340","KESHAV MEMORIAL INSTITUTE OF MANAGEMENT","Legacy Core","true","true","true","","","","true","TSCHE TAFRC 2024-25 Notification","None","None","official_verified","unavailable","unavailable"
"C-67372","SHREE KRISHNA DIPLOMA IN HEALTH AND SANITARY INSPECTOR BHABHAR","Legacy Core","true","true","","","","","true","Fee Regulation Slab — Gujarat (2024-25)","None","None","legacy","unavailable","unavailable"
"C-67380","JIIT BICHHUA","Legacy Core","true","true","true","","","","true","AFRC MP 2024-25 Order No. 147","None","None","official_verified","unavailable","unavailable"
"C-66445","GRAVITY DIPLOMA IN HEALTH AND SANITARY INSPECTOR COLLEGE KHEDBRAHMA","Legacy Core","true","true","","","","","true","Fee Regulation Slab — Gujarat (2024-25)","None","None","legacy","unavailable","unavailable"
"C-69","Shree Swaminarayan Institute of Management & I.T.Porbandar.(SFI) 810","Legacy Core","true","true","","","","","true","Fee Regulation Slab — Gujarat (2024-25)","None","None","legacy","unavailable","legacy"
"C-69956","G L BAJAJ INSTITUTE OF MANAGEMENT","Legacy Core","true","true","true","","","","true","AFRC UP 2024-25 Official Order","None","None","official_verified","unavailable","unavailable"
"C-69960","UNITED COLLEGE OF EDUCATION","Legacy Core","true","true","true","","","","true","AFRC UP 2024-25 Official Order","None","None","official_verified","unavailable","unavailable"
"C-70046","ADITYA INSTITUTE OF MANAGEMENT, SCIENCE AND RESEARCH","Legacy Core","true","true","","","","","true","Fee Regulation Slab — Puducherry (2024-25)","None","None","legacy","unavailable","unavailable"
"C-70055","INSTITUTE OF MANAGEMENT STUDIES","Legacy Core","true","true","true","","","","true","MahaFRA Official Online Portal","None","None","official_verified","unavailable","unavailable"
"C-70078","UNIVERSITY INSTITUTE OF TECHNOLOGY,REGIONAL CENTRE,AZHOOR","Legacy Core","true","true","true","","","","true","TNEA 2024 Official Notification","None","None","official_verified","unavailable","unavailable"
"C-70082","B V PATEL INSTITUTE OF MANAGEMENT","Legacy Core","true","true","true","","","","true","KEA UGCET 2024 Notification","None","None","official_verified","unavailable","legacy"
"C-7010","Sri Siddartha Institute of Management Studies","Legacy Core","true","true","","","","","true","Fee Regulation Slab — Karnataka (2024-25)","None","None","legacy","unavailable","unavailable"
"C-70108","NATIONAL DIPLOMA IN HEALTH AND SANITARY INSPECTOR COLLEGE","Legacy Core","true","true","","","","","true","Fee Regulation Slab — Gujarat (2024-25)","None","None","legacy","unavailable","unavailable"
"C-69018","MEDHAVI INSTITUTE OF MANAGEMENT JABALPUR","Legacy Core","true","true","","","","","true","Fee Regulation Slab — Madhya Pradesh (2024-25)","None","None","legacy","unavailable","unavailable"
"C-70133","ISHAAN INSTITUTE OF MANAGEMENT STUDIES","Legacy Core","true","","","","","","true","Fee Regulation Slab — Odisha (2024-25)","None","None","legacy","unavailable","unavailable"
"C-70160","PSIT  PRANVEER SINGH INSTITUTE OF TECHNOLOGY PHARMACY","Legacy Core","true","","true","","","","true","AFRC UP 2024-25 Official Order","None","None","official_verified","unavailable","unavailable"
"C-70164","BABADEV DIPLOMA IN SANITARY INSPECTOR COLLEGE, CHHOTAUDEPUR","Legacy Core","true","true","","","","","true","Fee Regulation Slab — Gujarat (2024-25)","None","None","legacy","unavailable","unavailable"
"C-70180","BIRLA INSTITUTE OF TECHNOLOGY OFF CAMPUS JAIPUR","Legacy Core","true","","true","","","","true","TNEA 2024 Official Notification","None","None","official_verified","unavailable","unavailable"
"C-70192","NIGAMANANDA INSTITUTE OF MANAGEMENT STUDIES","Legacy Core","true","","","","","","true","Fee Regulation Slab — Odisha (2024-25)","None","None","legacy","unavailable","unavailable"
"C-69027","SATHYABAMA COLLEGE OF EDUCATION","Legacy Core","true","true","","","","","true","Fee Regulation Slab — Tamil Nadu (2024-25)","None","None","legacy","unavailable","unavailable"
"C-70277","SYMBIOSIS INSTITUTE OF BUSINESS MANAGEMENT, NOIDA","Legacy Core","true","true","true","","","","true","SIBM Fee Structure 2024-26","NIRF 2024","None","official_verified","legacy","unavailable"
"C-70307","CHENNAI INSTITUTE OF TECHNOLOGY AND APPLIED RESEARCH","Legacy Core","true","","true","","","","true","TNEA 2024 Official Notification","None","None","official_verified","unavailable","legacy"
"C-70534","NARAYANI INSTITUTE OF MANAGEMENT AND COMPUTER EDUCATION,TALCHER,ANGUL","Legacy Core","true","true","true","","","","true","AFRC UP 2024-25 Official Order","None","None","official_verified","unavailable","unavailable"
"C-70579","IITM COLLEGE OF PHARMACY","Legacy Core","true","true","","","","","true","Fee Regulation Slab — Haryana (2024-25)","None","None","legacy","unavailable","unavailable"
"C-70633","JAIHIND COMPREHENSIVE EDUCATIONAL INSTITUTES JAIHIND INSTITUTE OF MANAGEMENT AND RESEARCH","Legacy Core","true","","","","","","true","Fee Regulation Slab — Maharashtra (2024-25)","None","None","legacy","unavailable","unavailable"
"C-70670","YASHWANTRAO BHONSALE INSTITUTE OF TECHNOLOGY","Legacy Core","true","","true","","","","true","TNEA 2024 Official Notification","None","None","official_verified","unavailable","unavailable"
"C-70703","SWAMI VIVEKANAND INSTITUTE OF MANAGEMENT TIKAMGARH","Legacy Core","true","","","","","","true","Fee Regulation Slab — Madhya Pradesh (2024-25)","None","None","legacy","unavailable","unavailable"
"C-70725","GREGORIAN INSTITUTE OF TECHNOLOGY","Legacy Core","true","","true","","","","true","TNEA 2024 Official Notification","None","None","official_verified","unavailable","unavailable"
"C-70726","SITARAM INSTITUTE OF TECHNOLOGY,MAVI,MEERUT","Legacy Core","true","true","true","","","","true","AFRC UP 2024-25 Official Order","None","None","official_verified","unavailable","unavailable"
"C-70733","ARRDEKTA INSTITUTE OF TECHNOLOGY","Legacy Core","true","","true","","","","true","TNEA 2024 Official Notification","None","None","official_verified","unavailable","legacy"
"C-70852","SUSHILA SURYAWANSHI MANAGEMNT INSTITUTE OF TECHNOLOGY ADVANCEMENT","Legacy Core","true","","true","","","","true","TNEA 2024 Official Notification","None","None","official_verified","unavailable","unavailable"
"C-70870","INSTITUTE OF MANAGEMENT AND SCIENCES","Legacy Core","true","","true","","","","true","KEA UGCET 2024 Notification","None","None","official_verified","unavailable","unavailable"
"C-70897","INSTITUTE OF TECHNOLOGY BAUN UTTARKASHI","Legacy Core","true","","true","","","","true","TNEA 2024 Official Notification","None","None","official_verified","unavailable","unavailable"
"C-70957","MAMTA INSTITUTE OF TECHNOLOGY","Legacy Core","true","","true","","","","true","TNEA 2024 Official Notification","None","None","official_verified","unavailable","unavailable"
"C-71002","DR SUBHASH UNIVERSITY, SCHOOL OF ARTS AND HUMANITIES","Legacy Core","true","true","","","","","true","Fee Regulation Slab — Gujarat (2024-25)","None","None","legacy","unavailable","legacy"
"C-71061","VIDYA MEMORIAL INSTITUTE OF TECHNOLOGY","Legacy Core","true","true","true","","","","true","TNEA 2024 Official Notification","None","None","official_verified","unavailable","unavailable"
"C-71066","SUBHASH INSTITUTE OF TECHNOLOGY GIRIDIH","Legacy Core","true","true","true","","","","true","TNEA 2024 Official Notification","None","None","official_verified","unavailable","unavailable"
"C-71069","SAROJINI INSTITUTE OF TECHNOLOGY","Legacy Core","true","true","true","","","","true","TNEA 2024 Official Notification","None","None","official_verified","unavailable","unavailable"
"C-71102","NARNARAYAN SHASTRI INSTITUTE OF TECHNOLOGY, INSTITUTE OF FORENSIC SCIENCES AND CYBER SECURITY","Legacy Core","true","true","true","","","","true","TNEA 2024 Official Notification","None","None","official_verified","unavailable","legacy"
"C-71171","DHANBAD INSTITUTE OF TECHNOLOGY","Legacy Core","true","","true","","","","true","TNEA 2024 Official Notification","NIRF 2024","None","official_verified","legacy","unavailable"
"C-71183","RATTAN INSTITUTE OF MANAGEMENT","Legacy Core","true","","","","","","true","Fee Regulation Slab — Haryana (2024-25)","None","None","legacy","unavailable","unavailable"
"C-71341","SYMBIOSIS COLLEGE OF PHYSIOTHERAPY JAIPUR","Legacy Core","true","","","","","","true","Fee Regulation Slab — Rajasthan (2024-25)","None","None","legacy","unavailable","unavailable"
"C-69178","KEWALSHREE INSTITUTE OF MANAGEMENT","Legacy Core","true","true","","","","","true","Fee Regulation Slab — Madhya Pradesh (2024-25)","None","None","legacy","unavailable","unavailable"
"C-68905","DIVINE INSTITUTE OF MANAGEMENT AND STUDIES","Legacy Core","true","true","true","","","","true","MahaFRA Official Online Portal","None","None","official_verified","unavailable","unavailable"
"C-69349","KRISHNA INSTITUTE OF MANAGEMENT AND SCIENCE, KIMS","Legacy Core","true","true","","","","","true","Fee Regulation Slab — Odisha (2024-25)","None","None","legacy","unavailable","unavailable"
"C-68948","BIRSA INSTITUTE OF TECHNOLOGY (TRUST)","Legacy Core","true","true","true","","","","true","TNEA 2024 Official Notification","None","None","official_verified","unavailable","unavailable"
"C-69405","ORIENTAL INSTITUTE OF MANAGEMENT LALBURRA","Legacy Core","true","true","","","","","true","Fee Regulation Slab — Madhya Pradesh (2024-25)","None","None","legacy","unavailable","unavailable"
"C-69416","AGRAGATI INSTITUTE OF HEALTH SCIENCES NURSING EDUCATION UNIT","Legacy Core","true","true","","","","","true","Fee Regulation Slab — West Bengal (2024-25)","None","None","legacy","unavailable","unavailable"
"C-69482","DON BOSCO INSTITUTE OF TECHNOLOGY","Legacy Core","true","true","true","","","","true","TNEA 2024 Official Notification","None","None","official_verified","unavailable","unavailable"
"C-69490","JAIN  TRINITY  BUSINESS  SCHOOL","Legacy Core","true","true","","","","","true","Fee Regulation Slab — Karnataka (2024-25)","None","None","legacy","unavailable","unavailable"
"C-6965","Siddashri First Grade College, Nittur","Legacy Core","true","true","","","","","true","Fee Regulation Slab — Karnataka (2024-25)","None","None","legacy","unavailable","unavailable"
"C-69730","UNITY INSTITUTE OF PARAMEDICAL SCIENCE AND RESEARCH","Legacy Core","true","true","","","","","true","Fee Regulation Slab — Odisha (2024-25)","None","None","legacy","unavailable","unavailable"
"C-69783","SIRAJUL HUDA INSTITUTE OF MANAGEMENT STUDIES","Legacy Core","true","true","","","","","true","Fee Regulation Slab — Kerala (2024-25)","None","None","legacy","unavailable","unavailable"
"C-69839","SMT PARMESHWARIDEVI DURGADUTT TIBREWALA INSTITUTE OF MANAGEMENT AND RESEARCH","Legacy Core","true","true","","","","","true","Fee Regulation Slab — Maharashtra (2024-25)","None","None","legacy","unavailable","unavailable"
"C-69849","BANGALORE INSTITUTE OF MANAGEMENT SCIENCE AND RESEARCH","Legacy Core","true","true","","","","","true","Fee Regulation Slab — Karnataka (2024-25)","None","None","legacy","unavailable","unavailable"
"C-69880","TECHNOCRATS INSTITUTE OF TECHNOLOGY AND SCIENCE PHARMACY","Legacy Core","true","true","true","","","","true","AFRC MP 2024-25 Order No. 147","NIRF 2024","None","official_verified","legacy","unavailable"
"C-72351","BHAGWATI INSTITUTE OF TECHNOLOGY AND SCIENCE","Legacy Core","true","","true","","","","true","AFRC UP 2024-25 Official Order","NIRF 2024","None","official_verified","legacy","unavailable"
"C-72362","ANUSHASHAN INSTITUTE OF MANAGEMENT","Legacy Core","true","","","","","","true","Fee Regulation Slab — Madhya Pradesh (2024-25)","None","None","legacy","unavailable","unavailable"
"C-72363","GOMTI NANDAN INSTITUTE OF MANAGEMENT AND RESEARCH","Legacy Core","true","","","","","","true","Fee Regulation Slab — Madhya Pradesh (2024-25)","None","None","legacy","unavailable","unavailable"
"C-7244","Manipal Institute of Management, Manipal","Legacy Core","true","true","","","","","true","Fee Regulation Slab — Karnataka (2024-25)","None","None","legacy","unavailable","unavailable"
"C-72567","PUNE CAMBRIDGE INSTITUTE OF MANAGEMENT AND COMPUTER APPLICATION","Legacy Core","true","","","","","","true","Fee Regulation Slab — Maharashtra (2024-25)","None","None","legacy","unavailable","unavailable"
"C-72604","SYMBIOSIS INSTITUTE OF TECHNOLOGY, HYDERABAD","Legacy Core","true","true","true","","","","true","TSCHE TAFRC 2024-25 Notification","NIRF 2024","None","official_verified","legacy","legacy"
"C-71484","VSS DR SHIVAJI MADAN INSTITUTE OF MANAGEMENT JALNA","Legacy Core","true","true","","","","","true","Fee Regulation Slab — Maharashtra (2024-25)","None","None","legacy","unavailable","unavailable"
"C-72749","S K MISHRA ANITA AYURVEDIC MEDICAL COLLEGE","Legacy Core","true","","true","","","","true","AFRC UP 2024-25 Official Order","None","None","official_verified","unavailable","unavailable"
"C-74","R.B. Institute of Management Studies (SFI),Ahmedabad. 746","Legacy Core","true","true","","","","","true","Fee Regulation Slab — Gujarat (2024-25)","None","None","legacy","unavailable","legacy"
"C-7411","Late Nitin Mahavidyalaya, Pathri","Legacy Core","true","true","","","","","true","Fee Regulation Slab — Maharashtra (2024-25)","None","None","legacy","unavailable","unavailable"
"C-7435","Indira Institute of Management Sciences, Vishnupuri, Nanded","Legacy Core","true","true","","","","","true","Fee Regulation Slab — Maharashtra (2024-25)","None","None","legacy","unavailable","unavailable"
"C-71506","TRINITY COLLEGE OF ARTS COMMERCE AND SCIENCE","Legacy Core","true","","","","","","true","Fee Regulation Slab — Maharashtra (2024-25)","None","None","legacy","unavailable","unavailable"
"C-80","GANDHINAGAR INSTITUTE OF TECHNOLOGY, GANDHINAGAR 715","Legacy Core","true","true","true","","","","true","TNEA 2024 Official Notification","NIRF 2024","None","official_verified","legacy","legacy"
"C-71528","NITISHWAR SINGH DEGREE MAHAVIDYALAYA, SARMASTPUR, PAROO, MUZAFFARPUR","Legacy Core","true","true","","","","","true","Fee Regulation Slab — Bihar (2024-25)","None","None","legacy","unavailable","unavailable"
"C-8082","Holy Cross Institute of Management and Technology, Kozhikode","Legacy Core","true","true","true","","","","true","TNEA 2024 Official Notification","None","None","official_verified","unavailable","unavailable"
"C-8091","YUVAKSHETRA INSTITUTE OF MANAGEMENT STUDIES, EZHAKKAD, MUNDUR","Legacy Core","true","true","","","","","true","Fee Regulation Slab — Kerala (2024-25)","None","None","legacy","unavailable","unavailable"
"C-8145","SNES INSTITUTE OF MANAGEMENT STUDIES AND RESEARCH, CHETHUKADAVU","Legacy Core","true","true","","","","","true","Fee Regulation Slab — Kerala (2024-25)","None","None","legacy","unavailable","unavailable"
"C-71542","AKASH INSTITUTE OF MANAGEMENT AND SCIENCE","Legacy Core","true","","true","","","","true","AFRC MP 2024-25 Order No. 147","None","None","official_verified","unavailable","unavailable"
"C-71543","UNITEDWORLD SCHOOL OF BUSINESS","Legacy Core","true","","","","","","true","Fee Regulation Slab — Gujarat (2024-25)","None","None","legacy","unavailable","unavailable"
"C-8196","VEDAVYASA INSTITUTE OF TECHNOLOGY, PONNEMPADAM","Legacy Core","true","true","true","","","","true","TNEA 2024 Official Notification","None","None","official_verified","unavailable","unavailable"
"C-8230","REGIONAL COLLEGE OF SCIENCE AND HUMANITIES","Legacy Core","true","true","","","","","true","Fee Regulation Slab — Kerala (2024-25)","None","None","legacy","unavailable","unavailable"
"C-71554","SAI INSTITUTE OF MANAGEMENT","Legacy Core","true","","","","","","true","Fee Regulation Slab — Madhya Pradesh (2024-25)","None","None","legacy","unavailable","unavailable"
"C-8357","United Tribal Degree College,P.O.Bilmukh, Dist.Lakhimpur","Legacy Core","true","true","","","","","true","Fee Regulation Slab — Assam (2024-25)","None","None","legacy","unavailable","unavailable"
"C-8389","H.C.D.G. College P.O. Nitaipukhuri-785671","Legacy Core","true","true","","","","","true","Fee Regulation Slab — Assam (2024-25)","None","None","legacy","unavailable","unavailable"
"C-84","Kalol Institute of Management (SFI) (MCA Programme) 514","Legacy Core","true","true","","","","","true","Fee Regulation Slab — Gujarat (2024-25)","None","None","legacy","unavailable","unavailable"
"C-8474","North East Institute of Management Science. P.O. Jorhat","Legacy Core","true","true","","","","","true","Fee Regulation Slab — Assam (2024-25)","None","None","legacy","unavailable","unavailable"
"C-86","Ahmedabad Institute Of Technology Gota, Ahmedabad (SFI)  701","Legacy Core","true","true","true","","","","true","TNEA 2024 Official Notification","None","None","official_verified","unavailable","legacy"
"C-8601","Allam Karibasappa Institute of Management, Bellary.","Legacy Core","true","true","","","","","true","Fee Regulation Slab — Karnataka (2024-25)","None","None","legacy","unavailable","unavailable"
"C-71598","GOVERNMENT GIRLS COLLEGE NITHAR","Legacy Core","true","","","","","","true","Fee Regulation Slab — Rajasthan (2024-25)","None","None","legacy","unavailable","unavailable"
"C-8819","130082-SSMACT'S SMT. SITABAI MANGILAL AGRAWAL INSTITUTE OF MANAGEMENT, CHALISGAON","Legacy Core","true","true","","","","","true","Fee Regulation Slab — Maharashtra (2024-25)","None","None","legacy","unavailable","unavailable"
"C-8839","200024-JAI HIND ET'S INSTITUTE OF MANAGEMENT, DHULE.","Legacy Core","true","","","","","","true","Fee Regulation Slab — Maharashtra (2024-25)","None","None","legacy","unavailable","unavailable"
"C-71380","XAVIER INSTITUTE OF MANAGEMENT AND INFORMATICS","Legacy Core","true","true","","","","","true","Fee Regulation Slab — Rajasthan (2024-25)","None","None","legacy","unavailable","unavailable"
"C-71723","DR BHAGAT SINGH RAI INSTITUTE OF TECHNOLOGY SEONI","Legacy Core","true","","true","","","","true","AFRC MP 2024-25 Order No. 147","None","None","official_verified","unavailable","unavailable"
"C-71757","RAJKUMAR GOEL INSTITUTE OF TECHNOLOGY, GHAZIABAD UP","Legacy Core","true","true","true","","","","true","AFRC UP 2024-25 Official Order","None","None","official_verified","unavailable","unavailable"
"C-71803","BR INSTITUTE OF TECHNOLOGY AND MANAGEMENT SCIENCES, YANAMADALA, GUNTUR DISTRICT","Legacy Core","true","true","true","","","","true","APSCHE EAPCET 2024 G.O. Ms. No. 17","None","None","official_verified","unavailable","unavailable"
"C-71806","ANGEL COMMUNITY COLLEGE OF FIRE SAFETY","Legacy Core","true","","","","","","true","Fee Regulation Slab — Gujarat (2024-25)","None","None","legacy","unavailable","unavailable"
"C-71823","AFFINITY INSTITUTE OF MEDICAL SCIENCE","Legacy Core","true","","","","","","true","Fee Regulation Slab — Odisha (2024-25)","None","None","legacy","unavailable","unavailable"
"C-71889","BHASKAR INSTITUTE OF TECHNOLOGY AND SCIENCE","Legacy Core","true","","true","","","","true","APSCHE EAPCET 2024 G.O. Ms. No. 17","NIRF 2024","None","official_verified","legacy","unavailable"
"C-71891","BALAJI INSTITUTE OF TECHNOLOGY","Legacy Core","true","","true","","","","true","TNEA 2024 Official Notification","None","None","official_verified","unavailable","unavailable"
"C-71408","BUDDHA INSTITUTE OF MANAGEMENT","Legacy Core","true","","true","","","","true","AFRC UP 2024-25 Official Order","None","None","official_verified","unavailable","unavailable"
"C-72005","SRI SAI INSTITUTE OF MANAGEMENT SCIENCE","Legacy Core","true","","true","","","","true","APSCHE EAPCET 2024 G.O. Ms. No. 17","None","None","official_verified","unavailable","unavailable"
"C-72042","SANT SAMARTH INSTITUTE OF MANAGEMENT","Legacy Core","true","","","","","","true","Fee Regulation Slab — Telangana (2024-25)","None","None","legacy","unavailable","unavailable"
"C-72064","SANJIVANI RURAL EDUCATION SOCIETYS SANJIVANI INSTITUTE OF MANAGEMENT STUDIES","Legacy Core","true","","","","","","true","Fee Regulation Slab — Maharashtra (2024-25)","None","None","legacy","unavailable","unavailable"
"C-72089","DARSHAN INSTITUTE OF MANAGEMENT","Legacy Core","true","","","","","","true","Fee Regulation Slab — Gujarat (2024-25)","None","None","legacy","unavailable","legacy"
"C-72092","DARSHAN INSTITUTE OF HUMANITIES","Legacy Core","true","","","","","","true","Fee Regulation Slab — Gujarat (2024-25)","None","None","legacy","unavailable","legacy"
"C-72155","SHRI BABU SINGH INSTITUTE OF TECHNOLOGY AND MANAGEMENT","Legacy Core","true","","true","","","","true","AFRC UP 2024-25 Official Order","None","None","official_verified","unavailable","unavailable"
"C-72183","UNIVERSITY COLLEGE OF MANAGEMENT HYDERABAD","Legacy Core","true","","","","","","true","Fee Regulation Slab — Telangana (2024-25)","None","None","legacy","unavailable","unavailable"
"C-72188","SHRI NAVJEEVAN DIPLOMA IN HEALTH AND SANITARY INSPECTOR","Legacy Core","true","","","","","","true","Fee Regulation Slab — Gujarat (2024-25)","None","None","legacy","unavailable","unavailable"
"C-72278","JMS INSTITUTE OF TECHNOLOGY, GHAZIABAD","Legacy Core","true","true","true","","","","true","AFRC UP 2024-25 Official Order","NIRF 2024","None","official_verified","legacy","unavailable"
"C-33530","Angel  Charities Fr. C. Rodrigues Institute of Technology, Sector 9- A, Vashi, Navi Mumbai - 400703","Legacy Core","true","true","true","","","","true","TNEA 2024 Official Notification","None","None","official_verified","unavailable","unavailable"
"C-46231","GREATER NOIDA INSTITUTE OF TECHNOLOGY (ENGINEERING INSTITUTE)","Legacy Core","true","true","true","","","","true","AFRC UP 2024-25 Official Order","None","None","official_verified","unavailable","unavailable"
"C-8868","240074-R.C.PATEL EDU.TRUST'S INSTITUTE OF MANAGEMENT RESEARCH&DEVELOPMENT, SHIRPUR","Legacy Core","true","true","","","","","true","Fee Regulation Slab — Maharashtra (2024-25)","None","None","legacy","unavailable","unavailable"
"C-9001","220104-SGSSS'S P.G. INSTITUTE OF MANAGEMENT & RESEARCH, CHAUPALE, TAL&DIST-NANDURBAR","Legacy Core","true","true","","","","","true","Fee Regulation Slab — Maharashtra (2024-25)","None","None","legacy","unavailable","unavailable"
"C-6528","Dr.B.R. Ambedkar Institute of Technology","Legacy Core","true","true","true","","","","true","TNEA 2024 Official Notification","NIRF 2024","None","official_verified","legacy","unavailable"
"C-9027","100010-KCES'S INSTITUTE OF MANAGEMENT & RESEARCH, JALGAON.","Legacy Core","true","true","","","","","true","Fee Regulation Slab — Maharashtra (2024-25)","None","None","legacy","unavailable","unavailable"
"C-9046","D440 Synergy Institute of management Raichur","Legacy Core","true","true","","","","","true","Fee Regulation Slab — Karnataka (2024-25)","None","None","legacy","unavailable","unavailable"
"S-16171","Chaitanya Bharathi Institute of Technology (Polytechnic)","Legacy Core","true","","true","","","","true","APSCHE EAPCET 2024 G.O. Ms. No. 17","None","None","official_verified","unavailable","unavailable"
"S-496","AMBEDKAR INSTITUTE OF MANAGEMENT STUDIES","Legacy Core","true","","","","","","true","Fee Regulation Slab — Andhra Pradesh (2024-25)","None","None","legacy","unavailable","unavailable"
"S-18320","Sonitpur Polytechnic","Legacy Core","true","","","","","","true","Fee Regulation Slab — Assam (2024-25)","None","None","legacy","unavailable","unavailable"
"S-21837","GNM TRAINING SCHOOL, NALBARI MATERNITY HOSPITAL, NALBARI","Legacy Core","true","","","","","","true","Fee Regulation Slab — Assam (2024-25)","None","None","legacy","unavailable","unavailable"
"S-5716","NORMAL SCHOOL SONITPUR","Legacy Core","true","","","","","","true","Fee Regulation Slab — Assam (2024-25)","None","None","legacy","unavailable","unavailable"
"S-5712","DIET SONITPUR","Legacy Core","true","","","","","","true","Fee Regulation Slab — Assam (2024-25)","None","None","legacy","unavailable","unavailable"
"S-3697","CATHOLIC HOSPITAL SONITPUR","Legacy Core","true","","","","","","true","Fee Regulation Slab — Assam (2024-25)","None","None","legacy","unavailable","unavailable"
"S-3709","SCHOOL OF NURSING SONITPUR","Legacy Core","true","","","","","","true","Fee Regulation Slab — Assam (2024-25)","None","None","legacy","unavailable","unavailable"
"S-14905","Assam Institute of Management","Legacy Core","true","","","","","","true","Fee Regulation Slab — Assam (2024-25)","None","None","legacy","unavailable","unavailable"
"S-16202","J.P. Institute of Technology","Legacy Core","true","","true","","","","true","MahaFRA Official Online Portal","NIRF 2024","None","official_verified","legacy","unavailable"
"S-40","CHANDRAGUPT INSTITUTE OF MANAGEMENT PATNA","Legacy Core","true","","","","","","true","Fee Regulation Slab — Bihar (2024-25)","None","None","legacy","unavailable","unavailable"
"C-9365","Trinity Teachers' Training College","Legacy Core","true","true","","","","","true","Fee Regulation Slab — Manipur (2024-25)","None","None","legacy","unavailable","unavailable"
"C-9384","United College","Legacy Core","true","true","true","","","","true","AFRC UP 2024-25 Official Order","None","None","official_verified","unavailable","unavailable"
"C-9388","Manipur Institute of Technology","Legacy Core","true","true","true","","","","true","TNEA 2024 Official Notification","NIRF 2024","None","official_verified","legacy","unavailable"
"C-9410","Presidency College","Legacy Core","true","true","true","","","","true","AFRC UP 2024-25 Official Order","None","None","official_verified","unavailable","unavailable"
"C-8857","200088-SYSTEL TECHNICAL EDUCATION SOCIETYS SYSTEL INSTITUTE OF MANAGEMENT & RESEARCH, DEOPUR,DHULE.","Legacy Core","true","true","","","","","true","Fee Regulation Slab — Maharashtra (2024-25)","None","None","legacy","unavailable","unavailable"
"C-8897","190041-PTSS'S SAU. RAJNITAI N.DESHMUKH ARTS,COMMERCE & SCIENCE COLLEGE, BHADGAON.","Legacy Core","true","true","","","","","true","Fee Regulation Slab — Maharashtra (2024-25)","None","None","legacy","unavailable","unavailable"
"C-9458","ER & DCI Institute of Technology","Legacy Core","true","true","true","","","","true","TNEA 2024 Official Notification","None","None","official_verified","unavailable","unavailable"
"C-9463","T.K.M.Institute of Technology","Legacy Core","true","true","true","","","","true","MahaFRA Official Online Portal","NIRF 2024","None","official_verified","legacy","unavailable"
"C-9476","Cochin University College of Engineering","Legacy Core","true","true","true","","","","true","TNEA 2024 Official Notification","None","None","official_verified","unavailable","unavailable"
"C-8905","100081-GODAVARI FOUNDATION'S GODAVARI INSTITUTE OF MANAGEMENT & RESEARCH JALGAON","Legacy Core","true","true","","","","","true","Fee Regulation Slab — Maharashtra (2024-25)","None","None","legacy","unavailable","unavailable"
"C-9595","Tripura Institute of Technology","Legacy Core","true","true","true","","","","true","TNEA 2024 Official Notification","None","None","official_verified","unavailable","unavailable"
"C-8942","170111-PDUSPM'S INSTITUTE OF MANAGEMENT & RESEARCH, JAMNER","Legacy Core","true","true","","","","","true","Fee Regulation Slab — Maharashtra (2024-25)","None","None","legacy","unavailable","unavailable"
"C-375","749 S.V. Institute of Management (SFI),Kadi.","Legacy Core","true","true","","","","","true","Fee Regulation Slab — Gujarat (2024-25)","None","None","legacy","unavailable","unavailable"
"C-58907","LAL BAHADUR SHASTRI GOVERNMENT POST GRADUATE COLLEGE,HALDUCHAUR (NAINITAL) UTTARAKHAND","Legacy Core","true","true","","","","","true","Fee Regulation Slab — Uttarakhand (2024-25)","None","None","legacy","unavailable","unavailable"
"C-50526","AYYAPPA INSTITUTE OF MANAGEMENT STUDIES","Legacy Core","true","true","","","","","true","Fee Regulation Slab — Kerala (2024-25)","None","None","legacy","unavailable","unavailable"
"C-16415","College and School of Nursing, R N Tagore Hospital, a Unit of Asia Heart Foundation","Legacy Core","true","true","","","","","true","Fee Regulation Slab — West Bengal (2024-25)","None","None","legacy","unavailable","unavailable"
"C-7510","S.S.B.E S Institute of Technology & Management, V.I.P Road, Nanded","Legacy Core","true","true","true","","","","true","TNEA 2024 Official Notification","None","None","official_verified","unavailable","unavailable"
"C-26830","College of Community Science, Tura","Legacy Core","true","true","","","","","true","Fee Regulation Slab — Meghalaya (2024-25)","None","None","legacy","unavailable","unavailable"
"C-30131","Radhakrishna Institute of Technology and Engineering (RITE), Khurda, Bhubaneswar","Legacy Core","true","true","true","","","","true","TNEA 2024 Official Notification","NIRF 2024","None","official_verified","legacy","unavailable"
"S-21026","RIGHT TRACK INSTITUTE OF TECHNOLOGY","Legacy Core","true","","true","","","","true","TNEA 2024 Official Notification","None","None","official_verified","unavailable","unavailable"
"S-20843","HELPAGE INSTITUTE OF TECHNOLOGY","Legacy Core","true","","true","","","","true","TNEA 2024 Official Notification","None","None","official_verified","unavailable","unavailable"
"S-1144","NITS POLYTECHNIC","Legacy Core","true","","","","","","true","Fee Regulation Slab — Jammu and Kashmir (2024-25)","None","None","legacy","unavailable","unavailable"
"S-22368","VINITA COLLEGE OF NURSING","Legacy Core","true","","","","","","true","Fee Regulation Slab — Jharkhand (2024-25)","None","None","legacy","unavailable","unavailable"
"S-15149","JAIN INSTITUTE OF MANAGEMENT AND  ENTREPRENEURSHIP","Legacy Core","true","","true","","","","true","MahaFRA Official Online Portal","None","None","official_verified","unavailable","unavailable"
"S-21383","ANM TRAINING SCHOOL, PANIIT, LATEHAR","Legacy Core","true","","","","","","true","Fee Regulation Slab — Jharkhand (2024-25)","None","None","legacy","unavailable","unavailable"
"S-21382","ANM TRAINING SCHOOL PANIIT JAMTARA","Legacy Core","true","","","","","","true","Fee Regulation Slab — Jharkhand (2024-25)","None","None","legacy","unavailable","unavailable"
"S-21380","ANM SCHOOL PANIIT PREJHA FOUNDATION MASMANO CHANHO","Legacy Core","true","","","","","","true","Fee Regulation Slab — Jharkhand (2024-25)","None","None","legacy","unavailable","unavailable"
"S-21379","ANM SCHOOL PANIIT RAJNAGAR","Legacy Core","true","","","","","","true","Fee Regulation Slab — Jharkhand (2024-25)","None","None","legacy","unavailable","unavailable"
"S-21378","ANM SCHOOL PANIIT, PREJHA FOUNDATION, SADAR HOSPITAL CAMPUS, GUMLA","Legacy Core","true","","","","","","true","Fee Regulation Slab — Jharkhand (2024-25)","None","None","legacy","unavailable","unavailable"
"S-21377","ANM SCHOOL PANIIT, PREJHA FOUNDATION, ITKI","Legacy Core","true","","","","","","true","Fee Regulation Slab — Jharkhand (2024-25)","None","None","legacy","unavailable","unavailable"
"S-21376","ANM SCHOOL PANIIT, CHAIBASA","Legacy Core","true","","","","","","true","Fee Regulation Slab — Jharkhand (2024-25)","None","None","legacy","unavailable","unavailable"
"S-51","SHIVALIK INSTITUTE OF MANAGEMENT EDUCATION AND RESEARCH","Legacy Core","true","","true","","","","true","AFRC UP 2024-25 Official Order","None","None","official_verified","unavailable","unavailable"
"S-1175","VIDYA MEMORIAL INSTITUTE OF TECHNOLOGY","Legacy Core","true","true","true","","","","true","TNEA 2024 Official Notification","None","None","official_verified","unavailable","unavailable"
"S-1171","KEJRIWAL INSTITUTE OF MANAGEMENT AND DEVELOPMENT STUDIES","Legacy Core","true","","","","","","true","Fee Regulation Slab — Jharkhand (2024-25)","None","None","legacy","unavailable","unavailable"
"S-132","XLRI - Xavier School of Management","Legacy Core","true","","","","","","true","Fee Regulation Slab — Jharkhand (2024-25)","None","None","legacy","unavailable","unavailable"
"S-22490","TRINITY EDUCATIONAL INSTITUTE","Legacy Core","true","","true","","","","true","TSCHE TAFRC 2024-25 Notification","None","None","official_verified","unavailable","unavailable"
"S-21659","DEEPSHIKHA INSTITUTE FOR CHILD DEVELOPMENT AND MENTAL HEALTH A UNIT OF PURSHREE","Legacy Core","true","","","","","","true","Fee Regulation Slab — Jharkhand (2024-25)","None","None","legacy","unavailable","unavailable"
"S-21610","MEERA INSTITUTE OF TECHNOLOGY AND PHARMACY","Legacy Core","true","","true","","","","true","TNEA 2024 Official Notification","None","None","official_verified","unavailable","unavailable"
"S-17595","Institute of Paramedical Education-A unit of Basant Dynamics","Legacy Core","true","","","","","","true","Fee Regulation Slab — Jharkhand (2024-25)","None","None","legacy","unavailable","unavailable"
"S-18366","UNITY INSTITUTE OF PARAMEDICAL SCIENCES","Legacy Core","true","","","","","","true","Fee Regulation Slab — Karnataka (2024-25)","None","None","legacy","unavailable","unavailable"
"S-21265","LABUBAI BANITABAI BHANDARI PARA MEDICAL COLLEGE RAICHUR","Legacy Core","true","","","","","","true","Fee Regulation Slab — Karnataka (2024-25)","None","None","legacy","unavailable","unavailable"
"S-20959","ST XAVIERS COLLEGE","Legacy Core","true","true","","","","","true","Fee Regulation Slab — Karnataka (2024-25)","None","None","legacy","unavailable","unavailable"
"S-1189","B E S INSTITUTE OF TECHNOLOGY BANGALORE","Legacy Core","true","","true","","","","true","KEA UGCET 2024 Notification","NIRF 2024","None","official_verified","legacy","legacy"
"S-1193","B S F INSTITUTE OF TECHNOLOGYSTC CAMPAS PO AFS YELAHANKA BANGALORE","Legacy Core","true","","true","","","","true","KEA UGCET 2024 Notification","None","None","official_verified","unavailable","legacy"
"S-1216","DAYANANDA SAGAR INSTITUTE OF TECHNOLOGY BANGALORE","Legacy Core","true","","true","","","","true","KEA UGCET 2024 Notification","None","None","official_verified","unavailable","legacy"
"S-782","JAGAN INSTITUTE OF MANAGEMENT STUDIES TECHNICAL CAMPUS","Legacy Core","true","","true","","","","true","AFRC MP 2024-25 Order No. 147","None","None","official_verified","unavailable","unavailable"
"S-766","FOSTIIMA Business School","Legacy Core","true","","","","","","true","Fee Regulation Slab — Delhi (2024-25)","None","None","legacy","unavailable","unavailable"
"S-761","CHHOTU RAM RURAL INSTITUTE OF TECHNOLOGY KANJHAWALA (GHEVRA)","Legacy Core","true","","true","","","","true","TNEA 2024 Official Notification","None","None","official_verified","unavailable","unavailable"
"S-75","LAL BAHADUR SHASTRI INSTITUTE OF MANAGEMENT","Legacy Core","true","true","true","","","","true","AFRC MP 2024-25 Order No. 147","None","None","official_verified","unavailable","unavailable"
"S-1359","MATS INSTITUTE OF MANAGEMENT & ENTREPRENURSHIP","Legacy Core","true","","","","","","true","Fee Regulation Slab — Karnataka (2024-25)","None","None","legacy","unavailable","unavailable"
"S-1370","N R A M POLYTECHNIC NITTE","Legacy Core","true","","","","","","true","Fee Regulation Slab — Karnataka (2024-25)","None","None","legacy","unavailable","unavailable"
"S-1375","NITTUR EDUCATION SOCIETY POLYTECHNIC NITTUR","Legacy Core","true","","","","","","true","Fee Regulation Slab — Karnataka (2024-25)","None","None","legacy","unavailable","unavailable"
"S-1393","RAJIV GANDHI INSTITUTE OF TECHNOLOGY VIDHYANAGAR","Legacy Core","true","","true","","","","true","KEA UGCET 2024 Notification","None","None","official_verified","unavailable","legacy"
"S-21314","SRI SUKHMANI INSTITUTE OF MANAGEMENT","Legacy Core","true","","","","","","true","Fee Regulation Slab — Delhi (2024-25)","None","None","legacy","unavailable","unavailable"
"S-6902","VANITHA TEACHER TRAINING INSTITUTE DHARWAD","Legacy Core","true","","","","","","true","Fee Regulation Slab — Karnataka (2024-25)","None","None","legacy","unavailable","unavailable"
"S-148","M S RAMAIAH INSTITUTE OF MANAGEMENT","Legacy Core","true","","","","","","true","Fee Regulation Slab — Karnataka (2024-25)","None","None","legacy","unavailable","unavailable"
"S-152","NITTE EDUCATION TRUST SCHOOL OF MANAGEMENT","Legacy Core","true","","","","","","true","Fee Regulation Slab — Karnataka (2024-25)","None","None","legacy","unavailable","unavailable"
"S-54","BHARATIYA VIDYA BHAVAN'S USHA AND LAKSHMI MITTAL INSTITUTE OF MANAGEMENT","Legacy Core","true","","","","","","true","Fee Regulation Slab — Delhi (2024-25)","None","None","legacy","unavailable","unavailable"
"S-53","ASIA-PACIFIC INSTITUTE OF MANAGEMENT","Legacy Core","true","","","","","","true","Fee Regulation Slab — Delhi (2024-25)","None","None","legacy","unavailable","unavailable"
"S-157","XAVIER INSTITUTE OF MANAGEMENT AND ENTREPRENEURSHIP","Legacy Core","true","","true","","","","true","MahaFRA Official Online Portal","None","None","official_verified","unavailable","unavailable"
"S-21313","KIRLOSKAR INSTITUTE OF MANAGEMENT","Legacy Core","true","","","","","","true","Fee Regulation Slab — Karnataka (2024-25)","None","None","legacy","unavailable","unavailable"
"S-19197","UNITY SCHOOL OF NURSING","Legacy Core","true","","","","","","true","Fee Regulation Slab — Karnataka (2024-25)","None","None","legacy","unavailable","unavailable"
"S-18224","V.D. INSTITUTE OF TECHNOLOGY","Legacy Core","true","true","true","","","","true","MahaFRA Official Online Portal","NIRF 2024","None","official_verified","legacy","unavailable"
"S-4186","NITTE USHA INSTT. OF NURSING SCIENCES DAKSHINA KANNADA","Legacy Core","true","","","","","","true","Fee Regulation Slab — Karnataka (2024-25)","None","None","legacy","unavailable","unavailable"
"S-84","SRI SUKHMANT INSTITUTE OF MANAGEMENT","Legacy Core","true","","","","","","true","Fee Regulation Slab — Delhi (2024-25)","None","None","legacy","unavailable","unavailable"
"S-78","NEW DELHI INSTITUTE OF MANAGEMENT","Legacy Core","true","true","","","","","true","Fee Regulation Slab — Delhi (2024-25)","None","None","legacy","unavailable","unavailable"
"S-778","INTEGRATED INSTITUTE OF TECHNOLOGY SECTOR-9 DWARKA","Legacy Core","true","","true","","","","true","TNEA 2024 Official Notification","None","None","official_verified","unavailable","unavailable"
"S-754","ADITYA INSTITUTE OF TECHNOLOGY, DELHI","Legacy Core","true","","true","","","","true","TNEA 2024 Official Notification","NIRF 2024","None","official_verified","legacy","legacy"
"S-87","GOA INSTITUTE OF MANAGEMENT","Legacy Core","true","","","","","","true","Fee Regulation Slab — Goa (2024-25)","None","None","legacy","unavailable","unavailable"
"S-14008","ANM SCHOOL, COMMUNITY HEALTH CENTRE, CHHOTILA","Legacy Core","true","","","","","","true","Fee Regulation Slab — Gujarat (2024-25)","None","None","legacy","unavailable","unavailable"
"S-14014","ANM SCHOOL, COMMUNITY HEALTH CENTRE, BAGSARA","Legacy Core","true","","","","","","true","Fee Regulation Slab — Gujarat (2024-25)","None","None","legacy","unavailable","unavailable"
"S-22533","SUBHASH INSTITUTE OF TECHNOLOGY JAMUI","Legacy Core","true","","true","","","","true","TNEA 2024 Official Notification","None","None","official_verified","unavailable","unavailable"
"S-22531","JAMUI INSTITUTE OF TECHNOLOGY","Legacy Core","true","","true","","","","true","TNEA 2024 Official Notification","None","None","official_verified","unavailable","unavailable"
"S-14029","Vanita Vishram ANM School, Surat","Legacy Core","true","","","","","","true","Fee Regulation Slab — Gujarat (2024-25)","None","None","legacy","unavailable","unavailable"
"S-699","BUDDHA INSTITUTE OF TECHNOLOGY GAYA","Legacy Core","true","","true","","","","true","TNEA 2024 Official Notification","None","None","official_verified","unavailable","unavailable"
"S-23671","SRM INSTITUTE OF HOTEL MANAGEMENT, SONEPAT","Legacy Core","true","","","","","","true","Fee Regulation Slab — Haryana (2024-25)","None","None","legacy","unavailable","unavailable"
"S-947","DR. BHIM RAO AMBEDKAR INSTITUTE OF TECHNOLOGY VILL FATEHPUR","Legacy Core","true","","true","","","","true","TNEA 2024 Official Notification","None","None","official_verified","unavailable","unavailable"
"S-1012","L.R. INSTITUTE OF TECHNOLOGY & MANAGEMENT VILL. DEEGHOT TEHSIL HODAL","Legacy Core","true","","true","","","","true","TNEA 2024 Official Notification","None","None","official_verified","unavailable","unavailable"
"S-907","AKASH INSTITUTE OF TECHNOLOGY","Legacy Core","true","","true","","","","true","TNEA 2024 Official Notification","None","None","official_verified","unavailable","unavailable"
"S-18325","UNITED INSTITUTE OF PHARMACY","Legacy Core","true","","true","","","","true","AFRC UP 2024-25 Official Order","None","None","official_verified","unavailable","unavailable"
"S-17295","Great Lakes Institute of Management, Gurgaon","Legacy Core","true","","","","","","true","Fee Regulation Slab — Haryana (2024-25)","None","None","legacy","unavailable","unavailable"
"S-19681","XLRI XAVIER SCHOOL OF MANAGEMENT DELHI NCR","Legacy Core","true","","","","","","true","Fee Regulation Slab — Haryana (2024-25)","None","None","legacy","unavailable","unavailable"
"S-19228","NIRMALA INSTITUTE OF TECHNOLOGY","Legacy Core","true","","true","","","","true","TNEA 2024 Official Notification","None","None","official_verified","unavailable","unavailable"
"S-18645","St Josephs Institute of Management","Legacy Core","true","","","","","","true","Fee Regulation Slab — Karnataka (2024-25)","None","None","legacy","unavailable","unavailable"
"S-14893","XAVIER INSTITUTE OF MANAGEMENT AND ENTREPRENEURSHIP","Legacy Core","true","","true","","","","true","MahaFRA Official Online Portal","None","None","official_verified","unavailable","unavailable"
"S-12133","UNITY TTI MATTANNUR NAGAVAVU, KANNUR","Legacy Core","true","","","","","","true","Fee Regulation Slab — Kerala (2024-25)","None","None","legacy","unavailable","unavailable"
"S-20685","TRINITY NURSING SCHOOL","Legacy Core","true","","true","","","","true","AFRC MP 2024-25 Order No. 147","None","None","official_verified","unavailable","unavailable"
"S-19401","LAL BAHADUR SHASTRI INSTITUTE OF MANAGEMENT INDORE","Legacy Core","true","","true","","","","true","AFRC UP 2024-25 Official Order","None","None","official_verified","unavailable","unavailable"
"S-19402","MY INSTITUTE OF MANAGEMENT","Legacy Core","true","","true","","","","true","AFRC UP 2024-25 Official Order","None","None","official_verified","unavailable","unavailable"
"S-19473","SYNERGY INSTITUTE OF MANAGEMENT","Legacy Core","true","","","","","","true","Fee Regulation Slab — Madhya Pradesh (2024-25)","None","None","legacy","unavailable","unavailable"
"S-19660","PATEL INSTITUTE OF MANAGEMENT STUDIES","Legacy Core","true","","","","","","true","Fee Regulation Slab — Madhya Pradesh (2024-25)","None","None","legacy","unavailable","unavailable"
"S-15147","ROYAL INSTITUTE OF MANAGEMENT AND ADVANCED STUDIES","Legacy Core","true","","","","","","true","Fee Regulation Slab — Madhya Pradesh (2024-25)","None","None","legacy","unavailable","unavailable"
"S-4385","UNITY NURSING INSTITUTE SCHOOL OF NURSING DAKSHINA KANNADA","Legacy Core","true","","","","","","true","Fee Regulation Slab — Karnataka (2024-25)","None","None","legacy","unavailable","unavailable"
"S-1618","RAMNATH SINGH INSTITUTE OF TECHNOLOGY AND SCIENCE","Legacy Core","true","","true","","","","true","AFRC MP 2024-25 Order No. 147","NIRF 2024","None","official_verified","legacy","unavailable"
"S-18983","Sapient Institute of Management Studies","Legacy Core","true","","","","","","true","Fee Regulation Slab — Madhya Pradesh (2024-25)","None","None","legacy","unavailable","unavailable"
"S-18993","RADIANT INSTITUTE OF MANAGEMENT","Legacy Core","true","","true","","","","true","AFRC MP 2024-25 Order No. 147","None","None","official_verified","unavailable","unavailable"
"S-17633","MALWA INSTITUTE OF MANAGEMENT","Legacy Core","true","","","","","","true","Fee Regulation Slab — Madhya Pradesh (2024-25)","None","None","legacy","unavailable","unavailable"
"S-7309","SHRI SAI INSTITUTE OF TECHNOLOGY RATLAM","Legacy Core","true","","true","","","","true","AFRC MP 2024-25 Order No. 147","None","None","official_verified","unavailable","unavailable"
"S-7247","INDRAPRASHTH INSTITUTE OF TECHNOLOGY AND MANAGEMENT GWALIOR","Legacy Core","true","","true","","","","true","AFRC MP 2024-25 Order No. 147","None","None","official_verified","unavailable","unavailable"
"S-4384","UNITY HEALTH COMPLEX SCHOOL OF NURSING CHITRADURGA","Legacy Core","true","","","","","","true","Fee Regulation Slab — Karnataka (2024-25)","None","None","legacy","unavailable","unavailable"
"S-179","JAIPURIA INSTITUTE OF MANAGEMENT INDORE","Legacy Core","true","","true","","","","true","IIM Indore Fee Structure 2024-26","NIRF 2024","None","official_verified","legacy","legacy"
"S-18285","SAPPHIRE INSTITUTE OF MANAGEMENT","Legacy Core","true","","","","","","true","Fee Regulation Slab — Madhya Pradesh (2024-25)","None","None","legacy","unavailable","unavailable"
"S-183","SANGHVI INSTITUTE OF MANAGEMENT AND SCIENCES(PGDM)","Legacy Core","true","","","","","","true","Fee Regulation Slab — Madhya Pradesh (2024-25)","None","None","legacy","unavailable","unavailable"
"S-20412","PATEL INSTITUTE OF MANAGEMENT STUDIES BHOPAL","Legacy Core","true","","","","","","true","Fee Regulation Slab — Madhya Pradesh (2024-25)","None","None","legacy","unavailable","unavailable"
"S-20672","IITS COLLEGE SCHOOL OF NURSING GUNA","Legacy Core","true","","true","","","","true","AFRC MP 2024-25 Order No. 147","None","None","official_verified","unavailable","unavailable"
"S-20820","SHRI BAGULAMUKHI INSTITUTE OF MANAGEMENT","Legacy Core","true","","","","","","true","Fee Regulation Slab — Madhya Pradesh (2024-25)","None","None","legacy","unavailable","unavailable"
"S-20847","SYNERGY INSTITUTE OF MANAGEMENT MAHESHWAR","Legacy Core","true","","","","","","true","Fee Regulation Slab — Madhya Pradesh (2024-25)","None","None","legacy","unavailable","unavailable"
"S-10783","5345 KAI LAXMIBAI MAHILA VIKAS MANDAL DHULE INSTITUTE OF TECHNOLOGY DHULE","Legacy Core","true","","true","","","","true","TNEA 2024 Official Notification","None","None","official_verified","unavailable","unavailable"
"S-1335","KAMATH INSTITUTE OF TECHNOLOGY POLYTECHNIC KUNDAP","Legacy Core","true","","true","","","","true","KEA UGCET 2024 Notification","None","None","official_verified","unavailable","legacy"
"S-2129","Karmayogi Institute of Technology, Shelve, Tal.Pandharpur","Legacy Core","true","","true","","","","true","TNEA 2024 Official Notification","None","None","official_verified","unavailable","unavailable"
"S-10190","VANITA SHAIKSHANIK SOCIAL AND CULTURE TRUST SHAHADA SHAHADA","Legacy Core","true","","","","","","true","Fee Regulation Slab — Maharashtra (2024-25)","None","None","legacy","unavailable","unavailable"
"S-2250","6439-Y.D.Mane Institute of Technology, Kagal, Kolhapur","Legacy Core","true","","true","","","","true","TNEA 2024 Official Notification","None","None","official_verified","unavailable","unavailable"
"S-1836","2193-Sahayog Sevabhai Sanstha, Indira Institute Of Technology(Polytechnic), Nanded.","Legacy Core","true","","true","","","","true","TNEA 2024 Official Notification","None","None","official_verified","unavailable","unavailable"
"S-216","INTERNATIONAL INSTITUTE OF MANAGEMENT STUDIES","Legacy Core","true","","","","","","true","Fee Regulation Slab — Maharashtra (2024-25)","None","None","legacy","unavailable","unavailable"
"S-18085","F.J.F.M Hospital and Community Health Unit, Newasa","Legacy Core","true","","","","","","true","Fee Regulation Slab — Maharashtra (2024-25)","None","None","legacy","unavailable","unavailable"
"S-17986","NITYASEVA NURSING SCHOOL ALKUTI TAL PARNER DIST AHMEDNAGAR","Legacy Core","true","","","","","","true","Fee Regulation Slab — Maharashtra (2024-25)","None","None","legacy","unavailable","unavailable"
"S-1770","6430-Genba Sopanrao Moze Institute of Technology, Balewadi, Tal.Haveli","Legacy Core","true","","true","","","","true","TNEA 2024 Official Notification","None","None","official_verified","unavailable","unavailable"
"S-18852","SMT SHALINITAI MEGHE COLLEGE OF NURSING AND HOSPITAL BHILEWADA BHANDARA","Legacy Core","true","","","","","","true","Fee Regulation Slab — Maharashtra (2024-25)","None","None","legacy","unavailable","unavailable"
"S-1886","3275-Kala Vidyamandir Institute of Technology, Malad(W), Mumbai","Legacy Core","true","","true","","","","true","TNEA 2024 Official Notification","None","None","official_verified","unavailable","unavailable"
"S-1722","6020-Cusrow Wadia Institute of Technology( Aided ), Pune","Legacy Core","true","","true","","","","true","TNEA 2024 Official Notification","None","None","official_verified","unavailable","unavailable"
"S-17143","BINIT NURSING INSTITUTE,SOLAPUR","Legacy Core","true","","","","","","true","Fee Regulation Slab — Maharashtra (2024-25)","None","None","legacy","unavailable","unavailable"
"S-18959","VIDARBHA INSTITUTE OF TECHNOLOGY","Legacy Core","true","","true","","","","true","TNEA 2024 Official Notification","None","None","official_verified","unavailable","unavailable"
"S-19005","Shalinitai Meghe college of nursing salod hirapur wardha","Legacy Core","true","","","","","","true","Fee Regulation Slab — Maharashtra (2024-25)","None","None","legacy","unavailable","unavailable"
"S-17042","SUNITA NURSING SCHOOL","Legacy Core","true","","","","","","true","Fee Regulation Slab — Maharashtra (2024-25)","None","None","legacy","unavailable","unavailable"
"S-1463","TIPPU SHAHEED INSTITUTE OF TECHNOLOGY HUBLI","Legacy Core","true","","true","","","","true","KEA UGCET 2024 Notification","None","None","official_verified","unavailable","legacy"
"S-15139","S T J Institute Of Technology Diploma II Shift","Legacy Core","true","","true","","","","true","KEA UGCET 2024 Notification","None","None","official_verified","unavailable","legacy"
"S-153","PRIN L N WELINGKAR INSTITUTE OF MANAGEMENT DEVELOPMENT AND RESEARCH","Legacy Core","true","","","","","","true","Fee Regulation Slab — Karnataka (2024-25)","None","None","legacy","unavailable","unavailable"
"S-20199","RAMAIAH INSTITUTE OF MANAGEMENT STUDIES","Legacy Core","true","","","","","","true","Fee Regulation Slab — Karnataka (2024-25)","None","None","legacy","unavailable","unavailable"
"S-22463","PRAYAGA INSTITUTE OF MANAGEMENT STUDIES","Legacy Core","true","","","","","","true","Fee Regulation Slab — Kerala (2024-25)","None","None","legacy","unavailable","unavailable"
"S-16675","BHAVAN S PRIYAMVADA BIRLA INSTITUTE OF MANAGEMENT","Legacy Core","true","","","","","","true","Fee Regulation Slab — Karnataka (2024-25)","None","None","legacy","unavailable","unavailable"
"S-1531","SWAMY NITHYANANDA POLYTECHNIC COLLEGE KANHANGAD","Legacy Core","true","","","","","","true","Fee Regulation Slab — Kerala (2024-25)","None","None","legacy","unavailable","unavailable"
"S-2062","6455-Sandipani Charitable Trust, M.D. Jadhav Institute Of Technology.,Bhose","Legacy Core","true","","true","","","","true","TNEA 2024 Official Notification","None","None","official_verified","unavailable","unavailable"
"S-2069","5255-Sanjivani Pratishthan's Institute Of Technology,Kurund","Legacy Core","true","","true","","","","true","TNEA 2024 Official Notification","None","None","official_verified","unavailable","unavailable"
"S-1928","5223-MGTS MANDAL'S SHARADCHANDRIKA SURESH PATIL INSTITUTE OF TECHNOLOGY(POLYTECHNIC), CHOPDA","Legacy Core","true","","true","","","","true","TNEA 2024 Official Notification","None","None","official_verified","unavailable","unavailable"
"S-14546","BUNTS SANGHA'S UMA KRISHNA SHETTY INSTITUTE OF MANAGEMENT STUDIES AND RESEARCH","Legacy Core","true","","","","","","true","Fee Regulation Slab — Maharashtra (2024-25)","None","None","legacy","unavailable","unavailable"
"S-14568","6824-TRINITY POLYTECHNIC PUNE, MAHARASHTRA","Legacy Core","true","","","","","","true","Fee Regulation Slab — Maharashtra (2024-25)","None","None","legacy","unavailable","unavailable"
"S-2098","6436-Sharad Institute of Technology Polytechnic, Yadrav( Ichalkaranji)","Legacy Core","true","","true","","","","true","TNEA 2024 Official Notification","None","None","official_verified","unavailable","unavailable"
"S-234","N.L.DALMIA INSTITUTE OF MANAGEMENT STUDIES & RESEARCH","Legacy Core","true","","","","","","true","Fee Regulation Slab — Maharashtra (2024-25)","None","None","legacy","unavailable","unavailable"
"S-15379","6816-Shri Chimasaheb jagdale Institute of Technology, Narsobawadi, Tal.Shirol, Kolhapur","Legacy Core","true","","true","","","","true","TNEA 2024 Official Notification","None","None","official_verified","unavailable","unavailable"
"S-2215","5249-Trimurti Shikshan Prasarak Mandal, Trimurti Institute Of Technology, Paladhi Bk, Jalgaon","Legacy Core","true","","true","","","","true","TNEA 2024 Official Notification","None","None","official_verified","unavailable","unavailable"
"S-15037","5419-MAULI INSTITUTE OF TECHNOLOGY, AMALNER","Legacy Core","true","","true","","","","true","TNEA 2024 Official Notification","None","None","official_verified","unavailable","unavailable"
"S-9075","ARYAN EDUCATION SOCIETY VANITA VINAYALAY JR. COLLEGE OF EDUCATION SHANKARSHET MUMBAI","Legacy Core","true","","","","","","true","Fee Regulation Slab — Maharashtra (2024-25)","None","None","legacy","unavailable","unavailable"
"S-2205","6467-Swami Vivekananda Pratisthan, Swami Vivekananda Institute Of Technology,Khed, Solapur","Legacy Core","true","","true","","","","true","TNEA 2024 Official Notification","None","None","official_verified","unavailable","unavailable"
"S-9092","BAJIPUR VANITA VIDYALAYA PARNAKA VASAI THANE","Legacy Core","true","","","","","","true","Fee Regulation Slab — Maharashtra (2024-25)","None","None","legacy","unavailable","unavailable"
"S-16343","5154-NIKAM INSTITUTE OF TECHNOLOGY (POLYATECHNIC) GONDUR DHULE","Legacy Core","true","","true","","","","true","TNEA 2024 Official Notification","None","None","official_verified","unavailable","unavailable"
"S-1740","6434-Dinkarrao K. Shinde Smarak Trust, Dr. A.D. Shinde Institute Of Technology, Gadhinglaj","Legacy Core","true","","true","","","","true","TNEA 2024 Official Notification","None","None","official_verified","unavailable","unavailable"
"S-17158","5431-Shri. Sai Institute of Technology, Amalner","Legacy Core","true","","true","","","","true","TNEA 2024 Official Notification","None","None","official_verified","unavailable","unavailable"
"S-1939","3270-MARATHA MANDIR'S BABASAHEB GAWADE INSTITUTE OF TECHNOLOGY MUMBAI","Legacy Core","true","","true","","","","true","TNEA 2024 Official Notification","None","None","official_verified","unavailable","unavailable"
"S-1699","6408-Bharti Vidyaapeeth's Jawaharlal Nehru Institute of Technology, Pune","Legacy Core","true","","true","","","","true","TNEA 2024 Official Notification","None","None","official_verified","unavailable","unavailable"
"S-1697","3256-Bharati Vidyapeeth's Institute of Technology, Navi Mumbai","Legacy Core","true","","true","","","","true","TNEA 2024 Official Notification","None","None","official_verified","unavailable","unavailable"
"S-16701","2224-MARATHWADA INSTITUTE OF TECHNOLOGY AURANGABAD","Legacy Core","true","","true","","","","true","TNEA 2024 Official Notification","None","None","official_verified","unavailable","unavailable"
"S-22654","UNITECH B SCHOOL","Legacy Core","true","","","","","","true","Fee Regulation Slab — Maharashtra (2024-25)","None","None","legacy","unavailable","unavailable"
"S-2130","NEW INSTITUTE OF TECHNOLOGY, KOLHAPUR","Legacy Core","true","","true","","","","true","TNEA 2024 Official Notification","None","None","official_verified","unavailable","unavailable"
"S-2133","5225-Shree Sant Muktabai Sansthan's Shri Sant Muktabai Institute of Technology, Jalgaon","Legacy Core","true","","true","","","","true","TNEA 2024 Official Notification","None","None","official_verified","unavailable","unavailable"
"S-21481","MKES INSTITUTE OF MANAGEMENT STUDIES AND RESEARCH","Legacy Core","true","","","","","","true","Fee Regulation Slab — Maharashtra (2024-25)","None","None","legacy","unavailable","unavailable"
"S-23780","MATRU SEWA SANGH NURSING SCHOOL  SITA BULDI MATERNITY HOME","Legacy Core","true","","","","","","true","Fee Regulation Slab — Maharashtra (2024-25)","None","None","legacy","unavailable","unavailable"
"S-21087","LIANSAILOVA INSTITUTE OF TECHNOLOGY","Legacy Core","true","","true","","","","true","TNEA 2024 Official Notification","None","None","official_verified","unavailable","unavailable"
"S-21090","EBENEZER INSTITUTE OF TECHNOLOGY, KANAN, AIZAWL","Legacy Core","true","","true","","","","true","TNEA 2024 Official Notification","None","None","official_verified","unavailable","unavailable"
"S-21029","KHAWLHRING COMPUTER INSTITUTE OF TECHNOLOGY","Legacy Core","true","","true","","","","true","TNEA 2024 Official Notification","None","None","official_verified","unavailable","unavailable"
"S-21030","DOLREICH INSTITUTE OF TECHNOLOGY","Legacy Core","true","","true","","","","true","TNEA 2024 Official Notification","None","None","official_verified","unavailable","unavailable"
"S-15573","IIMT School of Nursing","Legacy Core","true","","","","","","true","Fee Regulation Slab — Odisha (2024-25)","None","None","legacy","unavailable","unavailable"
"S-20278","BHUBANESWAR INSTITUTE OF MANAGEMENT STUDIES","Legacy Core","true","","","","","","true","Fee Regulation Slab — Odisha (2024-25)","None","None","legacy","unavailable","unavailable"
"S-1959","MIMA Institute of Management","Legacy Core","true","","","","","","true","Fee Regulation Slab — Maharashtra (2024-25)","None","None","legacy","unavailable","unavailable"
"S-22459","SUNDARGARH INSTITUTE OF MANAGEMENT","Legacy Core","true","","","","","","true","Fee Regulation Slab — Odisha (2024-25)","None","None","legacy","unavailable","unavailable"
"S-2339","KIIT POLYTECHNIC BHUBNESWAR","Legacy Core","true","","","","","","true","Fee Regulation Slab — Odisha (2024-25)","None","None","legacy","unavailable","unavailable"
"S-2348","NALANDA INSTITUTE OF TECHNOLOGY CHANDAKA BHUBANESWAR","Legacy Core","true","","true","","","","true","TNEA 2024 Official Notification","None","None","official_verified","unavailable","unavailable"
"S-2356","PABITRA MOHAN INSTITUTE OF TECHNOLOGY TALCHER","Legacy Core","true","","true","","","","true","TNEA 2024 Official Notification","None","None","official_verified","unavailable","unavailable"
"S-2364","RAMARANI INSTITUTE OF TECHNOLOGY BALASORE","Legacy Core","true","","true","","","","true","TNEA 2024 Official Notification","None","None","official_verified","unavailable","unavailable"
"S-2365","ROURKELA INSTITUTE OF TECHNOLOGY KALINGA ROURKELA","Legacy Core","true","","true","","","","true","TNEA 2024 Official Notification","NIRF 2024","None","official_verified","legacy","unavailable"
"S-15187","6827- Mahadevrao wandre Institute of Technology, Turkewadi.","Legacy Core","true","","true","","","","true","TNEA 2024 Official Notification","None","None","official_verified","unavailable","unavailable"
"S-278","INSTITUTE OF MANAGEMENT BHUBANESWAR","Legacy Core","true","","","","","","true","Fee Regulation Slab — Odisha (2024-25)","None","None","legacy","unavailable","unavailable"
"S-284","MAHENDRA INSTITUTE OF MANAGEMENT AND TECHNICAL STUDIES","Legacy Core","true","","true","","","","true","AFRC MP 2024-25 Order No. 147","None","None","official_verified","unavailable","unavailable"
"S-12808","ADARSHA INSTITUTE OF TECHNOLOGY AND MANAGEMENT","Legacy Core","true","","true","","","","true","MahaFRA Official Online Portal","None","None","official_verified","unavailable","unavailable"
"S-12806","UTKAL GOURAB MADHUSUDAN INSTITUTE OF TECHNOLOGY, RAYAGADA","Legacy Core","true","","true","","","","true","TNEA 2024 Official Notification","None","None","official_verified","unavailable","unavailable"
"S-15456","VIIT School of Nursing, At/Po-Dhanmandal, Chandikhol, Dist-Jajpur-754024, Odisha","Legacy Core","true","","","","","","true","Fee Regulation Slab — Odisha (2024-25)","None","None","legacy","unavailable","unavailable"
"S-15455","Vinayaka School of Nursing, 222/1 Sastrinagar, Unit-IV, Khurda, Bhubaneswar, Odisha-751001","Legacy Core","true","","","","","","true","Fee Regulation Slab — Odisha (2024-25)","None","None","legacy","unavailable","unavailable"
"S-1899","3259-L & T INSTITUTE OF TECHNOLOGY MUMBAI","Legacy Core","true","","true","","","","true","TNEA 2024 Official Notification","None","None","official_verified","unavailable","unavailable"
"S-22325","JAGANNATH INSTITUTE OF TECHNOLOGY","Legacy Core","true","","true","","","","true","TNEA 2024 Official Notification","None","None","official_verified","unavailable","unavailable"
"S-2289","BIJU PATNAIK INSTITUTE OF TECHNOLOGY PHULBANI","Legacy Core","true","","true","","","","true","TNEA 2024 Official Notification","None","None","official_verified","unavailable","unavailable"
"S-2383","ZENITH INSTITUTE OF SCIENCE & TECHNOLOGY","Legacy Core","true","","true","","","","true","TNEA 2024 Official Notification","None","None","official_verified","unavailable","unavailable"
"S-2370","SANJAY MEMORIAL INSTITUTE OF TECHNOLOGY(DIPLOMA)","Legacy Core","true","","true","","","","true","TNEA 2024 Official Notification","None","None","official_verified","unavailable","unavailable"
"S-2368","SAMANTA CHANDRASEKHAR INSTITUTE OF TECHNOLOGY AND MANAGEMENT","Legacy Core","true","","true","","","","true","TNEA 2024 Official Notification","None","None","official_verified","unavailable","unavailable"
"S-2343","MAHALAXMI INSTITUTE OF TECHNOLOGY & ENGINEERING","Legacy Core","true","","true","","","","true","TNEA 2024 Official Notification","None","None","official_verified","unavailable","unavailable"
"S-2323","HOLY INSTITUTE OF TECHNOLOGY GOVINDAPUR","Legacy Core","true","","true","","","","true","TNEA 2024 Official Notification","None","None","official_verified","unavailable","unavailable"
"S-14902","Christ Institute of Management","Legacy Core","true","","","","","","true","Fee Regulation Slab — Maharashtra (2024-25)","None","None","legacy","unavailable","unavailable"
"S-14886","DES Institute of Management Development and Research","Legacy Core","true","","","","","","true","Fee Regulation Slab — Maharashtra (2024-25)","None","None","legacy","unavailable","unavailable"
"S-19832","INDIRA INSTITUTE OF MANAGEMENT PGDM","Legacy Core","true","","","","","","true","Fee Regulation Slab — Maharashtra (2024-25)","None","None","legacy","unavailable","unavailable"
"S-1986","4612-NAVNEET BAHUUDDESHYA SANSTHA KINKAR INSTITUTE OF TECHNOLOGYSELOODIST.WARDHA","Legacy Core","true","","","","","","true","Fee Regulation Slab — Maharashtra (2024-25)","None","None","legacy","unavailable","unavailable"
"S-19912","PUNE INSTITUTE OF MANAGEMENT STUDIES","Legacy Core","true","","","","","","true","Fee Regulation Slab — Maharashtra (2024-25)","None","None","legacy","unavailable","unavailable"
"S-1993","4248-Shri Sai Shikshan Sanstha's Nit Polytechnic, Nagpur","Legacy Core","true","","","","","","true","Fee Regulation Slab — Maharashtra (2024-25)","None","None","legacy","unavailable","unavailable"
"S-13755","2298-Shri Sai Institute of Technology(Polytechnic),Aurangabad","Legacy Core","true","","true","","","","true","TNEA 2024 Official Notification","None","None","official_verified","unavailable","unavailable"
"S-1912","6448-LOKNETE MA.HANUMANTRAO PATIL CHARITABLE TRUST ADARSH INSTITUTE OF TECHNOLOGY (POLY) KHAMBALE","Legacy Core","true","","true","","","","true","TNEA 2024 Official Notification","None","None","official_verified","unavailable","unavailable"
"S-12814","MEDICAL MISSION SECULAR INSTITUTE, NITYASEVA HOSPITAL NURSING SCHOOL SHEGAON, AHMADNAGAR","Legacy Core","true","","","","","","true","Fee Regulation Slab — Maharashtra (2024-25)","None","None","legacy","unavailable","unavailable"
"S-204","GURUNANAK INSTITUTE OF MANAGEMENT STUDIES","Legacy Core","true","","","","","","true","Fee Regulation Slab — Maharashtra (2024-25)","None","None","legacy","unavailable","unavailable"
"S-2235","6472-Vidyavardhini Educational Academy's Vidyavardhini Institute Of Technology,Bhudargad","Legacy Core","true","","true","","","","true","TNEA 2024 Official Notification","None","None","official_verified","unavailable","unavailable"
"S-20726","SURYADATTA INSTITUTE OF MANAGEMENT AND MASS COMMUNICATION PGDM","Legacy Core","true","","","","","","true","Fee Regulation Slab — Maharashtra (2024-25)","None","None","legacy","unavailable","unavailable"
"S-20733","ST FRANCIS INSTITUTE OF MANAGEMENT AND RESEARCH PGDM","Legacy Core","true","","","","","","true","Fee Regulation Slab — Maharashtra (2024-25)","None","None","legacy","unavailable","unavailable"
"S-20736","DR MAR THEOPHILUS INSTITUTE OF MANAGEMENT STUDIES","Legacy Core","true","","","","","","true","Fee Regulation Slab — Maharashtra (2024-25)","None","None","legacy","unavailable","unavailable"
"S-2082","3281-Saraswati Education Society,Saraswati Institute of Technology, Kharghar, Navi Mumbai","Legacy Core","true","","true","","","","true","TNEA 2024 Official Notification","None","None","official_verified","unavailable","unavailable"
"S-20822","RAMACHANDRAN INTERNATIONAL INSTITUTE OF MANAGEMENT","Legacy Core","true","","","","","","true","Fee Regulation Slab — Maharashtra (2024-25)","None","None","legacy","unavailable","unavailable"
"S-16689","6417-Poona District Education Association's, Institute of Technology,Hadpsar,Pune","Legacy Core","true","","true","","","","true","TNEA 2024 Official Notification","None","None","official_verified","unavailable","unavailable"
"S-15814","Dr.V.N.Bedekar Institute of Management Studies","Legacy Core","true","","","","","","true","Fee Regulation Slab — Maharashtra (2024-25)","None","None","legacy","unavailable","unavailable"
"S-15813","Durgadevi Saraf Institute of Management Studies","Legacy Core","true","","","","","","true","Fee Regulation Slab — Maharashtra (2024-25)","None","None","legacy","unavailable","unavailable"
"S-1947","5263-MATOSHRI EDUCATION SOCEITY MATOSHRI INSTITUTE OF TECHNOLOGY DHANORE NASHIK","Legacy Core","true","","true","","","","true","TNEA 2024 Official Notification","None","None","official_verified","unavailable","unavailable"
"S-19472","PRIN L N WELINGKAR INSTITUTE OF MANAGEMENT DEVELOPMENT AND RESEARCH PGDM","Legacy Core","true","","","","","","true","Fee Regulation Slab — Maharashtra (2024-25)","None","None","legacy","unavailable","unavailable"
"S-1956","5244-MET'S INSTITUTE OF TECHNOLOGY POLYTECHNIC BHUJBAL KNOWLEDGE CITY ADGAON NASHIK.","Legacy Core","true","","true","","","","true","TNEA 2024 Official Notification","None","None","official_verified","unavailable","unavailable"
"S-200","CHETANA'S INSTITUTE OF MANAGEMENT AND RESEARCH","Legacy Core","true","","true","","","","true","AFRC UP 2024-25 Official Order","None","None","official_verified","unavailable","unavailable"
"S-2321","HI-TECH INSTITUTE OF ENGG. & MANAGEMENT RANITAL","Legacy Core","true","","true","","","","true","TNEA 2024 Official Notification","None","None","official_verified","unavailable","unavailable"
"S-2688","SUGAN INSTITUTE OF TECHNOLOGY AND ENGINEERING FALAUDI, JODHPUR","Legacy Core","true","","true","","","","true","TNEA 2024 Official Notification","NIRF 2024","None","official_verified","legacy","unavailable"
"S-2680","SIDDHARTH INSTITUTE OF TECHNOLOGY, JAIPUR","Legacy Core","true","","true","","","","true","TNEA 2024 Official Notification","None","None","official_verified","unavailable","unavailable"
"S-20903","JAGAN INSTITUTE OF MANAGEMENT STUDIES","Legacy Core","true","","","","","","true","Fee Regulation Slab — Rajasthan (2024-25)","None","None","legacy","unavailable","unavailable"
"S-313","NIMT INSTITUTE OF MANAGEMENT","Legacy Core","true","","","","","","true","Fee Regulation Slab — Rajasthan (2024-25)","None","None","legacy","unavailable","unavailable"
"S-21859","SYMBIOSIS COLLEGE OF PARAMEDICAL SCIENCES JAIPUR","Legacy Core","true","","","","","","true","Fee Regulation Slab — Rajasthan (2024-25)","None","None","legacy","unavailable","unavailable"
"S-19833","XAVIER INSTITUTE OF MANAGEMENT  AND ENTREPRENEURSHIP","Legacy Core","true","","true","","","","true","MahaFRA Official Online Portal","None","None","official_verified","unavailable","unavailable"
"S-2879","MURUGESAN INSTITUTE OF TECHNOLOGY KARUMAPURAM","Legacy Core","true","","true","","","","true","TNEA 2024 Official Notification","None","None","official_verified","unavailable","legacy"
"S-2880","MUSIRI INSTITUTE OF TECHNOLOGY M PUDUPATTI","Legacy Core","true","","true","","","","true","TNEA 2024 Official Notification","None","None","official_verified","unavailable","legacy"
"S-2894","NANJAPPA INSTITUTE OF TECHNOLOGY KARUMATHAMPATTI","Legacy Core","true","","true","","","","true","TNEA 2024 Official Notification","None","None","official_verified","unavailable","legacy"
"S-2912","P.S.N INSTITUTE OF TECHNOLOGY MARUNGOOR","Legacy Core","true","","true","","","","true","TNEA 2024 Official Notification","None","None","official_verified","unavailable","legacy"
"S-15795","UNITED SCHOOL OF NURSING","Legacy Core","true","","","","","","true","Fee Regulation Slab — Punjab (2024-25)","None","None","legacy","unavailable","unavailable"
"S-3067","SUN INSTITUTE OF TECHNOLOGY ERACHAKULAM","Legacy Core","true","","true","","","","true","TNEA 2024 Official Notification","None","None","official_verified","unavailable","legacy"
"S-3086","THE KAVERY INSTITUTE OF TECHNOLOGY M KALIPATTI","Legacy Core","true","","true","","","","true","TNEA 2024 Official Notification","None","None","official_verified","unavailable","legacy"
"S-2768","CHOLAN INSTITUTE OF TECHNOLOGY SEMBARAMBAKKAM","Legacy Core","true","","true","","","","true","TNEA 2024 Official Notification","None","None","official_verified","unavailable","legacy"
"S-2835","K S RENGASAMY INSTITUTE OF TECHNOLOGY THOKKAVADI","Legacy Core","true","","true","","","","true","TNEA 2024 Official Notification","None","None","official_verified","unavailable","legacy"
"S-2942","RAJAJI INSTITUTE OF TECHNOLOGY VEERAPANDI","Legacy Core","true","","true","","","","true","TNEA 2024 Official Notification","None","None","official_verified","unavailable","legacy"
"S-2948","RANIPPETTAI INSTITUTE OF TECHNOLOGY WALAJA","Legacy Core","true","","true","","","","true","TNEA 2024 Official Notification","None","None","official_verified","unavailable","legacy"
"S-2979","SESHASAYEE INSTITUTE OF TECHNOLOGY ARIYAMANGALAM","Legacy Core","true","","true","","","","true","TNEA 2024 Official Notification","None","None","official_verified","unavailable","legacy"
"S-3107","UDAYA INSTITUTE OF TECHNOLOGY NEENDAKARAI - B","Legacy Core","true","","true","","","","true","TNEA 2024 Official Notification","None","None","official_verified","unavailable","legacy"
"S-3122","VETHATHIRI MAHARISHI INSTITUTE OF TECHNOLOGY KODIVALASAI ATHIMANJERI PET","Legacy Core","true","","true","","","","true","TNEA 2024 Official Notification","None","None","official_verified","unavailable","legacy"
"S-327","GREAT LAKES INSTITUTE OF MANAGEMENT","Legacy Core","true","","","","","","true","Fee Regulation Slab — Tamil Nadu (2024-25)","None","None","legacy","unavailable","unavailable"
"S-502","BANDARI SRINIVAS INSTITUTE OF TECHNOLOGY","Legacy Core","true","true","true","","","","true","TSCHE TAFRC 2024-25 Notification","None","None","official_verified","unavailable","unavailable"
"S-16530","TRINITY COLLEGE OF ENGINEERING AND TECHNOLOGY","Legacy Core","true","true","true","","","","true","TSCHE TAFRC 2024-25 Notification","None","None","official_verified","unavailable","unavailable"
"S-16528","ANUBOSE INSTITUTE OF TECHNOLOGY (2nd SHIFT DIPLOMA)","Legacy Core","true","","true","","","","true","TSCHE TAFRC 2024-25 Notification","None","None","official_verified","unavailable","unavailable"
"S-16324","Trinity College of Elementary Teacher Education,Karimnagar","Legacy Core","true","","true","","","","true","TSCHE TAFRC 2024-25 Notification","None","None","official_verified","unavailable","unavailable"
"S-16323","Trinity College of Elementary Teacher Education, Karimnagar","Legacy Core","true","","true","","","","true","TSCHE TAFRC 2024-25 Notification","None","None","official_verified","unavailable","unavailable"
"S-17477","VIVEKANANDA INSTITUTE OF TECHNOLOGY AND SCIENCE","Legacy Core","true","true","true","","","","true","TSCHE TAFRC 2024-25 Notification","NIRF 2024","None","official_verified","legacy","unavailable"
"S-16433","BALAJI INSTITUTE OF TECHNOLOGY AND SCI.","Legacy Core","true","","true","","","","true","TSCHE TAFRC 2024-25 Notification","None","None","official_verified","unavailable","unavailable"
"S-5612","HOLY TRINITY INSTITUTE OF EDUCATIONAL TRAINING BOGARAM(V) RANGA REDDY","Legacy Core","true","","true","","","","true","TSCHE TAFRC 2024-25 Notification","None","None","official_verified","unavailable","unavailable"
"S-5611","HITS INSTITUTE OF EDUNCATIONAL TRAINING HOLY MARY INSTITUTE OF TECHNOLOGY RANGA REDDY","Legacy Core","true","","true","","","","true","TSCHE TAFRC 2024-25 Notification","None","None","official_verified","unavailable","unavailable"
"S-16543","HOLYMARY INSTITUTE OF TECHNOLOGY (II SHIFT POLYTECHNIC COLLEGE)","Legacy Core","true","","true","","","","true","TSCHE TAFRC 2024-25 Notification","None","None","official_verified","unavailable","unavailable"
"S-16540","WARANGAL INSTITUTE OF TECHNOLOGY  AND SCIENCE (2nd Shift Polytechnic)","Legacy Core","true","","true","","","","true","TSCHE TAFRC 2024-25 Notification","NIRF 2024","None","official_verified","legacy","unavailable"
"S-16537","VIDYA BHARATHI INSTITUTE OF TECHNOLOGY","Legacy Core","true","","true","","","","true","TSCHE TAFRC 2024-25 Notification","None","None","official_verified","unavailable","unavailable"
"S-13189","SRM INSTITUTE OF MEDICAL SCIENCES & TECHNOLOGY SCHOOL OF NURSING, RAMNAGAR, KARIMNAGAR","Legacy Core","true","","true","","","","true","TSCHE TAFRC 2024-25 Notification","None","None","official_verified","unavailable","unavailable"
"S-16936","TRINITY COLLEGE OF ENGINEERING  AND TECHNOLOGY (II-SHIFT POLYTECHNIC) PEDDAPALLI","Legacy Core","true","","true","","","","true","TSCHE TAFRC 2024-25 Notification","None","None","official_verified","unavailable","unavailable"
"S-509","BOMMA INSTITUTE OF TECHNOLOGY & SCIENCE","Legacy Core","true","true","true","","","","true","TSCHE TAFRC 2024-25 Notification","None","None","official_verified","unavailable","unavailable"
"S-15341","Gayathri Institute of Technology and Science","Legacy Core","true","","true","","","","true","TSCHE TAFRC 2024-25 Notification","NIRF 2024","None","official_verified","legacy","unavailable"
"S-13184","TRINITY PARA MEDICAL COLLEGE SCHOOL OF NURSING, ST. JOHNS EDUCATIONAL SOCIETY, KHAMMAM","Legacy Core","true","","true","","","","true","TSCHE TAFRC 2024-25 Notification","None","None","official_verified","unavailable","unavailable"
"S-610","RATNAPURI INSTITUTE OF TECHNOLOGY - COLLEGE OF POLYTECHNIC","Legacy Core","true","","true","","","","true","TSCHE TAFRC 2024-25 Notification","None","None","official_verified","unavailable","unavailable"
"S-16557","CHRISTU JYOTHI INSTITUTE OF TECHNOLOGY AND SCIENCE (II SHIFT POLYTECHNIC)","Legacy Core","true","","true","","","","true","TSCHE TAFRC 2024-25 Notification","NIRF 2024","None","official_verified","legacy","unavailable"
"S-15530","United Christian School of Nursing","Legacy Core","true","","","","","","true","Fee Regulation Slab — Punjab (2024-25)","None","None","legacy","unavailable","unavailable"
"S-16245","Institute of Management And Information Science","Legacy Core","true","","true","","","","true","TNEA 2024 Official Notification","None","None","official_verified","unavailable","unavailable"
"S-2434","GOVERNMENT INSTITUTE OF TEXTILE CHEMISTRY AND KNITTING TECHNOLOGY, LUDHIANA","Legacy Core","true","","true","","","","true","TNEA 2024 Official Notification","None","None","official_verified","unavailable","unavailable"
"S-2453","GURU NANAK INSTITUTE OF TECHNOLOGY (POLYTECHNIC), HOSHIARPUR","Legacy Core","true","","true","","","","true","TNEA 2024 Official Notification","None","None","official_verified","unavailable","unavailable"
"S-2471","MAHARAJA AGGARSAIN INSTITUTE OF TECHNOLOGY, ABOHAR","Legacy Core","true","","true","","","","true","TNEA 2024 Official Notification","None","None","official_verified","unavailable","unavailable"
"S-19438","SAKUNTALA SUDARSAN INSTITUTE OF TECHNOLOGY POLYTECHNIC","Legacy Core","true","","true","","","","true","TNEA 2024 Official Notification","None","None","official_verified","unavailable","unavailable"
"S-2708","YOGIRAJ INSTITUTE OF TECHNOLOGY, KOTA","Legacy Core","true","","true","","","","true","TNEA 2024 Official Notification","None","None","official_verified","unavailable","unavailable"
"S-2617","KRISHNA INSTITUTE OF TECHNOLOGY & ENGINEERING, CHIMANPURA PALI","Legacy Core","true","","true","","","","true","TNEA 2024 Official Notification","None","None","official_verified","unavailable","unavailable"
"S-2335","KALAM INSTITUTE OF TECHNOLOGY BERHAMPUR","Legacy Core","true","","true","","","","true","TNEA 2024 Official Notification","None","None","official_verified","unavailable","unavailable"
"S-22427","AFFINITY BUSINESS SCHOOL,BARATOTA","Legacy Core","true","","","","","","true","Fee Regulation Slab — Odisha (2024-25)","None","None","legacy","unavailable","unavailable"
"S-309","JAIPURIA INSTITUTE OF MANAGEMENT","Legacy Core","true","","","","","","true","Fee Regulation Slab — Rajasthan (2024-25)","None","None","legacy","unavailable","unavailable"
"S-17619","U.S. OSTWAL INSTITUTE OF TECHNOLOGY AND SCIENCE","Legacy Core","true","","true","","","","true","TNEA 2024 Official Notification","NIRF 2024","None","official_verified","legacy","unavailable"
"S-14911","SATYAM INSTITUTE OF TECHNOLOGY","Legacy Core","true","","true","","","","true","TNEA 2024 Official Notification","None","None","official_verified","unavailable","unavailable"
"S-22286","ANNAI ABIRAMI COMMUNITY COLLEGE OF HEALTH SCIENCES","Legacy Core","true","","","","","","true","Fee Regulation Slab — Puducherry (2024-25)","None","None","legacy","unavailable","unavailable"
"S-16574","VINUTHNA INSTITUTE OF TECHNOLOGY AND SCIENCE ( II SHIFT POLYTECHNIC )","Legacy Core","true","","true","","","","true","TSCHE TAFRC 2024-25 Notification","NIRF 2024","None","official_verified","legacy","unavailable"
"S-19469","GNIOT INSTITUTE OF MANAGEMENT STUDIES","Legacy Core","true","","","","","","true","Fee Regulation Slab — Uttar Pradesh (2024-25)","None","None","legacy","unavailable","unavailable"
"S-16615","VIJAY PRATAP INSTITUTE OF TECHNOLOGY","Legacy Core","true","","true","","","","true","AFRC UP 2024-25 Official Order","None","None","official_verified","unavailable","unavailable"
"S-16623","MAHAVEER INSTITUTE OF TECHNOLOGY ABUSA SARAI INAYAT ALLAHABAD","Legacy Core","true","","true","","","","true","AFRC UP 2024-25 Official Order","None","None","official_verified","unavailable","unavailable"
"S-19174","DR ANITA YADAV COLLEGE OF PHARMACY","Legacy Core","true","","true","","","","true","AFRC UP 2024-25 Official Order","None","None","official_verified","unavailable","unavailable"
"S-19165","JYOTIRADITYA INSTITUTE OF TECHNOLOGY MANAGEMENT AND RESEARCH","Legacy Core","true","","true","","","","true","AFRC UP 2024-25 Official Order","None","None","official_verified","unavailable","unavailable"
"S-21964","SNSK INSTITUTE OF TECHNOLOGY","Legacy Core","true","","true","","","","true","AFRC UP 2024-25 Official Order","None","None","official_verified","unavailable","unavailable"
"S-21734","UNITED INSTITUTE OF NURSING AND PARAMEDICAL SCIENCES","Legacy Core","true","","true","","","","true","AFRC UP 2024-25 Official Order","None","None","official_verified","unavailable","unavailable"
"S-22409","GREATER NOIDA INSTITUTE OF MANAGEMENT, GREATER NOIDA","Legacy Core","true","","true","","","","true","AFRC UP 2024-25 Official Order","None","None","official_verified","unavailable","unavailable"
"S-21526","SHANTI NURSING HOME AND MATERNITY CENTER, GHATAMPUR KANPUR NAGAR","Legacy Core","true","","true","","","","true","AFRC UP 2024-25 Official Order","None","None","official_verified","unavailable","unavailable"
"S-21352","ARYAVART INSTITUTE OF TECHNOLOGY AND MANAGEMENT","Legacy Core","true","","true","","","","true","AFRC UP 2024-25 Official Order","None","None","official_verified","unavailable","unavailable"
"S-21331","GL BAJAJ INSTITUTE OF MANAGEMENT AND RESEARCH PGDM INSTITUTE","Legacy Core","true","","","","","","true","Fee Regulation Slab — Uttar Pradesh (2024-25)","None","None","legacy","unavailable","unavailable"
"S-583","JYOTHISHMATHI INSTITUTE OF TECHNOLOGY & SCIENCE","Legacy Core","true","","true","","","","true","TSCHE TAFRC 2024-25 Notification","None","None","official_verified","unavailable","unavailable"
"S-20411","XAVIER INSTITUTE OF MANAGEMENT AND DESIGN","Legacy Core","true","","","","","","true","Fee Regulation Slab — Uttar Pradesh (2024-25)","None","None","legacy","unavailable","unavailable"
"S-21864","IIITM EDUCATION INDIA","Legacy Core","true","","","","","","true","Fee Regulation Slab — The Dadra and Nagar Haveli and Daman and Diu (2024-25)","None","None","legacy","unavailable","unavailable"
"S-19970","COLLEGE OF PHARMACY RAJ KUMAR GOEL INSTITUTE OF TECHNOLOGY","Legacy Core","true","","true","","","","true","AFRC UP 2024-25 Official Order","None","None","official_verified","unavailable","unavailable"
"S-14608","BHARATAM INSTITUTE OF TECHNOLOGY","Legacy Core","true","","true","","","","true","TNEA 2024 Official Notification","None","None","official_verified","unavailable","unavailable"
"S-23322","CHAUDHARY INSTITUTE OF TECHNOLOGY","Legacy Core","true","","true","","","","true","AFRC UP 2024-25 Official Order","None","None","official_verified","unavailable","unavailable"
"S-23329","MAA SHARDA INSTITUTE OF TECHNOLOGY SHAMBHUPUR GAHAJI AZAMGARH","Legacy Core","true","","true","","","","true","AFRC UP 2024-25 Official Order","None","None","official_verified","unavailable","unavailable"
"S-19953","UNITECH INSTITUTE OF ENGINEERING AND TECHNOLOGY","Legacy Core","true","","true","","","","true","AFRC UP 2024-25 Official Order","NIRF 2024","None","official_verified","legacy","legacy"
"S-12190","GOVERNMENT POLYTECHNIC, KALADHUNGI NAINITAL","Legacy Core","true","","","","","","true","Fee Regulation Slab — Uttarakhand (2024-25)","None","None","legacy","unavailable","unavailable"
"S-19853","J P INSTITUTE OF TECHNOLOGY AND MANAGEMENT","Legacy Core","true","","true","","","","true","AFRC UP 2024-25 Official Order","NIRF 2024","None","official_verified","legacy","unavailable"
"S-23688","GOEL INSTITUTE OF TECHNOLOGY AND MANAGEMENT DIPLOMA DIV","Legacy Core","true","","true","","","","true","AFRC UP 2024-25 Official Order","None","None","official_verified","unavailable","unavailable"
"S-3434","OM INSTITUTE OF TECHNOLOGY, ROORKEE","Legacy Core","true","","true","","","","true","TNEA 2024 Official Notification","NIRF 2024","None","official_verified","legacy","legacy"
"S-3444","SIX SIGMA INSTITUTE OF TECHNOLOGY & SCIENCE, RUDRAPUR","Legacy Core","true","","true","","","","true","TNEA 2024 Official Notification","None","None","official_verified","unavailable","unavailable"
"S-3176","DR. AMBEDKAR INSTITUTE OF TECHNOLOGY FOR HANDICAPPED U.P. KANPUR","Legacy Core","true","","true","","","","true","AFRC UP 2024-25 Official Order","None","None","official_verified","unavailable","unavailable"
"S-3295","KAMAL INSTITUTE OF TECHNOLOGY","Legacy Core","true","","true","","","","true","AFRC UP 2024-25 Official Order","None","None","official_verified","unavailable","unavailable"
"S-3315","MAHALWAR INSTITUTE OF TECHNOLOGY","Legacy Core","true","","true","","","","true","AFRC UP 2024-25 Official Order","None","None","official_verified","unavailable","unavailable"
"S-349","AUROUS INSTITUTE OF MANAGEMENT","Legacy Core","true","","","","","","true","Fee Regulation Slab — Uttar Pradesh (2024-25)","None","None","legacy","unavailable","unavailable"
"S-19508","LUTAWAN INSTITUTE OF TECHNOLOGY AND MANAGEMENT","Legacy Core","true","","true","","","","true","AFRC UP 2024-25 Official Order","None","None","official_verified","unavailable","unavailable"
"S-16563","SIDDHARTHA INSTITUTE OF TECHNOLOGY AND SCIENCE (II Shift Diploma College)","Legacy Core","true","","true","","","","true","TSCHE TAFRC 2024-25 Notification","NIRF 2024","None","official_verified","legacy","unavailable"
"S-376","GNIT COLLEGE OF MANAGEMENT","Legacy Core","true","","true","","","","true","AFRC UP 2024-25 Official Order","None","None","official_verified","unavailable","unavailable"
"S-18657","NIIT COLLEGE OF PHARMACY","Legacy Core","true","","true","","","","true","AFRC UP 2024-25 Official Order","None","None","official_verified","unavailable","unavailable"
"S-18299","MIT INSTITUTE OF TECHNOLOGY","Legacy Core","true","","true","","","","true","AFRC UP 2024-25 Official Order","None","None","official_verified","unavailable","unavailable"
"S-17245","SUNITA NURSING AND PARAMEDICAL COLLEGE GRAM BELAPAR (HAYATGANJ) BAKSHA JAUNPUR","Legacy Core","true","","true","","","","true","AFRC UP 2024-25 Official Order","None","None","official_verified","unavailable","unavailable"
"S-441","MASCOT INSTITUTE OF MANAGEMENT","Legacy Core","true","","","","","","true","Fee Regulation Slab — Uttar Pradesh (2024-25)","None","None","legacy","unavailable","unavailable"
"S-16864","JAHAGIRABAD EDUCATIONAL INSTITUTE OF TECHNOLOGY FOR POLYTECHNIC","Legacy Core","true","","true","","","","true","AFRC UP 2024-25 Official Order","None","None","official_verified","unavailable","unavailable"
"S-16669","SAVITA DEVI INSTITUTE OF TECHNOLOGY","Legacy Core","true","","true","","","","true","AFRC UP 2024-25 Official Order","None","None","official_verified","unavailable","unavailable"
"S-35","VIGNANA JYOTHI INSTITUTE OF MANAGEMENT","Legacy Core","true","","","","","","true","Fee Regulation Slab — Telangana (2024-25)","None","None","legacy","unavailable","unavailable"
"S-14904","Christ Institute of Management","Legacy Core","true","","","","","","true","Fee Regulation Slab — Uttar Pradesh (2024-25)","None","None","legacy","unavailable","unavailable"
"S-13967","TECHNO INSTITUTE OF MANAGEMENT SCIENCES, LUCKNOW","Legacy Core","true","","","","","","true","Fee Regulation Slab — Uttar Pradesh (2024-25)","None","None","legacy","unavailable","unavailable"
"S-13965","SHRI SIDDHI VINAYAK POLYTECHNIC, NAINITAL ROAD, BAREILLY","Legacy Core","true","","true","","","","true","AFRC UP 2024-25 Official Order","None","None","official_verified","unavailable","unavailable"
"S-13964","SHRI SIDDHI VINAYAK SCHOOL OF NURSING, NAINITAL ROAD, BAREILLY","Legacy Core","true","","true","","","","true","AFRC UP 2024-25 Official Order","None","None","official_verified","unavailable","unavailable"
"S-12180","GOVERNMENT POLYTECHNIC, NAINITAL (Nainital)","Legacy Core","true","","","","","","true","Fee Regulation Slab — Uttarakhand (2024-25)","None","None","legacy","unavailable","unavailable"
"S-14897","IMS INSTITUTE OF TECHNOLOGY, ROORKEE","Legacy Core","true","","true","","","","true","TNEA 2024 Official Notification","NIRF 2024","None","official_verified","legacy","legacy"
"S-17085","SRI SAI INSTITUTE OF TECHNOLOGY, JASPUR","Legacy Core","true","","true","","","","true","TNEA 2024 Official Notification","None","None","official_verified","unavailable","unavailable"
"S-14564","RUDRAPUR INSTITUTE OF TECHNOLOGY, BHAGWANPUR, DANPUR RUDRAPUR","Legacy Core","true","","true","","","","true","TNEA 2024 Official Notification","None","None","official_verified","unavailable","unavailable"
"S-5508","B D PANDEY HOSPITAL SCHOOL OF NURSING NAINITAL","Legacy Core","true","","","","","","true","Fee Regulation Slab — Uttarakhand (2024-25)","None","None","legacy","unavailable","unavailable"
"S-22621","INSTITUTE OF MANAGEMENT EDUCATION AND CONSULTANCY","Legacy Core","true","","true","","","","true","AFRC UP 2024-25 Official Order","None","None","official_verified","unavailable","unavailable"
"S-14868","BHAGIRATHI INSTITUTE OF TECHNOLOGY AND MANAGEMENT COLLEGE (POLYTECHNIC), LOHAGHAT","Legacy Core","true","","true","","","","true","TNEA 2024 Official Notification","None","None","official_verified","unavailable","unavailable"
"S-14847","IIMT COLLEGE OF POLYTECHNIC, GREATER NOIDA","Legacy Core","true","","true","","","","true","AFRC UP 2024-25 Official Order","None","None","official_verified","unavailable","unavailable"
"S-18671","RADHA VALLABH INSTITUTE OF TECHNOLOGY, EMAMPUR, KHUTHAN, JAUNPUR","Legacy Core","true","","true","","","","true","AFRC UP 2024-25 Official Order","None","None","official_verified","unavailable","unavailable"
"S-22964","DR NITNEMS INSTITUTE OF MENTAL HEALTH AND COGNITIVE SCIENCES","Legacy Core","true","","true","","","","true","AFRC UP 2024-25 Official Order","None","None","official_verified","unavailable","unavailable"
"S-18790","SIVA SIVANI INSTITUTE OF MANAGEMENT","Legacy Core","true","","","","","","true","Fee Regulation Slab — Telangana (2024-25)","None","None","legacy","unavailable","unavailable"
"S-23665","DR S K MISHRA ANITA PHARMACY COLLEGE, AZAMGARH","Legacy Core","true","","true","","","","true","AFRC UP 2024-25 Official Order","None","None","official_verified","unavailable","unavailable"
"S-15413","HASTINAPUR INSTITUTE OF TECHNOLOGY AND MANAGEMENT","Legacy Core","true","","true","","","","true","AFRC UP 2024-25 Official Order","None","None","official_verified","unavailable","unavailable"
"S-3131","A.D.R.S. INSTITUTE OF TECHNOLOGY & MANAGEMENT","Legacy Core","true","","true","","","","true","AFRC UP 2024-25 Official Order","NIRF 2024","None","official_verified","legacy","unavailable"
"S-3146","BABA BINDESHWARI SINGH INSTITUTE OF TECHNOLOGY AND MANAGEMENT","Legacy Core","true","","true","","","","true","AFRC UP 2024-25 Official Order","None","None","official_verified","unavailable","unavailable"
"S-3147","BABA VISHWANATH INSTITUTE OF TECHNOLOGY","Legacy Core","true","","true","","","","true","AFRC UP 2024-25 Official Order","None","None","official_verified","unavailable","unavailable"
"S-3154","BEACON INSTITUTE OF TECHNOLOGY","Legacy Core","true","","true","","","","true","AFRC UP 2024-25 Official Order","None","None","official_verified","unavailable","unavailable"
"S-3266","INFINITY INSTITUTE OF MANAGEMENT & TECHNOLOGY","Legacy Core","true","","true","","","","true","AFRC UP 2024-25 Official Order","NIRF 2024","None","official_verified","legacy","unavailable"
"S-3283","JAIPURIA INSTITUTE OF MANAGEMENT, NOIDA","Legacy Core","true","","","","","","true","Fee Regulation Slab — Uttar Pradesh (2024-25)","None","None","legacy","unavailable","unavailable"
"S-3369","SATYADEV INSTITUTE OF TECHNOLOGY","Legacy Core","true","","true","","","","true","AFRC UP 2024-25 Official Order","None","None","official_verified","unavailable","unavailable"
"S-366","DEWAN V.S. INSTITUTE OF MANAGEMENT","Legacy Core","true","","true","","","","true","AFRC UP 2024-25 Official Order","None","None","official_verified","unavailable","unavailable"
"S-402","INSTITUTE OF MANAGEMENT STUDIES","Legacy Core","true","true","true","","","","true","MahaFRA Official Online Portal","None","None","official_verified","unavailable","unavailable"
"S-20478","AMBEKESHWAR INSTITUTE OF TECHNOLOGY AND MANAGMENT VILL KATHWARA POST BAKSHI KA TALAB LUCKNOW","Legacy Core","true","","true","","","","true","AFRC UP 2024-25 Official Order","None","None","official_verified","unavailable","unavailable"
"S-454","RAMESH CHAND INSTITUTE OF MANAGEMENT(RCIM)","Legacy Core","true","","","","","","true","Fee Regulation Slab — Uttar Pradesh (2024-25)","None","None","legacy","unavailable","unavailable"
"S-16573","SAI SPURTHI INSTITUTE OF TECHNOLOGY(2nd SHIFT POLYTECHNIC COLLEGE)","Legacy Core","true","","true","","","","true","TSCHE TAFRC 2024-25 Notification","None","None","official_verified","unavailable","unavailable"
"S-479","VISION INSTITUTE OF MANAGEMENT","Legacy Core","true","","","","","","true","Fee Regulation Slab — Uttar Pradesh (2024-25)","None","None","legacy","unavailable","unavailable"
"S-18092","Shree Bhagwat Institute of Technology","Legacy Core","true","","true","","","","true","AFRC UP 2024-25 Official Order","None","None","official_verified","unavailable","unavailable"
"U-0094","Pt. Sundarlal Sharma (Open) University, Bilaspur","Legacy Core","true","true","","","","","","Fee Regulation Slab — Chhattisgarh (2024-25)","None","None","legacy","unavailable","unavailable"
"U-0091","MATS University, Raipur","Legacy Core","true","true","","","","","","Fee Regulation Slab — Chhattisgarh (2024-25)","None","None","legacy","unavailable","unavailable"
"U-0093","Pt. Ravishankar Shukla University, Raipur","Legacy Core","true","true","","","","","","Fee Regulation Slab — Chhattisgarh (2024-25)","None","None","legacy","unavailable","unavailable"
"U-0711","KALINGA UNIVERSITY, RAIPUR","Legacy Core","true","true","","","","","","Fee Regulation Slab — Chhattisgarh (2024-25)","None","None","legacy","unavailable","unavailable"
"U-0970","INTERNATIONAL INSTITUTE OF INFORMATION TECHNOLOGY","Legacy Core","true","true","true","","","","","MahaFRA Official Online Portal","IIIT Bangalore Placement Report 2024","None","official_verified","legacy","unavailable"
"U-1353","Shri Davara University","Legacy Core","true","","","","","","","Fee Regulation Slab — Chhattisgarh (2024-25)","None","None","legacy","unavailable","unavailable"
"U-0757","AMITY UNIVERSITY, CHHATTISGARH","Legacy Core","true","true","","","","","","Fee Regulation Slab — Chhattisgarh (2024-25)","None","None","legacy","unavailable","unavailable"
"U-0636","ATAL BIHARI VAJPAYEE VISHWAVIDYALAYA","Legacy Core","true","true","","","","","","Fee Regulation Slab — Chhattisgarh (2024-25)","None","None","legacy","unavailable","unavailable"
"U-1264","Anjaneya University","Legacy Core","true","","","","","","","Fee Regulation Slab — Chhattisgarh (2024-25)","None","None","legacy","unavailable","unavailable"
"U-1103","MAHARISHI UNIVERSITY OF MANAGEMENT AND TECHNOLOGY","Legacy Core","true","true","true","","","","","AFRC MP 2024-25 Order No. 147","None","None","official_verified","unavailable","unavailable"
"U-0081","Pt. Deendayal Upadhyay Memorial Health Sciences and Ayush University of Chhattisgarh","Legacy Core","true","true","","","","","","Fee Regulation Slab — Chhattisgarh (2024-25)","None","None","legacy","unavailable","unavailable"
"U-0082","Shaheed Mahendra Karma Vishwavidyalaya, Jagdalpur","Legacy Core","true","true","","","","","","Fee Regulation Slab — Chhattisgarh (2024-25)","None","None","legacy","unavailable","unavailable"
"U-0832","OP JINDAL UNIVERSITY","Legacy Core","true","true","","","","","","Fee Regulation Slab — Chhattisgarh (2024-25)","None","None","legacy","unavailable","unavailable"
"U-1122","K K MODI UNIVERSITY","Legacy Core","true","true","","","","","","Fee Regulation Slab — Chhattisgarh (2024-25)","None","None","legacy","unavailable","unavailable"
"U-0083","Chhattisgarh Swami Vivekanand Technical University, Bhilai","Legacy Core","true","true","","","","","","Fee Regulation Slab — Chhattisgarh (2024-25)","None","None","legacy","unavailable","unavailable"
"U-0084","Dr. C. V. Raman University, Kota Bilaspur","Legacy Core","true","true","","","","","","Fee Regulation Slab — Chhattisgarh (2024-25)","None","None","legacy","unavailable","unavailable"
"U-0095","Sant Gahira Guru Vishwavidyalaya, Sarguja, Ambikapur, Chattisgarh","Legacy Core","true","true","","","","","","Fee Regulation Slab — Chhattisgarh (2024-25)","None","None","legacy","unavailable","unavailable"
"U-0097","Dr. B. R. Ambedkar University Delhi","Legacy Core","true","true","","","","","","Fee Regulation Slab — Delhi (2024-25)","None","None","legacy","unavailable","unavailable"
"U-1312","Delhi Teachers University","Legacy Core","true","","","","","","","Fee Regulation Slab — Delhi (2024-25)","None","None","legacy","unavailable","unavailable"
"U-0098","Delhi Technological University","Legacy Core","true","true","true","","","","true","DTU Fee Structure 2024-25","None","None","official_verified","unavailable","legacy"
"U-0099","Guru Gobind Singh Indraprastha University","Legacy Core","true","true","","","","","","Fee Regulation Slab — Delhi (2024-25)","None","None","legacy","unavailable","unavailable"
"U-0101","Indian Agricultural Research Institute (KRISHI PUSHA) New Delhi.","Legacy Core","true","true","","","","","","Fee Regulation Slab — Delhi (2024-25)","None","None","legacy","unavailable","unavailable"
"U-0102","Indian Institute of Foreign Trade, Delhi","Legacy Core","true","true","","","","","","Fee Regulation Slab — Delhi (2024-25)","None","None","legacy","unavailable","unavailable"
"U-0103","Indian Law Institute, Bhagwandas Road, New Delhi","Legacy Core","true","true","","","","","","Fee Regulation Slab — Delhi (2024-25)","None","None","legacy","unavailable","unavailable"
"U-0104","Indira Gandhi National Open University","Legacy Core","true","true","","","","","","Fee Regulation Slab — Delhi (2024-25)","None","None","legacy","unavailable","unavailable"
"U-0105","Indraprastha Institute of Information Technology, Delhi","Legacy Core","true","true","true","true","","","","IIIT Delhi Fee Structure 2024-25","IIIT Delhi Placement Report 2024","None","official_verified","official_verified","unavailable"
"U-0106","Institute of Liver and Bilary Sciences, New Delhi","Legacy Core","true","true","","","","","","Fee Regulation Slab — Delhi (2024-25)","None","None","legacy","unavailable","unavailable"
"U-0107","Jamia Hamdard","Legacy Core","true","true","","","","","true","Fee Regulation Slab — Delhi (2024-25)","None","None","legacy","unavailable","unavailable"
"U-0108","Jamia Millia Islamia University","Legacy Core","true","true","","","","","","Fee Regulation Slab — Delhi (2024-25)","None","None","legacy","unavailable","unavailable"
"U-0109","Jawaharlal Nehru University","Legacy Core","true","true","true","","","","true","JNU Fee Structure 2024-25","None","None","official_verified","unavailable","unavailable"
"U-0110","National Institute of Fashion Technology, Hauz Khas","Legacy Core","true","true","true","","","","","TNEA 2024 Official Notification","None","None","official_verified","unavailable","unavailable"
"U-0111","National Law University, Delhi","Legacy Core","true","true","true","","","","true","NLU Delhi Fee Structure 2024-25","None","None","official_verified","unavailable","unavailable"
"U-0112","National Museum Institute of History of Art Conservation and Museology","Legacy Core","true","true","","","","","","Fee Regulation Slab — Delhi (2024-25)","None","None","legacy","unavailable","unavailable"
"U-0114","National Institute of Educational Planning & Administration","Legacy Core","true","true","","","","","","Fee Regulation Slab — Delhi (2024-25)","None","None","legacy","unavailable","unavailable"
"U-0115","Central Sanskrit University","Legacy Core","true","true","","","","","","Fee Regulation Slab — Delhi (2024-25)","None","None","legacy","unavailable","unavailable"
"U-0116","School of Planning & Architecture, New Delhi","Legacy Core","true","true","","","","","","Fee Regulation Slab — Delhi (2024-25)","None","None","legacy","unavailable","unavailable"
"U-0117","Shri Lal Bahadur Shastri National Sanskrit University","Legacy Core","true","true","","","","","","Fee Regulation Slab — Delhi (2024-25)","None","None","legacy","unavailable","unavailable"
"U-0118","South Asian University, New Delhi","Legacy Core","true","true","","","","","","Fee Regulation Slab — Delhi (2024-25)","None","None","legacy","unavailable","unavailable"
"U-0119","TERI School of Advanced Studies, New Delhi","Legacy Core","true","true","","","","","","Fee Regulation Slab — Delhi (2024-25)","None","None","legacy","unavailable","unavailable"
"U-0120","University of Delhi","Legacy Core","true","true","true","","","","true","Delhi University Fee Structure 2024-25","None","None","official_verified","unavailable","unavailable"
"U-0685","INDIRA GANDHI DELHI TECHNICAL UNIVERSITY FOR WOMEN","Legacy Core","true","true","","","","","","Fee Regulation Slab — Delhi (2024-25)","None","None","legacy","unavailable","unavailable"
"U-1340","INDIAN INSTITUTE OF MASS COMMUNICATION, NEW DELHI","Legacy Core","true","","","","","","","Fee Regulation Slab — Delhi (2024-25)","None","None","legacy","unavailable","unavailable"
"U-1187","National Forensic Sciences University","Legacy Core","true","true","","","","","","Fee Regulation Slab — Delhi (2024-25)","None","None","legacy","unavailable","unavailable"
"U-1146","Delhi Skill and Entrepreneurship University","Legacy Core","true","true","","","","","","Fee Regulation Slab — Delhi (2024-25)","None","None","legacy","unavailable","unavailable"
"U-0853","DELHI PHARMACEUTICAL SCIENCES AND RESEARCH UNIVERSITY","Legacy Core","true","true","","","","","","Fee Regulation Slab — Delhi (2024-25)","None","None","legacy","unavailable","unavailable"
"U-1056","NETAJI SUBHAS UNIVERSITY OF TECHNOLOGY","Legacy Core","true","true","","true","","","","Fee Regulation Slab — Delhi (2024-25)","NIRF 2024","None","legacy","official_verified","unavailable"
"U-0121","Goa University, Goa","Legacy Core","true","true","","","","","","Fee Regulation Slab — Goa (2024-25)","None","None","legacy","unavailable","unavailable"
"U-1309","INDIA INTERNATIONAL UNIVERSITY OF LEGAL EDUCATION AND RESEARCH","Legacy Core","true","true","","","","","","Fee Regulation Slab — Goa (2024-25)","None","None","legacy","unavailable","unavailable"
"U-1065","BHAIKAKA UNIVERSITY","Legacy Core","true","true","","","","","","Fee Regulation Slab — Gujarat (2024-25)","None","None","legacy","unavailable","unavailable"
"U-1287","GYANMANJARI INNOVATIVE UNIVERSITY","Legacy Core","true","","","","","","","Fee Regulation Slab — Gujarat (2024-25)","None","None","legacy","unavailable","unavailable"
"U-1248","SARDAR VALLABHBHAI GLOBAL UNIVERSITY","Legacy Core","true","","","","","","","Fee Regulation Slab — Gujarat (2024-25)","None","None","legacy","unavailable","unavailable"
"U-0152","Shree Somnath Sanskrit University, Junagarh","Legacy Core","true","true","","","","","","Fee Regulation Slab — Gujarat (2024-25)","None","None","legacy","unavailable","unavailable"
"U-1243","SIGMA UNIVERSITY","Legacy Core","true","","","","","","","Fee Regulation Slab — Gujarat (2024-25)","None","None","legacy","unavailable","unavailable"
"U-0151","Saurashtra University, Rajkot","Legacy Core","true","true","","","","","","Fee Regulation Slab — Gujarat (2024-25)","None","None","legacy","unavailable","legacy"
"U-0150","Sardarkrushinagar Dantiwada Agricultural University, Banaskantha","Legacy Core","true","true","","","","","","Fee Regulation Slab — Gujarat (2024-25)","None","None","legacy","unavailable","unavailable"
"U-0817","GUJARAT UNIVERSITY OF TRANSPLANTATION SCIENCES","Legacy Core","true","true","","","","","","Fee Regulation Slab — Gujarat (2024-25)","None","None","legacy","unavailable","unavailable"
"U-1230","MAGANBHAI ADENWALA MAHAGUJARAT UNIVERSITY","Legacy Core","true","true","","","","","","Fee Regulation Slab — Gujarat (2024-25)","None","None","legacy","unavailable","unavailable"
"U-0821","Sankalchand Patel University, Visnagar","Legacy Core","true","true","","","","","","Fee Regulation Slab — Gujarat (2024-25)","None","None","legacy","unavailable","legacy"
"U-0148","Sardar Patel University, Vallabh Vidyanagar","Legacy Core","true","true","","","","","","Fee Regulation Slab — Gujarat (2024-25)","None","None","legacy","unavailable","unavailable"
"U-0147","PANDIT DEENDAYAL ENERGY UNIVERSITY, GANDHI NAGAR","Legacy Core","true","true","","","","","","Fee Regulation Slab — Gujarat (2024-25)","None","None","legacy","unavailable","legacy"
"U-1222","TransStadia University","Legacy Core","true","true","","","","","","Fee Regulation Slab — Gujarat (2024-25)","None","None","legacy","unavailable","unavailable"
"U-1216","VIDHYADEEP UNIVERSITY","Legacy Core","true","true","","","","","","Fee Regulation Slab — Gujarat (2024-25)","None","None","legacy","unavailable","unavailable"
"U-1215","NOBLE UNIVERSITY","Legacy Core","true","true","","","","","","Fee Regulation Slab — Gujarat (2024-25)","None","None","legacy","unavailable","unavailable"
"U-1212","LOKBHARTI UNIVERSITY FOR RURAL INNOVATION","Legacy Core","true","true","","","","","","Fee Regulation Slab — Gujarat (2024-25)","None","None","legacy","unavailable","unavailable"
"U-1211","SWAMINARAYAN UNIVERSITY","Legacy Core","true","true","","","","","","Fee Regulation Slab — Gujarat (2024-25)","None","None","legacy","unavailable","unavailable"
"U-1209","KAUSHALYA THE SKILL UNIVERSITY","Legacy Core","true","true","","","","","","Fee Regulation Slab — Gujarat (2024-25)","None","None","legacy","unavailable","unavailable"
"U-1206","ADANI UNIVERSITY","Legacy Core","true","true","","","","","","Fee Regulation Slab — Gujarat (2024-25)","None","None","legacy","unavailable","unavailable"
"U-1204","DR SUBHASH UNIVERSITY","Legacy Core","true","true","","","","","","Fee Regulation Slab — Gujarat (2024-25)","None","None","legacy","unavailable","legacy"
"U-1203","GANDHINAGAR UNIVERSITY","Legacy Core","true","true","","","","","","Fee Regulation Slab — Gujarat (2024-25)","None","None","legacy","unavailable","legacy"
"U-0825","Marwadi University","Legacy Core","true","true","","","","","","Fee Regulation Slab — Gujarat (2024-25)","None","None","legacy","unavailable","unavailable"
"U-0146","Nirma University, Ahmedabad","Legacy Core","true","true","true","","","true","true","Nirma University Fee Structure 2024-25","NIRF 2024","None","official_verified","legacy","unavailable"
"U-0145","Navsari Agricultural University","Legacy Core","true","true","","","","","","Fee Regulation Slab — Gujarat (2024-25)","None","None","legacy","unavailable","unavailable"
"U-0144","Navrachana University","Legacy Core","true","true","","","","","","Fee Regulation Slab — Gujarat (2024-25)","None","None","legacy","unavailable","unavailable"
"U-0143","Maharaja Sayajirao University of Baroda, Vadodara","Legacy Core","true","true","","","","","","Fee Regulation Slab — Gujarat (2024-25)","None","None","legacy","unavailable","unavailable"
"U-0962","GOKUL GLOBAL UNIVERSITY","Legacy Core","true","true","","","","","","Fee Regulation Slab — Gujarat (2024-25)","None","None","legacy","unavailable","unavailable"
"U-0142","Krantiguru Shyamji Krishna Verma Kachchh University, Kachchh","Legacy Core","true","true","","","","","","Fee Regulation Slab — Gujarat (2024-25)","None","None","legacy","unavailable","unavailable"
"U-0141","Kadi Sarva Vishwavidyalaya, Gandihnagar","Legacy Core","true","true","","","","","","Fee Regulation Slab — Gujarat (2024-25)","None","None","legacy","unavailable","unavailable"
"U-0830","ANANT NATIONAL UNIVERSITY","Legacy Core","true","true","","","","","","Fee Regulation Slab — Gujarat (2024-25)","None","None","legacy","unavailable","unavailable"
"U-1163","VANITA VISHRAM WOMENS UNIVERSITY","Legacy Core","true","true","","","","","","Fee Regulation Slab — Gujarat (2024-25)","None","None","legacy","unavailable","unavailable"
"U-1161","Drs Kiran and Pallavi Patel Global University","Legacy Core","true","true","","","","","","Fee Regulation Slab — Gujarat (2024-25)","None","None","legacy","unavailable","unavailable"
"U-0140","Junagadh Agricultural University","Legacy Core","true","true","","","","","","Fee Regulation Slab — Gujarat (2024-25)","None","None","legacy","unavailable","legacy"
"U-1157","UPL University of Sustainable Technology","Legacy Core","true","true","","","","","","Fee Regulation Slab — Gujarat (2024-25)","None","None","legacy","unavailable","unavailable"
"U-0138","Hemchandracharya North Gujart University, Patan","Legacy Core","true","true","","","","","","Fee Regulation Slab — Gujarat (2024-25)","None","None","legacy","unavailable","unavailable"
"U-1149","DARSHAN UNIVERSITY","Legacy Core","true","true","","","","","","Fee Regulation Slab — Gujarat (2024-25)","None","None","legacy","unavailable","unavailable"
"U-0137","Gujarat Vidyapith, Ahmedabad","Legacy Core","true","true","","","","","","Fee Regulation Slab — Gujarat (2024-25)","None","None","legacy","unavailable","unavailable"
"U-0963","INDIAN INSTITUTE OF PUBLIC HEALTH GANDHINAGAR","Legacy Core","true","true","","","","","","Fee Regulation Slab — Gujarat (2024-25)","None","None","legacy","unavailable","unavailable"
"U-0136","Gujarat University, Ahmedabad","Legacy Core","true","true","","","","","","Fee Regulation Slab — Gujarat (2024-25)","None","None","legacy","unavailable","legacy"
"U-1135","GUJARAT BIOTECHNOLOGY UNIVERSITY","Legacy Core","true","true","","","","","","Fee Regulation Slab — Gujarat (2024-25)","None","None","legacy","unavailable","legacy"
"U-1134","SHREYARTH UNIVERSITY","Legacy Core","true","true","","","","","","Fee Regulation Slab — Gujarat (2024-25)","None","None","legacy","unavailable","unavailable"
"U-0135","Gujarat Technological University, Ahmedabad","Legacy Core","true","true","","","","","","Fee Regulation Slab — Gujarat (2024-25)","None","None","legacy","unavailable","legacy"
"U-1129","MONARK UNIVERSITY","Legacy Core","true","true","","","","","","Fee Regulation Slab — Gujarat (2024-25)","None","None","legacy","unavailable","unavailable"
"U-1127","JG UNIVERSITY","Legacy Core","true","true","","","","","","Fee Regulation Slab — Gujarat (2024-25)","None","None","legacy","unavailable","unavailable"
"U-1126","SARVAJANIK UNIVERSITY","Legacy Core","true","true","","","","","","Fee Regulation Slab — Gujarat (2024-25)","None","None","legacy","unavailable","unavailable"
"U-0134","Gujarat National Law University, Gandhinagar","Legacy Core","true","true","","","","","","Fee Regulation Slab — Gujarat (2024-25)","None","None","legacy","unavailable","unavailable"
"U-0133","Gujarat Ayurveda University, Jamnagar","Legacy Core","true","true","","","","","","Fee Regulation Slab — Gujarat (2024-25)","None","None","legacy","unavailable","unavailable"
"U-0132","Ganpat University, Ganpat Vidyanagar, Kherva","Legacy Core","true","true","","","","","","Fee Regulation Slab — Gujarat (2024-25)","None","None","legacy","unavailable","legacy"
"U-1120","SURENDRANAGAR UNIVERSITY","Legacy Core","true","true","","","","","","Fee Regulation Slab — Gujarat (2024-25)","None","None","legacy","unavailable","unavailable"
"U-0131","Dr. Babasaheb Ambedkar Open University, Ahmedabad","Legacy Core","true","true","","","","","","Fee Regulation Slab — Gujarat (2024-25)","None","None","legacy","unavailable","unavailable"
"U-0130","Dhirubhai Ambani Institute of Information & Communication Technology, Gandhi Nagar","Legacy Core","true","true","true","","","","true","TNEA 2024 Official Notification","NIRF 2024","None","official_verified","legacy","legacy"
"U-0129","Dharmsinh Desai univeristy, Nadiad","Legacy Core","true","true","","","","","","Fee Regulation Slab — Gujarat (2024-25)","None","None","legacy","unavailable","unavailable"
"U-0128","Charotar University of Science & Technology,  Anand","Legacy Core","true","true","","","","","","Fee Regulation Slab — Gujarat (2024-25)","None","None","legacy","unavailable","legacy"
"U-1102","LOK JAGRUTI KENDRA UNIVERSITY","Legacy Core","true","true","","","","","","Fee Regulation Slab — Gujarat (2024-25)","None","None","legacy","unavailable","unavailable"
"U-0127","CEPT UNIVERSITY","Legacy Core","true","true","","","","","","Fee Regulation Slab — Gujarat (2024-25)","None","None","legacy","unavailable","unavailable"
"U-0843","PLASTINDIA INTERNATIONAL UNIVERSITY","Legacy Core","true","true","","","","","","Fee Regulation Slab — Gujarat (2024-25)","None","None","legacy","unavailable","unavailable"
"U-1082","THE CHARUTAR VIDYA MANDAL (CVM) UNIVERSITY","Legacy Core","true","true","","","","","","Fee Regulation Slab — Gujarat (2024-25)","None","None","legacy","unavailable","unavailable"
"U-1078","SILVER OAK UNIVERSITY","Legacy Core","true","true","","","","","","Fee Regulation Slab — Gujarat (2024-25)","None","None","legacy","unavailable","legacy"
"U-1077","ITM (SLS) BARODA UNIVERSITY, VADODARA","Legacy Core","true","true","","","","","","Fee Regulation Slab — Gujarat (2024-25)","None","None","legacy","unavailable","unavailable"
"U-0126","Central Univeristy of Gujarat, Gandhinagar","Legacy Core","true","true","","","","","","Fee Regulation Slab — Gujarat (2024-25)","None","None","legacy","unavailable","unavailable"
"U-1074","BHAGWAN MAHAVIR UNIVERSITY","Legacy Core","true","true","","","","","","Fee Regulation Slab — Gujarat (2024-25)","None","None","legacy","unavailable","legacy"
"U-0966","BIRSA MUNDA TRIBAL UNIVERSITY","Legacy Core","true","true","","","","","","Fee Regulation Slab — Gujarat (2024-25)","None","None","legacy","unavailable","unavailable"
"U-0125","Sabarmati University","Legacy Core","true","true","","","","","","Fee Regulation Slab — Gujarat (2024-25)","None","None","legacy","unavailable","unavailable"
"U-0124","Maharaja Krishnakumarsinhji Bhavnagar University","Legacy Core","true","true","","","","","","Fee Regulation Slab — Gujarat (2024-25)","None","None","legacy","unavailable","unavailable"
"U-0123","Anand Agricultural University, Anand","Legacy Core","true","true","","","","","","Fee Regulation Slab — Gujarat (2024-25)","None","None","legacy","unavailable","unavailable"
"U-0122","Ahmedabad University","Legacy Core","true","true","","","","","","Fee Regulation Slab — Gujarat (2024-25)","None","None","legacy","unavailable","unavailable"
"U-0873","P.P. Savani University","Legacy Core","true","true","","","","","","Fee Regulation Slab — Gujarat (2024-25)","None","None","legacy","unavailable","legacy"
"U-0893","Swarrnim Startup & Innovation University","Legacy Core","true","true","","","","","","Fee Regulation Slab — Gujarat (2024-25)","None","None","legacy","unavailable","unavailable"
"U-0967","ATMIYA UNIVERSITY","Legacy Core","true","true","","","","","","Fee Regulation Slab — Gujarat (2024-25)","None","None","legacy","unavailable","legacy"
"U-0968","Gati Shakti Vishwavidyalaya","Legacy Core","true","true","","","","","","Fee Regulation Slab — Gujarat (2024-25)","None","None","legacy","unavailable","unavailable"
"U-0154","Sumandeep Vidyapeeth, Vadodara","Legacy Core","true","true","","","","","","Fee Regulation Slab — Gujarat (2024-25)","None","None","legacy","unavailable","unavailable"
"U-0153","Veer Narmad South Gujarat University, Surat","Legacy Core","true","true","","","","","","Fee Regulation Slab — Gujarat (2024-25)","None","None","legacy","unavailable","unavailable"
"U-0668","UKA TARSADIA UNIVERSITY","Legacy Core","true","true","","","","","","Fee Regulation Slab — Gujarat (2024-25)","None","None","legacy","unavailable","unavailable"
"U-1036","GUJARAT MARITIME UNIVERSITY","Legacy Core","true","true","","","","","","Fee Regulation Slab — Gujarat (2024-25)","None","None","legacy","unavailable","legacy"
"U-0914","Karnavati University","Legacy Core","true","true","","","","","","Fee Regulation Slab — Gujarat (2024-25)","None","None","legacy","unavailable","unavailable"
"U-1028","NATIONAL INSTITUTE OF DESIGN","Legacy Core","true","true","","","","","","Fee Regulation Slab — Gujarat (2024-25)","None","None","legacy","unavailable","unavailable"
"U-1297","KN UNIVERSITY","Legacy Core","true","","","","","","","Fee Regulation Slab — Gujarat (2024-25)","None","None","legacy","unavailable","unavailable"
"U-0922","Indrashil University","Legacy Core","true","true","","","","","","Fee Regulation Slab — Gujarat (2024-25)","None","None","legacy","unavailable","unavailable"
"U-0664","INDIAN INSTITUTE OF TEACHER EDUCATION, GANDHINAGAR","Legacy Core","true","true","","","","","","Fee Regulation Slab — Gujarat (2024-25)","None","None","legacy","unavailable","unavailable"
"U-0663","INDUS UNIVERSITY","Legacy Core","true","true","","","","","","Fee Regulation Slab — Gujarat (2024-25)","None","None","legacy","unavailable","unavailable"
"U-0647","R K University, Rajkot","Legacy Core","true","true","","","","","","Fee Regulation Slab — Gujarat (2024-25)","None","None","legacy","unavailable","legacy"
"U-0593","NATIONAL FORENSIC SCIENCES UNIVERSITY","Legacy Core","true","true","","","","","","Fee Regulation Slab — Gujarat (2024-25)","None","None","legacy","unavailable","unavailable"
"U-0594","Children's University, Gandhinagar","Legacy Core","true","true","","","","","","Fee Regulation Slab — Gujarat (2024-25)","None","None","legacy","unavailable","legacy"
"U-0595","Rashtriya Raksha University, Gujarat","Legacy Core","true","true","","","","","","Fee Regulation Slab — Gujarat (2024-25)","None","None","legacy","unavailable","unavailable"
"U-0670","SWARNIM GUJARAT SPORTS UNIVERSITY","Legacy Core","true","true","","","","","","Fee Regulation Slab — Gujarat (2024-25)","None","None","legacy","unavailable","unavailable"
"U-0706","KAMDHENU UNIVERSITY, GANDHINAGAR","Legacy Core","true","true","","","","","","Fee Regulation Slab — Gujarat (2024-25)","None","None","legacy","unavailable","legacy"
"U-0708","C.U.SHAH UNIVERSITY, SURENDRANAGAR","Legacy Core","true","true","","","","","","Fee Regulation Slab — Gujarat (2024-25)","None","None","legacy","unavailable","unavailable"
"U-0714","ITM VOCATIONAL UNIVERSITY, VADODARA","Legacy Core","true","true","","","","","","Fee Regulation Slab — Gujarat (2024-25)","None","None","legacy","unavailable","unavailable"
"U-0734","LAKULISH YOGA UNIVERSITY, AHMEDABAD","Legacy Core","true","true","","","","","","Fee Regulation Slab — Gujarat (2024-25)","None","None","legacy","unavailable","unavailable"
"U-0759","G S F C UNIVERSITY","Legacy Core","true","true","true","","","","true","TNEA 2024 Official Notification","NIRF 2024","None","official_verified","legacy","legacy"
"U-0763","PARUL UNIVERSITY","Legacy Core","true","true","","","","","","Fee Regulation Slab — Gujarat (2024-25)","None","None","legacy","unavailable","unavailable"
"U-0765","INSTITUTE OF INFRASTRUCTURE TECHNOLOGY RESEARCH AND MANAGEMENT (IITRAM)","Legacy Core","true","true","true","","","","true","TNEA 2024 Official Notification","None","None","official_verified","unavailable","legacy"
"U-0771","INSTITUTE OF ADVANCED RESEARCH, GANDHINAGAR","Legacy Core","true","true","","","","true","","Fee Regulation Slab — Gujarat (2024-25)","None","None","legacy","unavailable","legacy"
"U-0775","GLS UNIVERSITY","Legacy Core","true","true","","","","","","Fee Regulation Slab — Gujarat (2024-25)","None","None","legacy","unavailable","unavailable"
"U-0781","TEAM LEASE SKILLS UNIVERSITY","Legacy Core","true","true","","","","","","Fee Regulation Slab — Gujarat (2024-25)","None","None","legacy","unavailable","unavailable"
"U-0782","SHRI GOVIND GURU UNIVERSITY","Legacy Core","true","true","","","","","","Fee Regulation Slab — Gujarat (2024-25)","None","None","legacy","unavailable","unavailable"
"U-0783","BHAKTA KAVI NARSINH MEHTA UNIVERSITY","Legacy Core","true","true","","","","","","Fee Regulation Slab — Gujarat (2024-25)","None","None","legacy","unavailable","unavailable"
"U-0790","RAI UNIVERSITY","Legacy Core","true","true","true","","","","","KEA UGCET 2024 Notification","None","None","official_verified","unavailable","unavailable"
"U-1274","INSTITUTE OF TEACHING AND RESEARCH IN AYURVEDA","Legacy Core","true","true","","","","","","Fee Regulation Slab — Gujarat (2024-25)","None","None","legacy","unavailable","unavailable"
"U-1268","RAJJU SHROFF ROFEL UNIVERSITY","Legacy Core","true","","","","","","","Fee Regulation Slab — Gujarat (2024-25)","None","None","legacy","unavailable","unavailable"
"U-0794","AURO UNIVERSITY OF HOSPITALITY AND MANAGEMENT","Legacy Core","true","true","","","","","","Fee Regulation Slab — Gujarat (2024-25)","None","None","legacy","unavailable","unavailable"
"U-0641","MAHARISHI MARKANDESHWAR UNIVERSITY, SADOPUR-AMBALA","Legacy Core","true","true","","","","","","Fee Regulation Slab — Haryana (2024-25)","None","None","legacy","unavailable","unavailable"
"U-0168","Maharishi Markandeshwar University, Mullana-Ambala","Legacy Core","true","true","","","","","","Fee Regulation Slab — Haryana (2024-25)","None","None","legacy","unavailable","unavailable"
"U-0167","Maharshi Dayanand University, Rohtak","Legacy Core","true","true","","","","","","Fee Regulation Slab — Haryana (2024-25)","None","None","legacy","unavailable","unavailable"
"U-0166","Lingaya's Vidyapeeth, Faridabad","Legacy Core","true","true","","","","","","Fee Regulation Slab — Haryana (2024-25)","None","None","legacy","unavailable","unavailable"
"U-0667","Sushant University","Legacy Core","true","true","","","","","","Fee Regulation Slab — Haryana (2024-25)","None","None","legacy","unavailable","unavailable"
"U-0165","Lala lajpat Rai University of Veterinary and Animal Sciences","Legacy Core","true","true","","","","","","Fee Regulation Slab — Haryana (2024-25)","None","None","legacy","unavailable","unavailable"
"U-0164","Kurukshetra University, Kurukshetra","Legacy Core","true","true","","","","","","Fee Regulation Slab — Haryana (2024-25)","None","None","legacy","unavailable","unavailable"
"U-0163","The Northcap University, Gurgaon","Legacy Core","true","true","","","","","","Fee Regulation Slab — Haryana (2024-25)","None","None","legacy","unavailable","unavailable"
"U-0162","Guru  Jambheshwar University of Science and Technology, Hissar","Legacy Core","true","true","true","","","","","APSCHE EAPCET 2024 G.O. Ms. No. 17","None","None","official_verified","unavailable","unavailable"
"U-0161","Deenbandhu Chhotu Ram University of Science & Technology, Murthal(Sonepat)","Legacy Core","true","true","","","","","","Fee Regulation Slab — Haryana (2024-25)","None","None","legacy","unavailable","unavailable"
"U-0160","Ch. Devi Lal University, Sirsa","Legacy Core","true","true","","","","","","Fee Regulation Slab — Haryana (2024-25)","None","None","legacy","unavailable","unavailable"
"U-0788","CHAUDHARY BANSI LAL UNIVERSITY","Legacy Core","true","true","","","","","","Fee Regulation Slab — Haryana (2024-25)","None","None","legacy","unavailable","unavailable"
"U-1073","National Institute of Design Haryana","Legacy Core","true","true","","","","","","Fee Regulation Slab — Haryana (2024-25)","None","None","legacy","unavailable","unavailable"
"U-0159","Chaudhary Charan Singh Haryana Agricultural University, Hisar","Legacy Core","true","true","","","","","","Fee Regulation Slab — Haryana (2024-25)","None","None","legacy","unavailable","unavailable"
"U-0158","Central University of Haryana, Mahendergarh","Legacy Core","true","true","","","","","","Fee Regulation Slab — Haryana (2024-25)","None","None","legacy","unavailable","unavailable"
"U-0157","Bhagat Phool Singh  Mahila University, Khanpur Kalan, Sonipat","Legacy Core","true","true","","","","","","Fee Regulation Slab — Haryana (2024-25)","None","None","legacy","unavailable","unavailable"
"U-1070","Dr. B.R Ambedkar National Law University","Legacy Core","true","true","","","","","","Fee Regulation Slab — Haryana (2024-25)","None","None","legacy","unavailable","unavailable"
"U-0948","World University of Design","Legacy Core","true","true","","","","","","Fee Regulation Slab — Haryana (2024-25)","None","None","legacy","unavailable","unavailable"
"U-0155","Amity University Haryana, Gurgaon","Legacy Core","true","true","","","","","","Fee Regulation Slab — Haryana (2024-25)","None","None","legacy","unavailable","unavailable"
"U-1148","MAHARANA PRATAP HORTICULTURAL UNIVERSITY","Legacy Core","true","true","","","","","","Fee Regulation Slab — Haryana (2024-25)","None","None","legacy","unavailable","unavailable"
"U-0666","BABA MASTNATH UNIVERSITY","Legacy Core","true","true","","","","","","Fee Regulation Slab — Haryana (2024-25)","None","None","legacy","unavailable","unavailable"
"U-0818","Manav Rachna University","Legacy Core","true","true","","","","","","Fee Regulation Slab — Haryana (2024-25)","None","None","legacy","unavailable","unavailable"
"U-0951","STAREX UNIVERSITY","Legacy Core","true","true","","","","","","Fee Regulation Slab — Haryana (2024-25)","None","None","legacy","unavailable","unavailable"
"U-1055","REGIONAL CENTRE FOR BIOTECHNOLOGY","Legacy Core","true","true","","","","","","Fee Regulation Slab — Haryana (2024-25)","None","None","legacy","unavailable","unavailable"
"U-1053","OM STERLING GLOBAL UNIVERSITY","Legacy Core","true","true","","","","","","Fee Regulation Slab — Haryana (2024-25)","None","None","legacy","unavailable","unavailable"
"U-1048","SHRI VISHWAKARMA SKILL UNIVERSITY","Legacy Core","true","true","","","","","","Fee Regulation Slab — Haryana (2024-25)","None","None","legacy","unavailable","unavailable"
"U-0646","NIILM UNIVERSITY","Legacy Core","true","true","","","","","","Fee Regulation Slab — Haryana (2024-25)","None","None","legacy","unavailable","unavailable"
"U-0699","INDIRA GANDHI UNIVERSITY, MEERPUR","Legacy Core","true","true","","","","","","Fee Regulation Slab — Haryana (2024-25)","None","None","legacy","unavailable","unavailable"
"U-0700","K.R. MANGALAM UNIVERSITY, GURGAON","Legacy Core","true","true","","","","","","Fee Regulation Slab — Haryana (2024-25)","None","None","legacy","unavailable","unavailable"
"U-0702","SHREE GURU GOBIND SINGH TRICENTENARY UNIVERSITY, GURGAON","Legacy Core","true","true","","","","","","Fee Regulation Slab — Haryana (2024-25)","None","None","legacy","unavailable","unavailable"
"U-0989","NATIONAL INSTITUTE OF FOOD TECHNOLOGY ENTREPRENEURSHIP AND MANAGEMENT","Legacy Core","true","true","true","","","","","TNEA 2024 Official Notification","None","None","official_verified","unavailable","unavailable"
"U-1109","RISHIHOOD UNIVERSITY","Legacy Core","true","true","","","","","","Fee Regulation Slab — Haryana (2024-25)","None","None","legacy","unavailable","unavailable"
"U-1201","GEETA UNIVERSITY","Legacy Core","true","true","","","","","","Fee Regulation Slab — Haryana (2024-25)","None","None","legacy","unavailable","unavailable"
"U-0720","G.D. GOENKA UNIVERSITY","Legacy Core","true","true","","","","","","Fee Regulation Slab — Haryana (2024-25)","None","None","legacy","unavailable","unavailable"
"U-0721","JAGAN NATH UNIVERSITY, JHAJJAR","Legacy Core","true","true","","","","","","Fee Regulation Slab — Haryana (2024-25)","None","None","legacy","unavailable","unavailable"
"U-0722","SRM UNIVERSITY, SONEPAT","Legacy Core","true","true","","","","","","Fee Regulation Slab — Haryana (2024-25)","None","None","legacy","unavailable","unavailable"
"U-0910","PDM University","Legacy Core","true","true","","","","","","Fee Regulation Slab — Haryana (2024-25)","None","None","legacy","unavailable","unavailable"
"U-0735","BML MUNJAL UNIVERSITY","Legacy Core","true","true","","","","","","Fee Regulation Slab — Haryana (2024-25)","None","None","legacy","unavailable","unavailable"
"U-0738","CHAUDHARY RANBIR SINGH UNIVERSITY, JIND","Legacy Core","true","true","","","","","","Fee Regulation Slab — Haryana (2024-25)","None","None","legacy","unavailable","unavailable"
"U-0742","M V N University, Palwal","Legacy Core","true","true","","","","","","Fee Regulation Slab — Haryana (2024-25)","None","None","legacy","unavailable","unavailable"
"U-0744","ASHOKA UNIVERSITY","Legacy Core","true","true","","","","","","Fee Regulation Slab — Haryana (2024-25)","None","None","legacy","unavailable","unavailable"
"U-0751","DADA LAKHMI CHAND STATE UNIVERSITY OF PERFORMING AND VISUAL ARTS","Legacy Core","true","true","","","","","","Fee Regulation Slab — Haryana (2024-25)","None","None","legacy","unavailable","unavailable"
"U-0988","IILM UNIVERSITY","Legacy Core","true","true","","","","","","Fee Regulation Slab — Haryana (2024-25)","None","None","legacy","unavailable","unavailable"
"U-0936","Al-Falah University","Legacy Core","true","true","","","","","","Fee Regulation Slab — Haryana (2024-25)","None","None","legacy","unavailable","unavailable"
"U-0175","J.C. BOSE UNIVERSITY OF SCIENCE AND TECHNOLOGY, YMCA, FARIDABAD","Legacy Core","true","true","true","","","","","APSCHE EAPCET 2024 G.O. Ms. No. 17","None","None","official_verified","unavailable","unavailable"
"U-1022","SHRI KRISHNA AYUSH UNIVERSITY","Legacy Core","true","true","","","","","","Fee Regulation Slab — Haryana (2024-25)","None","None","legacy","unavailable","unavailable"
"U-1182","MAHARISHI BALMIKI SANSKRIT UNIVERSITY","Legacy Core","true","true","","","","","","Fee Regulation Slab — Haryana (2024-25)","None","None","legacy","unavailable","unavailable"
"U-0174","Pt. Bhagwat Dayal Sharma University of Health Sciences","Legacy Core","true","true","","","","","","Fee Regulation Slab — Haryana (2024-25)","None","None","legacy","unavailable","unavailable"
"U-1341","Sanskaram University","Legacy Core","true","","","","","","","Fee Regulation Slab — Haryana (2024-25)","None","None","legacy","unavailable","unavailable"
"U-1021","GURUGRAM UNIVERSITY, GURUGRAM","Legacy Core","true","true","","","","","","Fee Regulation Slab — Haryana (2024-25)","None","None","legacy","unavailable","unavailable"
"U-0173","O. P. Jindal Global University, Sonipat","Legacy Core","true","true","","","","","","Fee Regulation Slab — Haryana (2024-25)","None","None","legacy","unavailable","unavailable"
"U-0171","National Dairy  Research Institute, Karnal","Legacy Core","true","true","","","","","","Fee Regulation Slab — Haryana (2024-25)","None","None","legacy","unavailable","unavailable"
"U-0170","National Brain Research Centre, Gurgaon","Legacy Core","true","true","","","","","","Fee Regulation Slab — Haryana (2024-25)","None","None","legacy","unavailable","unavailable"
"U-0169","Manav Rachna International Institute of Research & Studies","Legacy Core","true","true","","","","","","Fee Regulation Slab — Haryana (2024-25)","None","None","legacy","unavailable","unavailable"
"U-0697","A P GOYAL SHIMLA UNIVERSITY","Legacy Core","true","true","","","","","","Fee Regulation Slab — Himachal Pradesh (2024-25)","None","None","legacy","unavailable","unavailable"
"U-0599","Sri Sai University, Palampur","Legacy Core","true","true","","","","","","Fee Regulation Slab — Himachal Pradesh (2024-25)","None","None","legacy","unavailable","unavailable"
"U-1136","ATAL MEDICAL AND RESEARCH UNIVERSITY","Legacy Core","true","true","","","","","","Fee Regulation Slab — Himachal Pradesh (2024-25)","None","None","legacy","unavailable","unavailable"
"U-0597","Bahra University, Solan","Legacy Core","true","true","","","","","","Fee Regulation Slab — Himachal Pradesh (2024-25)","None","None","legacy","unavailable","unavailable"
"U-0696","IEC (INDIA EDUCATION CENTRE) UNIVERSITY","Legacy Core","true","true","","","","","","Fee Regulation Slab — Himachal Pradesh (2024-25)","None","None","legacy","unavailable","unavailable"
"U-0183","Himachal Pradesh University , Shimla","Legacy Core","true","true","","","","","","Fee Regulation Slab — Himachal Pradesh (2024-25)","None","None","legacy","unavailable","unavailable"
"U-0182","Eternal University, Baru Sahib Sirmour","Legacy Core","true","true","","","","","","Fee Regulation Slab — Himachal Pradesh (2024-25)","None","None","legacy","unavailable","unavailable"
"U-0671","MAHARAJA AGRASEN UNIVERSITY","Legacy Core","true","true","","","","","","Fee Regulation Slab — Himachal Pradesh (2024-25)","None","None","legacy","unavailable","unavailable"
"U-0181","Dr. Y.S. Parmar University of Horticulture and Forestry, Solan","Legacy Core","true","true","","","","","","Fee Regulation Slab — Himachal Pradesh (2024-25)","None","None","legacy","unavailable","unavailable"
"U-0598","Himachal Pradesh Technical University, Hamirpur","Legacy Core","true","true","","","","","","Fee Regulation Slab — Himachal Pradesh (2024-25)","None","None","legacy","unavailable","unavailable"
"U-0185","Indus International University, Bathu, Una","Legacy Core","true","true","","","","","","Fee Regulation Slab — Himachal Pradesh (2024-25)","None","None","legacy","unavailable","unavailable"
"U-0186","Jaypee University of Information Technology, Waknaghat, Solan","Legacy Core","true","true","","","","","","Fee Regulation Slab — Himachal Pradesh (2024-25)","None","None","legacy","unavailable","unavailable"
"U-1218","ALL INDIA INSTITUTE OF MEDICAL SCIENCE, BILASPUR","Legacy Core","true","true","","","","","","Fee Regulation Slab — Himachal Pradesh (2024-25)","None","None","legacy","unavailable","unavailable"
"U-0694","CAREER POINT UNIVERSITY, HAMIRPUR","Legacy Core","true","true","","","","","","Fee Regulation Slab — Himachal Pradesh (2024-25)","None","None","legacy","unavailable","unavailable"
"U-0180","Chitkara University, Kalu Jhanda (Barotiwala), Solan","Legacy Core","true","true","","","","","","Fee Regulation Slab — Himachal Pradesh (2024-25)","None","None","legacy","unavailable","unavailable"
"U-0187","Maharashi Markandeshwar University, Solan","Legacy Core","true","true","","","","","","Fee Regulation Slab — Himachal Pradesh (2024-25)","None","None","legacy","unavailable","unavailable"
"U-0179","Chaudhary Sarwan Kumar Himachal Pardesh Krishi Vishvavidyalaya, Palampur","Legacy Core","true","true","","","","","","Fee Regulation Slab — Himachal Pradesh (2024-25)","None","None","legacy","unavailable","unavailable"
"U-0695","INSTITUTE OF CHARTERED FINANCIAL ANALYSTS OF INDIA UNIVERSITY, SOLAN","Legacy Core","true","true","","","","","","Fee Regulation Slab — Himachal Pradesh (2024-25)","None","None","legacy","unavailable","unavailable"
"U-0190","Shoolini University of Bio Technology and Management Sciences, Oachghat, Solan","Legacy Core","true","true","true","","","","","APSCHE EAPCET 2024 G.O. Ms. No. 17","None","None","official_verified","unavailable","unavailable"
"U-0178","Central University of Himachal Pradesh, Dharmshala, Kangra","Legacy Core","true","true","","","","","","Fee Regulation Slab — Himachal Pradesh (2024-25)","None","None","legacy","unavailable","unavailable"
"U-1106","Sardar Patel University","Legacy Core","true","true","true","","","","","AFRC UP 2024-25 Official Order","None","None","official_verified","unavailable","unavailable"
"U-0177","Baddi University of Emerging Sciences and Technology, Baddi (Makhnumajra), Solan","Legacy Core","true","true","","","","","","Fee Regulation Slab — Himachal Pradesh (2024-25)","None","None","legacy","unavailable","unavailable"
"U-0761","ABHILASHI UNIVERSITY","Legacy Core","true","true","","","","","","Fee Regulation Slab — Himachal Pradesh (2024-25)","None","None","legacy","unavailable","unavailable"
"U-1035","HIMACHAL PRADESH NATIONAL LAW UNIVERSITY SHIMLA","Legacy Core","true","true","","","","","","Fee Regulation Slab — Himachal Pradesh (2024-25)","None","None","legacy","unavailable","unavailable"
"U-0176","Arni University, Katgarh (Indora), Kangra","Legacy Core","true","true","","","","","","Fee Regulation Slab — Himachal Pradesh (2024-25)","None","None","legacy","unavailable","unavailable"
"U-0631","CENTRAL UNIVERSITY OF JAMMU","Legacy Core","true","true","","","","","","Fee Regulation Slab — Jammu and Kashmir (2024-25)","None","None","legacy","unavailable","unavailable"
"U-0191","Baba Ghulam Shah Badshah University,  Jammu","Legacy Core","true","true","","","","","","Fee Regulation Slab — Jammu and Kashmir (2024-25)","None","None","legacy","unavailable","unavailable"
"U-0193","Central University of Kashmir, Srinagar","Legacy Core","true","true","","","","","","Fee Regulation Slab — Jammu and Kashmir (2024-25)","None","None","legacy","unavailable","unavailable"
"U-0194","Islamic University of Science & Technology, Pulwama","Legacy Core","true","true","","","","","","Fee Regulation Slab — Jammu and Kashmir (2024-25)","None","None","legacy","unavailable","unavailable"
"U-0195","University of Jammu, Jammu Tawi","Legacy Core","true","true","","","","","","Fee Regulation Slab — Jammu and Kashmir (2024-25)","None","None","legacy","unavailable","unavailable"
"U-0196","University of Kashmir, Srinagar","Legacy Core","true","true","","","","","","Fee Regulation Slab — Jammu and Kashmir (2024-25)","None","None","legacy","unavailable","unavailable"
"U-0198","Sher-e-Kashmir Institute of Medical Sciences, Srinagar","AIIMS","true","true","","","","","","Fee Regulation Slab — Jammu and Kashmir (2024-25)","None","None","legacy","unavailable","unavailable"
"U-0199","Sher-e-Kashmir University of Agricultural Science & Technology of Jammu, Jammu","Legacy Core","true","true","","","","","","Fee Regulation Slab — Jammu and Kashmir (2024-25)","None","None","legacy","unavailable","unavailable"
"U-0200","Sher-e-Kashmir University of Agricultural Science & Technology of Kashmir, Srinagar","Legacy Core","true","true","","","","","","Fee Regulation Slab — Jammu and Kashmir (2024-25)","None","None","legacy","unavailable","unavailable"
"U-0201","Shri Mata Vaishno Devi University, Jammu","Legacy Core","true","true","","","","","","Fee Regulation Slab — Jammu and Kashmir (2024-25)","None","None","legacy","unavailable","unavailable"
"U-1152","ALL INDIA INSTITUTE OF MEDICAL SCIENCE, JAMMU","Legacy Core","true","true","","","","","","Fee Regulation Slab — Jammu and Kashmir (2024-25)","None","None","legacy","unavailable","unavailable"
"U-0926","Cluster University of Jammu","Legacy Core","true","true","","","","","","Fee Regulation Slab — Jammu and Kashmir (2024-25)","None","None","legacy","unavailable","unavailable"
"U-0909","Cluster University Srinagar","Legacy Core","true","true","","","","","","Fee Regulation Slab — Jammu and Kashmir (2024-25)","None","None","legacy","unavailable","unavailable"
"U-1233","SRINATH UNIVERSITY","Legacy Core","true","true","","","","","","Fee Regulation Slab — Jharkhand (2024-25)","None","None","legacy","unavailable","unavailable"
"U-1063","RAM KRISHNA DHARMARTH FOUNDATION (RKDF) UNIVERSITY","Legacy Core","true","true","","","","","","Fee Regulation Slab — Jharkhand (2024-25)","None","None","legacy","unavailable","unavailable"
"U-0860","JHARKHAND RAKSHA SHAKTI UNIVERSITY","Legacy Core","true","true","","","","","","Fee Regulation Slab — Jharkhand (2024-25)","None","None","legacy","unavailable","unavailable"
"U-0930","YBN University","Legacy Core","true","true","","","","","","Fee Regulation Slab — Jharkhand (2024-25)","None","None","legacy","unavailable","unavailable"
"U-1069","Jharkhand University of Technology, Ranchi","Legacy Core","true","true","","","","","","Fee Regulation Slab — Jharkhand (2024-25)","None","None","legacy","unavailable","unavailable"
"U-0902","Usha Martin University","Legacy Core","true","true","","","","","","Fee Regulation Slab — Jharkhand (2024-25)","None","None","legacy","unavailable","unavailable"
"U-1072","RAMCHANDRA CHANDRAVANSI UNIVERSITY","Legacy Core","true","true","","","","","","Fee Regulation Slab — Jharkhand (2024-25)","None","None","legacy","unavailable","unavailable"
"U-0850","AISECT UNIVERSITY","Legacy Core","true","true","","","","","","Fee Regulation Slab — Jharkhand (2024-25)","None","None","legacy","unavailable","unavailable"
"U-1259","JHARKHAND STATE OPEN UNIVERSITY","Legacy Core","true","","","","","","","Fee Regulation Slab — Jharkhand (2024-25)","None","None","legacy","unavailable","unavailable"
"U-1260","JAMSHEDPUR WOMEN""S UNIVERSITY","Legacy Core","true","true","","","","","","Fee Regulation Slab — Jharkhand (2024-25)","None","None","legacy","unavailable","unavailable"
"U-1075","RADHA GOVIND UNIVERSITY","Legacy Core","true","true","","","","","","Fee Regulation Slab — Jharkhand (2024-25)","None","None","legacy","unavailable","unavailable"
"U-0212","Vinoba Bhave University, Hazaribagh","Legacy Core","true","true","","","","","","Fee Regulation Slab — Jharkhand (2024-25)","None","None","legacy","unavailable","unavailable"
"U-0211","The Institute of Chartered Financial Analysts of India University, Jharkhand","Legacy Core","true","true","","","","","","Fee Regulation Slab — Jharkhand (2024-25)","None","None","legacy","unavailable","unavailable"
"U-0210","Sido Kanhu Murmu University, Dumka","Legacy Core","true","true","","","","","","Fee Regulation Slab — Jharkhand (2024-25)","None","None","legacy","unavailable","unavailable"
"U-0209","Ranchi University, Ranchi","Legacy Core","true","true","","","","","","Fee Regulation Slab — Jharkhand (2024-25)","None","None","legacy","unavailable","unavailable"
"U-0208","Nilamber-Pitamber University, Palamu","Legacy Core","true","true","","","","","","Fee Regulation Slab — Jharkhand (2024-25)","None","None","legacy","unavailable","unavailable"
"U-0206","Kolhan University,  West Singhbhum","Legacy Core","true","true","","","","","","Fee Regulation Slab — Jharkhand (2024-25)","None","None","legacy","unavailable","unavailable"
"U-0204","Central University of Jharkhand, Ranchi","Legacy Core","true","true","","","","","","Fee Regulation Slab — Jharkhand (2024-25)","None","None","legacy","unavailable","unavailable"
"U-0203","Birsa Agricultural University, Ranchi","Legacy Core","true","true","","","","","","Fee Regulation Slab — Jharkhand (2024-25)","None","None","legacy","unavailable","unavailable"
"U-0202","Birla Institute of Technology, Ranchi","Legacy Core","true","true","true","","","","true","TNEA 2024 Official Notification","None","None","official_verified","unavailable","unavailable"
"U-0982","DR. SHYAMA PRASAD MUKHERJEE UNIVERSITY","Legacy Core","true","true","","","","","","Fee Regulation Slab — Jharkhand (2024-25)","None","None","legacy","unavailable","unavailable"
"U-1339","National Institute of Advanced Manufacturing Technology","Legacy Core","true","","true","","","","","TNEA 2024 Official Notification","None","None","official_verified","unavailable","unavailable"
"U-1295","BABU DINESH SINGH UNIVERSITY","Legacy Core","true","","","","","","","Fee Regulation Slab — Jharkhand (2024-25)","None","None","legacy","unavailable","unavailable"
"U-1314","Sona Devi University","Legacy Core","true","","","","","","","Fee Regulation Slab — Jharkhand (2024-25)","None","None","legacy","unavailable","unavailable"
"U-0986","SARALA BIRLA UNIVERSITY","Legacy Core","true","true","","","","","","Fee Regulation Slab — Jharkhand (2024-25)","None","None","legacy","unavailable","unavailable"
"U-1057","ALL INDIA INSTITUTE OF MEDICAL SCIENCE DEOGHAR","Legacy Core","true","true","","","","","","Fee Regulation Slab — Jharkhand (2024-25)","None","None","legacy","unavailable","unavailable"
"U-0920","ARKA JAIN University, Jharkhand","Legacy Core","true","true","","","","","","Fee Regulation Slab — Jharkhand (2024-25)","None","None","legacy","unavailable","unavailable"
"U-1046","NETAJI SUBHAS UNIVERSITY","Legacy Core","true","true","","","","","","Fee Regulation Slab — Jharkhand (2024-25)","NIRF 2024","None","legacy","legacy","unavailable"
"U-1286","DURGA SOREN UNIVERSITY","Legacy Core","true","","","","","","","Fee Regulation Slab — Jharkhand (2024-25)","None","None","legacy","unavailable","unavailable"
"U-0600","National University of Study & Research in Law, Ranchi","Legacy Core","true","true","","","","","","Fee Regulation Slab — Jharkhand (2024-25)","None","None","legacy","unavailable","unavailable"
"U-0875","AMITY UNIVERSITY,JHARKHAND","Legacy Core","true","true","","","","","","Fee Regulation Slab — Jharkhand (2024-25)","None","None","legacy","unavailable","unavailable"
"U-1060","CAPITAL UNIVERSITY","Legacy Core","true","true","","","","","","Fee Regulation Slab — Jharkhand (2024-25)","None","None","legacy","unavailable","unavailable"
"U-0762","JHARKHAND RAI UNIVERSITY","Legacy Core","true","true","","","","","","Fee Regulation Slab — Jharkhand (2024-25)","None","None","legacy","unavailable","unavailable"
"U-0820","SAI NATH UNIVERSITY","Legacy Core","true","true","","","","","","Fee Regulation Slab — Jharkhand (2024-25)","None","None","legacy","unavailable","unavailable"
"U-0978","BINOD BIHARI MAHTO KOYALANCHAL UNIVERSITY","Legacy Core","true","true","","","","","","Fee Regulation Slab — Jharkhand (2024-25)","None","None","legacy","unavailable","unavailable"
"U-0247","University  of Agricultural Sciences, Raichur","Legacy Core","true","true","","","","","","Fee Regulation Slab — Karnataka (2024-25)","None","None","legacy","unavailable","unavailable"
"U-0246","University  of Agricultural Sciences, Dharwad","Legacy Core","true","true","","","","","","Fee Regulation Slab — Karnataka (2024-25)","None","None","legacy","unavailable","unavailable"
"U-0245","University  of Horticultural Sciences, Bagalkot","Legacy Core","true","true","","","","","","Fee Regulation Slab — Karnataka (2024-25)","None","None","legacy","unavailable","unavailable"
"U-0244","Tumkur University, Tumkur","Legacy Core","true","true","","","","","","Fee Regulation Slab — Karnataka (2024-25)","None","None","legacy","unavailable","unavailable"
"U-0243","Swami Vivekananda Yoga Anusandhana Samsthan, Bangalore","Legacy Core","true","true","","","","","","Fee Regulation Slab — Karnataka (2024-25)","None","None","legacy","unavailable","unavailable"
"U-0242","Sri Siddhartha Academy of Higher Education","Legacy Core","true","true","","","","","","Fee Regulation Slab — Karnataka (2024-25)","None","None","legacy","unavailable","unavailable"
"U-0241","Sri Devaraj Urs Academy of Higher Education and Research, Kolar","Legacy Core","true","true","","","","","","Fee Regulation Slab — Karnataka (2024-25)","NIRF 2024","None","legacy","legacy","unavailable"
"U-0240","Rajiv Gandhi University of Health Sciences, Bangalore","Legacy Core","true","true","","","","","","Fee Regulation Slab — Karnataka (2024-25)","None","None","legacy","unavailable","unavailable"
"U-0239","NITTE Unversity, Mangalore","Legacy Core","true","true","","","","","true","Fee Regulation Slab — Karnataka (2024-25)","None","None","legacy","unavailable","unavailable"
"U-0238","National Law School of India University, Bangalore","Legacy Core","true","true","true","","","","true","NLSIU Fee Structure 2024-25","NIRF 2024","None","official_verified","legacy","legacy"
"U-0745","THE UNIVERSITY OF TRANS-DISCIPLINARY HEALTH SCIENCES AND TECHNOLOGY","Legacy Core","true","true","true","","","","","KEA UGCET 2024 Notification","None","None","official_verified","unavailable","legacy"
"U-0236","National Institute of Mental Health & Neuro Sciences, Bangalore","Legacy Core","true","true","","","","","","Fee Regulation Slab — Karnataka (2024-25)","None","None","legacy","unavailable","unavailable"
"U-0235","University of Mysore, Mysore","Legacy Core","true","true","","","","","","Fee Regulation Slab — Karnataka (2024-25)","None","None","legacy","unavailable","unavailable"
"U-0234","Manipal Academy of Higher Education, Manipal","Legacy Core","true","true","","","","","true","Fee Regulation Slab — Karnataka (2024-25)","None","None","legacy","unavailable","unavailable"
"U-0233","Mangalore University, Mangalore","Legacy Core","true","true","","","","","","Fee Regulation Slab — Karnataka (2024-25)","None","None","legacy","unavailable","unavailable"
"U-0232","Kuvempu University, Shankaraghatta, Shimoga","Legacy Core","true","true","","","","","","Fee Regulation Slab — Karnataka (2024-25)","None","None","legacy","unavailable","unavailable"
"U-0231","Karnataka Vetrinary, Animal & Fisheries Science University, Nandinagar","Legacy Core","true","true","","","","","","Fee Regulation Slab — Karnataka (2024-25)","None","None","legacy","unavailable","unavailable"
"U-0733","PES UNIVERSITY, BANGLORE","Legacy Core","true","true","","","","","","Fee Regulation Slab — Karnataka (2024-25)","None","None","legacy","unavailable","unavailable"
"U-0726","RAI TECHNOLOGY UNIVERSITY, BANGALORE","Legacy Core","true","true","true","","","","","KEA UGCET 2024 Notification","None","None","official_verified","unavailable","legacy"
"U-0725","REVA UNIVERSITY, BANGALORE","Legacy Core","true","true","","","","","","Fee Regulation Slab — Karnataka (2024-25)","None","None","legacy","unavailable","unavailable"
"U-0724","M.S. RAMAIAH UNIVERSITY OF APPLIED SCIENCES, BANGALORE","Legacy Core","true","true","","","","","","Fee Regulation Slab — Karnataka (2024-25)","None","None","legacy","unavailable","unavailable"
"U-0723","CMR UNIVERSITY, BANGALORE","Legacy Core","true","true","","","","","","Fee Regulation Slab — Karnataka (2024-25)","None","None","legacy","unavailable","unavailable"
"U-0229","Karnataka State Women University, Bijapur","Legacy Core","true","true","","","","","","Fee Regulation Slab — Karnataka (2024-25)","None","None","legacy","unavailable","unavailable"
"U-0228","Karnataka State Open University, Mysore","Legacy Core","true","true","","","","","","Fee Regulation Slab — Karnataka (2024-25)","None","None","legacy","unavailable","unavailable"
"U-0227","Karnataka State Law University, Hubli","Legacy Core","true","true","","","","","","Fee Regulation Slab — Karnataka (2024-25)","None","None","legacy","unavailable","unavailable"
"U-0226","Kannada University, Hampi, Kamalapura","Legacy Core","true","true","","","","","","Fee Regulation Slab — Karnataka (2024-25)","None","None","legacy","unavailable","unavailable"
"U-0225","K.L.E. Academy of Higher Education and Research, Belgaum","Legacy Core","true","true","","","","","","Fee Regulation Slab — Karnataka (2024-25)","NIRF 2024","None","legacy","legacy","unavailable"
"U-0224","Jawaharlal Nehru Centre for Advanced Scientific Research, Banaglore","Legacy Core","true","true","","","","","","Fee Regulation Slab — Karnataka (2024-25)","None","None","legacy","unavailable","unavailable"
"U-0223","Jain university,Bangalore","Legacy Core","true","true","","","","","","Fee Regulation Slab — Karnataka (2024-25)","None","None","legacy","unavailable","unavailable"
"U-0222","JSS ACADEMY OF HIGHER EDUCATION & RESEARCH","Legacy Core","true","true","","","","","true","Fee Regulation Slab — Karnataka (2024-25)","None","None","legacy","unavailable","unavailable"
"U-0221","International Institute of Information Technology, Bangalore","Legacy Core","true","true","true","","","","true","IIIT Bangalore Fee Structure 2024-25","None","None","official_verified","unavailable","legacy"
"U-0220","Indian Institute of Science, Bangalore","Legacy Core","true","true","true","","","","true","IIM Bangalore Fee Structure 2024-26","NIRF 2024","None","official_verified","legacy","legacy"
"U-0219","Gulbarga University, Gulbarga","Legacy Core","true","true","","","","","","Fee Regulation Slab — Karnataka (2024-25)","None","None","legacy","unavailable","unavailable"
"U-0218","Davangere University, Davangere","Legacy Core","true","true","","","","","","Fee Regulation Slab — Karnataka (2024-25)","None","None","legacy","unavailable","unavailable"
"U-0217","Christ University, Bangalore","Legacy Core","true","true","","","","","true","Fee Regulation Slab — Karnataka (2024-25)","None","None","legacy","unavailable","unavailable"
"U-0216","Central University of Karnataka, Gulbarga","Legacy Core","true","true","","","","","","Fee Regulation Slab — Karnataka (2024-25)","None","None","legacy","unavailable","unavailable"
"U-0215","Bangalore University, Bangalore","Legacy Core","true","true","true","","","","","KEA UGCET 2024 Notification","None","None","official_verified","unavailable","unavailable"
"U-0214","BLDE (Deemed to be University)","Legacy Core","true","true","","","","","","Fee Regulation Slab — Karnataka (2024-25)","None","None","legacy","legacy","unavailable"
"U-0213","Alliance University. Bangalore","Legacy Core","true","true","","","","","","Fee Regulation Slab — Karnataka (2024-25)","None","None","legacy","unavailable","unavailable"
"U-1290","CHAMARAJANAGARA UNIVERSITY","Legacy Core","true","","","","","","","Fee Regulation Slab — Karnataka (2024-25)","None","None","legacy","unavailable","unavailable"
"U-1294","AMITY UNIVERSITY","Legacy Core","true","true","true","true","","","","Amity University Fee Structure 2024-25","Amity University Placement Report 2024","None","official_verified","official_verified","unavailable"
"U-1311","Bidar University","Legacy Core","true","","","","","","","Fee Regulation Slab — Karnataka (2024-25)","None","None","legacy","unavailable","unavailable"
"U-1315","SAPTHAGIRI NPS UNIVERSITY","Legacy Core","true","","","","","","","Fee Regulation Slab — Karnataka (2024-25)","None","None","legacy","unavailable","unavailable"
"U-0659","KARNATAKA JANAPADA VISHWAVIDYALAYA, GOTAGODI","Legacy Core","true","true","","","","","","Fee Regulation Slab — Karnataka (2024-25)","None","None","legacy","unavailable","unavailable"
"U-1322","Hassan University","Legacy Core","true","","","","","","","Fee Regulation Slab — Karnataka (2024-25)","None","None","legacy","unavailable","unavailable"
"U-1328","Atria University","Legacy Core","true","","","","","","","Fee Regulation Slab — Karnataka (2024-25)","None","None","legacy","unavailable","unavailable"
"U-1337","St. Aloysius","Legacy Core","true","","true","","","","","AFRC MP 2024-25 Order No. 147","None","None","official_verified","unavailable","unavailable"
"U-0637","UNIVERSITY OF AGRICULTURAL AND HORTICULTURAL SCIENCES, SHIMOGA","Legacy Core","true","true","","","","","","Fee Regulation Slab — Karnataka (2024-25)","None","None","legacy","unavailable","unavailable"
"U-0601","Azim Premji University, Bangalore","Legacy Core","true","true","","","","","","Fee Regulation Slab — Karnataka (2024-25)","None","None","legacy","unavailable","unavailable"
"U-0602","Rani Channamma University, Belagavi","Legacy Core","true","true","","","","","","Fee Regulation Slab — Karnataka (2024-25)","None","None","legacy","unavailable","unavailable"
"U-0956","BENGALURU CENTRAL UNIVERSITY","Legacy Core","true","true","","","","","","Fee Regulation Slab — Karnataka (2024-25)","None","None","legacy","unavailable","unavailable"
"U-0971","ADICHUNCHANAGIRI UNIVERSITY","Legacy Core","true","true","","","","","","Fee Regulation Slab — Karnataka (2024-25)","None","None","legacy","unavailable","unavailable"
"U-0972","BENGALURU NORTH UNIVERSITY","Legacy Core","true","true","","","","","","Fee Regulation Slab — Karnataka (2024-25)","None","None","legacy","unavailable","unavailable"
"U-0935","SRINIVAS UNIVERSITY","Legacy Core","true","true","","","","","","Fee Regulation Slab — Karnataka (2024-25)","None","None","legacy","unavailable","unavailable"
"U-0931","JSS Science and Technology University","Legacy Core","true","true","true","","","","","KEA UGCET 2024 Notification","None","None","official_verified","unavailable","legacy"
"U-0927","Sharnbasva University","Legacy Core","true","true","","","","","","Fee Regulation Slab — Karnataka (2024-25)","None","None","legacy","unavailable","unavailable"
"U-0603","Vijayanagara Sri Krishnadevaraya University, Bellary","Legacy Core","true","true","","","","","","Fee Regulation Slab — Karnataka (2024-25)","None","None","legacy","unavailable","unavailable"
"U-0230","Karnataka University, Dharwad","Legacy Core","true","true","","","","","","Fee Regulation Slab — Karnataka (2024-25)","None","None","legacy","unavailable","unavailable"
"U-0918","Garden City University","Legacy Core","true","true","","","","","","Fee Regulation Slab — Karnataka (2024-25)","None","None","legacy","unavailable","unavailable"
"U-1034","SHRI DHARMASTHALA MANJUNATHESHWARA UNIVERSITY","Legacy Core","true","true","","","","","","Fee Regulation Slab — Karnataka (2024-25)","None","None","legacy","unavailable","unavailable"
"U-1037","KHAJA BANDANAWAZ UNIVERSITY","Legacy Core","true","true","","","","","","Fee Regulation Slab — Karnataka (2024-25)","None","None","legacy","unavailable","unavailable"
"U-0624","Karnataka State Dr. Gangubai Hangal Music And Performing Arts University","Legacy Core","true","true","","","","","","Fee Regulation Slab — Karnataka (2024-25)","None","None","legacy","unavailable","unavailable"
"U-0625","Karnataka Sanskrit University","Legacy Core","true","true","","","","","","Fee Regulation Slab — Karnataka (2024-25)","None","None","legacy","unavailable","unavailable"
"S-8836","R.K. MISSION SARADA MANDIR GOVT. SPONSORED PRIMARY TEACHERS TRAINING INSTITUTE (UNIT-II)","Legacy Core","true","","","","","","true","Fee Regulation Slab — West Bengal (2024-25)","None","None","legacy","unavailable","unavailable"
"U-1047","MAHARANI CLUSTER UNIVERSITY","Legacy Core","true","true","","","","","","Fee Regulation Slab — Karnataka (2024-25)","None","None","legacy","unavailable","unavailable"
"U-1050","MANDYA UNIVERSITY","Legacy Core","true","true","","","","","","Fee Regulation Slab — Karnataka (2024-25)","None","None","legacy","unavailable","unavailable"
"U-0887","Karnataka State Rural Development and Panchayat Raj University","Legacy Core","true","true","","","","","","Fee Regulation Slab — Karnataka (2024-25)","None","None","legacy","unavailable","unavailable"
"U-0876","PRESIDENCY UNIVERSITY , BENGALURU","Legacy Core","true","true","","","","","","Fee Regulation Slab — Karnataka (2024-25)","None","None","legacy","unavailable","unavailable"
"U-0856","DAYANANDA SAGAR UNIVERSITY","Legacy Core","true","true","","","","","","Fee Regulation Slab — Karnataka (2024-25)","None","None","legacy","unavailable","unavailable"
"U-0854","KLE TECHNOLOGICAL UNIVERSITY","Legacy Core","true","true","","","","","","Fee Regulation Slab — Karnataka (2024-25)","None","None","legacy","unavailable","unavailable"
"U-1090","BENGALURU DR.B.R.AMBEDKAR SCHOOL OF ECONOMICS UNIVERSITY","Legacy Core","true","true","","","","","","Fee Regulation Slab — Karnataka (2024-25)","None","None","legacy","unavailable","unavailable"
"U-1123","NRUPATHUNGA UNIVERSITY","Legacy Core","true","true","","","","","","Fee Regulation Slab — Karnataka (2024-25)","None","None","legacy","unavailable","unavailable"
"U-1156","RV UNIVERSITY","Legacy Core","true","true","","","","","","Fee Regulation Slab — Karnataka (2024-25)","None","None","legacy","unavailable","unavailable"
"U-1164","RAICHUR UNIVERSITY","Legacy Core","true","true","","","","","","Fee Regulation Slab — Karnataka (2024-25)","None","None","legacy","unavailable","unavailable"
"U-1197","Vidyashilp University","Legacy Core","true","true","","","","","","Fee Regulation Slab — Karnataka (2024-25)","None","None","legacy","unavailable","unavailable"
"U-1202","CHANAKYA UNIVERSITY","Legacy Core","true","true","","","","","","Fee Regulation Slab — Karnataka (2024-25)","None","None","legacy","unavailable","unavailable"
"U-1229","St. Joseph's University","Legacy Core","true","true","","","","","","Fee Regulation Slab — Karnataka (2024-25)","None","None","legacy","unavailable","unavailable"
"U-1288","UNIVERSITY OF VISVESVARAYA COLLEGE OF ENGINEERING","Legacy Core","true","true","true","","","","","KEA UGCET 2024 Notification","None","None","official_verified","unavailable","legacy"
"U-1241","SRI SATHYA SAI UNIVERSITY FOR HUMAN EXCELLENCE","Legacy Core","true","true","","","","","","Fee Regulation Slab — Karnataka (2024-25)","None","None","legacy","unavailable","unavailable"
"U-1244","KOPPAL UNIVERSITY","Legacy Core","true","","","","","","","Fee Regulation Slab — Karnataka (2024-25)","None","None","legacy","unavailable","unavailable"
"U-1251","KODAGU UNIVERSITY","Legacy Core","true","","","","","","","Fee Regulation Slab — Karnataka (2024-25)","None","None","legacy","unavailable","unavailable"
"U-1252","HAVERI UNIVERSITY","Legacy Core","true","","","","","","","Fee Regulation Slab — Karnataka (2024-25)","None","None","legacy","unavailable","unavailable"
"U-1254","BAGALKOT UNIVERSITY","Legacy Core","true","","","","","","","Fee Regulation Slab — Karnataka (2024-25)","None","None","legacy","unavailable","unavailable"
"U-1276","GM UNIVERSITY","Legacy Core","true","","","","","","","Fee Regulation Slab — Karnataka (2024-25)","None","None","legacy","unavailable","unavailable"
"U-1281","Kishkinda University","Legacy Core","true","","","","","","","Fee Regulation Slab — Karnataka (2024-25)","None","None","legacy","unavailable","unavailable"
"U-0250","Yenepoya (deemed to be University), Mangalore","Legacy Core","true","true","","","","","","Fee Regulation Slab — Karnataka (2024-25)","None","None","legacy","unavailable","unavailable"
"U-0249","Vesveswaraiah Technological University, Belgaum","Legacy Core","true","true","","","","","","Fee Regulation Slab — Karnataka (2024-25)","None","None","legacy","unavailable","unavailable"
"U-0248","University of Agricultural Sciences, Bangalore","Legacy Core","true","true","","","","","","Fee Regulation Slab — Karnataka (2024-25)","None","None","legacy","unavailable","unavailable"
"U-0251","UNIVERSITY OF CALICUT, MALAPPURAM","Legacy Core","true","true","","","","","","Fee Regulation Slab — Kerala (2024-25)","None","None","legacy","unavailable","unavailable"
"U-0252","Central Univeristy of Kerala, Kasaragod","Legacy Core","true","true","","","","","","Fee Regulation Slab — Kerala (2024-25)","None","None","legacy","unavailable","unavailable"
"U-0253","Cochin University of Science & Technology, Kochi","Legacy Core","true","true","","","","","","Fee Regulation Slab — Kerala (2024-25)","None","None","legacy","unavailable","unavailable"
"U-0254","Indian Institute of Science Education & Research (IISER), Thiruvananthapuram","Legacy Core","true","true","true","","","","true","IISc Bangalore Fee Structure 2024-25","NIRF 2024","None","official_verified","legacy","legacy"
"U-0255","Indian Institute of Space Science and Technology, Thiruvananthapuram","Legacy Core","true","true","true","","","","true","TNEA 2024 Official Notification","NIRF 2024","None","official_verified","legacy","unavailable"
"U-0256","Kannur University, Kannur","Legacy Core","true","true","","","","","","Fee Regulation Slab — Kerala (2024-25)","None","None","legacy","unavailable","unavailable"
"U-0257","Kerala Agricultural University, Thrissur","Legacy Core","true","true","","","","","","Fee Regulation Slab — Kerala (2024-25)","None","None","legacy","unavailable","unavailable"
"U-0258","Kerala Kalamandalam, Thrissur","Legacy Core","true","true","","","","","","Fee Regulation Slab — Kerala (2024-25)","None","None","legacy","unavailable","unavailable"
"U-0259","Kerala University of Fisheries & Ocean Studies, Kochi","Legacy Core","true","true","","","","","","Fee Regulation Slab — Kerala (2024-25)","None","None","legacy","unavailable","unavailable"
"U-0260","University of Kerala, Thiruvananthapuram","Legacy Core","true","true","","","","","","Fee Regulation Slab — Kerala (2024-25)","None","None","legacy","unavailable","unavailable"
"U-0261","Kerala Veterinary & Animal Science University, Wayanad","Legacy Core","true","true","","","","","","Fee Regulation Slab — Kerala (2024-25)","None","None","legacy","unavailable","unavailable"
"U-0262","Mahatma Gandhi University, Kottayam","Legacy Core","true","true","","","","","","Fee Regulation Slab — Kerala (2024-25)","None","None","legacy","unavailable","unavailable"
"U-0264","National University of Advanced Legal Studies, Kochi","Legacy Core","true","true","","","","","","Fee Regulation Slab — Kerala (2024-25)","None","None","legacy","unavailable","unavailable"
"U-0265","Sree Sankaracharya University of Sanskrit, Kalady","Legacy Core","true","true","","","","","","Fee Regulation Slab — Kerala (2024-25)","None","None","legacy","unavailable","unavailable"
"U-0266","Sree Chitra Tirunal Institute for Medical Sciences and Technology, Thiruvananthapuram","AIIMS","true","true","","","","","","Fee Regulation Slab — Kerala (2024-25)","None","None","legacy","unavailable","unavailable"
"U-0630","KERALA UNIVERSITY OF HEALTH AND ALLIED SCIENCES","Legacy Core","true","true","","","","","","Fee Regulation Slab — Kerala (2024-25)","None","None","legacy","unavailable","unavailable"
"U-0716","THUNCHATH EZHUTHACHAN MALAYALAM UNIVERSITY, TIRUR","Legacy Core","true","true","","","","","","Fee Regulation Slab — Kerala (2024-25)","None","None","legacy","unavailable","unavailable"
"U-0786","A P J ABDUL KALAM TECHNOLOGICAL UNIVERSITY","Legacy Core","true","true","","","","","","Fee Regulation Slab — Kerala (2024-25)","None","None","legacy","unavailable","unavailable"
"U-0903","Chinmaya Vishwavidyapeeth","Legacy Core","true","true","","","","","","Fee Regulation Slab — Kerala (2024-25)","None","None","legacy","unavailable","unavailable"
"U-1130","SREENARAYANAGURU OPEN UNIVERSITY","Legacy Core","true","true","","","","","","Fee Regulation Slab — Kerala (2024-25)","None","None","legacy","unavailable","unavailable"
"U-1154","KERALA UNIVERSITY OF DIGITAL SCIENCES INNOVATION AND TECHNOLOGY","Legacy Core","true","true","","","","","","Fee Regulation Slab — Kerala (2024-25)","None","None","legacy","unavailable","unavailable"
"U-1097","UNIVERSITY OF LADAKH","Legacy Core","true","true","","","","","","Fee Regulation Slab — Ladakh (2024-25)","None","None","legacy","unavailable","unavailable"
"U-1025","CENTRAL INSTITUTE OF BUDDHIST STUDIES","Legacy Core","true","true","","","","","","Fee Regulation Slab — Ladakh (2024-25)","None","None","legacy","unavailable","unavailable"
"U-1105","MANGALAYATAN UNIVERSITY","Legacy Core","true","true","","","","","","Fee Regulation Slab — Madhya Pradesh (2024-25)","None","None","legacy","unavailable","unavailable"
"U-0834","MEDI-CAPS UNIVERSITY","Legacy Core","true","true","","","","","","Fee Regulation Slab — Madhya Pradesh (2024-25)","None","None","legacy","unavailable","unavailable"
"U-1303","PRESTIGE UNIVERSITY","Legacy Core","true","","","","","","","Fee Regulation Slab — Madhya Pradesh (2024-25)","None","None","legacy","unavailable","unavailable"
"U-1334","INDIAN INSTITUTE OF FOREST MANAGEMENT, BHOPAL","Legacy Core","true","","","","","","","Fee Regulation Slab — Madhya Pradesh (2024-25)","None","None","legacy","unavailable","unavailable"
"U-1333","NATIONAL INSTITUTE OF TECHNICAL TEACHERS' TRAINING & RESEARCH, BHOPAL","Legacy Core","true","","true","","","","","AFRC MP 2024-25 Order No. 147","None","None","official_verified","unavailable","unavailable"
"U-0604","Amity University, Gwalior","Legacy Core","true","true","","","","","","Fee Regulation Slab — Madhya Pradesh (2024-25)","None","None","legacy","unavailable","unavailable"
"U-0278","Madhya Pradesh Bhoj Open University, Bhopal","Legacy Core","true","true","","","","","","Fee Regulation Slab — Madhya Pradesh (2024-25)","None","None","legacy","unavailable","unavailable"
"U-0858","P.K. UNIVERSITY","Legacy Core","true","true","true","","","","true","TNEA 2024 Official Notification","NIRF 2024","None","official_verified","legacy","unavailable"
"U-1329","Madhav Institute of Technology and Science","Legacy Core","true","","true","","","","true","AFRC MP 2024-25 Order No. 147","NIRF 2024","None","official_verified","legacy","unavailable"
"U-1326","Amaltas University","Legacy Core","true","","","","","","","Fee Regulation Slab — Madhya Pradesh (2024-25)","None","None","legacy","unavailable","unavailable"
"U-1301","SHUBHAM UNIVERSITY","Legacy Core","true","","","","","","","Fee Regulation Slab — Madhya Pradesh (2024-25)","None","None","legacy","unavailable","unavailable"
"U-1343","J N C T Professional University","Legacy Core","true","","","","","","","Fee Regulation Slab — Madhya Pradesh (2024-25)","NIRF 2024","None","legacy","legacy","unavailable"
"U-1285","AZIM PREMJI UNIVERSITY","Legacy Core","true","","","","","","","Fee Regulation Slab — Madhya Pradesh (2024-25)","None","None","legacy","unavailable","unavailable"
"U-0626","School of Planning & Architecture, Bhopal","Legacy Core","true","true","","","","","","Fee Regulation Slab — Madhya Pradesh (2024-25)","None","None","legacy","unavailable","unavailable"
"U-0268","Awadesh Pratap Singh University, Rewa","Legacy Core","true","true","","","","","","Fee Regulation Slab — Madhya Pradesh (2024-25)","None","None","legacy","unavailable","unavailable"
"U-0629","Raja Mansingh  Tomar Music & Arts University, Gwalior","Legacy Core","true","true","","","","","","Fee Regulation Slab — Madhya Pradesh (2024-25)","None","None","legacy","unavailable","unavailable"
"U-0269","Barkatullah University, Bhopal","Legacy Core","true","true","","","","","","Fee Regulation Slab — Madhya Pradesh (2024-25)","None","None","legacy","unavailable","unavailable"
"U-0270","Devi Ahilya Vishwavidyalaya, Indore","Legacy Core","true","true","","","","","","Fee Regulation Slab — Madhya Pradesh (2024-25)","None","None","legacy","unavailable","unavailable"
"U-0271","Dr. Harisingh Gaur  Vishwavidyalaya, Sagar","Legacy Core","true","true","","","","","","Fee Regulation Slab — Madhya Pradesh (2024-25)","None","None","legacy","unavailable","unavailable"
"U-1269","DR PREETI GLOBAL UNIVERSITY","Legacy Core","true","","","","","","","Fee Regulation Slab — Madhya Pradesh (2024-25)","None","None","legacy","unavailable","unavailable"
"U-0272","Indian Institute of Science Education & Research (IISER), Bhopal","Legacy Core","true","true","true","","","","true","IISc Bangalore Fee Structure 2024-25","NIRF 2024","None","official_verified","legacy","legacy"
"U-1267","VIKRANT UNIVERSITY","Legacy Core","true","","","","","","","Fee Regulation Slab — Madhya Pradesh (2024-25)","None","None","legacy","unavailable","unavailable"
"U-1266","ABHYUDAY UNIVERSITY","Legacy Core","true","","","","","","","Fee Regulation Slab — Madhya Pradesh (2024-25)","None","None","legacy","unavailable","unavailable"
"U-0274","Jawaharlal Nehru Krishi Vishwavidyalaya, Jabalpur","Legacy Core","true","true","","","","","","Fee Regulation Slab — Madhya Pradesh (2024-25)","None","None","legacy","unavailable","unavailable"
"U-0275","Jaypee University of Engineering & Technology, Guna","Legacy Core","true","true","true","","","","","AFRC MP 2024-25 Order No. 147","None","None","official_verified","unavailable","unavailable"
"U-0277","Lakshmibai National Institute of Physical Education, Gwalior","Legacy Core","true","true","","","","","","Fee Regulation Slab — Madhya Pradesh (2024-25)","None","None","legacy","unavailable","unavailable"
"U-0648","ITM UNIVERSITY, GWALIOR","Legacy Core","true","true","","","","","","Fee Regulation Slab — Madhya Pradesh (2024-25)","None","None","legacy","unavailable","unavailable"
"U-0650","AKS UNIVERSITY, SATNA","Legacy Core","true","true","","","","","","Fee Regulation Slab — Madhya Pradesh (2024-25)","None","None","legacy","unavailable","unavailable"
"U-0651","ATAL BIHARI VAJPAYEE HINDI VISHWAVIDYALAYA","Legacy Core","true","true","","","","","","Fee Regulation Slab — Madhya Pradesh (2024-25)","None","None","legacy","unavailable","unavailable"
"U-0652","RKDF UNIVERSITY","Legacy Core","true","true","","","","","","Fee Regulation Slab — Madhya Pradesh (2024-25)","None","None","legacy","unavailable","unavailable"
"U-1256","CHIRAYU UNIVERSITY","Legacy Core","true","","","","","","","Fee Regulation Slab — Madhya Pradesh (2024-25)","None","None","legacy","unavailable","unavailable"
"U-0862","Dr. A.P.J. ABDUL KALAM UNIVERSITY","Legacy Core","true","true","true","","","","","AFRC UP 2024-25 Official Order","None","None","official_verified","unavailable","unavailable"
"U-0655","PEOPLES UNIVERSITY","Legacy Core","true","true","","","","","","Fee Regulation Slab — Madhya Pradesh (2024-25)","None","None","legacy","unavailable","unavailable"
"U-0656","RABINDRANATH TAGORE UNIVERSITY","Legacy Core","true","true","","","","","","Fee Regulation Slab — Madhya Pradesh (2024-25)","None","None","legacy","unavailable","unavailable"
"U-0279","Nanaji Deshmukh Pashu Chikitsa Vigyan Vishwavidalaya, Jabalpur","Legacy Core","true","true","","","","","","Fee Regulation Slab — Madhya Pradesh (2024-25)","None","None","legacy","unavailable","unavailable"
"U-0280","Maharishi  Mahesh Yogi Vedic Vishwavidyalaya","Legacy Core","true","true","","","","","","Fee Regulation Slab — Madhya Pradesh (2024-25)","None","None","legacy","unavailable","unavailable"
"U-0661","SWAMI VIVEKANAND UNIVERSITY","Legacy Core","true","true","","","","","","Fee Regulation Slab — Madhya Pradesh (2024-25)","None","None","legacy","unavailable","unavailable"
"U-0662","ORIENTAL UNIVERSITY,INDORE","Legacy Core","true","true","","","","","","Fee Regulation Slab — Madhya Pradesh (2024-25)","None","None","legacy","unavailable","unavailable"
"U-0281","Maharshi Panini Sanskrit Evam Vedic Vishwavidyalaya, Ujjain","Legacy Core","true","true","","","","","","Fee Regulation Slab — Madhya Pradesh (2024-25)","None","None","legacy","unavailable","unavailable"
"U-0282","Mahatama Gandhi Gramodaya Vishwavidyalaya, Chitrakoot, Satna","Legacy Core","true","true","","","","","","Fee Regulation Slab — Madhya Pradesh (2024-25)","None","None","legacy","unavailable","unavailable"
"U-0283","Makhanlal Chaturvedi National University of Journalism and Communication, Bhopal","Legacy Core","true","true","","","","","","Fee Regulation Slab — Madhya Pradesh (2024-25)","None","None","legacy","unavailable","unavailable"
"U-0285","National Law Institute University, Bhopal","Legacy Core","true","true","","","","","true","Fee Regulation Slab — Madhya Pradesh (2024-25)","None","None","legacy","unavailable","unavailable"
"U-1242","SCOPE GLOBAL SKILLS UNIVERSITY","Legacy Core","true","","","","","","","Fee Regulation Slab — Madhya Pradesh (2024-25)","None","None","legacy","unavailable","unavailable"
"U-0287","Rajiv Gandhi Prodoyogiki Vishwavidyalaya, Bhopal","Legacy Core","true","true","","","","","","Fee Regulation Slab — Madhya Pradesh (2024-25)","None","None","legacy","unavailable","unavailable"
"U-0288","Rajmata Vijayaraje Scindia Krishi Vishwa Vidyalaya, Gwalior","Legacy Core","true","true","","","","","","Fee Regulation Slab — Madhya Pradesh (2024-25)","None","None","legacy","unavailable","unavailable"
"U-1236","LNCT VIDHYAPEETH UNIVERSITY","Legacy Core","true","true","","","","","","Fee Regulation Slab — Madhya Pradesh (2024-25)","None","None","legacy","unavailable","unavailable"
"U-0289","Rani Durgavati Vishwavidyalaya, Jabalpur","Legacy Core","true","true","","","","","","Fee Regulation Slab — Madhya Pradesh (2024-25)","None","None","legacy","unavailable","unavailable"
"U-0290","Indira Gandhi National Tribal University, Amarkantak","Legacy Core","true","true","","","","","","Fee Regulation Slab — Madhya Pradesh (2024-25)","None","None","legacy","unavailable","unavailable"
"U-0291","Vikram University, Ujjain","Legacy Core","true","true","","","","","","Fee Regulation Slab — Madhya Pradesh (2024-25)","None","None","legacy","unavailable","unavailable"
"U-0276","Jiwaji University, Gwalior","Legacy Core","true","true","true","","","","","AFRC MP 2024-25 Order No. 147","None","None","official_verified","unavailable","unavailable"
"U-1167","SRI AUROBINDO UNIVERSITY","Legacy Core","true","true","","","","","","Fee Regulation Slab — Madhya Pradesh (2024-25)","None","None","legacy","unavailable","unavailable"
"U-1352","Aryavart University","Legacy Core","true","","","","","","","Fee Regulation Slab — Madhya Pradesh (2024-25)","None","None","legacy","unavailable","unavailable"
"U-0727","JAGRAN LAKECITY UNIVERSITY, BHOPAL","Legacy Core","true","true","","","","","","Fee Regulation Slab — Madhya Pradesh (2024-25)","None","None","legacy","unavailable","unavailable"
"U-0728","SRI SATYA SAI UNIVERSITY OF TECHNOLOGY & MEDICAL SCIENCES, SEHORE","Legacy Core","true","true","true","","","","","AFRC MP 2024-25 Order No. 147","None","None","official_verified","unavailable","unavailable"
"U-0729","TECHNO GLOBAL UNIVERSITY, SIRONG","Legacy Core","true","true","","","","","","Fee Regulation Slab — Madhya Pradesh (2024-25)","None","None","legacy","unavailable","unavailable"
"U-1143","DR B R AMBEDKAR UNIVERSITY OF SOCIAL SCIENCES","Legacy Core","true","true","","","","","","Fee Regulation Slab — Madhya Pradesh (2024-25)","None","None","legacy","unavailable","unavailable"
"U-1131","MAHAKAUSHAL UNIVERSITY","Legacy Core","true","true","","","","","","Fee Regulation Slab — Madhya Pradesh (2024-25)","None","None","legacy","unavailable","unavailable"
"U-1351","Gyanveer University","Legacy Core","true","","","","","","","Fee Regulation Slab — Madhya Pradesh (2024-25)","None","None","legacy","unavailable","unavailable"
"U-1121","SAM GLOBAL UNIVERSITY","Legacy Core","true","true","","","","","","Fee Regulation Slab — Madhya Pradesh (2024-25)","None","None","legacy","unavailable","unavailable"
"U-0755","SARVEPALLI RADHAKRISHNAN UNIVERSITY","Legacy Core","true","true","","","","","","Fee Regulation Slab — Madhya Pradesh (2024-25)","None","None","legacy","unavailable","unavailable"
"U-1099","EKLAVYA UNIVERSITY","Legacy Core","true","true","","","","","","Fee Regulation Slab — Madhya Pradesh (2024-25)","None","None","legacy","unavailable","unavailable"
"U-1098","SANJEEV AGARWAL GLOBAL EDUCATIONAL UNIVERSITY BHOPAL","Legacy Core","true","true","","","","","","Fee Regulation Slab — Madhya Pradesh (2024-25)","None","None","legacy","unavailable","unavailable"
"U-1094","NATIONAL INSTITUTE OF DESIGN (NID) MADHYA PRADESH","Legacy Core","true","true","","","","","","Fee Regulation Slab — Madhya Pradesh (2024-25)","None","None","legacy","unavailable","unavailable"
"U-1093","SARDAR PATEL UNIVERSITY, BALAGHAT","Legacy Core","true","true","","","","","","Fee Regulation Slab — Madhya Pradesh (2024-25)","None","None","legacy","unavailable","unavailable"
"U-1084","CHHINDWARA UNIVERSITY","Legacy Core","true","true","","","","","","Fee Regulation Slab — Madhya Pradesh (2024-25)","None","None","legacy","unavailable","unavailable"
"U-1064","IES UNIVERSITY","Legacy Core","true","true","","","","","","Fee Regulation Slab — Madhya Pradesh (2024-25)","None","None","legacy","unavailable","unavailable"
"U-1024","SHRI KRISHNA UNIVERSITY","Legacy Core","true","true","","","","","","Fee Regulation Slab — Madhya Pradesh (2024-25)","None","None","legacy","unavailable","unavailable"
"U-1023","MANSAROVAR GLOBAL UNIVERSITY","Legacy Core","true","true","","","","","","Fee Regulation Slab — Madhya Pradesh (2024-25)","None","None","legacy","unavailable","unavailable"
"U-0996","MADHYA PRADESH AYURVIGYAN VISHWAVIDHLAYA, JABALPUR","Legacy Core","true","true","","","","","","Fee Regulation Slab — Madhya Pradesh (2024-25)","None","None","legacy","unavailable","unavailable"
"U-0994","Dr. C.V RAMAN UNIVERSITY","Legacy Core","true","true","","","","","","Fee Regulation Slab — Madhya Pradesh (2024-25)","None","None","legacy","unavailable","unavailable"
"U-0977","G.H. RAISONI UNIVERSITY","Legacy Core","true","true","","","","","","Fee Regulation Slab — Madhya Pradesh (2024-25)","None","None","legacy","unavailable","unavailable"
"U-0969","SANCHI UNIVERSITY OF BUDDHIST-INDIC STUDIES","Legacy Core","true","true","","","","","","Fee Regulation Slab — Madhya Pradesh (2024-25)","None","None","legacy","unavailable","unavailable"
"U-0960","MALWANCHAL UNIVERSITY","Legacy Core","true","true","","","","","","Fee Regulation Slab — Madhya Pradesh (2024-25)","None","None","legacy","unavailable","unavailable"
"U-0959","AVANTIKA UNIVERSITY","Legacy Core","true","true","","","","","","Fee Regulation Slab — Madhya Pradesh (2024-25)","None","None","legacy","unavailable","unavailable"
"U-0958","DHARMASHASTRA NATIONAL LAW UNIVERSITY","Legacy Core","true","true","","","","","","Fee Regulation Slab — Madhya Pradesh (2024-25)","None","None","legacy","unavailable","unavailable"
"U-0943","Bhabha University, Bhopal","Legacy Core","true","true","","","","","","Fee Regulation Slab — Madhya Pradesh (2024-25)","None","None","legacy","unavailable","unavailable"
"U-0941","Madhyanchal Professional University","Legacy Core","true","true","","","","","","Fee Regulation Slab — Madhya Pradesh (2024-25)","None","None","legacy","unavailable","unavailable"
"U-1344","Gyanodaya University","Legacy Core","true","","","","","","","Fee Regulation Slab — Madhya Pradesh (2024-25)","None","None","legacy","unavailable","unavailable"
"U-0940","Renaissance University","Legacy Core","true","true","","","","","","Fee Regulation Slab — Madhya Pradesh (2024-25)","None","None","legacy","unavailable","unavailable"
"U-0928","Pandit S.N. Shukla University, Shahdol","Legacy Core","true","true","","","","","","Fee Regulation Slab — Madhya Pradesh (2024-25)","None","None","legacy","unavailable","unavailable"
"U-0923","VIT Bhopal University, Sehore","Legacy Core","true","true","","","","","","Fee Regulation Slab — Madhya Pradesh (2024-25)","None","None","legacy","unavailable","unavailable"
"U-0921","Symbiosis University of Applied Sciences, Indore","Legacy Core","true","true","","","","","true","Fee Regulation Slab — Madhya Pradesh (2024-25)","None","None","legacy","unavailable","unavailable"
"U-0810","MAHARAJA CHHATRASAL BUNDELKHAND UNIVERSITY","Legacy Core","true","true","","","","","","Fee Regulation Slab — Madhya Pradesh (2024-25)","None","None","legacy","unavailable","unavailable"
"U-0916","SAGE UNIVERSITY","Legacy Core","true","true","","","","","","Fee Regulation Slab — Madhya Pradesh (2024-25)","None","None","legacy","unavailable","unavailable"
"U-0813","LNCT UNIVERSITY","Legacy Core","true","true","","","","","","Fee Regulation Slab — Madhya Pradesh (2024-25)","None","None","legacy","unavailable","unavailable"
"U-0905","Shri Vaishnav Vidyapeeth Vishwavidyalaya","Legacy Core","true","true","","","","","","Fee Regulation Slab — Madhya Pradesh (2024-25)","None","None","legacy","unavailable","unavailable"
"U-0883","MANDSAUR UNIVERSITY","Legacy Core","true","true","","","","","","Fee Regulation Slab — Madhya Pradesh (2024-25)","None","None","legacy","unavailable","unavailable"
"U-0992","SPICER ADVENTIST UNIVERSITY","Legacy Core","true","true","","","","","","Fee Regulation Slab — Maharashtra (2024-25)","None","None","legacy","unavailable","unavailable"
"U-0308","Institute of Chemical Technology, Mumbai","Legacy Core","true","true","true","","","","","TNEA 2024 Official Notification","None","None","official_verified","unavailable","unavailable"
"U-0309","International Institute for Population Sciences, Mumbai","Legacy Core","true","true","","","","","","Fee Regulation Slab — Maharashtra (2024-25)","None","None","legacy","unavailable","unavailable"
"U-1101","MGM UNIVERSITY","Legacy Core","true","true","","","","","","Fee Regulation Slab — Maharashtra (2024-25)","None","None","legacy","unavailable","unavailable"
"U-0886","Maharashtra National Law University Mumbai","Legacy Core","true","true","","","","","","Fee Regulation Slab — Maharashtra (2024-25)","None","None","legacy","unavailable","unavailable"
"U-0885","Ajeenkya D Y Patil University","Legacy Core","true","true","","","","","","Fee Regulation Slab — Maharashtra (2024-25)","None","None","legacy","unavailable","unavailable"
"U-1253","Dr P A Inamdar University","Legacy Core","true","","","","","","","Fee Regulation Slab — Maharashtra (2024-25)","None","None","legacy","unavailable","unavailable"
"U-0658","GONDWANA UNIVERSITY, GADCHIROLI","Legacy Core","true","true","","","","","","Fee Regulation Slab — Maharashtra (2024-25)","None","None","legacy","unavailable","unavailable"
"U-1336","Ramdeobaba University","Legacy Core","true","","","","","","","Fee Regulation Slab — Maharashtra (2024-25)","None","None","legacy","unavailable","unavailable"
"U-1096","G H RAISONI UNIVERSITY, AMRAVATI","Legacy Core","true","true","","","","","","Fee Regulation Slab — Maharashtra (2024-25)","None","None","legacy","unavailable","unavailable"
"U-0877","Sandip University","Legacy Core","true","true","","","","","","Fee Regulation Slab — Maharashtra (2024-25)","None","None","legacy","unavailable","unavailable"
"U-1087","VIJAYBHOOMI UNIVERSITY","Legacy Core","true","true","","","","","","Fee Regulation Slab — Maharashtra (2024-25)","None","None","legacy","unavailable","unavailable"
"U-1085","SOMAIYA VIDYAVIHAR UNIVERSITY, MUMBAI","Legacy Core","true","true","","","","","","Fee Regulation Slab — Maharashtra (2024-25)","None","None","legacy","unavailable","unavailable"
"U-1246","ITM SKILLS UNIVERSITY","Legacy Core","true","","","","","","","Fee Regulation Slab — Maharashtra (2024-25)","None","None","legacy","unavailable","unavailable"
"U-1076","DR HOMI BHABHA STATE UNIVERSITY MUMBAI","Legacy Core","true","true","","","","","","Fee Regulation Slab — Maharashtra (2024-25)","None","None","legacy","unavailable","unavailable"
"U-1238","MAHARASHTRA STATE SKILLS UNIVERSITY","Legacy Core","true","true","","","","","","Fee Regulation Slab — Maharashtra (2024-25)","None","None","legacy","unavailable","unavailable"
"U-0915","Maharashtra National Law University, Aurangabad","Legacy Core","true","true","","","","","","Fee Regulation Slab — Maharashtra (2024-25)","None","None","legacy","unavailable","unavailable"
"U-0880","Maharashtra National Law University,Nagpur","Legacy Core","true","true","","","","","","Fee Regulation Slab — Maharashtra (2024-25)","None","None","legacy","unavailable","unavailable"
"U-0292","Bharati Vidyapeeth, Pune","Legacy Core","true","true","","","","","","Fee Regulation Slab — Maharashtra (2024-25)","None","None","legacy","unavailable","unavailable"
"U-1228","NICMAR UNIVERSITY, PUNE","Legacy Core","true","true","","","","","","Fee Regulation Slab — Maharashtra (2024-25)","None","None","legacy","unavailable","unavailable"
"U-0293","Central Institute of Fisheries Education, Fishries University, Mumbai","Legacy Core","true","true","","","","","","Fee Regulation Slab — Maharashtra (2024-25)","None","None","legacy","unavailable","unavailable"
"U-0294","D.Y. Patil Educational Society , Kolhapur","Legacy Core","true","true","","","","","","Fee Regulation Slab — Maharashtra (2024-25)","None","None","legacy","unavailable","unavailable"
"U-0296","Deccan College Postgraduate & Research Institute, Pune","Legacy Core","true","true","","","","","","Fee Regulation Slab — Maharashtra (2024-25)","None","None","legacy","unavailable","unavailable"
"U-0297","Defence Institute of Advanced Technology, Girinagar, Pune","Legacy Core","true","true","true","","","","","TNEA 2024 Official Notification","None","None","official_verified","unavailable","unavailable"
"U-0891","MIT Art, Design and Technology University, Pune","Legacy Core","true","true","","","","","","Fee Regulation Slab — Maharashtra (2024-25)","None","None","legacy","unavailable","unavailable"
"U-0298","Dr. Babasaheb Ambedkar Marathwada University, Aurangabad","Legacy Core","true","true","","","","","","Fee Regulation Slab — Maharashtra (2024-25)","None","None","legacy","unavailable","unavailable"
"U-0299","Dr. Babasaheb Ambedkar Technological University, Lonere","Legacy Core","true","true","","","","","","Fee Regulation Slab — Maharashtra (2024-25)","None","None","legacy","unavailable","unavailable"
"U-0300","Dr. Balasaheb Sawant Konkan Krishi Vidyaapeeth,(former Konkan Krishi Vidyapeeth) Ratnagiri","Legacy Core","true","true","","","","","","Fee Regulation Slab — Maharashtra (2024-25)","None","None","legacy","unavailable","unavailable"
"U-0301","Dr. D.Y.Patil Vidyapeeth, Pune","Legacy Core","true","true","","","","","","Fee Regulation Slab — Maharashtra (2024-25)","None","None","legacy","unavailable","unavailable"
"U-0303","Gokhale Institute of Politics & Economics, Pune","Legacy Core","true","true","","","","","","Fee Regulation Slab — Maharashtra (2024-25)","None","None","legacy","unavailable","unavailable"
"U-0304","Homi Bhabha National Institute, Mumbai","Legacy Core","true","true","","","","","","Fee Regulation Slab — Maharashtra (2024-25)","None","None","legacy","legacy","unavailable"
"U-0305","Indian Institute of Science Education & Research (IISER), Pune,","Legacy Core","true","true","true","","","","true","IISc Bangalore Fee Structure 2024-25","NIRF 2024","None","official_verified","legacy","legacy"
"U-0310","Kavi Kulguru Kalidas Sanskrit Vishwavidyalaya, Ramtek","Legacy Core","true","true","","","","","","Fee Regulation Slab — Maharashtra (2024-25)","None","None","legacy","unavailable","unavailable"
"U-0312","Maharashtra Animal & Fishery Sciences University, Nagpur","Legacy Core","true","true","","","","","","Fee Regulation Slab — Maharashtra (2024-25)","None","None","legacy","unavailable","unavailable"
"U-0313","Maharashtra University of Health Sciences, Nashik","Legacy Core","true","true","","","","","","Fee Regulation Slab — Maharashtra (2024-25)","None","None","legacy","unavailable","unavailable"
"U-0314","Mahatama Gandhi Antarrashtriya Hindi Vishwavidyalaya, Wardha","Legacy Core","true","true","","","","","","Fee Regulation Slab — Maharashtra (2024-25)","None","None","legacy","unavailable","unavailable"
"U-0315","Mahatma Phule Krishi Vidyapeeth, Rahuri","Legacy Core","true","true","","","","","","Fee Regulation Slab — Maharashtra (2024-25)","None","None","legacy","unavailable","unavailable"
"U-0316","Vasantrao Naik Marathwada Krishi Vidyapeeth, Parbhani","Legacy Core","true","true","","","","","","Fee Regulation Slab — Maharashtra (2024-25)","None","None","legacy","unavailable","unavailable"
"U-0317","MGM Institute of Health Sciences, Navi  Mumbai","Legacy Core","true","true","","","","","","Fee Regulation Slab — Maharashtra (2024-25)","None","None","legacy","unavailable","unavailable"
"U-1181","FLAME UNIVERSITY","Legacy Core","true","true","","","","","","Fee Regulation Slab — Maharashtra (2024-25)","None","None","legacy","unavailable","unavailable"
"U-0318","University of Mumbai","Legacy Core","true","true","","","","","","Fee Regulation Slab — Maharashtra (2024-25)","None","None","legacy","unavailable","unavailable"
"U-1173","D Y PATIL AGRICULTURE AND TECHNICAL UNIVERSITY","Legacy Core","true","true","","","","","","Fee Regulation Slab — Maharashtra (2024-25)","None","None","legacy","unavailable","unavailable"
"U-0938","Dr. Vishwanath Karad MIT World Peace University","Legacy Core","true","true","","","","","","Fee Regulation Slab — Maharashtra (2024-25)","None","None","legacy","unavailable","unavailable"
"U-0319","SHRI VILE PARLE KELAVANI MANDALS NARSEE MONJEE INSTITUTE OF MANAGEMENT STUDIES (DEEMED UNIVERSITY), MUMBAI (SVKMs NMIMS)","Legacy Core","true","true","","","","","","Fee Regulation Slab — Maharashtra (2024-25)","None","None","legacy","unavailable","unavailable"
"U-0995","AMITY UNIVERSITY MUMBAI","Legacy Core","true","true","","","","","","Fee Regulation Slab — Maharashtra (2024-25)","None","None","legacy","unavailable","unavailable"
"U-0320","Kavayitri Bahinabai Chaudhari North Maharashtra University, Jalgaon","Legacy Core","true","true","","","","","","Fee Regulation Slab — Maharashtra (2024-25)","None","None","legacy","unavailable","unavailable"
"U-0321","Padmashree Dr. D. Y. Patil Vidyapeeth, , Mumbai","Legacy Core","true","true","","","","","","Fee Regulation Slab — Maharashtra (2024-25)","None","None","legacy","unavailable","unavailable"
"U-0322","Pravara Institute of Medical Sciences, Ahmednagar","AIIMS","true","true","","","","","","Fee Regulation Slab — Maharashtra (2024-25)","None","None","legacy","unavailable","unavailable"
"U-0323","Savitribai Phule Pune University","Legacy Core","true","true","","","","","true","Fee Regulation Slab — Maharashtra (2024-25)","None","None","legacy","unavailable","unavailable"
"U-0324","Sant Gadge Baba Amravati University, Amravati","Legacy Core","true","true","","","","","","Fee Regulation Slab — Maharashtra (2024-25)","None","None","legacy","unavailable","unavailable"
"U-0325","Shivaji University, Kolhapur","Legacy Core","true","true","","","","","","Fee Regulation Slab — Maharashtra (2024-25)","None","None","legacy","unavailable","unavailable"
"U-0326","Smt. Nathibai Damodar Thackersey Women's Univeristy, Mumbai","Legacy Core","true","true","","","","","","Fee Regulation Slab — Maharashtra (2024-25)","None","None","legacy","unavailable","unavailable"
"U-1151","Hyderabad (SIND) National Collegiate University","Legacy Core","true","true","","","","","","Fee Regulation Slab — Maharashtra (2024-25)","None","None","legacy","unavailable","unavailable"
"U-0327","Punyashlok Ahilyadevi Holkar Solapur University, Solapur","Legacy Core","true","true","","","","","","Fee Regulation Slab — Maharashtra (2024-25)","None","None","legacy","unavailable","unavailable"
"U-0328","Swami Ramanand Teerth Marathwada University, Nanded","Legacy Core","true","true","","","","","","Fee Regulation Slab — Maharashtra (2024-25)","None","None","legacy","unavailable","unavailable"
"U-0329","Symbiosis International (Deemed University), Pune","Legacy Core","true","true","","","","","true","Fee Regulation Slab — Maharashtra (2024-25)","None","None","legacy","unavailable","unavailable"
"U-0888","VISHWAKARMA UNIVERSITY","Legacy Core","true","true","","","","","","Fee Regulation Slab — Maharashtra (2024-25)","None","None","legacy","unavailable","unavailable"
"U-0307","Indira Gandhi Institute of Development Research, Mumbai","Legacy Core","true","true","","","","","","Fee Regulation Slab — Maharashtra (2024-25)","None","None","legacy","unavailable","unavailable"
"U-0987","CHHATRAPATI SHIVAJI MAHARAJ UNIVERSITY","Legacy Core","true","true","","","","","","Fee Regulation Slab — Maharashtra (2024-25)","None","None","legacy","unavailable","unavailable"
"U-0330","Tata Institute of Fundamental Research, Mumbai","Legacy Core","true","true","","","","","","Fee Regulation Slab — Maharashtra (2024-25)","None","None","legacy","unavailable","unavailable"
"U-1145","ATLAS SKILLTECH UNIVERSITY","Legacy Core","true","true","","","","","","Fee Regulation Slab — Maharashtra (2024-25)","None","None","legacy","unavailable","unavailable"
"U-0331","Tata Institute of Social Sciences, Mumbai","Legacy Core","true","true","","","","","","Fee Regulation Slab — Maharashtra (2024-25)","None","None","legacy","unavailable","unavailable"
"U-0311","Krishna Vishwa Vidyapeeth, Karad, Maharashtra","Legacy Core","true","true","","","","","","Fee Regulation Slab — Maharashtra (2024-25)","None","None","legacy","unavailable","unavailable"
"U-1325","Laxminarayan Innovation Technological (LIT) University","Legacy Core","true","","","","","","","Fee Regulation Slab — Maharashtra (2024-25)","None","None","legacy","unavailable","unavailable"
"U-1307","MIT VISHWAPRAYAG UNIVERSITY","Legacy Core","true","","","","","","","Fee Regulation Slab — Maharashtra (2024-25)","None","None","legacy","unavailable","unavailable"
"U-1306","DES PUNE UNIVERSITY","Legacy Core","true","","","","","","","Fee Regulation Slab — Maharashtra (2024-25)","None","None","legacy","unavailable","unavailable"
"U-0302","Dr. Panjabrao Deshmukh Krishi Vidyapeeth, Akola","Legacy Core","true","true","","","","","","Fee Regulation Slab — Maharashtra (2024-25)","None","None","legacy","unavailable","unavailable"
"U-0332","Rashtrasant Tukadoji Maharaj Nagpur University, Nagpur","Legacy Core","true","true","","","","","","Fee Regulation Slab — Maharashtra (2024-25)","None","None","legacy","unavailable","unavailable"
"U-0333","Tilak Maharashtra Vidyapeeth, Pune","Legacy Core","true","true","","","","","","Fee Regulation Slab — Maharashtra (2024-25)","None","None","legacy","unavailable","unavailable"
"U-0984","D Y PATIL INTERNATIONAL UNIVERSITY","Legacy Core","true","true","","","","","","Fee Regulation Slab — Maharashtra (2024-25)","None","None","legacy","unavailable","unavailable"
"U-0295","Datta Meghe Institute of Medical Sciences (Deemed to be University)","AIIMS","true","true","","","","","","Fee Regulation Slab — Maharashtra (2024-25)","None","None","legacy","unavailable","unavailable"
"U-0335","Yashwantrao Chavan Maharashtra Open University","Legacy Core","true","true","","","","","","Fee Regulation Slab — Maharashtra (2024-25)","None","None","legacy","unavailable","unavailable"
"U-0979","SYMBIOSIS SKILLS AND PROFESSIONAL UNIVERSITY","Legacy Core","true","true","","","","","true","Fee Regulation Slab — Maharashtra (2024-25)","None","None","legacy","unavailable","unavailable"
"U-1278","UNIVERSAL Ai UNIVERSITY","Legacy Core","true","","","","","","","Fee Regulation Slab — Maharashtra (2024-25)","None","None","legacy","unavailable","unavailable"
"U-1275","PIMPRI CHINCHWAD UNIVERSITY","Legacy Core","true","","","","","","","Fee Regulation Slab — Maharashtra (2024-25)","None","None","legacy","unavailable","unavailable"
"U-1262","JSPM University","Legacy Core","true","","","","","","","Fee Regulation Slab — Maharashtra (2024-25)","None","None","legacy","unavailable","unavailable"
"U-1113","SRI BALAJI UNIVERSITY, PUNE","Legacy Core","true","true","","","","","","Fee Regulation Slab — Maharashtra (2024-25)","None","None","legacy","unavailable","unavailable"
"U-1258","KARMAVEER BHAURAO PATIL UNIVERSITY","Legacy Core","true","true","","","","","","Fee Regulation Slab — Maharashtra (2024-25)","None","None","legacy","unavailable","unavailable"
"U-1257","COEP Technological University","Legacy Core","true","true","","","","","","Fee Regulation Slab — Maharashtra (2024-25)","None","None","legacy","unavailable","unavailable"
"U-1355","Sanjivani University","Legacy Core","true","","","","","","","Fee Regulation Slab — Maharashtra (2024-25)","None","None","legacy","unavailable","unavailable"
"U-0973","SANJAY GHODAWAT UNIVERSITY, KOLHAPUR","Legacy Core","true","true","","","","","","Fee Regulation Slab — Maharashtra (2024-25)","None","None","legacy","unavailable","unavailable"
"U-1104","D Y PATIL UNIVERSITY PUNE AMBI","Legacy Core","true","true","","","","","","Fee Regulation Slab — Maharashtra (2024-25)","None","None","legacy","unavailable","unavailable"
"U-0881","MANIPUR TECHNICAL UNIVERSITY","Legacy Core","true","true","","","","","","Fee Regulation Slab — Manipur (2024-25)","None","None","legacy","unavailable","unavailable"
"U-0337","Manipur University, Imphal","Legacy Core","true","true","","","","","","Fee Regulation Slab — Manipur (2024-25)","None","None","legacy","unavailable","unavailable"
"U-1289","KHONGNANGTHABA UNIVERSITY","Legacy Core","true","true","","","","","","Fee Regulation Slab — Manipur (2024-25)","None","None","legacy","unavailable","unavailable"
"U-1058","DHANAMANJURI UNIVERSITY","Legacy Core","true","true","","","","","","Fee Regulation Slab — Manipur (2024-25)","None","None","legacy","unavailable","unavailable"
"U-1083","BIR TIKENDRAJIT UNIVERSITY","Legacy Core","true","true","","","","","","Fee Regulation Slab — Manipur (2024-25)","None","None","legacy","unavailable","unavailable"
"U-0336","Central Agricultural University, Imphal","Legacy Core","true","true","","","","","","Fee Regulation Slab — Manipur (2024-25)","None","None","legacy","unavailable","unavailable"
"U-1026","NATIONAL SPORTS UNIVERSITY","Legacy Core","true","true","","","","","","Fee Regulation Slab — Manipur (2024-25)","None","None","legacy","unavailable","unavailable"
"U-1217","MANIPUR INTERNATIONAL UNIVERSITY","Legacy Core","true","true","","","","","","Fee Regulation Slab — Manipur (2024-25)","None","None","legacy","unavailable","unavailable"
"U-0985","MANIPUR UNIVERSITY OF CULTURE","Legacy Core","true","true","","","","","","Fee Regulation Slab — Manipur (2024-25)","None","None","legacy","unavailable","unavailable"
"U-1235","ASIAN INTERNATIONAL UNIVERSITY","Legacy Core","true","true","","","","","","Fee Regulation Slab — Manipur (2024-25)","None","None","legacy","unavailable","unavailable"
"U-0341","North Eastern Hill University, Shillong","Legacy Core","true","true","","","","","","Fee Regulation Slab — Meghalaya (2024-25)","None","None","legacy","unavailable","unavailable"
"U-0605","Maharashtra Institute of Technology University, of Meghalaya","Legacy Core","true","true","true","","","","true","TNEA 2024 Official Notification","None","None","official_verified","unavailable","unavailable"
"U-1138","NORTH EAST ADVENTIST UNIVERSITY","Legacy Core","true","true","","","","","","Fee Regulation Slab — Meghalaya (2024-25)","None","None","legacy","unavailable","unavailable"
"U-0639","UNIVERSITY OF SCIENCE AND TECHNOLOGY","Legacy Core","true","true","true","","","","","KEA UGCET 2024 Notification","None","None","official_verified","unavailable","unavailable"
"U-0343","Institute of Chartered Financial Analysts of India University, Meghalaya","Legacy Core","true","true","","","","","","Fee Regulation Slab — Meghalaya (2024-25)","None","None","legacy","unavailable","unavailable"
"U-1305","NATIONAL LAW UNIVERSITY OF MEGHALAYA","Legacy Core","true","","","","","","","Fee Regulation Slab — Meghalaya (2024-25)","None","None","legacy","unavailable","unavailable"
"U-0628","William Carey University, Shillong","Legacy Core","true","true","","","","","","Fee Regulation Slab — Meghalaya (2024-25)","None","None","legacy","unavailable","unavailable"
"U-0942","CMJ University","Legacy Core","true","true","","","","","","Fee Regulation Slab — Meghalaya (2024-25)","None","None","legacy","unavailable","unavailable"
"U-0339","Mahatma Gandhi University, Tura, West Garo Hills","Legacy Core","true","true","","","","","","Fee Regulation Slab — Meghalaya (2024-25)","None","None","legacy","unavailable","unavailable"
"U-0340","Martin Luther Christian University, Shillong","Legacy Core","true","true","","","","","","Fee Regulation Slab — Meghalaya (2024-25)","None","None","legacy","unavailable","unavailable"
"U-0345","Mizoram University, Aizwal","Legacy Core","true","true","","","","","","Fee Regulation Slab — Mizoram (2024-25)","None","None","legacy","unavailable","unavailable"
"U-0346","The Institute of Chartered Financial Analysts of India University, Aizawl","Legacy Core","true","true","","","","","","Fee Regulation Slab — Mizoram (2024-25)","None","None","legacy","unavailable","unavailable"
"U-1195","NORTH EAST CHRISTIAN UNIVERSITY","Legacy Core","true","true","","","","","","Fee Regulation Slab — Nagaland (2024-25)","None","None","legacy","unavailable","unavailable"
"U-0348","The Global Open University Nagaland, Dimapur","Legacy Core","true","true","","","","","","Fee Regulation Slab — Nagaland (2024-25)","None","None","legacy","unavailable","unavailable"
"U-0349","The Institute of Chartered Financial Analysts of India University, Dimapur","Legacy Core","true","true","","","","","","Fee Regulation Slab — Nagaland (2024-25)","None","None","legacy","unavailable","unavailable"
"U-0347","Nagaland University","Legacy Core","true","true","","","","","","Fee Regulation Slab — Nagaland (2024-25)","None","None","legacy","unavailable","unavailable"
"U-0884","ST. JOSEPH UNIVERSITY, DIMAPUR","Legacy Core","true","true","","","","","","Fee Regulation Slab — Nagaland (2024-25)","None","None","legacy","unavailable","unavailable"
"U-0361","Ravenshaw University, Cuttak","Legacy Core","true","true","","","","","","Fee Regulation Slab — Odisha (2024-25)","None","None","legacy","unavailable","unavailable"
"U-0649","SRI SRI UNIVERSITY","Legacy Core","true","true","true","","","","","AFRC MP 2024-25 Order No. 147","None","None","official_verified","unavailable","unavailable"
"U-0715","XIM UNIVERSITY, BHUBANESWAR","Legacy Core","true","true","","","","","","Fee Regulation Slab — Odisha (2024-25)","None","None","legacy","unavailable","unavailable"
"U-0828","Indian Institute of Science Education & Research (IISER), Berhampur","Legacy Core","true","true","true","","","","true","IISc Bangalore Fee Structure 2024-25","NIRF 2024","None","official_verified","legacy","legacy"
"U-0838","RAMA DEVI WOMEN'S UNIVERSITY, BHUBANESWAR","Legacy Core","true","true","","","","","","Fee Regulation Slab — Odisha (2024-25)","None","None","legacy","unavailable","unavailable"
"U-0852","GANGADHAR MEHER UNIVERSITY","Legacy Core","true","true","","","","","","Fee Regulation Slab — Odisha (2024-25)","None","None","legacy","unavailable","unavailable"
"U-0932","Odisha State Open University","Legacy Core","true","true","","","","","","Fee Regulation Slab — Odisha (2024-25)","None","None","legacy","unavailable","unavailable"
"U-1020","BIRLA GLOBAL UNIVERSITY","Legacy Core","true","true","","","","","","Fee Regulation Slab — Odisha (2024-25)","None","None","legacy","unavailable","unavailable"
"U-1032","INTERNATIONAL INSTITUTE OF INFORMATION TECHNOLOGY BHUBANESHWAR","Legacy Core","true","true","true","","","","","MahaFRA Official Online Portal","IIIT Bangalore Placement Report 2024","None","official_verified","legacy","unavailable"
"U-1033","KALINGA INSTITUTE OF SOCIAL SCIENCES (KISS) DEEMED TO BE UNIVERSITY","Legacy Core","true","true","","","","","","Fee Regulation Slab — Odisha (2024-25)","None","None","legacy","unavailable","unavailable"
"U-0367","Veer Surendra Sai University of Technology, Sambalpur","Legacy Core","true","true","","","","","","Fee Regulation Slab — Odisha (2024-25)","None","None","legacy","unavailable","unavailable"
"U-0366","Utkal University, Bhubaneswar","Legacy Core","true","true","","","","","","Fee Regulation Slab — Odisha (2024-25)","None","None","legacy","unavailable","unavailable"
"U-1062","AIPH UNIVERSITY","Legacy Core","true","true","","","","","","Fee Regulation Slab — Odisha (2024-25)","None","None","legacy","unavailable","unavailable"
"U-0365","Utkal University of Culture, Bhubaneswar","Legacy Core","true","true","","","","","","Fee Regulation Slab — Odisha (2024-25)","None","None","legacy","unavailable","unavailable"
"U-0364","Shri Jagannath Sanskrit Vishwavidyalaya, Puri","Legacy Core","true","true","","","","","","Fee Regulation Slab — Odisha (2024-25)","None","None","legacy","unavailable","unavailable"
"U-0363","Siksha 'O' Anusandhan","Legacy Core","true","true","","true","","","true","Fee Regulation Slab — Odisha (2024-25)","NIRF 2024","None","legacy","official_verified","unavailable"
"U-0362","Sambalpur University, Sambalpur","Legacy Core","true","true","","","","","","Fee Regulation Slab — Odisha (2024-25)","None","None","legacy","unavailable","unavailable"
"U-0360","Orissa University of Agriculture &  Technology, Bhubaneswar","Legacy Core","true","true","","","","","","Fee Regulation Slab — Odisha (2024-25)","None","None","legacy","unavailable","unavailable"
"U-1071","GANDHI INSTITUTE OF ENGINEERING AND TECHNOLOGY UNIVERSITY","Legacy Core","true","true","true","","","","true","TNEA 2024 Official Notification","NIRF 2024","None","official_verified","legacy","unavailable"
"U-0359","Maharaja Sriram Chandra Bhanja Deo University","Legacy Core","true","true","","","","","","Fee Regulation Slab — Odisha (2024-25)","None","None","legacy","unavailable","unavailable"
"U-0358","National Law University, Cuttuck","Legacy Core","true","true","","","","","","Fee Regulation Slab — Odisha (2024-25)","None","None","legacy","unavailable","unavailable"
"U-0356","Kalinga Institute of Industrial Technology, Bhubaneswar","Legacy Core","true","true","true","","","","","TNEA 2024 Official Notification","NIRF 2024","None","official_verified","legacy","unavailable"
"U-0354","Fakir Mohan University, Balasore","Legacy Core","true","true","","","","","","Fee Regulation Slab — Odisha (2024-25)","None","None","legacy","unavailable","unavailable"
"U-1080","C.V. RAMAN GLOBAL UNIVERSITY, ODISHA","Legacy Core","true","true","","","","","","Fee Regulation Slab — Odisha (2024-25)","None","None","legacy","unavailable","unavailable"
"U-0353","Centurion University of Technology and Management","Legacy Core","true","true","true","","","","","AFRC MP 2024-25 Order No. 147","None","None","official_verified","unavailable","unavailable"
"U-0352","Central University of Orissa, Koraput","Legacy Core","true","true","","","","","","Fee Regulation Slab — Odisha (2024-25)","None","None","legacy","unavailable","unavailable"
"U-0351","Biju Patnaik University of Technology, Rourkela","Legacy Core","true","true","","","","","","Fee Regulation Slab — Odisha (2024-25)","None","None","legacy","unavailable","unavailable"
"U-0350","Berhampur University, Berhampur","Legacy Core","true","true","","","","","","Fee Regulation Slab — Odisha (2024-25)","None","None","legacy","unavailable","unavailable"
"U-1110","ASBM UNIVERSITY","Legacy Core","true","true","","","","","","Fee Regulation Slab — Odisha (2024-25)","None","None","legacy","unavailable","unavailable"
"U-1155","KALAHANDI UNIVERSITY","Legacy Core","true","true","","","","","","Fee Regulation Slab — Odisha (2024-25)","None","None","legacy","unavailable","unavailable"
"U-1176","RAJENDRA UNIVERSITY","Legacy Core","true","true","","","","","","Fee Regulation Slab — Odisha (2024-25)","None","None","legacy","unavailable","unavailable"
"U-1184","MADHUSUDAN LAW UNIVERSITY","Legacy Core","true","true","","","","","","Fee Regulation Slab — Odisha (2024-25)","None","None","legacy","unavailable","unavailable"
"U-1239","ODISHA UNIVERSITY OF TECHNOLOGY AND RESEARCH","Legacy Core","true","true","","","","","","Fee Regulation Slab — Odisha (2024-25)","None","None","legacy","unavailable","unavailable"
"U-1279","ODIA UNIVERSITY","Legacy Core","true","","","","","","","Fee Regulation Slab — Odisha (2024-25)","None","None","legacy","unavailable","unavailable"
"U-1280","VIKRAM DEV UNIVERSITY","Legacy Core","true","","","","","","","Fee Regulation Slab — Odisha (2024-25)","None","None","legacy","unavailable","unavailable"
"U-1296","VEER SURENDRA SAI INSTITUTE OF MEDICAL SCIENCES  AND RESEARCH","Legacy Core","true","true","","","","","","Fee Regulation Slab — Odisha (2024-25)","None","None","legacy","unavailable","unavailable"
"U-1298","DRIEMS UNIVERSITY","Legacy Core","true","","","","","","","Fee Regulation Slab — Odisha (2024-25)","None","None","legacy","unavailable","unavailable"
"U-1299","ODISHA UNIVERSITY OF HEALTH SCIENCES","Legacy Core","true","","","","","","","Fee Regulation Slab — Odisha (2024-25)","None","None","legacy","unavailable","unavailable"
"U-1320","Khallikote Unitary University","Legacy Core","true","true","","","","","true","Fee Regulation Slab — Odisha (2024-25)","None","None","legacy","unavailable","unavailable"
"U-1338","Silicon University","Legacy Core","true","","","","","","","Fee Regulation Slab — Odisha (2024-25)","None","None","legacy","unavailable","unavailable"
"U-0369","Pondicherry Univeristy, Puducherry","Legacy Core","true","true","","","","","","Fee Regulation Slab — Puducherry (2024-25)","None","None","legacy","unavailable","unavailable"
"U-0370","Sri Balaji Vidyapeeth (Deemed to be University)","Legacy Core","true","true","","","","","","Fee Regulation Slab — Puducherry (2024-25)","None","None","legacy","unavailable","unavailable"
"U-1245","Puducherry Technological University, Puducherry","Legacy Core","true","true","","","","","","Fee Regulation Slab — Puducherry (2024-25)","None","None","legacy","unavailable","unavailable"
"U-0368","Jawaharlal Institute of Post Graduate Medical Education & Research, Puducherry","Legacy Core","true","true","","","","","","Fee Regulation Slab — Puducherry (2024-25)","None","None","legacy","unavailable","unavailable"
"U-0684","DESH BHAGAT UNIVERSITY","Legacy Core","true","true","","","","","","Fee Regulation Slab — Punjab (2024-25)","None","None","legacy","unavailable","unavailable"
"U-0879","AKAL UNIVERSITY,BHATINDA","Legacy Core","true","true","","","","","","Fee Regulation Slab — Punjab (2024-25)","None","None","legacy","unavailable","unavailable"
"U-1199","LAMRIN TECH SKILLS UNIVERSITY PUNJAB","Legacy Core","true","true","","","","","","Fee Regulation Slab — Punjab (2024-25)","None","None","legacy","unavailable","unavailable"
"U-0822","RIMT UNIVERSITY","Legacy Core","true","true","","","","","","Fee Regulation Slab — Punjab (2024-25)","None","None","legacy","unavailable","unavailable"
"U-1186","AMITY UNIVERSITY","Legacy Core","true","true","true","true","","","","Amity University Fee Structure 2024-25","Amity University Placement Report 2024","None","official_verified","official_verified","unavailable"
"U-1183","JAGAT GURU NANAK DEV PUNJAB STATE OPEN UNIVERSITY","Legacy Core","true","true","","","","","","Fee Regulation Slab — Punjab (2024-25)","None","None","legacy","unavailable","unavailable"
"U-1170","PLAKSHA UNIVERSITY","Legacy Core","true","true","","","","","","Fee Regulation Slab — Punjab (2024-25)","None","None","legacy","unavailable","unavailable"
"U-1139","Shaheed Bhagat Singh State University","Legacy Core","true","true","","","","","","Fee Regulation Slab — Punjab (2024-25)","None","None","legacy","unavailable","unavailable"
"U-0736","ADESH UNIVERSITY","Legacy Core","true","true","","","","","","Fee Regulation Slab — Punjab (2024-25)","None","None","legacy","unavailable","unavailable"
"U-1133","Sardar Beant Singh State University Gurdaspur","Legacy Core","true","true","","","","","","Fee Regulation Slab — Punjab (2024-25)","None","None","legacy","unavailable","unavailable"
"U-0747","CHANDIGARH UNIVERSITY","Legacy Core","true","true","","","","","true","Fee Regulation Slab — Punjab (2024-25)","None","None","legacy","unavailable","unavailable"
"U-1114","ALL INDIA INSTITUTE OF MEDICAL SCIENCE, BATHINDA","Legacy Core","true","true","","","","","","Fee Regulation Slab — Punjab (2024-25)","None","None","legacy","unavailable","unavailable"
"U-1100","THE MAHARAJA BHUPINDER SINGH PUNJAB SPORTS UNIVERSITY","Legacy Core","true","true","","","","","","Fee Regulation Slab — Punjab (2024-25)","None","None","legacy","unavailable","unavailable"
"U-0892","CT University, Ludhiana","Legacy Core","true","true","","","","","","Fee Regulation Slab — Punjab (2024-25)","None","None","legacy","unavailable","unavailable"
"U-0769","RAYAT BAHRA UNIVERSITY","Legacy Core","true","true","","","","","","Fee Regulation Slab — Punjab (2024-25)","None","None","legacy","unavailable","unavailable"
"U-0606","Sri Guru Granth Sahib World University, Fatehgarh Sahib","Legacy Core","true","true","","","","","","Fee Regulation Slab — Punjab (2024-25)","None","None","legacy","unavailable","unavailable"
"U-0653","GURU KASHI UNIVERSITY","Legacy Core","true","true","","","","","","Fee Regulation Slab — Punjab (2024-25)","None","None","legacy","unavailable","unavailable"
"U-0372","Central University of Punjab, Bathhinda","Legacy Core","true","true","","","","","","Fee Regulation Slab — Punjab (2024-25)","None","None","legacy","unavailable","unavailable"
"U-0900","SANT BABA BHAG SINGH UNIVERSITY","Legacy Core","true","true","","","","","","Fee Regulation Slab — Punjab (2024-25)","None","None","legacy","unavailable","unavailable"
"U-0373","Chitkara University, Patiala","Legacy Core","true","true","","","","","","Fee Regulation Slab — Punjab (2024-25)","None","None","legacy","unavailable","unavailable"
"U-0811","MAHARAJA RANJIT SINGH PUNJAB TECHNICAL UNIVERSITY, BATHINDA","Legacy Core","true","true","","","","","","Fee Regulation Slab — Punjab (2024-25)","None","None","legacy","unavailable","unavailable"
"U-0375","Guru Angad Dev Veterinary & Animal Sciences University, Ludhiana","Legacy Core","true","true","","","","","","Fee Regulation Slab — Punjab (2024-25)","None","None","legacy","unavailable","unavailable"
"U-0376","Guru Nanak Dev University, Amritsar","Legacy Core","true","true","","","","","","Fee Regulation Slab — Punjab (2024-25)","None","None","legacy","unavailable","unavailable"
"U-0377","Indian Institute of Science Education & Research (IISER), Mohali","Legacy Core","true","true","true","","","","true","IISc Bangalore Fee Structure 2024-25","NIRF 2024","None","official_verified","legacy","legacy"
"U-0379","Lovely Professional University","Legacy Core","true","true","true","true","","","true","LPU Fee Structure 2024-25","NIRF 2024","None","official_verified","official_verified","unavailable"
"U-0380","National Institute of Pharmaceutical, Educational and Research, Mohali","Legacy Core","true","true","","","","","","Fee Regulation Slab — Punjab (2024-25)","None","None","legacy","unavailable","unavailable"
"U-0381","Punjab Agricultural University, Ludhiana","Legacy Core","true","true","","","","","","Fee Regulation Slab — Punjab (2024-25)","None","None","legacy","unavailable","unavailable"
"U-0382","I K Gujral Punjab Technical University, Jalandhar","Legacy Core","true","true","","","","","","Fee Regulation Slab — Punjab (2024-25)","None","None","legacy","unavailable","unavailable"
"U-0383","Punjabi University, Patiala","Legacy Core","true","true","","","","","","Fee Regulation Slab — Punjab (2024-25)","None","None","legacy","unavailable","unavailable"
"U-0776","DAV University","Legacy Core","true","true","","","","","","Fee Regulation Slab — Punjab (2024-25)","None","None","legacy","unavailable","unavailable"
"U-0913","Sri Guru Ram Das University of Health Sciences","Legacy Core","true","true","","","","","","Fee Regulation Slab — Punjab (2024-25)","None","None","legacy","unavailable","unavailable"
"U-0384","Sant Longowal Institute of Engg. & Tech., Longowal","Legacy Core","true","true","true","","","","","TNEA 2024 Official Notification","None","None","official_verified","unavailable","unavailable"
"U-0385","Thapar Institute of Engineering and Technology, Patiala","Legacy Core","true","true","true","true","","","true","TNEA 2024 Official Notification","NIRF 2024","None","official_verified","official_verified","legacy"
"U-0660","GURU RAVIDAS AYURVED UNIVERSITY","Legacy Core","true","true","","","","","","Fee Regulation Slab — Punjab (2024-25)","None","None","legacy","unavailable","unavailable"
"U-0386","Rajiv Gandhi National University of Law, Punjab","Legacy Core","true","true","","","","","","Fee Regulation Slab — Punjab (2024-25)","None","None","legacy","unavailable","unavailable"
"U-0371","Baba Farid University of Health Sciences, Faridkot","Legacy Core","true","true","","","","","","Fee Regulation Slab — Punjab (2024-25)","None","None","legacy","unavailable","unavailable"
"U-0789","GNA UNIVERSITY","Legacy Core","true","true","","","","","","Fee Regulation Slab — Punjab (2024-25)","None","None","legacy","unavailable","unavailable"
"U-0871","THE ICFAI UNIVERSITY, JAIPUR","Legacy Core","true","true","","","","","","Fee Regulation Slab — Rajasthan (2024-25)","None","None","legacy","unavailable","unavailable"
"U-0874","University of Technology","Legacy Core","true","true","true","","","","","KEA UGCET 2024 Notification","NIRF 2024","None","official_verified","legacy","unavailable"
"U-0816","PRATAP UNIVERSITY","Legacy Core","true","true","true","","","","","AFRC MP 2024-25 Order No. 147","None","None","official_verified","unavailable","unavailable"
"U-0896","Govind Guru Tribal University, Banswara","Legacy Core","true","true","","","","","","Fee Regulation Slab — Rajasthan (2024-25)","None","None","legacy","unavailable","unavailable"
"U-0814","RAJ RISHI BHARTRIHARI MATSYA UNIVERSITY","Legacy Core","true","true","","","","","","Fee Regulation Slab — Rajasthan (2024-25)","None","None","legacy","unavailable","unavailable"
"U-0925","Career Point University","Legacy Core","true","true","","","","","","Fee Regulation Slab — Rajasthan (2024-25)","None","None","legacy","unavailable","unavailable"
"U-0428","Vardhman Mahaveer Open University, Kota","Legacy Core","true","true","","","","","","Fee Regulation Slab — Rajasthan (2024-25)","None","None","legacy","unavailable","unavailable"
"U-0427","Suresh Gyan Vihar Univeristy, Jaipur","Legacy Core","true","true","","","","","","Fee Regulation Slab — Rajasthan (2024-25)","None","None","legacy","unavailable","unavailable"
"U-0426","Sir Padampat Singhania University, Udaipur","Legacy Core","true","true","","","","","","Fee Regulation Slab — Rajasthan (2024-25)","None","None","legacy","unavailable","unavailable"
"U-0949","Bhartiya Skill Development Univesity","Legacy Core","true","true","","","","","","Fee Regulation Slab — Rajasthan (2024-25)","None","None","legacy","unavailable","unavailable"
"U-0425","Singhania University, Jhunjhunu","Legacy Core","true","","","","","","","Fee Regulation Slab — Rajasthan (2024-25)","None","None","legacy","unavailable","unavailable"
"U-0424","Shridhar University,  Pilani","Legacy Core","true","true","","","","","","Fee Regulation Slab — Rajasthan (2024-25)","None","None","legacy","unavailable","unavailable"
"U-0423","Shri Jagdish Prasad Jhabarmal Tibrewala University, Jhunjhunu","Legacy Core","true","true","","","","","","Fee Regulation Slab — Rajasthan (2024-25)","None","None","legacy","unavailable","unavailable"
"U-0422","University of Rajasthan","Legacy Core","true","true","","","","","","Fee Regulation Slab — Rajasthan (2024-25)","None","None","legacy","unavailable","unavailable"
"U-0421","Rajasthan University of Veterinary and Animal Sciences, Bikaner","Legacy Core","true","true","","","","","","Fee Regulation Slab — Rajasthan (2024-25)","None","None","legacy","unavailable","unavailable"
"U-0420","Rajasthan University of Health Sciences, Jaipur","Legacy Core","true","true","","","","","","Fee Regulation Slab — Rajasthan (2024-25)","None","None","legacy","unavailable","unavailable"
"U-0419","Rajasthan Technical University, Kota","Legacy Core","true","true","","","","","","Fee Regulation Slab — Rajasthan (2024-25)","None","None","legacy","unavailable","unavailable"
"U-0418","Dr Sarvepalli Radhakrishnan Rajasthan Ayurved University, Jodhpur","Legacy Core","true","true","","","","","","Fee Regulation Slab — Rajasthan (2024-25)","None","None","legacy","unavailable","unavailable"
"U-0417","Swami Keshwanand Rajasthan Agricultural University, Bikaner","Legacy Core","true","true","","","","","","Fee Regulation Slab — Rajasthan (2024-25)","None","None","legacy","unavailable","unavailable"
"U-0965","MAHARAJ VINAYAK GLOBAL UNIVERSITY, JAIPUR","Legacy Core","true","true","","","","","","Fee Regulation Slab — Rajasthan (2024-25)","None","None","legacy","unavailable","unavailable"
"U-0416","Pacific Academy of Higher Education Research University, Udaipur","Legacy Core","true","true","","","","","","Fee Regulation Slab — Rajasthan (2024-25)","None","None","legacy","unavailable","unavailable"
"U-0415","Nims University Rajasthan, Jaipur","Legacy Core","true","true","","","","","","Fee Regulation Slab — Rajasthan (2024-25)","None","None","legacy","unavailable","unavailable"
"U-0414","National Law University, Jodhpur","Legacy Core","true","true","","","","","","Fee Regulation Slab — Rajasthan (2024-25)","None","None","legacy","unavailable","unavailable"
"U-0793","MAHARAJA SURAJMAL BRIJ UNIVERSITY","Legacy Core","true","true","","","","","","Fee Regulation Slab — Rajasthan (2024-25)","None","None","legacy","unavailable","unavailable"
"U-0413","Mohan Lal Sukhadia University, Uaipur","Legacy Core","true","true","","","","","","Fee Regulation Slab — Rajasthan (2024-25)","None","None","legacy","unavailable","unavailable"
"U-0412","Mody University of Science and Technology","Legacy Core","true","true","true","","","","","APSCHE EAPCET 2024 G.O. Ms. No. 17","None","None","official_verified","unavailable","unavailable"
"U-0411","Mewar University, Chittorgarh","Legacy Core","true","true","","","","","","Fee Regulation Slab — Rajasthan (2024-25)","None","None","legacy","unavailable","unavailable"
"U-0409","Mahatma Jyoti Rao Phoole University, Jaipur","Legacy Core","true","true","","","","","","Fee Regulation Slab — Rajasthan (2024-25)","None","None","legacy","unavailable","unavailable"
"U-0408","Maharishi Dayanand Saraswati University, Ajmer","Legacy Core","true","true","","","","","","Fee Regulation Slab — Rajasthan (2024-25)","None","None","legacy","unavailable","unavailable"
"U-0407","Maharana Pratap University of Agriculture & Technology, Udaipur","Legacy Core","true","true","","","","","","Fee Regulation Slab — Rajasthan (2024-25)","None","None","legacy","unavailable","unavailable"
"U-0406","Maharaja Ganga Singh University, Bikaner","Legacy Core","true","true","","","","","","Fee Regulation Slab — Rajasthan (2024-25)","None","None","legacy","unavailable","unavailable"
"U-0405","LNM Institute of Information Technology, Jaipur","Legacy Core","true","true","true","","","","","TNEA 2024 Official Notification","None","None","official_verified","unavailable","unavailable"
"U-0404","Jayoti Vidyapeeth Women's University, Jaipur","Legacy Core","true","true","","","","","","Fee Regulation Slab — Rajasthan (2024-25)","None","None","legacy","unavailable","unavailable"
"U-0402","Janardan Rai Nagar Rajasthan Vidyapeeth,  Udaipur","Legacy Core","true","true","","","","","","Fee Regulation Slab — Rajasthan (2024-25)","None","None","legacy","unavailable","unavailable"
"U-0401","Jaipur National University, Jaipur","Legacy Core","true","true","","","","","","Fee Regulation Slab — Rajasthan (2024-25)","None","None","legacy","unavailable","unavailable"
"U-0400","Jain Vishva Bharati Institute, Nagaur","Legacy Core","true","true","","","","","","Fee Regulation Slab — Rajasthan (2024-25)","None","None","legacy","unavailable","unavailable"
"U-0399","Jai Narain Vyas University, Jodhpur","Legacy Core","true","true","","","","","","Fee Regulation Slab — Rajasthan (2024-25)","None","None","legacy","unavailable","unavailable"
"U-0991","BIKANER TECHNICAL UNIVERSITY","Legacy Core","true","true","","","","","","Fee Regulation Slab — Rajasthan (2024-25)","None","None","legacy","unavailable","unavailable"
"U-0785","PANDIT DEENDAYAL UPADHYAYA SHEKHAWATI UNIVERSITY","Legacy Core","true","true","","","","","","Fee Regulation Slab — Rajasthan (2024-25)","None","None","legacy","unavailable","unavailable"
"U-0398","Jagannath University, Jaipur","Legacy Core","true","true","","","","","","Fee Regulation Slab — Rajasthan (2024-25)","None","None","legacy","unavailable","unavailable"
"U-0397","Jagadguru Ramanandacharya Rajasthan Sanskrit University, Jaipur","Legacy Core","true","true","","","","","","Fee Regulation Slab — Rajasthan (2024-25)","None","None","legacy","unavailable","unavailable"
"U-0396","Institute of Advanced Studies in Education, Churu","Legacy Core","true","true","","","","","","Fee Regulation Slab — Rajasthan (2024-25)","None","None","legacy","unavailable","unavailable"
"U-0394","IIS (Deemed to be University), Jaipur","Legacy Core","true","true","","","","","","Fee Regulation Slab — Rajasthan (2024-25)","None","None","legacy","unavailable","unavailable"
"U-0393","Dr K N Modi University, Tonk","Legacy Core","true","true","","","","","","Fee Regulation Slab — Rajasthan (2024-25)","None","None","legacy","unavailable","unavailable"
"U-0392","Central University of Rajasthan, Jaipur","Legacy Core","true","true","","","","","","Fee Regulation Slab — Rajasthan (2024-25)","None","None","legacy","unavailable","unavailable"
"U-0391","Birla Institute of Technology & Sciences, Pilani","Legacy Core","true","true","true","","","","true","TNEA 2024 Official Notification","NIRF 2024","None","official_verified","legacy","unavailable"
"U-0390","Bhagwant University,  Ajmer","Legacy Core","true","true","","","","","","Fee Regulation Slab — Rajasthan (2024-25)","None","None","legacy","unavailable","unavailable"
"U-0389","Banasthali Vidyapith","Legacy Core","true","true","","true","","","","Fee Regulation Slab — Rajasthan (2024-25)","NIRF 2024","None","legacy","official_verified","unavailable"
"U-0388","Amity University Rajasthan, Jaipur","Legacy Core","true","true","","","","","","Fee Regulation Slab — Rajasthan (2024-25)","None","None","legacy","unavailable","unavailable"
"U-0387","Kota University, Kota","Legacy Core","true","true","","","","","","Fee Regulation Slab — Rajasthan (2024-25)","None","None","legacy","unavailable","unavailable"
"U-1029","SHYAM UNIVERSITY","Legacy Core","true","true","","","","","","Fee Regulation Slab — Rajasthan (2024-25)","None","None","legacy","unavailable","unavailable"
"U-1030","RAJASTHAN ILD SKILLS UNIVERSITY, JAIPUR","Legacy Core","true","true","","","","","","Fee Regulation Slab — Rajasthan (2024-25)","None","None","legacy","unavailable","unavailable"
"U-1031","LORDS UNIVERSITY","Legacy Core","true","true","","","","","","Fee Regulation Slab — Rajasthan (2024-25)","None","None","legacy","unavailable","unavailable"
"U-1038","APEX UNIVERSITY","Legacy Core","true","true","","","","","","Fee Regulation Slab — Rajasthan (2024-25)","None","None","legacy","unavailable","unavailable"
"U-1039","SHRI KHUSHAL DAS UNIVERSITY, PILIBANAGA","Legacy Core","true","true","","","","","","Fee Regulation Slab — Rajasthan (2024-25)","None","None","legacy","unavailable","unavailable"
"U-1059","Haridev Joshi University of Journalism & Mass Communication","Legacy Core","true","true","","","","","","Fee Regulation Slab — Rajasthan (2024-25)","None","None","legacy","unavailable","unavailable"
"U-0607","Homoeopathy University, Jaipur","Legacy Core","true","true","","","","","","Fee Regulation Slab — Rajasthan (2024-25)","None","None","legacy","unavailable","unavailable"
"U-1079","NIRWAN UNIVERSITY","Legacy Core","true","true","","","","","","Fee Regulation Slab — Rajasthan (2024-25)","None","None","legacy","unavailable","unavailable"
"U-0758","PACIFIC MEDICAL UNIVERSITY","Legacy Core","true","true","","","","","","Fee Regulation Slab — Rajasthan (2024-25)","None","None","legacy","unavailable","unavailable"
"U-0756","UNIVERSITY OF ENGINEERING AND MANAGEMENT","Legacy Core","true","true","","","","","","Fee Regulation Slab — Rajasthan (2024-25)","None","None","legacy","unavailable","unavailable"
"U-0752","POORNIMA UNIVERSITY","Legacy Core","true","true","","","","","","Fee Regulation Slab — Rajasthan (2024-25)","None","None","legacy","unavailable","unavailable"
"U-1112","DR BHIMRAO AMBEDKAR LAW UNIVERSITY","Legacy Core","true","true","","","","","","Fee Regulation Slab — Rajasthan (2024-25)","None","None","legacy","unavailable","unavailable"
"U-1115","SHRI KALLAJI VEDIC VISHVAVIDYALAYA","Legacy Core","true","true","","","","","","Fee Regulation Slab — Rajasthan (2024-25)","None","None","legacy","unavailable","unavailable"
"U-0749","MANIPAL UNIVERSITY, JAIPUR","Legacy Core","true","true","","","","","","Fee Regulation Slab — Rajasthan (2024-25)","None","None","legacy","unavailable","unavailable"
"U-0748","VIVEKANANDA GLOBAL UNIVERSITY","Legacy Core","true","true","","","","","","Fee Regulation Slab — Rajasthan (2024-25)","None","None","legacy","unavailable","unavailable"
"U-0746","GEETANJALI UNIVERSITY","Legacy Core","true","true","","","","","","Fee Regulation Slab — Rajasthan (2024-25)","None","None","legacy","unavailable","unavailable"
"U-0741","JECRC UNIVERSITY","Legacy Core","true","true","","","","","","Fee Regulation Slab — Rajasthan (2024-25)","None","None","legacy","unavailable","unavailable"
"U-0732","MAHATMA GANDHI UNIVERSITY OF MEDICAL SCIENCES AND TECHNOLOGY, JAIPUR","Legacy Core","true","true","","","","","","Fee Regulation Slab — Rajasthan (2024-25)","None","None","legacy","unavailable","unavailable"
"U-0709","TANTIA UNIVERSITY, SRI GANGANAGAR","Legacy Core","true","true","","","","","","Fee Regulation Slab — Rajasthan (2024-25)","None","None","legacy","unavailable","unavailable"
"U-0705","SKN AGRICULTURE UNIVERSITY, JOBNER","Legacy Core","true","true","","","","","","Fee Regulation Slab — Rajasthan (2024-25)","None","None","legacy","unavailable","unavailable"
"U-1190","RAJASTHAN AYURVEDIC NURSING COUNCIL","Legacy Core","true","","","","","","","Fee Regulation Slab — Rajasthan (2024-25)","None","None","legacy","unavailable","unavailable"
"U-0704","AGRICULTURE UNIVERSITY, KOTA","Legacy Core","true","true","","","","","","Fee Regulation Slab — Rajasthan (2024-25)","None","None","legacy","unavailable","unavailable"
"U-0703","AGRICULTURE UNIVERSITY, JODHPUR","Legacy Core","true","true","","","","","","Fee Regulation Slab — Rajasthan (2024-25)","None","None","legacy","unavailable","unavailable"
"U-0698","MADHAV UNIVERSITY","Legacy Core","true","true","","","","","","Fee Regulation Slab — Rajasthan (2024-25)","None","None","legacy","unavailable","unavailable"
"U-0693","SANGAM UNIVERSITY, BHILWARA","Legacy Core","true","true","","","","","","Fee Regulation Slab — Rajasthan (2024-25)","None","None","legacy","unavailable","unavailable"
"U-1210","MBM UNIVERSITY","Legacy Core","true","true","","","","","","Fee Regulation Slab — Rajasthan (2024-25)","None","None","legacy","unavailable","unavailable"
"U-0692","MAULANA AZAD UNIVERSITY, JODHPUR","Legacy Core","true","true","","","","","","Fee Regulation Slab — Rajasthan (2024-25)","None","None","legacy","unavailable","unavailable"
"U-0679","SARDAR PATEL UNIVERSITY OF POLICE, SECURITY AND CRIMINAL JUSTICE","Legacy Core","true","true","","","","","","Fee Regulation Slab — Rajasthan (2024-25)","None","None","legacy","unavailable","unavailable"
"U-0657","JK LAKSHMIPAT UNIVERSITY","Legacy Core","true","true","","","","","","Fee Regulation Slab — Rajasthan (2024-25)","None","None","legacy","unavailable","unavailable"
"U-0640","RAFFLES UNIVERSITY","Legacy Core","true","true","","","","","","Fee Regulation Slab — Rajasthan (2024-25)","None","None","legacy","unavailable","unavailable"
"U-1300","JAI MINESH ADIVASI UNIVERSITY","Legacy Core","true","","","","","","","Fee Regulation Slab — Rajasthan (2024-25)","None","None","legacy","unavailable","unavailable"
"U-0833","NIIT UNIVERSITY","Legacy Core","true","true","","","","","true","Fee Regulation Slab — Rajasthan (2024-25)","None","None","legacy","unavailable","unavailable"
"U-0836","BHUPAL NOBLES' UNIVERSITY","Legacy Core","true","true","","","","","","Fee Regulation Slab — Rajasthan (2024-25)","None","None","legacy","unavailable","unavailable"
"U-0842","MAHARISHI ARVIND UNIVERSITY","Legacy Core","true","true","","","","","","Fee Regulation Slab — Rajasthan (2024-25)","None","None","legacy","unavailable","unavailable"
"U-0847","RNB GLOBAL UNIVERSITY","Legacy Core","true","true","","","","","","Fee Regulation Slab — Rajasthan (2024-25)","None","None","legacy","unavailable","unavailable"
"U-0851","IIHMR UNIVERSITY","Legacy Core","true","true","","","","","","Fee Regulation Slab — Rajasthan (2024-25)","None","None","legacy","unavailable","unavailable"
"U-0870","SAI TIRUPATI UNIVERSITY","Legacy Core","true","true","","","","","","Fee Regulation Slab — Rajasthan (2024-25)","None","None","legacy","unavailable","unavailable"
"U-0429","Eastern Institute for Integrated Learning in Management University, Jorethang","Legacy Core","true","true","","","","","","Fee Regulation Slab — Sikkim (2024-25)","None","None","legacy","unavailable","unavailable"
"U-1208","MEDHAVI SKILLS UNIVERSITY","Legacy Core","true","true","","","","","","Fee Regulation Slab — Sikkim (2024-25)","None","None","legacy","unavailable","unavailable"
"U-0432","The ICFAI University Sikkim","Legacy Core","true","true","","","","","","Fee Regulation Slab — Sikkim (2024-25)","None","None","legacy","unavailable","unavailable"
"U-0431","Sikkim Manipal University, Gangtok","Legacy Core","true","true","","","","","","Fee Regulation Slab — Sikkim (2024-25)","None","None","legacy","unavailable","unavailable"
"U-1027","KHANGCHENDZONGA STATE UNIVERSITY","Legacy Core","true","true","","","","","","Fee Regulation Slab — Sikkim (2024-25)","None","None","legacy","unavailable","unavailable"
"U-1350","Sikkim Global Technical University","Legacy Core","true","","","","","","","Fee Regulation Slab — Sikkim (2024-25)","None","None","legacy","unavailable","unavailable"
"U-1234","SIKKIM SKILL UNIVERSITY","Legacy Core","true","true","","","","","","Fee Regulation Slab — Sikkim (2024-25)","None","None","legacy","unavailable","unavailable"
"U-1225","SIKKIM ALPINE UNIVERSITY","Legacy Core","true","true","","","","","","Fee Regulation Slab — Sikkim (2024-25)","None","None","legacy","unavailable","unavailable"
"U-0764","SHRI RAMASAMY MEMORIAL UNIVERSITY","Legacy Core","true","true","","","","","","Fee Regulation Slab — Sikkim (2024-25)","None","None","legacy","unavailable","unavailable"
"U-0430","Sikkim  University, Gangtok","Legacy Core","true","true","","","","","","Fee Regulation Slab — Sikkim (2024-25)","None","None","legacy","unavailable","unavailable"
"U-0433","Sikkim Professional University, Tadong","Legacy Core","true","true","","","","","","Fee Regulation Slab — Sikkim (2024-25)","None","None","legacy","unavailable","unavailable"
"U-0449","Central University of Tamil Nadu, Tiruvarur","Legacy Core","true","true","","","","","","Fee Regulation Slab — Tamil Nadu (2024-25)","None","None","legacy","unavailable","unavailable"
"U-0492","VINAYAKA MISSIONs RESEARCH FOUNDATION, SALEM","Legacy Core","true","true","","","","","","Fee Regulation Slab — Tamil Nadu (2024-25)","None","None","legacy","unavailable","unavailable"
"U-0448","Bharathidasan University, Tiruchirappalli","Legacy Core","true","true","","","","","","Fee Regulation Slab — Tamil Nadu (2024-25)","None","None","legacy","unavailable","unavailable"
"U-0481","Tamil Nadu Dr. M.G.R. Medical University , Chennai","Legacy Core","true","true","","","","","","Fee Regulation Slab — Tamil Nadu (2024-25)","None","None","legacy","unavailable","unavailable"
"U-0454","Hindustan Institute of Technology and Science, Kancheepuram","Legacy Core","true","true","true","","","","true","TNEA 2024 Official Notification","NIRF 2024","None","official_verified","legacy","legacy"
"U-1141","DHANALAKSHMI SRINIVASAN UNIVERSITY","Legacy Core","true","true","","","","","","Fee Regulation Slab — Tamil Nadu (2024-25)","None","None","legacy","unavailable","unavailable"
"U-0447","Bharathiar University, Coimbatore","Legacy Core","true","true","","","","","","Fee Regulation Slab — Tamil Nadu (2024-25)","None","None","legacy","unavailable","unavailable"
"U-0469","Periyar Maniammai Institute of Science & Technology, Thanjavur","Legacy Core","true","true","true","","","","","TNEA 2024 Official Notification","None","None","official_verified","unavailable","legacy"
"U-0462","Madras University, Chennai","Legacy Core","true","true","","","","","","Fee Regulation Slab — Tamil Nadu (2024-25)","None","None","legacy","unavailable","unavailable"
"U-0475","SAVEETHA INSTITUTE OF MEDICAL AND TECHNICAL SCIENCES (DEEMED TO BE UNIVERSITY)","Legacy Core","true","true","","","","","","Fee Regulation Slab — Tamil Nadu (2024-25)","None","None","legacy","unavailable","unavailable"
"U-1153","SHIV NADAR UNIVERSITY","Legacy Core","true","true","","","","","true","Fee Regulation Slab — Tamil Nadu (2024-25)","None","None","legacy","unavailable","unavailable"
"U-0486","Tamilnadu Physical Education and Sports University, Chennai","Legacy Core","true","true","","","","","","Fee Regulation Slab — Tamil Nadu (2024-25)","None","None","legacy","unavailable","unavailable"
"U-0474","Sathyabama Institute of Science & Technology, Chennai","Legacy Core","true","true","true","","","","","TNEA 2024 Official Notification","None","None","official_verified","unavailable","legacy"
"U-0465","Meenakshi Academy of Higher Education and Research, Chennai","Legacy Core","true","true","","","","","","Fee Regulation Slab — Tamil Nadu (2024-25)","NIRF 2024","None","legacy","legacy","unavailable"
"U-0472","Rajiv Gandhi National Instiute of Youth Development, Sriperumbudur","Legacy Core","true","true","","","","","","Fee Regulation Slab — Tamil Nadu (2024-25)","None","None","legacy","unavailable","unavailable"
"U-0665","TAMIL NADU FISHERIES UNIVERSITY","Legacy Core","true","true","","","","","","Fee Regulation Slab — Tamil Nadu (2024-25)","None","None","legacy","unavailable","unavailable"
"U-0458","Kalasalingam Academy of Research and Education","Legacy Core","true","true","","true","","","true","Fee Regulation Slab — Tamil Nadu (2024-25)","NIRF 2024","None","legacy","official_verified","unavailable"
"U-0463","Madurai Kamaraj University, Madurai","Legacy Core","true","true","","","","","","Fee Regulation Slab — Tamil Nadu (2024-25)","None","None","legacy","unavailable","unavailable"
"U-0460","Karunya Institute of Technology and Sciences, Coimbatore","Legacy Core","true","true","true","","","","true","TNEA 2024 Official Notification","None","None","official_verified","unavailable","legacy"
"U-0446","Bharath Institute of Higher Education & Research","Legacy Core","true","true","true","","","","true","AFRC UP 2024-25 Official Order","None","None","official_verified","unavailable","unavailable"
"U-0478","Sri Ramachandra Institute of Higher Education and Research (Deemed University)","Legacy Core","true","true","","","","","","Fee Regulation Slab — Tamil Nadu (2024-25)","None","None","legacy","unavailable","unavailable"
"U-0468","Noorul Islam Centre for Higher Education, Kanyakumari","Legacy Core","true","true","","","","","","Fee Regulation Slab — Tamil Nadu (2024-25)","None","None","legacy","unavailable","unavailable"
"U-0461","M.G.R. Educational and Research Institute, Chennai","Legacy Core","true","true","","","","","","Fee Regulation Slab — Tamil Nadu (2024-25)","None","None","legacy","unavailable","unavailable"
"U-0477","Sri Chandrasekharendra Saraswathi Viswa Mahavidyalaya, Kancheepuram","Legacy Core","true","true","","","","","","Fee Regulation Slab — Tamil Nadu (2024-25)","None","None","legacy","unavailable","unavailable"
"U-0476","Shanmugha Arts, Science, Technology & Reserch Academy (SASTRA), Thanjavur","Legacy Core","true","true","true","","","","","TNEA 2024 Official Notification","None","None","official_verified","unavailable","legacy"
"U-0445","B.S. Abdur Rahman Crescent Institute of Science & Technology","Legacy Core","true","true","true","","","","","TNEA 2024 Official Notification","None","None","official_verified","unavailable","legacy"
"U-0466","Mother Teresa Women's University, Kodaikanal","Legacy Core","true","true","","","","","","Fee Regulation Slab — Tamil Nadu (2024-25)","None","None","legacy","unavailable","unavailable"
"U-0444","Avinashilingam Institute for Home Science & Higher Education for Women, Coimbatore","Legacy Core","true","true","","","","","","Fee Regulation Slab — Tamil Nadu (2024-25)","None","None","legacy","unavailable","unavailable"
"U-0443","Annamalai University, Annamalainagar","Legacy Core","true","true","","","","","","Fee Regulation Slab — Tamil Nadu (2024-25)","None","None","legacy","unavailable","unavailable"
"U-0485","Tamilnadu Agricultural University, Coimbatore","Legacy Core","true","true","","","","","","Fee Regulation Slab — Tamil Nadu (2024-25)","None","None","legacy","unavailable","unavailable"
"U-1331","NATIONAL INSTITUTE OF TECHNICAL TEACHERS TRAINING AND RESEARCH, CHENNAI","Legacy Core","true","","true","","","","","AFRC MP 2024-25 Order No. 147","None","None","official_verified","unavailable","unavailable"
"U-0439","Anna University, Chennai","Legacy Core","true","true","","","","","","Fee Regulation Slab — Tamil Nadu (2024-25)","None","None","legacy","legacy","unavailable"
"U-0436","Amrita Vishwa Vidyapeetham, Coimbatore","Legacy Core","true","true","true","true","","","true","Amrita University Fee Structure 2024-25","NIRF 2024","None","official_verified","official_verified","unavailable"
"U-1317","NATIONAL INSTITUTE OF FOOD TECHNOLOGY, ENTREPRENEURSHIP AND MANAGEMENT -THANJAVUR","Legacy Core","true","true","true","","","","","TNEA 2024 Official Notification","None","None","official_verified","unavailable","legacy"
"U-0435","Alagappa University, Alagappa Nagar, Karaikudi","Legacy Core","true","true","","","","","","Fee Regulation Slab — Tamil Nadu (2024-25)","None","None","legacy","unavailable","unavailable"
"U-0434","Academy of Maritime Education and Training, Chennai","Legacy Core","true","true","","","","","","Fee Regulation Slab — Tamil Nadu (2024-25)","None","None","legacy","unavailable","unavailable"
"U-0471","Ponnaiyah Ramajayam Institute of Science & Technology, Thanjavur","Legacy Core","true","true","true","","","","","TNEA 2024 Official Notification","None","None","official_verified","unavailable","legacy"
"U-0470","Periyar University, Salem","Legacy Core","true","true","","","","","","Fee Regulation Slab — Tamil Nadu (2024-25)","None","None","legacy","unavailable","unavailable"
"U-0450","Chennai Mathematical  Institute, Chennai","Legacy Core","true","true","","","","","","Fee Regulation Slab — Tamil Nadu (2024-25)","None","None","legacy","unavailable","unavailable"
"U-0484","Tamil Univesity, Thanjavur","Legacy Core","true","true","","","","","","Fee Regulation Slab — Tamil Nadu (2024-25)","None","None","legacy","unavailable","unavailable"
"U-0451","Chettinad Academy of Research & Education, Kancheepuram","Legacy Core","true","true","","","","","","Fee Regulation Slab — Tamil Nadu (2024-25)","None","None","legacy","unavailable","unavailable"
"U-0482","Tamil Nadu Open University, Chennai","Legacy Core","true","true","","","","","","Fee Regulation Slab — Tamil Nadu (2024-25)","None","None","legacy","unavailable","unavailable"
"U-0491","Vels Institute of Science, Technology and Advanced Studies, Chennai","Legacy Core","true","true","true","","","","true","TNEA 2024 Official Notification","NIRF 2024","None","official_verified","legacy","legacy"
"U-0452","Dakshina Bharat Hindi Prachar Sabha","Legacy Core","true","true","","","","","","Fee Regulation Slab — Tamil Nadu (2024-25)","None","None","legacy","unavailable","unavailable"
"U-0473","S.R.M. Institute of Science & Technology, Chennai","Legacy Core","true","true","true","","","","true","TNEA 2024 Official Notification","NIRF 2024","None","official_verified","legacy","legacy"
"U-0464","Manonmaniam Sundaranar University, Tirunelveli","Legacy Core","true","true","","","","","","Fee Regulation Slab — Tamil Nadu (2024-25)","None","None","legacy","unavailable","unavailable"
"U-1128","SAI UNIVERSITY","Legacy Core","true","true","true","","","","","AFRC MP 2024-25 Order No. 147","None","None","official_verified","unavailable","unavailable"
"U-0453","Gandhigram Rural Institute, Dindigul","Legacy Core","true","true","","","","","","Fee Regulation Slab — Tamil Nadu (2024-25)","None","None","legacy","unavailable","unavailable"
"U-0483","Tamil Nadu Teachers Education University, Chennai","Legacy Core","true","true","","","","","","Fee Regulation Slab — Tamil Nadu (2024-25)","None","None","legacy","unavailable","unavailable"
"U-0459","Karpagam Academy of Higher Education, Coimbatore","Legacy Core","true","true","","","","","","Fee Regulation Slab — Tamil Nadu (2024-25)","None","None","legacy","unavailable","unavailable"
"U-0983","THE TAMILNADU DR. J JAYALALITHAA MUSIC AND FINE ARTS UNIVERSITY","Legacy Core","true","true","","","","","","Fee Regulation Slab — Tamil Nadu (2024-25)","None","None","legacy","unavailable","unavailable"
"U-0489","Vel Tech Rangarajan Dr. Sagunthala R & D Institute of Science & Technology, Chennai","Legacy Core","true","true","true","","","","","TNEA 2024 Official Notification","None","None","official_verified","unavailable","legacy"
"U-0680","TAMIL NADU NATIONAL LAW UNIVERSITY","Legacy Core","true","true","","","","","","Fee Regulation Slab — Tamil Nadu (2024-25)","None","None","legacy","unavailable","unavailable"
"U-0480","Tamil Nadu Dr. Ambedkar Law University, Chennai","Legacy Core","true","true","","","","","","Fee Regulation Slab — Tamil Nadu (2024-25)","None","None","legacy","unavailable","unavailable"
"U-0488","Thiruvalluvar Univeristy, Vellore","Legacy Core","true","true","","","","","","Fee Regulation Slab — Tamil Nadu (2024-25)","None","None","legacy","unavailable","unavailable"
"U-0487","Tamilnadu Veterinary & Animal Sciences University, Chennai","Legacy Core","true","true","","","","","","Fee Regulation Slab — Tamil Nadu (2024-25)","None","None","legacy","unavailable","unavailable"
"U-0479","St. Peter's Institute of Higher Education and Research, Chennai","Legacy Core","true","true","","","","","","Fee Regulation Slab — Tamil Nadu (2024-25)","None","None","legacy","unavailable","unavailable"
"U-0457","Indian Maritime University","Legacy Core","true","true","","","","","","Fee Regulation Slab — Tamil Nadu (2024-25)","None","None","legacy","unavailable","unavailable"
"U-1232","JEPPIAR UNIVERSITY","Legacy Core","true","true","","","","","","Fee Regulation Slab — Tamil Nadu (2024-25)","None","None","legacy","unavailable","unavailable"
"U-0023","Maulana Azad National Urdu University, Hyderabad","Legacy Core","true","true","","","","","","Fee Regulation Slab — Telangana (2024-25)","None","None","legacy","unavailable","unavailable"
"U-0012","ICFAI Foundation for Higher Education, Hyderabad","Legacy Core","true","true","","","","","","Fee Regulation Slab — Telangana (2024-25)","None","None","legacy","unavailable","unavailable"
"U-1088","CHAITANYA (DEEMED TO BE UNIVERSITY)","Legacy Core","true","true","","","","","","Fee Regulation Slab — Telangana (2024-25)","None","None","legacy","legacy","unavailable"
"U-0029","Potti Sri Ramulu Telugu University, Hyderabad","Legacy Core","true","true","","","","","","Fee Regulation Slab — Telangana (2024-25)","None","None","legacy","unavailable","unavailable"
"U-0007","Dr. B. R. Ambedkar Open University, Hyderabad","Legacy Core","true","true","","","","","","Fee Regulation Slab — Telangana (2024-25)","None","None","legacy","unavailable","unavailable"
"U-1118","NATIONAL INSTITUTE OF PHARMACEUTICAL EDUCATION AND RESEARCH (NIPER) HYDERABAD","Legacy Core","true","true","","","","","","Fee Regulation Slab — Telangana (2024-25)","None","None","legacy","unavailable","unavailable"
"U-1119","MAHINDRA UNIVERSITY","Legacy Core","true","true","","","","","","Fee Regulation Slab — Telangana (2024-25)","None","None","legacy","unavailable","unavailable"
"U-0042","University of Hyderabad, Hyderabad","Legacy Core","true","true","true","","","","","TSCHE TAFRC 2024-25 Notification","None","None","official_verified","legacy","unavailable"
"U-0032","Satavahana University, Karimnagar","Legacy Core","true","true","","","","","","Fee Regulation Slab — Telangana (2024-25)","None","None","legacy","unavailable","unavailable"
"U-1324","Aurora Higher Education and Research Academy","Legacy Core","true","","","","","","","Fee Regulation Slab — Telangana (2024-25)","None","None","legacy","unavailable","unavailable"
"U-0784","PROFESSOR JAYASHANKAR TELANGANA STATE AGRICULTURAL UNIVERSITY","Legacy Core","true","true","","","","","","Fee Regulation Slab — Telangana (2024-25)","None","None","legacy","unavailable","unavailable"
"U-0017","Jawaharlal Nehru Technological University, Hyderabad","Legacy Core","true","true","true","","","","","JNU Fee Structure 2024-25","None","None","official_verified","unavailable","unavailable"
"U-1318","SR University","Legacy Core","true","true","","","","","","Fee Regulation Slab — Telangana (2024-25)","None","None","legacy","unavailable","unavailable"
"U-1108","ALL INDIA INSTITUTE OF MEDICAL SCIENCE  BIBINAGAR","Legacy Core","true","true","","","","","","Fee Regulation Slab — Telangana (2024-25)","None","None","legacy","unavailable","unavailable"
"U-0028","Palamuru University,  Mahabubnagar","Legacy Core","true","true","","","","","","Fee Regulation Slab — Telangana (2024-25)","None","None","legacy","unavailable","unavailable"
"U-1137","WOXSEN UNIVERSITY","Legacy Core","true","true","","","","","","Fee Regulation Slab — Telangana (2024-25)","None","None","legacy","unavailable","unavailable"
"U-0026","Nizam Institute of Medical Sciences,  Hyderabad","AIIMS","true","true","","","","","","Fee Regulation Slab — Telangana (2024-25)","None","None","legacy","unavailable","unavailable"
"U-0014","International Institute of Information Technology, Hyderabad","Legacy Core","true","true","true","true","","","true","TSCHE TAFRC 2024-25 Notification","NIRF 2024","None","official_verified","official_verified","unavailable"
"U-0869","RAJIV GANDHI UNIVERSITY OF KNOWLEDGE TECHNOLOGIES, BASAR","Legacy Core","true","true","","","","","","Fee Regulation Slab — Telangana (2024-25)","None","None","legacy","unavailable","unavailable"
"U-0867","KALOJI NARAYANA RAO UNIVERSITY OF HEALTH SCIENCES","Legacy Core","true","true","","","","","","Fee Regulation Slab — Telangana (2024-25)","None","None","legacy","unavailable","unavailable"
"U-0040","Telangana University, Nizamabad","Legacy Core","true","true","","","","","","Fee Regulation Slab — Telangana (2024-25)","None","None","legacy","unavailable","unavailable"
"U-0041","The English and Foreign Languages University, Hyderabad","Legacy Core","true","true","","","","","","Fee Regulation Slab — Telangana (2024-25)","None","None","legacy","unavailable","unavailable"
"U-0868","P.V. NARSIMHA RAO TELANGANA VETERINARY UNIVERSITY","Legacy Core","true","true","","","","","","Fee Regulation Slab — Telangana (2024-25)","None","None","legacy","unavailable","unavailable"
"U-0022","Mahatma Gandhi University, Nalgonda","Legacy Core","true","true","","","","","","Fee Regulation Slab — Telangana (2024-25)","None","None","legacy","unavailable","unavailable"
"U-0027","Osmania University, Hyderabad","Legacy Core","true","true","true","","","","","TSCHE TAFRC 2024-25 Notification","None","None","official_verified","legacy","unavailable"
"U-0024","National Academy of Legal Studies & Research (NALSR) University Hyderabad","Legacy Core","true","true","","","","","","Fee Regulation Slab — Telangana (2024-25)","None","None","legacy","unavailable","unavailable"
"U-0018","Jawarharlal Nehru Architecture and Fine Art University Hyderabad","Legacy Core","true","true","","","","","","Fee Regulation Slab — Telangana (2024-25)","None","None","legacy","unavailable","unavailable"
"U-1188","ANURAG UNIVERSITY","Legacy Core","true","true","","","","","","Fee Regulation Slab — Telangana (2024-25)","None","None","legacy","unavailable","unavailable"
"U-0019","Kakatiya University, Warangal","Legacy Core","true","true","","","","","","Fee Regulation Slab — Telangana (2024-25)","None","None","legacy","unavailable","unavailable"
"U-1124","MALLA REDDY UNIVERSITY","Legacy Core","true","true","","","","","","Fee Regulation Slab — Telangana (2024-25)","None","None","legacy","unavailable","unavailable"
"U-0845","SRI KONDA LAXMAN TELANGANA STATE HORTICULTURAL UNIVERSITY (SKLTSHU)","Legacy Core","true","true","","","","","","Fee Regulation Slab — Telangana (2024-25)","None","None","legacy","unavailable","unavailable"
"U-1277","ARYAVART INTERNATIONAL UNIVERSITY","Legacy Core","true","","","","","","","Fee Regulation Slab — Tripura (2024-25)","None","None","legacy","unavailable","unavailable"
"U-0839","MAHARAJA BIR BIKRAM UNIVERSITY, AGARTALA","Legacy Core","true","true","","","","","","Fee Regulation Slab — Tripura (2024-25)","None","None","legacy","unavailable","unavailable"
"U-0494","The Institute of Chartered Financial Analysts of India University, Agartala","Legacy Core","true","true","","","","","","Fee Regulation Slab — Tripura (2024-25)","None","None","legacy","unavailable","unavailable"
"U-0495","Tripura University, Agartala","Legacy Core","true","true","","","","","","Fee Regulation Slab — Tripura (2024-25)","None","None","legacy","unavailable","unavailable"
"U-1302","TECHNO INDIA UNIVERSITY TRIPURA","Legacy Core","true","","","","","","","Fee Regulation Slab — Tripura (2024-25)","None","None","legacy","unavailable","unavailable"
"U-1323","Dhamma Dipa International Buddhist University","Legacy Core","true","","","","","","","Fee Regulation Slab — Tripura (2024-25)","None","None","legacy","unavailable","unavailable"
"S-19629","SILIGURI INSTITUTE OF TECHNOLOGY DIPLOMA COLLEGE","Legacy Core","true","","true","","","","true","TNEA 2024 Official Notification","None","None","official_verified","unavailable","unavailable"
"U-1293","NATIONAL LAW UNIVERSITY","Legacy Core","true","","true","","","","true","NLSIU Fee Structure 2024-25","NIRF 2024","None","official_verified","legacy","unavailable"
"U-0780","MOTHERHOOD UNIVERSITY","Legacy Core","true","true","","","","","","Fee Regulation Slab — Uttarakhand (2024-25)","None","None","legacy","unavailable","unavailable"
"U-1335","DBS Global University","Legacy Core","true","","","","","","","Fee Regulation Slab — Uttarakhand (2024-25)","None","None","legacy","unavailable","unavailable"
"U-0564","University of Petroleum and Energy Studies, Dehradun","Legacy Core","true","true","","true","","","","Fee Regulation Slab — Uttarakhand (2024-25)","NIRF 2024","None","legacy","official_verified","unavailable"
"U-0993","SARDAR BHAGWAN SINGH UNIVERSITY","Legacy Core","true","true","","","","","","Fee Regulation Slab — Uttarakhand (2024-25)","None","None","legacy","unavailable","unavailable"
"U-1207","SURAJMAL UNIVERSITY","Legacy Core","true","true","","","","","","Fee Regulation Slab — Uttarakhand (2024-25)","None","None","legacy","unavailable","unavailable"
"U-0563","University of Patanjali, Patanjali Yogpeeth, Haridwar","Legacy Core","true","true","","","","","","Fee Regulation Slab — Uttarakhand (2024-25)","None","None","legacy","unavailable","unavailable"
"U-0638","GRAPHIC ERA HILL UNIVERSITY","Legacy Core","true","true","","","","","","Fee Regulation Slab — Uttarakhand (2024-25)","None","None","legacy","unavailable","unavailable"
"U-1091","SOBAN SINGH JEENA UNIVERSITY","Legacy Core","true","true","","","","","","Fee Regulation Slab — Uttarakhand (2024-25)","None","None","legacy","unavailable","unavailable"
"U-0681","UTTARAKHAND AYURVED UNIVERSITY","Legacy Core","true","true","","","","","","Fee Regulation Slab — Uttarakhand (2024-25)","None","None","legacy","unavailable","unavailable"
"U-0912","HIMALAYAN GARHWAL UNIVERSITY","Legacy Core","true","true","","","","","","Fee Regulation Slab — Uttarakhand (2024-25)","None","None","legacy","unavailable","unavailable"
"U-1237","HIMALAYIYA UNIVERSITY","Legacy Core","true","true","","","","","","Fee Regulation Slab — Uttarakhand (2024-25)","None","None","legacy","unavailable","unavailable"
"U-0551","Dev Sanskriti Vishwavidyalaya, Gayatrikunj","Legacy Core","true","true","","","","","","Fee Regulation Slab — Uttarakhand (2024-25)","None","None","legacy","unavailable","unavailable"
"U-0552","Doon University, Dehradun","Legacy Core","true","true","","","","","","Fee Regulation Slab — Uttarakhand (2024-25)","None","None","legacy","unavailable","unavailable"
"U-0553","Forest Research Institute, Dehradun","Legacy Core","true","true","","","","","","Fee Regulation Slab — Uttarakhand (2024-25)","None","None","legacy","unavailable","unavailable"
"U-0554","G.B. Pant Universtiy of Agriculture and Technology, Pantnagar","Legacy Core","true","true","","","","","","Fee Regulation Slab — Uttarakhand (2024-25)","None","None","legacy","unavailable","unavailable"
"U-0555","Graphic Era University, Dehradun","Legacy Core","true","true","","","","","","Fee Regulation Slab — Uttarakhand (2024-25)","None","None","legacy","unavailable","unavailable"
"U-0556","Gurukul Kangri Vishwavidyalaya, Haridwar","Legacy Core","true","true","","","","","","Fee Regulation Slab — Uttarakhand (2024-25)","None","None","legacy","unavailable","unavailable"
"U-0557","Hemwati Nandan Bahuguna Garhwal Univeristy, Srinagar, Garhwal","Legacy Core","true","true","","","","","","Fee Regulation Slab — Uttarakhand (2024-25)","None","None","legacy","unavailable","unavailable"
"U-0559","Jigyasa University, Dehradun","Legacy Core","true","true","","","","","","Fee Regulation Slab — Uttarakhand (2024-25)","None","None","legacy","unavailable","unavailable"
"U-0654","UTTARAKHAND UNIVERSITY OF HORTICULTURE AND FORESTRY, BHARSAR","Legacy Core","true","true","","","","","","Fee Regulation Slab — Uttarakhand (2024-25)","None","None","legacy","unavailable","unavailable"
"U-1255","HARIDWAR UNIVERSITY","Legacy Core","true","","","","","","","Fee Regulation Slab — Uttarakhand (2024-25)","None","None","legacy","unavailable","unavailable"
"U-0561","The ICFAI University, Dehradun","Legacy Core","true","true","","","","","","Fee Regulation Slab — Uttarakhand (2024-25)","None","None","legacy","unavailable","unavailable"
"U-0562","Kumaun University, Nainital","Legacy Core","true","true","","","","","true","Fee Regulation Slab — Uttarakhand (2024-25)","None","None","legacy","unavailable","unavailable"
"U-0929","Bhagwant Global University","Legacy Core","true","true","","","","","","Fee Regulation Slab — Uttarakhand (2024-25)","None","None","legacy","unavailable","unavailable"
"U-0750","UTTARANCHAL UNIVERSITY, DEHRADUN","Legacy Core","true","true","","","","","","Fee Regulation Slab — Uttarakhand (2024-25)","None","None","legacy","unavailable","unavailable"
"U-1347","Amrapali University","Legacy Core","true","","","","","","","Fee Regulation Slab — Uttarakhand (2024-25)","None","None","legacy","unavailable","unavailable"
"U-0908","Ras Bihari Bose Subharti University","Legacy Core","true","true","","","","","","Fee Regulation Slab — Uttarakhand (2024-25)","None","None","legacy","unavailable","unavailable"
"U-0904","Shri Guru Ram Rai University, Dehradun","Legacy Core","true","true","","","","","","Fee Regulation Slab — Uttarakhand (2024-25)","None","None","legacy","unavailable","unavailable"
"U-1349","Maya Devi University","Legacy Core","true","","","","","","","Fee Regulation Slab — Uttarakhand (2024-25)","None","None","legacy","unavailable","unavailable"
"U-0737","SWAMI RAMA HIMALAYAN UNIVERSITY","Legacy Core","true","true","","","","","","Fee Regulation Slab — Uttarakhand (2024-25)","None","None","legacy","unavailable","unavailable"
"U-0819","HEMWATI NANDAN BAHUGUNA MEDICAL EDUCATION UNIVERSITY","Legacy Core","true","true","","","","","","Fee Regulation Slab — Uttarakhand (2024-25)","None","None","legacy","unavailable","unavailable"
"U-0774","DIT UNIVERSITY","Legacy Core","true","true","","","","","","Fee Regulation Slab — Uttarakhand (2024-25)","None","None","legacy","unavailable","unavailable"
"U-0623","Uttarakhand Open University","Legacy Core","true","true","","","","","","Fee Regulation Slab — Uttarakhand (2024-25)","None","None","legacy","unavailable","unavailable"
"U-0773","IMS UNISON UNIVERSITY","Legacy Core","true","true","","","","","","Fee Regulation Slab — Uttarakhand (2024-25)","None","None","legacy","unavailable","unavailable"
"U-1356","Smt Manjira Devi University","Legacy Core","true","","","","","","","Fee Regulation Slab — Uttarakhand (2024-25)","None","None","legacy","unavailable","unavailable"
"U-0717","SRI DEV SUMAN UTTARAKHAND UNIVERSITY, BADSHAHITHOL, TEHRI","Legacy Core","true","true","","","","","","Fee Regulation Slab — Uttarakhand (2024-25)","None","None","legacy","unavailable","unavailable"
"U-1162","COER ROORKEE","Legacy Core","true","true","","","","","","Fee Regulation Slab — Uttarakhand (2024-25)","None","None","legacy","unavailable","unavailable"
"U-0566","Uttrakhand Technical University, Dehradun","Legacy Core","true","true","","","","","","Fee Regulation Slab — Uttarakhand (2024-25)","None","None","legacy","unavailable","unavailable"
"U-1169","DEV BHOOMI UTTARAKHAND UNIVERSITY","Legacy Core","true","true","","","","","","Fee Regulation Slab — Uttarakhand (2024-25)","None","None","legacy","unavailable","unavailable"
"U-0565","Uttarakhand Sanskrit University, Hardwar","Legacy Core","true","true","","","","","","Fee Regulation Slab — Uttarakhand (2024-25)","None","None","legacy","unavailable","unavailable"
"U-0950","Quantum University","Legacy Core","true","true","","","","","","Fee Regulation Slab — Uttarakhand (2024-25)","None","None","legacy","unavailable","unavailable"
"U-0707","BANDA UNIVERSITY OF AGRICULTURE AND TECHNOLOGY, BANDA","Legacy Core","true","true","true","","","","","AFRC UP 2024-25 Official Order","None","None","official_verified","unavailable","unavailable"
"U-1319","T S Mishra University","Legacy Core","true","","","","","","","Fee Regulation Slab — Uttar Pradesh (2024-25)","None","None","legacy","unavailable","unavailable"
"U-0496","Aligarh Muslim University, Aligarh","Legacy Core","true","true","","","","","","Fee Regulation Slab — Uttar Pradesh (2024-25)","None","None","legacy","legacy","unavailable"
"U-1040","ERA UNIVERSITY","Legacy Core","true","true","","","","","","Fee Regulation Slab — Uttar Pradesh (2024-25)","None","None","legacy","unavailable","unavailable"
"U-0898","Footwear Design and Development Institute","Legacy Core","true","true","","","","","","Fee Regulation Slab — Uttar Pradesh (2024-25)","None","None","legacy","unavailable","unavailable"
"U-0897","Bareilly International University, Bareilly","Legacy Core","true","true","","","","","","Fee Regulation Slab — Uttar Pradesh (2024-25)","None","None","legacy","unavailable","unavailable"
"U-1061","JANNAYAK CHANDRASHEKHAR UNIVERSITY BALLIA","Legacy Core","true","true","","","","","","Fee Regulation Slab — Uttar Pradesh (2024-25)","None","None","legacy","unavailable","unavailable"
"U-0611","Shri Venkateshwara University, Gajraula, J.P Nagar","Legacy Core","true","true","","","","","","Fee Regulation Slab — Uttar Pradesh (2024-25)","None","None","legacy","unavailable","unavailable"
"U-1327","Mahaveer University","Legacy Core","true","","","","","","","Fee Regulation Slab — Uttar Pradesh (2024-25)","None","None","legacy","unavailable","unavailable"
"U-0497","Amity University, Uttar Pradesh","Legacy Core","true","true","","","","","","Fee Regulation Slab — Uttar Pradesh (2024-25)","None","None","legacy","unavailable","unavailable"
"U-0498","Babasheb Bhimrao Ambedkar University, Lucknow","Legacy Core","true","true","","","","","","Fee Regulation Slab — Uttar Pradesh (2024-25)","None","None","legacy","unavailable","unavailable"
"U-0499","Babu Banarsi Das University, Lucknow","Legacy Core","true","true","","","","","","Fee Regulation Slab — Uttar Pradesh (2024-25)","None","None","legacy","unavailable","unavailable"
"U-0500","Banaras Hindu University, Banaras","Legacy Core","true","true","true","","","","","BHU Fee Structure 2024-25","None","None","official_verified","unavailable","unavailable"
"U-0502","Bundelkhand University,  Jhansi","Legacy Core","true","true","","","","","","Fee Regulation Slab — Uttar Pradesh (2024-25)","None","None","legacy","unavailable","unavailable"
"U-0503","Central Institute of Higher Tibetan Studies, Varanasi","Legacy Core","true","true","","","","","","Fee Regulation Slab — Uttar Pradesh (2024-25)","None","None","legacy","unavailable","unavailable"
"U-0504","Chandra Shekhar Azad University of Agriculture & Technology, Kanpur","Legacy Core","true","true","true","","","","","AFRC UP 2024-25 Official Order","None","None","official_verified","unavailable","unavailable"
"U-0890","Bennett University, Greater Noida","Legacy Core","true","true","","","","","","Fee Regulation Slab — Uttar Pradesh (2024-25)","None","None","legacy","unavailable","unavailable"
"U-0505","Chatrapati Sahuji Maharaj Kanpur University, Kanpur","Legacy Core","true","true","","","","","","Fee Regulation Slab — Uttar Pradesh (2024-25)","None","None","legacy","unavailable","unavailable"
"U-1348","Varun Arjun University","Legacy Core","true","","","","","","","Fee Regulation Slab — Uttar Pradesh (2024-25)","None","None","legacy","unavailable","unavailable"
"U-0506","Chaudhary Charan Singh University, Meerut","Legacy Core","true","true","","","","","","Fee Regulation Slab — Uttar Pradesh (2024-25)","None","None","legacy","unavailable","unavailable"
"U-0753","SHRI RAMSWAROOP MEMORIAL UNIVERSITY","Legacy Core","true","true","","","","","","Fee Regulation Slab — Uttar Pradesh (2024-25)","None","None","legacy","unavailable","unavailable"
"U-0507","Dayalbagh Educational Institute, Agra","Legacy Core","true","true","","","","","","Fee Regulation Slab — Uttar Pradesh (2024-25)","None","None","legacy","unavailable","unavailable"
"U-0889","IIMT University","Legacy Core","true","true","","","","","true","Fee Regulation Slab — Uttar Pradesh (2024-25)","None","None","legacy","unavailable","unavailable"
"U-1117","RAJIV GANDHI NATIONAL AVIATION UNIVERSITY","Legacy Core","true","true","","","","","","Fee Regulation Slab — Uttar Pradesh (2024-25)","None","None","legacy","unavailable","unavailable"
"U-0848","SIDDHARTH UNIVERSITY, KAPILVASTU","Legacy Core","true","true","","","","","","Fee Regulation Slab — Uttar Pradesh (2024-25)","None","None","legacy","unavailable","unavailable"
"U-0508","Deen Dayal Upadhyay Gorakhpur University, Gorakhpur","Legacy Core","true","true","","","","","","Fee Regulation Slab — Uttar Pradesh (2024-25)","None","None","legacy","unavailable","unavailable"
"U-0509","Dr. B. R. Ambedkar University, Agra","Legacy Core","true","true","","","","","","Fee Regulation Slab — Uttar Pradesh (2024-25)","None","None","legacy","unavailable","unavailable"
"U-0510","Dr. Ram Manohar Lohia  Awadh University, Faizabad","Legacy Core","true","true","","","","","","Fee Regulation Slab — Uttar Pradesh (2024-25)","None","None","legacy","unavailable","unavailable"
"U-0511","Dr. Ram Manohar Lohiya National Law University, Lucknow","Legacy Core","true","true","","","","","","Fee Regulation Slab — Uttar Pradesh (2024-25)","None","None","legacy","unavailable","unavailable"
"U-0849","Professor Rajendra Singh (Rajju Bhaiya) University, Prayagraj, Uttar Pradesh","Legacy Core","true","true","","","","","","Fee Regulation Slab — Uttar Pradesh (2024-25)","None","None","legacy","unavailable","unavailable"
"U-0512","DR SHAKUNTALA MISRA NATIONAL REHABILITATION UNIVERSITY","Legacy Core","true","true","","","","","","Fee Regulation Slab — Uttar Pradesh (2024-25)","None","None","legacy","unavailable","unavailable"
"U-0739","MADAN MOHAN MALAVIYA UNIVERSITY OF TECHNOLOGY,","Legacy Core","true","true","true","","","","","AFRC UP 2024-25 Official Order","None","None","official_verified","unavailable","unavailable"
"U-0513","G.L.A University, Mathura","Legacy Core","true","true","","","","","","Fee Regulation Slab — Uttar Pradesh (2024-25)","None","None","legacy","unavailable","unavailable"
"U-0514","Gautam Buddha University, Greater Noida, Gautam Budh Nagar","Legacy Core","true","true","","","","","","Fee Regulation Slab — Uttar Pradesh (2024-25)","None","None","legacy","unavailable","unavailable"
"U-0515","IFTM University, Moradabad","Legacy Core","true","true","","","","","","Fee Regulation Slab — Uttar Pradesh (2024-25)","None","None","legacy","unavailable","unavailable"
"U-0731","SHOBHIT UNIVERSITY, GANGOH","Legacy Core","true","true","","","","","","Fee Regulation Slab — Uttar Pradesh (2024-25)","None","None","legacy","unavailable","unavailable"
"U-0518","Indian Veterinary Research Institute, Izatnagar","Legacy Core","true","true","","","","","","Fee Regulation Slab — Uttar Pradesh (2024-25)","None","None","legacy","unavailable","unavailable"
"U-0519","Integral University, Lucknow","Legacy Core","true","true","","","","","","Fee Regulation Slab — Uttar Pradesh (2024-25)","None","None","legacy","unavailable","unavailable"
"U-0520","Invertis University, Bareily","Legacy Core","true","true","","","","","","Fee Regulation Slab — Uttar Pradesh (2024-25)","None","None","legacy","unavailable","unavailable"
"U-0521","Jagadguru Rambhadracharya Divyang State University, Chitrakoot","Legacy Core","true","true","","","","","","Fee Regulation Slab — Uttar Pradesh (2024-25)","None","None","legacy","unavailable","unavailable"
"U-0713","ACADEMY OF SCIENTIFIC AND INNOVATIVE RESEARCH","Legacy Core","true","true","","","","","","Fee Regulation Slab — Uttar Pradesh (2024-25)","None","None","legacy","unavailable","unavailable"
"U-0522","Jaypee Institute of Information Technology, Noida","Legacy Core","true","true","true","","","","","AFRC UP 2024-25 Official Order","None","None","official_verified","unavailable","unavailable"
"U-0523","KING GEORGE MEDICAL UNIVERSITY","Legacy Core","true","true","","","","","true","Fee Regulation Slab — Uttar Pradesh (2024-25)","None","None","legacy","unavailable","unavailable"
"U-0524","UNIVERSITY OF LUCKNOW","Legacy Core","true","true","true","","","","","AFRC UP 2024-25 Official Order","None","None","official_verified","unavailable","unavailable"
"U-0501","Bhatkhande Sanskriti Vishwavidyalaya","Legacy Core","true","true","","","","","","Fee Regulation Slab — Uttar Pradesh (2024-25)","None","None","legacy","unavailable","unavailable"
"U-0525","Mahatama Jyotiba Phule Rohikhand University, Bareilly","Legacy Core","true","true","","","","","","Fee Regulation Slab — Uttar Pradesh (2024-25)","None","None","legacy","unavailable","unavailable"
"U-0527","Mahatma Gandhi Kashi Vidyapeeth, Varanasi","Legacy Core","true","true","","","","","","Fee Regulation Slab — Uttar Pradesh (2024-25)","None","None","legacy","unavailable","unavailable"
"U-0528","Mangalayatan University, Aligarh","Legacy Core","true","true","","","","","","Fee Regulation Slab — Uttar Pradesh (2024-25)","None","None","legacy","unavailable","unavailable"
"U-1354","Future University","Legacy Core","true","","","","","","","Fee Regulation Slab — Uttar Pradesh (2024-25)","None","None","legacy","unavailable","unavailable"
"U-0529","Mohammad Ali Jauhar University, Rampur","Legacy Core","true","true","","","","","","Fee Regulation Slab — Uttar Pradesh (2024-25)","None","None","legacy","unavailable","unavailable"
"U-1180","ALL INDIA INSTITUTE OF MEDICAL SCIENCE GORAKHPUR","Legacy Core","true","true","","","","","","Fee Regulation Slab — Uttar Pradesh (2024-25)","None","None","legacy","unavailable","unavailable"
"U-0882","UTTAR PRADESH UNIVERSITY OF MEDICAL SCIENCES,","Legacy Core","true","true","","","","","","Fee Regulation Slab — Uttar Pradesh (2024-25)","None","None","legacy","unavailable","unavailable"
"U-0531","Acharya Narendra Deva University of Agriculture & Technology, Ayodhya","Legacy Core","true","true","true","","","","","AFRC UP 2024-25 Official Order","None","None","official_verified","unavailable","unavailable"
"U-0532","Nehru Gram Bharati (Deemed to be University), Prayagraj","Legacy Core","true","true","","","","","","Fee Regulation Slab — Uttar Pradesh (2024-25)","None","None","legacy","unavailable","unavailable"
"U-0533","Noida International University","Legacy Core","true","true","","","","","","Fee Regulation Slab — Uttar Pradesh (2024-25)","None","None","legacy","unavailable","unavailable"
"U-1196","MAHAYOGI GORAKHNATH UNIVERSITY GORAKHPUR","Legacy Core","true","true","","","","","","Fee Regulation Slab — Uttar Pradesh (2024-25)","None","None","legacy","unavailable","unavailable"
"U-0534","UP Pandit Deen Dayal Upadhyaya Veterinary University & Gau-Anusandhan Sansthan, Mathura","Legacy Core","true","true","","","","","","Fee Regulation Slab — Uttar Pradesh (2024-25)","None","None","legacy","unavailable","unavailable"
"U-1198","Rani Lakshmi Bai Central Agricultural University","Legacy Core","true","true","","","","","","Fee Regulation Slab — Uttar Pradesh (2024-25)","None","None","legacy","unavailable","unavailable"
"U-1200","Dr Ram Manohar Lohia Institute of Medical Sciences","AIIMS","true","true","","","","","","Fee Regulation Slab — Uttar Pradesh (2024-25)","None","None","legacy","unavailable","unavailable"
"U-0535","Rajiv Gandhi Institute of Petroleum Technology, Amethi","Legacy Core","true","true","true","","","","","AFRC UP 2024-25 Official Order","None","None","official_verified","unavailable","unavailable"
"U-0536","Sam Higginbottom Institute of Agriculture, Technology & Sciences, Allahabad","Legacy Core","true","true","true","","","","","AFRC UP 2024-25 Official Order","None","None","official_verified","unavailable","unavailable"
"U-0537","Sampurnanand Sanskrit Vishwavidyalaya,  Varanasi","Legacy Core","true","true","","","","","","Fee Regulation Slab — Uttar Pradesh (2024-25)","None","None","legacy","unavailable","unavailable"
"U-1205","ATAL BIHARI VAJPAYEE MEDICAL UNIVERSITY","Legacy Core","true","true","","","","","","Fee Regulation Slab — Uttar Pradesh (2024-25)","None","None","legacy","unavailable","unavailable"
"U-0538","Sanjay Gandhi Post Graduate Institute of Medical Sciences, Lucknow","AIIMS","true","true","","","","","","Fee Regulation Slab — Uttar Pradesh (2024-25)","None","None","legacy","unavailable","unavailable"
"U-1213","MAA SHAKUMBHARI UNIVERSITY","Legacy Core","true","true","","","","","","Fee Regulation Slab — Uttar Pradesh (2024-25)","None","None","legacy","unavailable","unavailable"
"U-1214","UNITED UNIVERSITY","Legacy Core","true","true","true","","","","true","AFRC UP 2024-25 Official Order","None","None","official_verified","unavailable","unavailable"
"U-0539","Santosh University, Ghaziabad","Legacy Core","true","true","","","","","","Fee Regulation Slab — Uttar Pradesh (2024-25)","None","None","legacy","unavailable","unavailable"
"U-0540","Sardar Vallabh Bhai Patel University of Agriculture & Technology, Meerut","Legacy Core","true","true","true","","","","","AFRC UP 2024-25 Official Order","None","None","official_verified","unavailable","unavailable"
"U-0541","Sharda University, Gautam Budh Nagar","Legacy Core","true","true","","","","","","Fee Regulation Slab — Uttar Pradesh (2024-25)","None","None","legacy","unavailable","unavailable"
"U-1219","IILM UNIVERSITY","Legacy Core","true","true","","","","","","Fee Regulation Slab — Uttar Pradesh (2024-25)","None","None","legacy","unavailable","unavailable"
"U-1220","RAJA MAHENDRA PRATAP SINGH STATE UNIVERSITY","Legacy Core","true","true","","","","","","Fee Regulation Slab — Uttar Pradesh (2024-25)","None","None","legacy","unavailable","unavailable"
"U-0642","SHIV NADAR (INSTITUTION OF EMINENCE DEEMED TO BE UNIVERSITY)","Legacy Core","true","true","","","","","","Fee Regulation Slab — Uttar Pradesh (2024-25)","None","None","legacy","unavailable","unavailable"
"U-0542","Shobhit Institute of Engineering & Technology, Meerut","Legacy Core","true","true","true","","","","","AFRC UP 2024-25 Official Order","None","None","official_verified","unavailable","unavailable"
"U-0543","Swami Vivekanand Subharti University, Meerut","Legacy Core","true","true","","","","","","Fee Regulation Slab — Uttar Pradesh (2024-25)","None","None","legacy","unavailable","unavailable"
"U-0544","Teerthanker Mahaveer University, Moradabad","Legacy Core","true","true","","","","","","Fee Regulation Slab — Uttar Pradesh (2024-25)","None","None","legacy","unavailable","unavailable"
"U-0546","U.P. Rajarshi Tandon Open University, Allahabad","Legacy Core","true","true","","","","","","Fee Regulation Slab — Uttar Pradesh (2024-25)","None","None","legacy","unavailable","unavailable"
"U-0547","KHWAJA MOINUDDIN CHISHTI BHASHA VISHWAVIDYALAYA LUCKNOW","Legacy Core","true","true","","","","","","Fee Regulation Slab — Uttar Pradesh (2024-25)","None","None","legacy","unavailable","unavailable"
"U-1346","FS University","Legacy Core","true","","","","","","","Fee Regulation Slab — Uttar Pradesh (2024-25)","None","None","legacy","unavailable","unavailable"
"U-0548","University of Allahabad, Allahabad","Legacy Core","true","true","","","","","","Fee Regulation Slab — Uttar Pradesh (2024-25)","None","None","legacy","unavailable","unavailable"
"U-0549","Dr.A.P.J. ABDUL KALAM TECHNICAL UNIVERSITY ,LUCKNOW","Legacy Core","true","true","true","","","","","AFRC UP 2024-25 Official Order","None","None","official_verified","unavailable","unavailable"
"U-0550","Veer Bahadur Singh Purvanchal University, Jaunpur","Legacy Core","true","true","","","","","","Fee Regulation Slab — Uttar Pradesh (2024-25)","None","None","legacy","unavailable","unavailable"
"U-0824","Sanskriti University","Legacy Core","true","true","","","","","","Fee Regulation Slab — Uttar Pradesh (2024-25)","None","None","legacy","unavailable","unavailable"
"U-0645","GLOCAL UNIVERSITY","Legacy Core","true","true","","","","","","Fee Regulation Slab — Uttar Pradesh (2024-25)","None","None","legacy","unavailable","unavailable"
"U-0644","MONAD UNIVERSITY","Legacy Core","true","true","","","","","","Fee Regulation Slab — Uttar Pradesh (2024-25)","None","None","legacy","unavailable","unavailable"
"U-0643","GALGOTIAS UNIVERSITY","Legacy Core","true","true","","","","","","Fee Regulation Slab — Uttar Pradesh (2024-25)","None","None","legacy","unavailable","unavailable"
"U-0808","RAMA UNIVERSITY UTTAR PRADESH","Legacy Core","true","true","","","","","","Fee Regulation Slab — Uttar Pradesh (2024-25)","None","None","legacy","unavailable","unavailable"
"U-1265","Maharaja Suhel Dev State University","Legacy Core","true","true","","","","","","Fee Regulation Slab — Uttar Pradesh (2024-25)","None","None","legacy","unavailable","unavailable"
"U-0952","MAHARISHI UNIVERSITY OF INFORMATION TECHNOLOGY","Legacy Core","true","true","true","","","","","AFRC UP 2024-25 Official Order","None","None","official_verified","unavailable","unavailable"
"U-1270","MAHAYOGI GURU GORAKHNATH AYUSH UNIVERSITY","Legacy Core","true","true","","","","","","Fee Regulation Slab — Uttar Pradesh (2024-25)","None","None","legacy","unavailable","unavailable"
"U-1271","AGRAWAN HERITAGE UNIVERSITY","Legacy Core","true","","","","","","","Fee Regulation Slab — Uttar Pradesh (2024-25)","None","None","legacy","unavailable","unavailable"
"U-1272","SDGI GLOBAL UNIVERSITY","Legacy Core","true","","","","","","","Fee Regulation Slab — Uttar Pradesh (2024-25)","None","None","legacy","unavailable","unavailable"
"U-1273","K M KRISHNA MOHAN UNIVERSITY","Legacy Core","true","","","","","","","Fee Regulation Slab — Uttar Pradesh (2024-25)","None","None","legacy","unavailable","unavailable"
"U-0792","JAYPEE UNIVERSITY, ANOOPSHAHR","Legacy Core","true","true","","","","","","Fee Regulation Slab — Uttar Pradesh (2024-25)","None","None","legacy","unavailable","unavailable"
"U-1342","Major S D Singh University","Legacy Core","true","","","","","","","Fee Regulation Slab — Uttar Pradesh (2024-25)","None","None","legacy","unavailable","unavailable"
"U-0809","J S University","Legacy Core","true","true","true","","","","true","TNEA 2024 Official Notification","NIRF 2024","None","official_verified","legacy","unavailable"
"U-0864","HARCOURT BUTLER TECHNICAL UNIVERSITY","Legacy Core","true","true","true","","","","","AFRC UP 2024-25 Official Order","None","None","official_verified","unavailable","unavailable"
"U-1172","HARICHAND GURUCHAND UNIVERSITY","Legacy Core","true","true","","","","","","Fee Regulation Slab — West Bengal (2024-25)","None","None","legacy","unavailable","unavailable"
"U-0901","RAIGANJ UNIVERSITY","Legacy Core","true","true","","","","","","Fee Regulation Slab — West Bengal (2024-25)","None","None","legacy","unavailable","unavailable"
"U-0866","THE NEOTIA UNIVERSITY","Legacy Core","true","true","","","","","","Fee Regulation Slab — West Bengal (2024-25)","None","None","legacy","unavailable","unavailable"
"U-0575","Jadavpur University, Kolkata","Legacy Core","true","true","true","","","","true","Jadavpur University Fee Structure 2024-25","NIRF 2024","None","official_verified","legacy","legacy"
"U-0586","The West Bengal University of Health Sciences, Kolkata","Legacy Core","true","true","","","","","","Fee Regulation Slab — West Bengal (2024-25)","None","None","legacy","unavailable","unavailable"
"U-0865","TECHNO INDIA UNIVERSITY, WEST BENGAL","Legacy Core","true","true","","","","","","Fee Regulation Slab — West Bengal (2024-25)","None","None","legacy","unavailable","unavailable"
"U-1171","DAKSHIN DINAJPUR UNIVERSITY","Legacy Core","true","true","","","","","","Fee Regulation Slab — West Bengal (2024-25)","None","None","legacy","unavailable","unavailable"
"U-1168","HINDI UNIVERSITY","Legacy Core","true","true","","","","","","Fee Regulation Slab — West Bengal (2024-25)","None","None","legacy","unavailable","unavailable"
"U-1166","KANYASHREE UNIVERSITY","Legacy Core","true","true","","","","","","Fee Regulation Slab — West Bengal (2024-25)","None","None","legacy","unavailable","unavailable"
"U-0567","Aliah University, Kolkata","Legacy Core","true","true","","","","","","Fee Regulation Slab — West Bengal (2024-25)","None","None","legacy","unavailable","unavailable"
"U-0568","Bidhan Chandra Krishi Vishwavidyalaya , Nadia","Legacy Core","true","true","","","","","","Fee Regulation Slab — West Bengal (2024-25)","None","None","legacy","unavailable","unavailable"
"U-1165","MURSHIDABAD UNIVERSITY","Legacy Core","true","true","","","","","","Fee Regulation Slab — West Bengal (2024-25)","None","None","legacy","unavailable","unavailable"
"U-0569","The University of Burdwan","Legacy Core","true","true","","","","","","Fee Regulation Slab — West Bengal (2024-25)","None","None","legacy","unavailable","unavailable"
"U-0588","Vidyasagar University, Midnapore","Legacy Core","true","true","","","","","","Fee Regulation Slab — West Bengal (2024-25)","None","None","legacy","unavailable","unavailable"
"U-0589","Visva Bharati, Shantiniketan","Legacy Core","true","true","","","","","","Fee Regulation Slab — West Bengal (2024-25)","None","None","legacy","unavailable","unavailable"
"U-0718","KAZI NAZRUL UNIVERSITY, ASANSOL","Legacy Core","true","true","","","","","","Fee Regulation Slab — West Bengal (2024-25)","None","None","legacy","unavailable","unavailable"
"U-0570","Calcutta University, Kolkata","Legacy Core","true","true","","","","","","Fee Regulation Slab — West Bengal (2024-25)","None","None","legacy","unavailable","unavailable"
"U-0571","University of Gour Banga, Malda","Legacy Core","true","true","","","","","","Fee Regulation Slab — West Bengal (2024-25)","None","None","legacy","unavailable","unavailable"
"U-0572","Indian Institute of Science Education & Research (IISER), Kolkata,","Legacy Core","true","true","true","","","","true","IISc Bangalore Fee Structure 2024-25","NIRF 2024","None","official_verified","legacy","legacy"
"U-0582","Ramakrishna Mission Vivekananda Educational  and Research Institute, Howrah","Legacy Core","true","true","","","","","","Fee Regulation Slab — West Bengal (2024-25)","None","None","legacy","unavailable","unavailable"
"U-0911","ST. XAVIER'S UNIVERSITY, KOLKATA","Legacy Core","true","true","","","","","","Fee Regulation Slab — West Bengal (2024-25)","None","None","legacy","unavailable","unavailable"
"U-1150","MAHATMA GANDHI UNIVERSITY","Legacy Core","true","true","","","","","true","Fee Regulation Slab — West Bengal (2024-25)","None","None","legacy","unavailable","unavailable"
"U-0779","AMITY UNIVERSITY","Legacy Core","true","true","true","","","","true","Amity University Fee Structure 2024-25","None","None","official_verified","unavailable","unavailable"
"U-1144","SADHU RAM CHAND MURMU UNIVERSITY OF JHARGRAM","Legacy Core","true","true","","","","","","Fee Regulation Slab — West Bengal (2024-25)","None","None","legacy","unavailable","unavailable"
"U-0846","BRAINWARE UNIVERSITY","Legacy Core","true","true","","","","","","Fee Regulation Slab — West Bengal (2024-25)","None","None","legacy","unavailable","unavailable"
"U-0778","SEACOM SKILLS UNIVERSITY","Legacy Core","true","true","","","","","","Fee Regulation Slab — West Bengal (2024-25)","None","None","legacy","unavailable","unavailable"
"U-0581","Rabindra Bharati University, Kolkata","Legacy Core","true","true","","","","","","Fee Regulation Slab — West Bengal (2024-25)","None","None","legacy","unavailable","unavailable"
"U-0580","Presidency University","Legacy Core","true","true","","","","","","Fee Regulation Slab — West Bengal (2024-25)","None","None","legacy","unavailable","unavailable"
"U-1095","RANI RASHMONI GREEN UNIVERSITY","Legacy Core","true","true","","","","","","Fee Regulation Slab — West Bengal (2024-25)","None","None","legacy","unavailable","unavailable"
"U-0579","North Bengal University, Darjeeling","Legacy Core","true","true","","","","","","Fee Regulation Slab — West Bengal (2024-25)","None","None","legacy","unavailable","unavailable"
"U-0766","Baba Saheb Ambedkar Education University","Legacy Core","true","true","","","","","","Fee Regulation Slab — West Bengal (2024-25)","None","None","legacy","unavailable","unavailable"
"U-0787","COOCH BEHAR PANCHANAN BARMA UNIVERSITY","Legacy Core","true","true","","","","","","Fee Regulation Slab — West Bengal (2024-25)","None","None","legacy","unavailable","unavailable"
"U-1086","SWAMI VIVEKANANDA UNIVERSITY","Legacy Core","true","true","","","","","","Fee Regulation Slab — West Bengal (2024-25)","None","None","legacy","unavailable","unavailable"
"U-0768","DIAMOND HARBOUR WOMENS UNIVERSITY","Legacy Core","true","true","","","","","","Fee Regulation Slab — West Bengal (2024-25)","None","None","legacy","unavailable","unavailable"
"U-0590","WEST BENGAL STATE UNIVERSITY ( BARASAT, NORTH 24 PARGANAS)","Legacy Core","true","true","","","","","","Fee Regulation Slab — West Bengal (2024-25)","None","None","legacy","unavailable","unavailable"
"U-0585","The West Bengal National University of Juridicial Sciences, Kolkata","Legacy Core","true","true","true","","","","true","NUJS Fee Structure 2024-25","NIRF 2024","None","official_verified","legacy","unavailable"
"U-0591","West Bengal University of Animal and Fishery Sciences, Kolkata","Legacy Core","true","true","","","","","","Fee Regulation Slab — West Bengal (2024-25)","None","None","legacy","unavailable","unavailable"
"U-0592","Maulana Abul Kalam Azad University of Technology, West Bengal","Legacy Core","true","true","","","","","","Fee Regulation Slab — West Bengal (2024-25)","None","None","legacy","unavailable","unavailable"
"U-0578","Netaji Subhash Open University, Kolkata","Legacy Core","true","true","","","","","","Fee Regulation Slab — West Bengal (2024-25)","None","None","legacy","unavailable","unavailable"
"U-0576","Kalyani University, Kalyani","Legacy Core","true","true","","","","","","Fee Regulation Slab — West Bengal (2024-25)","None","None","legacy","unavailable","unavailable"
"U-1330","National Institute of Technical Teachers Training and Research Kolkata","Legacy Core","true","","true","","","","","AFRC MP 2024-25 Order No. 147","None","None","official_verified","unavailable","unavailable"
"U-0574","Indian Statistical Institute, Kolkata","Legacy Core","true","true","","","","","true","Fee Regulation Slab — West Bengal (2024-25)","None","None","legacy","unavailable","unavailable"
"U-0584","INDIAN INSTITUTE OF ENGINEERING SCIENCE AND TECHNOLOGY, SHIBPUR","Legacy Core","true","true","true","","","","true","TNEA 2024 Official Notification","None","None","official_verified","unavailable","unavailable"
"U-0772","BANKURA UNIVERSITY, BANKURA","Legacy Core","true","true","","","","","","Fee Regulation Slab — West Bengal (2024-25)","None","None","legacy","unavailable","unavailable"
"U-0939","SISTER NIVEDITA UNIVERSITY","Legacy Core","true","true","","","","","","Fee Regulation Slab — West Bengal (2024-25)","None","None","legacy","unavailable","unavailable"
"U-1052","ALL INDIA INSTITUTE OF MEDICAL SCIENCE KALYANI","Legacy Core","true","true","","","","","","Fee Regulation Slab — West Bengal (2024-25)","None","None","legacy","unavailable","unavailable"
"U-1250","BISWA BANGLA BISWABIDYALAY","Legacy Core","true","true","","","","","","Fee Regulation Slab — West Bengal (2024-25)","None","None","legacy","unavailable","unavailable"
"U-0587","Uttar Banga Krishi Vishwavidyalaya, Cooch Behar","Legacy Core","true","true","","","","","","Fee Regulation Slab — West Bengal (2024-25)","None","None","legacy","unavailable","unavailable"
"U-0861","JIS UNIVERSITY","Legacy Core","true","true","","","","","","Fee Regulation Slab — West Bengal (2024-25)","None","None","legacy","unavailable","unavailable"
"U-1227","DARJEELING HILLS UNIVERSITY","Legacy Core","true","true","","","","","","Fee Regulation Slab — West Bengal (2024-25)","None","None","legacy","unavailable","unavailable"
"U-1221","THE ALIPURDUAR UNIVERSITY","Legacy Core","true","true","","","","","","Fee Regulation Slab — West Bengal (2024-25)","None","None","legacy","unavailable","unavailable"
"U-1049","INDIAN ASSOCIATION FOR THE CULTIVATION OF SCIENCE","Legacy Core","true","true","","","","","","Fee Regulation Slab — West Bengal (2024-25)","None","None","legacy","unavailable","unavailable"
"U-0859","THE SANSKRIT COLLEGE AND UNIVERSITY","Legacy Core","true","true","","","","","","Fee Regulation Slab — West Bengal (2024-25)","None","None","legacy","unavailable","unavailable"
"U-0857","ADAMAS UNIVERSITY","Legacy Core","true","true","","","","","","Fee Regulation Slab — West Bengal (2024-25)","None","None","legacy","unavailable","unavailable"
"U-0823","UNIVERSITY OF ENGINEERING AND MANAGEMENT, KOLKATA","Legacy Core","true","true","","","","","","Fee Regulation Slab — West Bengal (2024-25)","None","None","legacy","unavailable","unavailable"
"U-0583","Sidho-Kanho Birsa University","Legacy Core","true","true","","","","","","Fee Regulation Slab — West Bengal (2024-25)","None","None","legacy","unavailable","unavailable"
"CORE-INDIANINSTITUTEOFSCIENCE","Indian Institute of Science","Legacy Core","true","true","true","","","","true","IISc Bangalore Fee Structure 2024-25","None","None","official_verified","unavailable","legacy"
"CORE-INDIANINSTITUTEOFSCIENCEEDUCATIONANDRESEARCHPUNE","Indian Institute of Science Education and Research Pune","Legacy Core","true","","true","true","","","","IISER Pune Fee Structure 2024-25","IISER Pune Placement Report 2024","None","official_verified","official_verified","unavailable"
"CORE-INDIANINSTITUTEOFSCIENCEEDUCATIONANDRESEARCHKOLKATA","Indian Institute of Science Education and Research Kolkata","Legacy Core","true","","true","true","","","","IISER Kolkata Fee Structure 2024-25","IISER Kolkata Placement Report 2024","None","official_verified","official_verified","unavailable"
"CORE-INDIANINSTITUTEOFSCIENCEEDUCATIONANDRESEARCHMOHALI","Indian Institute of Science Education and Research Mohali","Legacy Core","true","","true","true","","","","IISER Mohali Fee Structure 2024-25","IISER Mohali Placement Report 2024","None","official_verified","official_verified","unavailable"
"CORE-INDIANINSTITUTEOFSCIENCEEDUCATIONANDRESEARCHBHOPAL","Indian Institute of Science Education and Research Bhopal","Legacy Core","true","","","","","","","None","None","None","unavailable","unavailable","unavailable"
"CORE-INDIANINSTITUTEOFSCIENCEEDUCATIONANDRESEARCHTHIRUVANANTHAPURAM","Indian Institute of Science Education and Research Thiruvananthapuram","Legacy Core","true","","","","","","","None","None","None","unavailable","unavailable","unavailable"
"CORE-INDIANINSTITUTEOFSCIENCEEDUCATIONANDRESEARCHTIRUPATI","Indian Institute of Science Education and Research Tirupati","Legacy Core","true","","","","","","","None","None","None","unavailable","unavailable","unavailable"
"CORE-INDIANINSTITUTEOFSCIENCEEDUCATIONANDRESEARCHBERHAMPUR","Indian Institute of Science Education and Research Berhampur","Legacy Core","true","","","","","","","None","None","None","unavailable","unavailable","unavailable"
"CORE-JAWAHARLALINSTITUTEOFPOSTGRADUATEMEDICALEDUCATIONANDRESEARCH","Jawaharlal Institute of Postgraduate Medical Education and Research","Legacy Core","true","","true","","","","true","JIPMER Fee Structure 2024-25","None","None","official_verified","unavailable","unavailable"
"CORE-CHRISTIANMEDICALCOLLEGEVELLORE","Christian Medical College Vellore","Legacy Core","true","","true","","","","true","CMC Vellore Fee Structure 2024-25","None","None","official_verified","unavailable","unavailable"
"CORE-POSTGRADUATEINSTITUTEOFMEDICALEDUCATIONANDRESEARCH","Postgraduate Institute of Medical Education and Research","Legacy Core","true","","true","","","","true","PGIMER Fee Structure 2024-25","None","None","official_verified","unavailable","unavailable"
"CORE-ARMEDFORCESMEDICALCOLLEGE","Armed Forces Medical College","Legacy Core","true","","","","","","","None","None","None","unavailable","unavailable","unavailable"
"CORE-BITSPILANI","BITS Pilani","Legacy Core","true","true","true","","","","true","BITS Pilani Fee Structure 2024-25","None","None","official_verified","unavailable","legacy"
"CORE-BITSPILANIGOA","BITS Pilani Goa","Legacy Core","true","","true","true","","","","BITS Goa Fee Structure 2024-25","Industry Report 2024","None","official_verified","official_verified","unavailable"
"CORE-BITSPILANIHYDERABAD","BITS Pilani Hyderabad","Legacy Core","true","","true","true","","","","BITS Hyderabad Fee Structure 2024-25","Industry Report 2024","None","official_verified","official_verified","unavailable"
"CORE-THAPARINSTITUTEOFENGINEERINGANDTECHNOLOGY","Thapar Institute of Engineering and Technology","Legacy Core","true","true","true","","","","true","Thapar University Fee Structure 2024-25","None","None","official_verified","unavailable","legacy"
"CORE-SRMINSTITUTEOFSCIENCEANDTECHNOLOGY","SRM Institute of Science and Technology","Legacy Core","true","","true","","","","true","SRM Fee Structure 2024-25","None","None","official_verified","unavailable","unavailable"
"CORE-AMRITAVISHWAVIDYAPEETHAM","Amrita Vishwa Vidyapeetham","Legacy Core","true","","true","","","","true","Amrita University Fee Structure 2024-25","None","None","official_verified","unavailable","unavailable"
"CORE-NIRMAUNIVERSITY","Nirma University","Legacy Core","true","","true","","","","true","Nirma University Fee Structure 2024-25","None","None","official_verified","unavailable","unavailable"
"CORE-DHIRUBHAIAMBANIINSTITUTEOFINFORMATIONANDCOMMUNICATIONTECHNOLOGY","Dhirubhai Ambani Institute of Information and Communication Technology","Legacy Core","true","","true","","","","true","DAIICT Fee Structure 2024-25","None","None","official_verified","unavailable","unavailable"
"CORE-BANARASHINDUUNIVERSITY","Banaras Hindu University","Legacy Core","true","","true","","","","","BHU Fee Structure 2024-25","None","None","official_verified","unavailable","unavailable"
"CORE-HYDERABADUNIVERSITY","Hyderabad University","Legacy Core","true","","","","","","","None","None","None","unavailable","unavailable","unavailable"
"CORE-JAMIAMILLIAISLAMIA","Jamia Millia Islamia","Legacy Core","true","","","","","","","None","None","None","unavailable","unavailable","unavailable"
"CORE-ALIGARHMUSLIMUNIVERSITY","Aligarh Muslim University","Legacy Core","true","","","","","","","None","None","None","unavailable","unavailable","unavailable"
"CORE-JADAVPURUNIVERSITY","Jadavpur University","Legacy Core","true","true","true","","","","true","Jadavpur University Fee Structure 2024-25","None","None","official_verified","unavailable","legacy"
"CORE-COLLEGEOFENGINEERINGPUNE","College of Engineering Pune","Legacy Core","true","","true","true","","","","COEP Pune Fee Structure 2024-25","COEP Pune Placement Report 2024","None","official_verified","official_verified","unavailable"
"CORE-FMSDELHI","FMS Delhi","Legacy Core","true","true","true","","","","true","FMS Delhi Fee Structure 2024-26","None","None","official_verified","unavailable","legacy"
"CORE-XLRIJAMSHEDPUR","XLRI Jamshedpur","Legacy Core","true","true","true","","","","true","XLRI Fee Structure 2024-26","None","None","official_verified","unavailable","legacy"
"CORE-SPJIMRMUMBAI","SPJIMR Mumbai","Legacy Core","true","","true","","","","true","SPJIMR Fee Structure 2024-26","None","None","official_verified","unavailable","unavailable"
"CORE-MDIGURGAON","MDI Gurgaon","Legacy Core","true","","true","","","","true","MDI Gurgaon Fee Structure 2024-26","None","None","official_verified","unavailable","unavailable"
"CORE-TISSMUMBAI","TISS Mumbai","Legacy Core","true","","","","","","","None","None","None","unavailable","unavailable","unavailable"
"CORE-SYMBIOSISINSTITUTEOFBUSINESSMANAGEMENT","Symbiosis Institute of Business Management","Legacy Core","true","","true","true","","","","SIBM Pune Fee Structure 2024-26","SIBM Pune Placement Report 2024","None","official_verified","official_verified","unavailable"
"CORE-INSTITUTEOFMANAGEMENTTECHNOLOGYGHAZIABAD","Institute of Management Technology Ghaziabad","Legacy Core","true","","true","true","","","","IMT Ghaziabad Fee Structure 2024-26","IMT Ghaziabad Placement Report 2024","None","official_verified","official_verified","unavailable"
"CORE-NATIONALLAWSCHOOLOFINDIAUNIVERSITY","National Law School of India University","Legacy Core","true","true","true","","","","true","NLSIU Fee Structure 2024-25","None","None","official_verified","unavailable","legacy"
"CORE-NALSARUNIVERSITYOFLAW","NALSAR University of Law","Legacy Core","true","","true","","","","true","NALSAR Fee Structure 2024-25","None","None","official_verified","unavailable","unavailable"
"CORE-WESTBENGALNATIONALUNIVERSITYOFJURIDICALSCIENCES","West Bengal National University of Juridical Sciences","Legacy Core","true","","true","","","","true","NUJS Fee Structure 2024-25","None","None","official_verified","unavailable","unavailable"
"CORE-NATIONALINSTITUTEOFDESIGNAHMEDABAD","National Institute of Design Ahmedabad","Legacy Core","true","","","","","","","None","None","None","unavailable","unavailable","unavailable"
"CORE-NATIONALINSTITUTEOFFASHIONTECHNOLOGYDELHI","National Institute of Fashion Technology Delhi","Legacy Core","true","","","","","","","None","None","None","unavailable","unavailable","unavailable"
"CORE-SCHOOLOFPLANNINGANDARCHITECTUREDELHI","School of Planning and Architecture Delhi","Legacy Core","true","","","","","","","None","None","None","unavailable","unavailable","unavailable"
"CORE-INDIANAGRICULTURALRESEARCHINSTITUTE","Indian Agricultural Research Institute","Legacy Core","true","","","","","","","None","None","None","unavailable","unavailable","unavailable"
"CORE-MANIPALCOLLEGEOFPHARMACEUTICALSCIENCES","Manipal College of Pharmaceutical Sciences","Legacy Core","true","","","","","","","None","None","None","unavailable","unavailable","unavailable"
"S-10960","THE NEW HORIZONS INSTITUTE OF TECHNOLOGY BARDHAMAN","Legacy Core","true","","true","","","","true","TNEA 2024 Official Notification","None","None","official_verified","unavailable","unavailable"
"S-10949","SAROJ MOHAN INSTITUTE OF TECHNOLOGY HOOGHLY","Legacy Core","true","","true","","","","true","TNEA 2024 Official Notification","None","None","official_verified","unavailable","unavailable"
"S-10933","NIBEDITA INSTITUTE OF TECHNOLOGY MURSHIDABAD","Legacy Core","true","","true","","","","true","TNEA 2024 Official Notification","None","None","official_verified","unavailable","unavailable"
"S-10931","MURSHIDABAD INSTITUTE OF TECHNOLOGY MURSHIDABAD","Legacy Core","true","","true","","","","true","TNEA 2024 Official Notification","None","None","official_verified","unavailable","unavailable"
"S-10908","HOOGHLY INSTITUTE OF TECHNOLOGY HOOGHLY","Legacy Core","true","","true","","","","true","TNEA 2024 Official Notification","None","None","official_verified","unavailable","unavailable"
"S-10907","HARASANKAR BHATTACHAARYA INSTITUTE OF TECHNOLOGY & MINING BARDHAMAN","Legacy Core","true","","true","","","","true","TNEA 2024 Official Notification","None","None","official_verified","unavailable","unavailable"
"S-10897","DR MEGHNAD SAHA INSTITUTE OF TECHNOLOGY HALDIA PURBA MEDINIPUR","Legacy Core","true","","true","","","","true","TNEA 2024 Official Notification","None","None","official_verified","unavailable","unavailable"
"S-10887","CALCUTTA INSTITUTE OF TECHNOLOGY HOWRAH","Legacy Core","true","","true","","","","true","TNEA 2024 Official Notification","None","None","official_verified","unavailable","unavailable"
"S-10883","BUDGE BUDGE INSTITUTE OF TECHNOLOGY SOUTH 24 PARGANAS","Legacy Core","true","","true","","","","true","TNEA 2024 Official Notification","None","None","official_verified","unavailable","unavailable"
"S-10881","BIRLA INSTITUTE OF TECHNOLOGY KOLKATA","Legacy Core","true","","true","","","","true","TNEA 2024 Official Notification","None","None","official_verified","unavailable","unavailable"
"S-10880","BIPRADAS PALCHOWDHURY INSTITUTE OF TECHNOLOGY NADIA","Legacy Core","true","","true","","","","true","TNEA 2024 Official Notification","None","None","official_verified","unavailable","unavailable"
"S-10879","BENGAL INSTITUTE OF TECHNOLOGY BARDHAMAN","Legacy Core","true","","true","","","","true","TNEA 2024 Official Notification","None","None","official_verified","unavailable","unavailable"
"S-15839","PARADISE INSTITUTE OF TECHNOLOGY","Legacy Core","true","","true","","","","true","TNEA 2024 Official Notification","None","None","official_verified","unavailable","unavailable"
"S-22091","UNITED COLLEGE OF PHARMACY","Legacy Core","true","true","true","","","","true","AFRC UP 2024-25 Official Order","None","None","official_verified","unavailable","unavailable"
"S-22063","SPECIALIST CLINIC AND DIAGNOSTIC A UNIT OF BANERJEE HEALTH CARE SERVICES PVT LTD","Legacy Core","true","","","","","","true","Fee Regulation Slab — West Bengal (2024-25)","None","None","legacy","unavailable","unavailable"
"S-8844","UNITED MISSIONARY PRIMARY TEACHERS TRAINING INSTITUTE KOLKATA","Legacy Core","true","","","","","","true","Fee Regulation Slab — West Bengal (2024-25)","None","None","legacy","unavailable","unavailable"
"S-15424","Jalpaiguri Institute of Technology","Legacy Core","true","","true","","","","true","TNEA 2024 Official Notification","None","None","official_verified","unavailable","unavailable"
"S-16819","SALBANI INSTITUTE OF TECHNOLOGY","Legacy Core","true","","true","","","","true","TNEA 2024 Official Notification","None","None","official_verified","unavailable","unavailable"
"S-17003","SAKTIGARH GOVT. SPON. P.T.T.I UNIT - II","Legacy Core","true","","","","","","true","Fee Regulation Slab — West Bengal (2024-25)","None","None","legacy","unavailable","unavailable"
"S-21658","ZENITH SUPER SPECIALIST HOSPITAL A UNIT OF JYOTISHMAN MULTI DISCIPLINARY HOSPITAL PVT LTD","Legacy Core","true","","","","","","true","Fee Regulation Slab — West Bengal (2024-25)","None","None","legacy","unavailable","unavailable"
"S-21954","RAMAKRISHNA MISSION SARADA MANDIR GOVT SPOND PTTI, UNIT ONE, DIAMOND HARBOUR","Legacy Core","true","","","","","","true","Fee Regulation Slab — West Bengal (2024-25)","None","None","legacy","unavailable","unavailable"
"U-1189","CLUSTER UNIVERSITY","Legacy Core","true","true","","","","","","Fee Regulation Slab — Andhra Pradesh (2024-25)","None","None","legacy","unavailable","unavailable"
"U-1177","Dr YSR Architecture and Fine Arts University","Legacy Core","true","true","","","","","","Fee Regulation Slab — Andhra Pradesh (2024-25)","None","None","legacy","unavailable","unavailable"
"U-1132","BHARTIYA ENGINEERING SCIENCE AND TECHNOLOGY INNOVATION UNIVERSITY","Legacy Core","true","true","true","","","","","APSCHE EAPCET 2024 G.O. Ms. No. 17","None","None","official_verified","unavailable","unavailable"
"U-1111","KREA UNIVERSITY","Legacy Core","true","true","","","","","","Fee Regulation Slab — Andhra Pradesh (2024-25)","None","None","legacy","unavailable","unavailable"
"U-1226","CENTRAL TRIBAL UNIVERSITY","Legacy Core","true","true","","","","","","Fee Regulation Slab — Andhra Pradesh (2024-25)","None","None","legacy","unavailable","unavailable"
"U-0002","Damodaram Sanjivayya National Law University","Legacy Core","true","true","","","","","","Fee Regulation Slab — Andhra Pradesh (2024-25)","None","None","legacy","unavailable","unavailable"
"U-1223","JAWAHARLAL NEHRU TECHNOLOGICAL UNIVERSITY GURAJADA VIZIANAGARAM","Legacy Core","true","true","true","","","","","JNU Fee Structure 2024-25","None","None","official_verified","legacy","unavailable"
"U-0043","Vignan's Foundation of Science, Technology & Research, Guntur","Legacy Core","true","true","true","","","","","APSCHE EAPCET 2024 G.O. Ms. No. 17","None","None","official_verified","unavailable","unavailable"
"U-0044","Vikram Simhapuri University, Nellore","Legacy Core","true","true","","","","","","Fee Regulation Slab — Andhra Pradesh (2024-25)","None","None","legacy","unavailable","unavailable"
"U-0045","Yogi Vemana University, Kadapa","Legacy Core","true","true","","","","","","Fee Regulation Slab — Andhra Pradesh (2024-25)","None","None","legacy","unavailable","unavailable"
"U-0003","Acharya Nagarjuna University, Guntur","Legacy Core","true","true","","","","","","Fee Regulation Slab — Andhra Pradesh (2024-25)","None","None","legacy","unavailable","unavailable"
"U-0004","Acharya NG Ranga Agricultural University, Guntur","Legacy Core","true","true","","","","","","Fee Regulation Slab — Andhra Pradesh (2024-25)","None","None","legacy","unavailable","unavailable"
"U-0632","RAJIV GANDHI UNIVERSITY OF KNOWLEDGE TECHNOLOGIES","Legacy Core","true","true","","","","","","Fee Regulation Slab — Andhra Pradesh (2024-25)","None","None","legacy","unavailable","unavailable"
"U-0020","Koneru Lakshmaiah Education Foundation,Guntur","Legacy Core","true","true","","true","","","","Fee Regulation Slab — Andhra Pradesh (2024-25)","NIRF 2024","None","legacy","official_verified","unavailable"
"U-1192","NATIONAL INSTITUTE OF DESIGN ANDHRA PRADESH","Legacy Core","true","true","true","","","","","NIT Andhra Pradesh Fee Structure 2024-25","NIT Andhra Pradesh Placement Report 2024","None","official_verified","legacy","unavailable"
"U-0998","DR. ABDUL HAQ URDU UNIVERSITY","Legacy Core","true","true","","","","","","Fee Regulation Slab — Andhra Pradesh (2024-25)","None","None","legacy","unavailable","unavailable"
"U-0016","Jawaharlal Nehru Technological University, Anantapur","Legacy Core","true","true","true","","","","","JNU Fee Structure 2024-25","None","None","official_verified","legacy","unavailable"
"U-0627","School of Planning & Architecture Vijaywada","Legacy Core","true","true","","","","","","Fee Regulation Slab — Andhra Pradesh (2024-25)","None","None","legacy","unavailable","unavailable"
"U-0015","Jawaharlal Nehru Technological University, Kakinada","Legacy Core","true","true","true","","","","","JNU Fee Structure 2024-25","None","None","official_verified","legacy","unavailable"
"U-0944","INDIAN INSTITUTE OF PETROLEUM & ENERGY","Legacy Core","true","true","","","","","","Fee Regulation Slab — Andhra Pradesh (2024-25)","None","None","legacy","unavailable","unavailable"
"U-0976","CENTRAL UNIVERSITY OF ANDHRA PRADESH","Legacy Core","true","true","","","","","","Fee Regulation Slab — Andhra Pradesh (2024-25)","None","None","legacy","unavailable","unavailable"
"U-0957","CENTURION UNIVERSITY OF TECHNOLOGY AND MANAGEMENT","Legacy Core","true","true","true","","","","","APSCHE EAPCET 2024 G.O. Ms. No. 17","None","None","official_verified","unavailable","unavailable"
"U-0005","Adikavi Nannaya University, Rajahmundry, East Godawari","Legacy Core","true","true","","","","","","Fee Regulation Slab — Andhra Pradesh (2024-25)","None","None","legacy","unavailable","unavailable"
"U-0006","Andhra University, Visakhapatnam","Legacy Core","true","true","","","","","","Fee Regulation Slab — Andhra Pradesh (2024-25)","None","None","legacy","unavailable","unavailable"
"U-0008","Dr. N.T.R. University of Health Sciences, Vijaywada","Legacy Core","true","true","","","","","","Fee Regulation Slab — Andhra Pradesh (2024-25)","None","None","legacy","unavailable","unavailable"
"U-0009","Dr.B.R.Ambedkar University, Etcherla","Legacy Core","true","true","","","","","","Fee Regulation Slab — Andhra Pradesh (2024-25)","None","None","legacy","unavailable","unavailable"
"U-0021","Krishna University, Machhlipattanam","Legacy Core","true","true","","","","","","Fee Regulation Slab — Andhra Pradesh (2024-25)","None","None","legacy","unavailable","unavailable"
"U-0010","Dravidian University, Kuppam, Chittoor District","Legacy Core","true","true","","","","","","Fee Regulation Slab — Andhra Pradesh (2024-25)","None","None","legacy","unavailable","unavailable"
"U-0934","SRM University-AP, Amaravati","Legacy Core","true","true","","","","","","Fee Regulation Slab — Andhra Pradesh (2024-25)","None","None","legacy","unavailable","unavailable"
"U-0001","Dr Y S R Horticulture University","Legacy Core","true","true","","","","","","Fee Regulation Slab — Andhra Pradesh (2024-25)","None","None","legacy","unavailable","unavailable"
"U-0011","Gandhi Institute of Technology & Management (GITAM) University, Visakhapatnam","Legacy Core","true","true","true","","","","true","APSCHE EAPCET 2024 G.O. Ms. No. 17","None","None","official_verified","unavailable","unavailable"
"U-1284","MOHAN BABU UNIVERSITY","Legacy Core","true","true","","","","","","Fee Regulation Slab — Andhra Pradesh (2024-25)","None","None","legacy","unavailable","unavailable"
"U-1310","The Apollo University","Legacy Core","true","true","","","","","","Fee Regulation Slab — Andhra Pradesh (2024-25)","None","None","legacy","unavailable","unavailable"
"U-1282","ANDHRA KESARI UNIVERSITY","Legacy Core","true","","","","","","","Fee Regulation Slab — Andhra Pradesh (2024-25)","None","None","legacy","unavailable","unavailable"
"U-0030","National Sanskrit University , Tirupati","Legacy Core","true","true","","","","","","Fee Regulation Slab — Andhra Pradesh (2024-25)","None","None","legacy","unavailable","unavailable"
"U-0031","Rayalaseema, University Kurnool","Legacy Core","true","true","","","","","","Fee Regulation Slab — Andhra Pradesh (2024-25)","None","None","legacy","unavailable","unavailable"
"U-0033","Sri Krishnadevaraya University, Anantapur","Legacy Core","true","true","","","","","","Fee Regulation Slab — Andhra Pradesh (2024-25)","None","None","legacy","unavailable","unavailable"
"U-0034","Sri Padmavathi Mahila Visva Vidyalayam, Tirupathi","Legacy Core","true","true","","","","","","Fee Regulation Slab — Andhra Pradesh (2024-25)","None","None","legacy","unavailable","unavailable"
"U-0035","Sri Sathya Sai Institute of Higher Learning","Legacy Core","true","true","","","","","","Fee Regulation Slab — Andhra Pradesh (2024-25)","None","None","legacy","unavailable","unavailable"
"U-0036","Sri Venkateswara Institute of Medical Sciences, Tirupathi","AIIMS","true","true","","","","","","Fee Regulation Slab — Andhra Pradesh (2024-25)","None","None","legacy","unavailable","unavailable"
"U-0037","Sri Venkateswara University, Tirupathy","Legacy Core","true","true","","","","","","Fee Regulation Slab — Andhra Pradesh (2024-25)","None","None","legacy","unavailable","unavailable"
"U-0038","Sri Venkateswara Vedic University, Tirpupathi","Legacy Core","true","true","","","","","","Fee Regulation Slab — Andhra Pradesh (2024-25)","None","None","legacy","unavailable","unavailable"
"U-0039","Sri Venkateswara Veterinary University, Tirupathi","Legacy Core","true","true","","","","","","Fee Regulation Slab — Andhra Pradesh (2024-25)","None","None","legacy","unavailable","unavailable"
"U-1240","ANDHRA PRADESH FISHERIES UNIVERSITY","Legacy Core","true","true","","","","","","Fee Regulation Slab — Andhra Pradesh (2024-25)","None","None","legacy","unavailable","unavailable"
"U-0777","NORTH EAST FRONTIER TECHNICAL UNIVERSITY","Legacy Core","true","true","","","","","","Fee Regulation Slab — Arunachal Pradesh (2024-25)","None","None","legacy","unavailable","unavailable"
"U-0047","Rajiv Gandhi University, Itanagar","Legacy Core","true","true","","","","","","Fee Regulation Slab — Arunachal Pradesh (2024-25)","None","None","legacy","unavailable","unavailable"
"U-1308","THE GLOBAL UNIVERSITY","Legacy Core","true","","","","","","","Fee Regulation Slab — Arunachal Pradesh (2024-25)","None","None","legacy","unavailable","unavailable"
"U-0743","INDIRA GANDHI TECHNOLOGICAL AND MEDICAL SCIENCES UNIVERSITY, ZIRO","Legacy Core","true","true","","","","","","Fee Regulation Slab — Arunachal Pradesh (2024-25)","None","None","legacy","unavailable","unavailable"
"U-1261","ARUNACHAL PRADESH UNIVERSITY","Legacy Core","true","","","","","","","Fee Regulation Slab — Arunachal Pradesh (2024-25)","None","None","legacy","unavailable","unavailable"
"U-0767","VENKATESHWARA OPEN UNIVERSITY","Legacy Core","true","true","","","","","","Fee Regulation Slab — Arunachal Pradesh (2024-25)","None","None","legacy","unavailable","unavailable"
"U-0740","ARUNACHAL UNIVERSITY OF STUDIES","Legacy Core","true","true","","","","","","Fee Regulation Slab — Arunachal Pradesh (2024-25)","None","None","legacy","unavailable","unavailable"
"U-0719","HIMALAYAN UNIVERSITY, ITANAGAR","Legacy Core","true","true","","","","","","Fee Regulation Slab — Arunachal Pradesh (2024-25)","None","None","legacy","unavailable","unavailable"
"U-0712","APEX PROFESSIONAL UNIVERSITY","Legacy Core","true","true","","","","","","Fee Regulation Slab — Arunachal Pradesh (2024-25)","None","None","legacy","unavailable","unavailable"
"U-0947","Arunodaya University","Legacy Core","true","true","","","","","","Fee Regulation Slab — Arunachal Pradesh (2024-25)","None","None","legacy","unavailable","unavailable"
"U-0046","North Eastern Regional Institute of Science & Technology, Papum Pare, Itanagar","Legacy Core","true","true","true","","","","","TNEA 2024 Official Notification","None","None","official_verified","unavailable","unavailable"
"U-0683","ASSAM DOWN TOWN UNIVERSITY","Legacy Core","true","true","","","","","","Fee Regulation Slab — Assam (2024-25)","None","None","legacy","unavailable","unavailable"
"U-0682","THE ASSAM KAZIRANGA UNIVERSITY","Legacy Core","true","true","","","","","","Fee Regulation Slab — Assam (2024-25)","None","None","legacy","unavailable","unavailable"
"U-0677","NATIONAL LAW UNIVERSITY AND JUDICIAL ACADEMY","Legacy Core","true","true","","","","","","Fee Regulation Slab — Assam (2024-25)","None","None","legacy","unavailable","unavailable"
"U-0676","KUMAR BHASKAR VARMA SANSKRIT AND ANCIENT STUDIES UNIVERSITY","Legacy Core","true","true","","","","","","Fee Regulation Slab — Assam (2024-25)","None","None","legacy","unavailable","unavailable"
"U-0675","COTTON UNIVERSITY","Legacy Core","true","true","","","","","","Fee Regulation Slab — Assam (2024-25)","None","None","legacy","unavailable","unavailable"
"U-0674","BODOLAND UNIVERSITY","Legacy Core","true","true","","","","","","Fee Regulation Slab — Assam (2024-25)","None","None","legacy","unavailable","unavailable"
"U-0673","ASSAM SCIENCE AND TECHNOLOGY UNIVERSITY","Legacy Core","true","true","true","","","","","KEA UGCET 2024 Notification","None","None","official_verified","unavailable","unavailable"
"U-1313","Pragjyotishpur University","Legacy Core","true","","","","","","","Fee Regulation Slab — Assam (2024-25)","None","None","legacy","unavailable","unavailable"
"U-1043","BHATTADEV UNIVERSITY, BAJALI","Legacy Core","true","true","","","","","","Fee Regulation Slab — Assam (2024-25)","None","None","legacy","unavailable","unavailable"
"U-0048","Assam Agricultural University, Jorhat","Legacy Core","true","true","","","","","","Fee Regulation Slab — Assam (2024-25)","None","None","legacy","unavailable","unavailable"
"U-0049","Assam Don Bosco University, Guwahati","Legacy Core","true","true","","","","","","Fee Regulation Slab — Assam (2024-25)","None","None","legacy","unavailable","unavailable"
"U-0050","Assam University, Silchar","Legacy Core","true","true","","","","","","Fee Regulation Slab — Assam (2024-25)","None","None","legacy","unavailable","unavailable"
"U-0051","Dibrugarh University, Dibrugarh","Legacy Core","true","true","","","","","","Fee Regulation Slab — Assam (2024-25)","None","None","legacy","unavailable","unavailable"
"U-0052","Gauhati University, Guwahati","Legacy Core","true","true","","","","","","Fee Regulation Slab — Assam (2024-25)","None","None","legacy","unavailable","unavailable"
"U-0054","Krishna Kanta Handiqui State Open University, Guwahati","Legacy Core","true","true","","","","","","Fee Regulation Slab — Assam (2024-25)","None","None","legacy","unavailable","unavailable"
"U-0056","Tezpur University, Tezpur","Legacy Core","true","true","","","","","","Fee Regulation Slab — Assam (2024-25)","None","None","legacy","unavailable","unavailable"
"U-1045","NATIONAL INSTITUTE OF DESIGN, ASSAM","Legacy Core","true","true","","","","","","Fee Regulation Slab — Assam (2024-25)","None","None","legacy","unavailable","unavailable"
"U-1345","Auniati University","Legacy Core","true","","","","","","","Fee Regulation Slab — Assam (2024-25)","None","None","legacy","unavailable","unavailable"
"U-0980","KRISHNAGURU ADHYATMIK VISVAVIDYALAYA","Legacy Core","true","true","","","","","","Fee Regulation Slab — Assam (2024-25)","None","None","legacy","unavailable","unavailable"
"U-1316","NATIONAL INSTITUTE OF PHARMACEUTICAL EDUCATION AND RESEARCH GUWAHATI","Legacy Core","true","true","","","","","","Fee Regulation Slab — Assam (2024-25)","None","None","legacy","unavailable","unavailable"
"U-0894","THE ASSAM ROYAL GLOBAL UNIVERSITY, Guwahati, District- Kamrup (Metro)","Legacy Core","true","true","","","","","","Fee Regulation Slab — Assam (2024-25)","None","None","legacy","unavailable","unavailable"
"U-1068","Madhabdev University","Legacy Core","true","true","","","","","","Fee Regulation Slab — Assam (2024-25)","None","None","legacy","unavailable","unavailable"
"U-1147","Rabindranath Tagore University","Legacy Core","true","true","","","","","","Fee Regulation Slab — Assam (2024-25)","None","None","legacy","unavailable","unavailable"
"U-1194","MAJULI UNIVERSITY OF CULTURE","Legacy Core","true","true","","","","","","Fee Regulation Slab — Assam (2024-25)","None","None","legacy","unavailable","unavailable"
"U-1231","SRI SRI ANIRUDDHADEVA SPORTS UNIVERSITY","Legacy Core","true","true","","","","","","Fee Regulation Slab — Assam (2024-25)","None","None","legacy","unavailable","unavailable"
"U-0815","ASSAM WOMENS UNIVERSITY","Legacy Core","true","true","","","","","","Fee Regulation Slab — Assam (2024-25)","None","None","legacy","unavailable","unavailable"
"U-0812","MAHAPURUSHA SRIMANTA SANKARADEVA VISWAVIDYALAYA","Legacy Core","true","true","","","","","","Fee Regulation Slab — Assam (2024-25)","None","None","legacy","unavailable","unavailable"
"U-0669","SRIMANTA SANKARADEVA UNIVERSITY OF HEALTH SCIENCES, GUWAHATI","Legacy Core","true","true","","","","","","Fee Regulation Slab — Assam (2024-25)","None","None","legacy","unavailable","unavailable"
"U-1247","BIRANGANA SATI SADHANI RAJYIK VISHWAVIDYALAYA","Legacy Core","true","","","","","","","Fee Regulation Slab — Assam (2024-25)","None","None","legacy","unavailable","unavailable"
"U-1249","GIRIJANANDA CHOWDHURY UNIVERSITY","Legacy Core","true","","","","","","","Fee Regulation Slab — Assam (2024-25)","None","None","legacy","unavailable","unavailable"
"U-1067","CENTRAL INSTITUTE OF TECHNOLOGY, KOKRAJHAR","Legacy Core","true","true","true","","","","true","TNEA 2024 Official Notification","None","None","official_verified","unavailable","unavailable"
"U-0997","BIHAR ANIMAL SCIENCES UNIVERSITY","Legacy Core","true","true","","","","","","Fee Regulation Slab — Bihar (2024-25)","None","None","legacy","unavailable","unavailable"
"U-0964","AMITY UNIVERSITY PATNA","Legacy Core","true","true","","","","","","Fee Regulation Slab — Bihar (2024-25)","None","None","legacy","unavailable","unavailable"
"U-0077","Veer Kunwar Singh University, Arrah","Legacy Core","true","true","","","","","","Fee Regulation Slab — Bihar (2024-25)","None","None","legacy","unavailable","unavailable"
"U-0974","PATLIPUTRA UNIVERSITY, PATNA","Legacy Core","true","true","","","","","","Fee Regulation Slab — Bihar (2024-25)","None","None","legacy","unavailable","unavailable"
"U-0076","T.M. Bhagalpur University, Bhagalpur","Legacy Core","true","true","","","","","","Fee Regulation Slab — Bihar (2024-25)","None","None","legacy","unavailable","unavailable"
"U-0075","Dr Rajendra Prasad Central Agricultural University, Samastipur","Legacy Core","true","true","","","","","","Fee Regulation Slab — Bihar (2024-25)","None","None","legacy","unavailable","unavailable"
"U-0074","Patna University, Patna","Legacy Core","true","true","","","","","","Fee Regulation Slab — Bihar (2024-25)","None","None","legacy","unavailable","unavailable"
"U-0975","MUNGER UNIVERSITY","Legacy Core","true","true","","","","","","Fee Regulation Slab — Bihar (2024-25)","None","None","legacy","unavailable","unavailable"
"U-0073","Nava Nalanda Mahavihara, Nalanda","Legacy Core","true","true","","","","","","Fee Regulation Slab — Bihar (2024-25)","None","None","legacy","unavailable","unavailable"
"U-0919","K K University","Legacy Core","true","true","true","","","","true","TNEA 2024 Official Notification","NIRF 2024","None","official_verified","legacy","unavailable"
"U-0937","Dr. C.V. Raman University","Legacy Core","true","true","","","","","","Fee Regulation Slab — Bihar (2024-25)","None","None","legacy","unavailable","unavailable"
"U-0990","AL-KARIM UNIVERSITY","Legacy Core","true","true","","","","","","Fee Regulation Slab — Bihar (2024-25)","None","None","legacy","unavailable","unavailable"
"U-0071","Nalanda Open University, Patna","Legacy Core","true","true","","","","","","Fee Regulation Slab — Bihar (2024-25)","None","None","legacy","unavailable","unavailable"
"U-0070","Maulana Mazharul Haque Arabic & Persian University, Patna","Legacy Core","true","true","","","","","","Fee Regulation Slab — Bihar (2024-25)","None","None","legacy","unavailable","unavailable"
"U-0069","Magadh University, Bodh Gaya","Legacy Core","true","true","","","","","","Fee Regulation Slab — Bihar (2024-25)","None","None","legacy","unavailable","unavailable"
"U-0068","Lalit Narayan Mithila University, Darbhanga","Legacy Core","true","true","","","","","","Fee Regulation Slab — Bihar (2024-25)","None","None","legacy","unavailable","unavailable"
"U-1321","Bihar University of Health Sciences","Legacy Core","true","","","","","","","Fee Regulation Slab — Bihar (2024-25)","None","None","legacy","unavailable","unavailable"
"S-21070","SAKTIGARH GOVT SPON PTTI UNIT I","Legacy Core","true","","","","","","true","Fee Regulation Slab — West Bengal (2024-25)","None","None","legacy","unavailable","unavailable"
"U-0999","PURNEA UNIVERSITY, PURNIA","Legacy Core","true","true","","","","","","Fee Regulation Slab — Bihar (2024-25)","None","None","legacy","unavailable","unavailable"
"U-0067","Kameshwar Singh Darbhanga Sanskrit Vishwavidyalaya, Darbhanga","Legacy Core","true","true","","","","","","Fee Regulation Slab — Bihar (2024-25)","None","None","legacy","unavailable","unavailable"
"U-1066","GOPAL NARAYAN SINGH UNIVERSITY","Legacy Core","true","true","","","","","","Fee Regulation Slab — Bihar (2024-25)","None","None","legacy","unavailable","unavailable"
"U-0066","Jai Prakash Vishwavidyalaya, Chapra","Legacy Core","true","true","","","","","","Fee Regulation Slab — Bihar (2024-25)","None","None","legacy","unavailable","unavailable"
"U-0065","Indira Gandhi Institute of Medical Sciences, Patna","AIIMS","true","true","","","","","","Fee Regulation Slab — Bihar (2024-25)","None","None","legacy","unavailable","unavailable"
"U-0835","Mahatma Gandhi Central University, Motihari","Legacy Core","true","true","","","","","","Fee Regulation Slab — Bihar (2024-25)","None","None","legacy","unavailable","unavailable"
"U-0063","Chanakya National Law University, Patna","Legacy Core","true","true","","","","","","Fee Regulation Slab — Bihar (2024-25)","None","None","legacy","unavailable","unavailable"
"U-1116","NATIONAL INSTITUTE OF PHARMACEUTICAL EDUCATION AND RESEARCH HAJIPUR","Legacy Core","true","true","","","","","","Fee Regulation Slab — Bihar (2024-25)","None","None","legacy","unavailable","unavailable"
"U-1125","MATA GUJRI UNIVERSITY","Legacy Core","true","true","","","","","","Fee Regulation Slab — Bihar (2024-25)","None","None","legacy","unavailable","unavailable"
"U-0062","Central University of South Bihar","Legacy Core","true","true","","","","","","Fee Regulation Slab — Bihar (2024-25)","None","None","legacy","unavailable","unavailable"
"U-0060","Bihar Agricultural University, Sabour","Legacy Core","true","true","","","","","","Fee Regulation Slab — Bihar (2024-25)","None","None","legacy","unavailable","unavailable"
"U-0059","Bhupendra Narayan Mandal University, Madhepura","Legacy Core","true","true","","","","","","Fee Regulation Slab — Bihar (2024-25)","None","None","legacy","unavailable","unavailable"
"U-0058","Babasaheb Bhimrao Ambedkar Bihar University, Muzaffarpur","Legacy Core","true","true","","","","","","Fee Regulation Slab — Bihar (2024-25)","None","None","legacy","unavailable","unavailable"
"U-0057","Aryabhatta Knoweledge University , Patna","Legacy Core","true","true","","","","","","Fee Regulation Slab — Bihar (2024-25)","None","None","legacy","unavailable","unavailable"
"U-1291","BIHAR ENGINEERING UNIVERSITY","Legacy Core","true","","","","","","","Fee Regulation Slab — Bihar (2024-25)","None","None","legacy","unavailable","unavailable"
"U-1041","SANDIP UNIVERSITY","Legacy Core","true","true","","","","","","Fee Regulation Slab — Bihar (2024-25)","None","None","legacy","unavailable","unavailable"
"U-0710","NALANDA UNIVERSITY","Legacy Core","true","true","","","","","","Fee Regulation Slab — Bihar (2024-25)","None","None","legacy","unavailable","unavailable"
"U-0080","Punjab Engineering College , Chandigarh","Legacy Core","true","true","true","","","","","TNEA 2024 Official Notification","None","None","official_verified","unavailable","unavailable"
"U-0079","Post Graduate Institute of Medical Sciences","AIIMS","true","true","","","","","","Fee Regulation Slab — Chandigarh (2024-25)","None","None","legacy","unavailable","unavailable"
"U-1332","National Institute of Technical Teacher Training & Research Chandigarh","Legacy Core","true","","","","","","","Fee Regulation Slab — Chandigarh (2024-25)","None","None","legacy","unavailable","unavailable"
"U-0078","Panjab University,Chandigarh","Legacy Core","true","true","","","","","","Fee Regulation Slab — Chandigarh (2024-25)","NIRF 2024","None","legacy","legacy","unavailable"
"U-0895","ISBM University","Legacy Core","true","true","","","","","","Fee Regulation Slab — Chhattisgarh (2024-25)","None","None","legacy","unavailable","unavailable"
"U-1142","SHRI SHANKARACHARYA PROFESSIONAL UNIVERSITY","Legacy Core","true","true","","","","","","Fee Regulation Slab — Chhattisgarh (2024-25)","None","None","legacy","unavailable","unavailable"
"U-0635","ICFAI UNIVERSITY","Legacy Core","true","true","","","","","","Fee Regulation Slab — Chhattisgarh (2024-25)","None","None","legacy","unavailable","unavailable"
"U-0831","HEMCHAND YADAV VISHWAVIDYALAYA","Legacy Core","true","true","","","","","","Fee Regulation Slab — Chhattisgarh (2024-25)","None","None","legacy","unavailable","unavailable"
"U-1159","AAFT UNIVERSITY","Legacy Core","true","true","","","","","","Fee Regulation Slab — Chhattisgarh (2024-25)","None","None","legacy","unavailable","unavailable"
"U-1160","SHAHEED NANDKUMAR PATEL VISHWAVIDYALAYA","Legacy Core","true","true","","","","","","Fee Regulation Slab — Chhattisgarh (2024-25)","None","None","legacy","unavailable","unavailable"
"U-0085","Guru Ghasidas Vishwavidyalaya, Bilaspur","Legacy Core","true","true","","","","","","Fee Regulation Slab — Chhattisgarh (2024-25)","None","None","legacy","unavailable","unavailable"
"U-1185","BHARTI VISHWAVIDYALAYA","Legacy Core","true","true","","","","","","Fee Regulation Slab — Chhattisgarh (2024-25)","None","None","legacy","unavailable","unavailable"
"U-0086","Hidayatullah National Law University, Raipur","Legacy Core","true","true","","","","","","Fee Regulation Slab — Chhattisgarh (2024-25)","None","None","legacy","unavailable","unavailable"
"U-0087","Indira Gandhi Krishi Vishwavidyalaya, Raipur","Legacy Core","true","true","","","","","","Fee Regulation Slab — Chhattisgarh (2024-25)","None","None","legacy","unavailable","unavailable"
"U-0634","DAU SHRI VASUDEV CHANDRAKAR KAMDHENU","Legacy Core","true","true","","","","","","Fee Regulation Slab — Chhattisgarh (2024-25)","None","None","legacy","unavailable","unavailable"
"U-0088","Indira Kala Sangit Vishwavidyalaya, Khairagarh","Legacy Core","true","true","","","","","","Fee Regulation Slab — Chhattisgarh (2024-25)","None","None","legacy","unavailable","unavailable"
"U-0089","Kushabhau Thakre Patrakarita Avam Jansanchar Vishwavidyalaya, Raipur","Legacy Core","true","true","","","","","","Fee Regulation Slab — Chhattisgarh (2024-25)","None","None","legacy","unavailable","unavailable"
"U-0981","SHRI RAWATPURA  SARKAR UNIVERSITY","Legacy Core","true","true","","","","","","Fee Regulation Slab — Chhattisgarh (2024-25)","None","None","legacy","unavailable","unavailable"
"U-1292","Mahatma Gandhi University of Horticulture And Forestry","Legacy Core","true","","","","","","","Fee Regulation Slab — Chhattisgarh (2024-25)","None","None","legacy","unavailable","unavailable"
"U-0633","ITM UNIVERSITY","Legacy Core","true","true","","","","","","Fee Regulation Slab — Chhattisgarh (2024-25)","None","None","legacy","unavailable","unavailable"
