number_id,displayed_value,normalized_value,unit,label_context,page_section,frontend_file,source_status,truth_status,risk_level,layer
"NUM_707","7.7","7.7","count","06.56 4.21 1.64l3.15-3.15C17.45 2.09 14.97 1 12 1 7.7 1 3.99 3.47 2.18 7.07l3.66 2.84c.87-2.6 3.3-4.53 ","Page","frontend\src\app\admin\page.js","FALLBACK_CONSTANT","INTERNAL_TECHNICAL_OR_SAFE_UI","SAFE","L2_FILTERED"
"NUM_708","1","1","count","6 4.21 1.64l3.15-3.15C17.45 2.09 14.97 1 12 1 7.7 1 3.99 3.47 2.18 7.07l3.66 2.84c.87-2.6 3.3-4.53 6.","Page","frontend\src\app\admin\page.js","FALLBACK_CONSTANT","INTERNAL_TECHNICAL_OR_SAFE_UI","SAFE","L2_FILTERED"
"NUM_709","3.99","3.99","count","4.21 1.64l3.15-3.15C17.45 2.09 14.97 1 12 1 7.7 1 3.99 3.47 2.18 7.07l3.66 2.84c.87-2.6 3.3-4.53 6.16-4.","Page","frontend\src\app\admin\page.js","FALLBACK_CONSTANT","INTERNAL_TECHNICAL_OR_SAFE_UI","SAFE","L2_FILTERED"
"NUM_710","3.47","3.47","count","1.64l3.15-3.15C17.45 2.09 14.97 1 12 1 7.7 1 3.99 3.47 2.18 7.07l3.66 2.84c.87-2.6 3.3-4.53 6.16-4.53z"" ","Page","frontend\src\app\admin\page.js","FALLBACK_CONSTANT","INTERNAL_TECHNICAL_OR_SAFE_UI","SAFE","L2_FILTERED"
"NUM_769","2","2","count"," <div> <h2 style={{ textTransform: 'capitalize' }}>{activeTa","Page","frontend\src\app\admin\page.js","COMPUTED_FRONTEND","INTERNAL_TECHNICAL_OR_SAFE_UI","SAFE","L2_FILTERED"
"NUM_770","2","2","count",": 'capitalize' }}>{activeTab.replace(""-"", "" "")}</h2> <p>Platform Status: <sp","Page","frontend\src\app\admin\page.js","COMPUTED_FRONTEND","INTERNAL_TECHNICAL_OR_SAFE_UI","SAFE","L2_FILTERED"
"NUM_777","360","360","count"," @keyframes spin { to { transform: rotate(360deg) } } @keyframes pulse { 0%, 1","Page","frontend\src\app\admin\page.js","COMPUTED_FRONTEND","INTERNAL_TECHNICAL_OR_SAFE_UI","SAFE","L2_FILTERED"
"NUM_845","0","0","count","ined) return null; const positive = delta >= 0; return ( <span style={{ ","Page","frontend\src\app\admin\tabs\DashboardTab.jsx","FALLBACK_CONSTANT","INTERNAL_TECHNICAL_OR_SAFE_UI","SAFE","L2_FILTERED"
"NUM_911","3","3","count","vity — Last 24 Hours (hourly) </h3> {loading ? ( ","Page","frontend\src\app\admin\tabs\DashboardTab.jsx","FALLBACK_CONSTANT","INTERNAL_TECHNICAL_OR_SAFE_UI","SAFE","L2_FILTERED"
"NUM_971","0","0","count"," {data?.chart?.every(d => d.actions === 0) && !loading && ( <p style={","Page","frontend\src\app\admin\tabs\DashboardTab.jsx","FALLBACK_CONSTANT","INTERNAL_TECHNICAL_OR_SAFE_UI","SAFE","L2_FILTERED"
"NUM_1010","0","0","count"," {data?.recentActivity?.length === 0 && !loading && ( <div className=","Page","frontend\src\app\admin\tabs\DashboardTab.jsx","FALLBACK_CONSTANT","INTERNAL_TECHNICAL_OR_SAFE_UI","SAFE","L2_FILTERED"
"NUM_1018","360","360","count"," @keyframes spin { to { transform: rotate(360deg); } } `}</style> </div> ","Page","frontend\src\app\admin\tabs\DashboardTab.jsx","COMPUTED_FRONTEND","INTERNAL_TECHNICAL_OR_SAFE_UI","SAFE","L2_FILTERED"
"NUM_1034","0","0","count"," const sev = SEV[getSeverity(a.anomalyScore || 0)]; const isResolved = a.status === 'resolved","Page","frontend\src\app\admin\tabs\IntegrityTab.jsx","FALLBACK_CONSTANT","INTERNAL_TECHNICAL_OR_SAFE_UI","SAFE","L2_FILTERED"
"NUM_1041","0,","0","count"," {String(a.collegeId || a._id || '—').substring(0, 12)} </td> <td ","Page","frontend\src\app\admin\tabs\IntegrityTab.jsx","COMPUTED_FRONTEND","INTERNAL_TECHNICAL_OR_SAFE_UI","SAFE","L2_FILTERED"
"NUM_1042","12","12","count","{String(a.collegeId || a._id || '—').substring(0, 12)} </td> <td sty","Page","frontend\src\app\admin\tabs\IntegrityTab.jsx","COMPUTED_FRONTEND","INTERNAL_TECHNICAL_OR_SAFE_UI","SAFE","L2_FILTERED"
"NUM_1059","0","0","count"," {sev.label} ({Math.round(a.anomalyScore || 0)}) </span> ","Page","frontend\src\app\admin\tabs\IntegrityTab.jsx","API_DERIVED","INTERNAL_TECHNICAL_OR_SAFE_UI","SAFE","L2_FILTERED"
"NUM_1092","0","0","count","Anomaly Score', val: Math.round(a.anomalyScore || 0) }, { label: 'Z-","Page","frontend\src\app\admin\tabs\IntegrityTab.jsx","FALLBACK_CONSTANT","INTERNAL_TECHNICAL_OR_SAFE_UI","SAFE","L2_FILTERED"
"NUM_1093","2","2","count"," { label: 'Z-Score', val: a.zScore?.toFixed(2) ?? '—' }, { lab","Page","frontend\src\app\admin\tabs\IntegrityTab.jsx","API_DERIVED","INTERNAL_TECHNICAL_OR_SAFE_UI","SAFE","L2_FILTERED"
"NUM_1094","2","2","count","(a.createdAt).toLocaleDateString('en-IN', { day: '2-digit', month: 'short', year: '2-digit' }) : '—' ","Page","frontend\src\app\admin\tabs\IntegrityTab.jsx","COMPUTED_FRONTEND","INTERNAL_TECHNICAL_OR_SAFE_UI","SAFE","L2_FILTERED"
"NUM_1095","2","2","count","'en-IN', { day: '2-digit', month: 'short', year: '2-digit' }) : '—' }, ","Page","frontend\src\app\admin\tabs\IntegrityTab.jsx","COMPUTED_FRONTEND","API_DERIVED_UNVERIFIED","SAFE","L3_FACTUAL"
"NUM_1142","0","0","count","tate([]); const [total, setTotal] = useState(0); const [loading, setLoading] = useState(tru","Page","frontend\src\app\admin\tabs\IntegrityTab.jsx","FALLBACK_CONSTANT","INTERNAL_TECHNICAL_OR_SAFE_UI","SAFE","L2_FILTERED"
"NUM_1144","0","0","count","alies || []); setTotal(data.total || 0); } catch (err) { setError(","Page","frontend\src\app\admin\tabs\IntegrityTab.jsx","FALLBACK_CONSTANT","INTERNAL_TECHNICAL_OR_SAFE_UI","SAFE","L2_FILTERED"
"NUM_1160","1","1","count"," {total} anomaly{total !== 1 ? 'ies' : 'y'} detected in live data · Click any ","Page","frontend\src\app\admin\tabs\IntegrityTab.jsx","COMPUTED_FRONTEND","INTERNAL_TECHNICAL_OR_SAFE_UI","SAFE","L2_FILTERED"
"NUM_1174","0","0","count"," }} >{s.charAt(0).toUpperCase() + s.slice(1)}</button> ","Page","frontend\src\app\admin\tabs\IntegrityTab.jsx","COMPUTED_FRONTEND","INTERNAL_TECHNICAL_OR_SAFE_UI","SAFE","L2_FILTERED"
"NUM_1175","1","1","count"," >{s.charAt(0).toUpperCase() + s.slice(1)}</button> ))} ","Page","frontend\src\app\admin\tabs\IntegrityTab.jsx","COMPUTED_FRONTEND","INTERNAL_TECHNICAL_OR_SAFE_UI","SAFE","L2_FILTERED"
"NUM_1202","0","0","count"," {!loading && anomalies.length === 0 && ( <tr> ","Page","frontend\src\app\admin\tabs\IntegrityTab.jsx","FALLBACK_CONSTANT","INTERNAL_TECHNICAL_OR_SAFE_UI","SAFE","L2_FILTERED"
"NUM_1220","360","360","count","global>{`@keyframes spin { to { transform: rotate(360deg); } }`}</style> </div> ); } ","Page","frontend\src\app\admin\tabs\IntegrityTab.jsx","COMPUTED_FRONTEND","INTERNAL_TECHNICAL_OR_SAFE_UI","SAFE","L2_FILTERED"
"NUM_1237","30","30","count"," fetchLogs(); // Auto-refresh every 30s const interval = setInterval(fetchLogs,","Page","frontend\src\app\admin\tabs\LogsTab.jsx","FALLBACK_CONSTANT","INTERNAL_TECHNICAL_OR_SAFE_UI","SAFE","L2_FILTERED"
"NUM_1238","30","30","count"," const interval = setInterval(fetchLogs, 30_000); return () => clearInterval(interva","Page","frontend\src\app\admin\tabs\LogsTab.jsx","FALLBACK_CONSTANT","INTERNAL_TECHNICAL_OR_SAFE_UI","SAFE","L2_FILTERED"
"NUM_1239","000","000","count"," const interval = setInterval(fetchLogs, 30_000); return () => clearInterval(interval); ","Page","frontend\src\app\admin\tabs\LogsTab.jsx","FALLBACK_CONSTANT","INTERNAL_TECHNICAL_OR_SAFE_UI","SAFE","L2_FILTERED"
"NUM_1261","0","0","count"," {!loading && logs.length === 0 && !error && ( <div styl","Page","frontend\src\app\admin\tabs\LogsTab.jsx","FALLBACK_CONSTANT","INTERNAL_TECHNICAL_OR_SAFE_UI","SAFE","L2_FILTERED"
"NUM_1272","2","2","count","LocaleDateString('en-IN', { month: 'short', day: '2-digit' })} {ts.toLocaleTimeString('en-IN', { hour","Page","frontend\src\app\admin\tabs\LogsTab.jsx","COMPUTED_FRONTEND","INTERNAL_TECHNICAL_OR_SAFE_UI","SAFE","L2_FILTERED"
"NUM_1297","30","30","count","last {logs.length} entries · Auto-refreshes every 30s {lastRefresh && ` ·","Page","frontend\src\app\admin\tabs\LogsTab.jsx","COMPUTED_FRONTEND","INTERNAL_TECHNICAL_OR_SAFE_UI","SAFE","L2_FILTERED"
"NUM_1301","360","360","count"," @keyframes spin { to { transform: rotate(360deg); } } `}</style> </div> ","Page","frontend\src\app\admin\tabs\LogsTab.jsx","COMPUTED_FRONTEND","INTERNAL_TECHNICAL_OR_SAFE_UI","SAFE","L2_FILTERED"
"NUM_1306","4","4","count"," <h4>High Priority Transmission</h4> <p>Alert students i","Page","frontend\src\app\admin\tabs\NewsTab.jsx","FALLBACK_CONSTANT","INTERNAL_TECHNICAL_OR_SAFE_UI","SAFE","L2_FILTERED"
"NUM_1363","0","0","count","/div> ) : filteredReviews.length === 0 ? ( <div style={{ textAlign: 'ce","Page","frontend\src\app\admin\tabs\ReviewsTab.jsx","FALLBACK_CONSTANT","INTERNAL_TECHNICAL_OR_SAFE_UI","SAFE","L2_FILTERED"
"NUM_1428","0.2","0.2","count","nt: 'center', cursor: 'pointer', transition: 'all 0.2s' }} title=""Dele","Page","frontend\src\app\admin\tabs\ReviewsTab.jsx","FALLBACK_CONSTANT","INTERNAL_TECHNICAL_OR_SAFE_UI","SAFE","L2_FILTERED"
"NUM_1432","0","0","count"," @keyframes spin { from { transform: rotate(0deg); } to { transform: rotate(360deg); } } ","Page","frontend\src\app\admin\tabs\ReviewsTab.jsx","COMPUTED_FRONTEND","INTERNAL_TECHNICAL_OR_SAFE_UI","SAFE","L2_FILTERED"
"NUM_1434","2,","2","count","tivity, Database, Search, Server, CheckCircle2, AlertCircle, Zap, RotateCcw, Wifi } from ""lucide","Page","frontend\src\app\admin\tabs\SystemTab.jsx","FALLBACK_CONSTANT","INTERNAL_TECHNICAL_OR_SAFE_UI","SAFE","L2_FILTERED"
"NUM_1496","0.15","0.15","count","ning ? 0.5 : 1, transition: 'all 0.15s', }} > {isRun","Page","frontend\src\app\admin\tabs\SystemTab.jsx","FALLBACK_CONSTANT","INTERNAL_TECHNICAL_OR_SAFE_UI","SAFE","L2_FILTERED"
"NUM_1500","4000","4000","count","obResult(prev => ({ ...prev, [jobName]: null })), 4000); // Refresh stats after a short","Page","frontend\src\app\admin\tabs\SystemTab.jsx","COMPUTED_FRONTEND","INTERNAL_TECHNICAL_OR_SAFE_UI","SAFE","L2_FILTERED"
"NUM_1540","3600","3600","count","roc?.uptime != null ? `${Math.floor(proc.uptime / 3600)}h ${Math.floor((proc.uptime % 3600) / 60)}m` : n","Page","frontend\src\app\admin\tabs\SystemTab.jsx","COMPUTED_FRONTEND","INTERNAL_TECHNICAL_OR_SAFE_UI","SAFE","L2_FILTERED"
"NUM_1680","360","360","count","global>{`@keyframes spin { to { transform: rotate(360deg); } }`}</style> </div> ); } ","Page","frontend\src\app\admin\tabs\SystemTab.jsx","COMPUTED_FRONTEND","INTERNAL_TECHNICAL_OR_SAFE_UI","SAFE","L2_FILTERED"
"NUM_1697","0","0","count","tate([]); const [total, setTotal] = useState(0); const [loading, setLoading] = useState(tru","Page","frontend\src\app\admin\tabs\TrustReportsTab.jsx","FALLBACK_CONSTANT","INTERNAL_TECHNICAL_OR_SAFE_UI","SAFE","L2_FILTERED"
"NUM_1700","0","0","count","ng' && onBadgeUpdate) onBadgeUpdate(data.total || 0); } catch (err) { setError(","Page","frontend\src\app\admin\tabs\TrustReportsTab.jsx","FALLBACK_CONSTANT","INTERNAL_TECHNICAL_OR_SAFE_UI","SAFE","L2_FILTERED"
"NUM_1708","0","0","count","ilter(s)}> {s.charAt(0).toUpperCase() + s.slice(1)} ","Page","frontend\src\app\admin\tabs\TrustReportsTab.jsx","COMPUTED_FRONTEND","INTERNAL_TECHNICAL_OR_SAFE_UI","SAFE","L2_FILTERED"
"NUM_1709","1","1","count"," {s.charAt(0).toUpperCase() + s.slice(1)} </button> ","Page","frontend\src\app\admin\tabs\TrustReportsTab.jsx","COMPUTED_FRONTEND","INTERNAL_TECHNICAL_OR_SAFE_UI","SAFE","L2_FILTERED"
"NUM_1712","1,","1","count","iv className=""tr-loading""> {[1, 2, 3, 4, 5].map(i => <div key={i} className=""tr-s","Page","frontend\src\app\admin\tabs\TrustReportsTab.jsx","COMPUTED_FRONTEND","INTERNAL_TECHNICAL_OR_SAFE_UI","SAFE","L2_FILTERED"
"NUM_1713","2,","2","count","className=""tr-loading""> {[1, 2, 3, 4, 5].map(i => <div key={i} className=""tr-skel","Page","frontend\src\app\admin\tabs\TrustReportsTab.jsx","COMPUTED_FRONTEND","INTERNAL_TECHNICAL_OR_SAFE_UI","SAFE","L2_FILTERED"
"NUM_1714","3,","3","count","ssName=""tr-loading""> {[1, 2, 3, 4, 5].map(i => <div key={i} className=""tr-skeleto","Page","frontend\src\app\admin\tabs\TrustReportsTab.jsx","COMPUTED_FRONTEND","INTERNAL_TECHNICAL_OR_SAFE_UI","SAFE","L2_FILTERED"
"NUM_1715","4,","4","count","ame=""tr-loading""> {[1, 2, 3, 4, 5].map(i => <div key={i} className=""tr-skeleton"" ","Page","frontend\src\app\admin\tabs\TrustReportsTab.jsx","COMPUTED_FRONTEND","INTERNAL_TECHNICAL_OR_SAFE_UI","SAFE","L2_FILTERED"
"NUM_1716","5","5","count","=""tr-loading""> {[1, 2, 3, 4, 5].map(i => <div key={i} className=""tr-skeleton"" />","Page","frontend\src\app\admin\tabs\TrustReportsTab.jsx","COMPUTED_FRONTEND","INTERNAL_TECHNICAL_OR_SAFE_UI","SAFE","L2_FILTERED"
"NUM_1721","2","2","count","(r.createdAt).toLocaleDateString('en-IN', { day: '2-digit', month: 'short', year: '2-digit' })}</span","Page","frontend\src\app\admin\tabs\TrustReportsTab.jsx","COMPUTED_FRONTEND","API_DERIVED_UNVERIFIED","SAFE","L3_FACTUAL"
"NUM_1722","2","2","count","'en-IN', { day: '2-digit', month: 'short', year: '2-digit' })}</span> ","Page","frontend\src\app\admin\tabs\TrustReportsTab.jsx","COMPUTED_FRONTEND","API_DERIVED_UNVERIFIED","SAFE","L3_FACTUAL"
"NUM_1724","180","180","count","ize={16} style={{ transform: isExpanded ? 'rotate(180deg)' : 'none', transition: 'transform 0.2s', colo","Page","frontend\src\app\admin\tabs\TrustReportsTab.jsx","COMPUTED_FRONTEND","INTERNAL_TECHNICAL_OR_SAFE_UI","SAFE","L2_FILTERED"
"NUM_1735","0,","0","count"," {r.evidenceURL.substring(0, 80)}… ","Page","frontend\src\app\admin\tabs\TrustReportsTab.jsx","COMPUTED_FRONTEND","INTERNAL_TECHNICAL_OR_SAFE_UI","SAFE","L2_FILTERED"
"NUM_1736","80","80","count"," {r.evidenceURL.substring(0, 80)}… ","Page","frontend\src\app\admin\tabs\TrustReportsTab.jsx","COMPUTED_FRONTEND","INTERNAL_TECHNICAL_OR_SAFE_UI","SAFE","L2_FILTERED"
"NUM_1773","360","360","count"," @keyframes spin { to { transform: rotate(360deg); } } .tr-error { display: fl","Page","frontend\src\app\admin\tabs\TrustReportsTab.jsx","COMPUTED_FRONTEND","INTERNAL_TECHNICAL_OR_SAFE_UI","SAFE","L2_FILTERED"
"NUM_1888","0.15","0.15","count","ont-weight: 600; cursor: pointer; transition: all 0.15s; } .tr-btn-approve:hover:not(:d","Page","frontend\src\app\admin\tabs\TrustReportsTab.jsx","FALLBACK_CONSTANT","INTERNAL_TECHNICAL_OR_SAFE_UI","SAFE","L2_FILTERED"
"NUM_1897","0.15","0.15","count","ont-weight: 600; cursor: pointer; transition: all 0.15s; } .tr-btn-reject:hover:not(:di","Page","frontend\src\app\admin\tabs\TrustReportsTab.jsx","FALLBACK_CONSTANT","INTERNAL_TECHNICAL_OR_SAFE_UI","SAFE","L2_FILTERED"
"NUM_1902","1","1","count"," /> Truth-Grade Active </div> <h1>AI Admission <span>Strategist</span></h1> ","Page","frontend\src\app\admission-calculator\page.js","FALLBACK_CONSTANT","INTERNAL_TECHNICAL_OR_SAFE_UI","SAFE","L2_FILTERED"
"NUM_1903","1","1","count"," <h1>AI Admission <span>Strategist</span></h1> <p> Powered by the CEI ""Trut","Page","frontend\src\app\admission-calculator\page.js","FALLBACK_CONSTANT","INTERNAL_TECHNICAL_OR_SAFE_UI","SAFE","L2_FILTERED"
"NUM_1908","500","500","count","Configuration Error: Secret Missing"" }, { status: 500 }); } // 2. Forward to Real B","Page","frontend\src\app\api\admin-proxy\route.js","COMPUTED_FRONTEND","INTERNAL_TECHNICAL_OR_SAFE_UI","SAFE","L2_FILTERED"
"NUM_1909","2.","2.","count","ng"" }, { status: 500 }); } // 2. Forward to Real Backend with Secret cons","Page","frontend\src\app\api\admin-proxy\route.js","COMPUTED_FRONTEND","INTERNAL_TECHNICAL_OR_SAFE_UI","SAFE","L2_FILTERED"
"NUM_1911","400","400","count","son({ error: ""aisheCode is required"" }, { status: 400 }); } try { // Resolve absolute ","Page","frontend\src\app\api\cutoffs\route.js","COMPUTED_FRONTEND","INTERNAL_TECHNICAL_OR_SAFE_UI","SAFE","L2_FILTERED"
"NUM_1913","200","200","count","w Registry unavailable"", cutoffs: [] }, { status: 200 }); } const results = []; ","Page","frontend\src\app\api\cutoffs\route.js","API_DERIVED","INTERNAL_TECHNICAL_OR_SAFE_UI","SAFE","L2_FILTERED"
"NUM_1914","200","200","count","NextResponse.json({ cutoffs: results }, { status: 200 }); } catch (error) { console.error(","Page","frontend\src\app\api\cutoffs\route.js","API_DERIVED","INTERNAL_TECHNICAL_OR_SAFE_UI","SAFE","L2_FILTERED"
"NUM_1915","500","500","count","n({ error: ""Failed to fetch cutoffs"" }, { status: 500 }); } } ","Page","frontend\src\app\api\cutoffs\route.js","API_DERIVED","INTERNAL_TECHNICAL_OR_SAFE_UI","SAFE","L2_FILTERED"
"NUM_2480","20","20","count"," return <div className=""detail-page-loading pt-20""><Container><DetailSkeleton /></Container></div>;","Page","frontend\src\app\college\[id]\CollegeDashboardClient.jsx","FALLBACK_CONSTANT","INTERNAL_TECHNICAL_OR_SAFE_UI","SAFE","L2_FILTERED"
"NUM_2481","32","32","count"," ( <div className=""dashboard-root pt-32""> <Container> ","Page","frontend\src\app\college\[id]\CollegeDashboardClient.jsx","FALLBACK_CONSTANT","INTERNAL_TECHNICAL_OR_SAFE_UI","SAFE","L2_FILTERED"
"NUM_2502","1","1","count","=""brand-text""> <h1>{college.name}</h1> ","Page","frontend\src\app\college\[id]\CollegeDashboardClient.jsx","API_DERIVED","INTERNAL_TECHNICAL_OR_SAFE_UI","SAFE","L2_FILTERED"
"NUM_2503","1","1","count"," <h1>{college.name}</h1> <div className=","Page","frontend\src\app\college\[id]\CollegeDashboardClient.jsx","API_DERIVED","INTERNAL_TECHNICAL_OR_SAFE_UI","SAFE","L2_FILTERED"
"NUM_2504","1","1","count","<a href={`https://www.google.com/maps/search/?api=1&query=${encodeURIComponent(`${college.name} ${loc","Page","frontend\src\app\college\[id]\CollegeDashboardClient.jsx","API_DERIVED","INTERNAL_TECHNICAL_OR_SAFE_UI","SAFE","L2_FILTERED"
"NUM_2512","400","400","count","00"" : college.meta.truthTier === 'B' ? ""text-blue-400"" : ""text-amber-400""} /> ","Page","frontend\src\app\college\[id]\CollegeDashboardClient.jsx","FALLBACK_CONSTANT","INTERNAL_TECHNICAL_OR_SAFE_UI","SAFE","L2_FILTERED"
"NUM_2513","400","400","count","truthTier === 'B' ? ""text-blue-400"" : ""text-amber-400""} /> Truth ","Page","frontend\src\app\college\[id]\CollegeDashboardClient.jsx","FALLBACK_CONSTANT","INTERNAL_TECHNICAL_OR_SAFE_UI","SAFE","L2_FILTERED"
"NUM_2514","0","0","count","e.medical_wings && college.medical_wings.length > 0 && ( <div classN","Page","frontend\src\app\college\[id]\CollegeDashboardClient.jsx","FALLBACK_CONSTANT","INTERNAL_TECHNICAL_OR_SAFE_UI","SAFE","L2_FILTERED"
"NUM_2548","2","2","count","ege.ceiScore)) ? Number(college.ceiScore).toFixed(2) : 'TBA'} </div> ","Page","frontend\src\app\college\[id]\CollegeDashboardClient.jsx","FALLBACK_CONSTANT","HARDCODED_UNVERIFIED","REVIEW","L3_FACTUAL"
"NUM_2552","12","12","count"," <div className=""tab-pane animate-fade-in space-y-12""> <NarrativeFoundati","Page","frontend\src\app\college\[id]\CollegeDashboardClient.jsx","FALLBACK_CONSTANT","INTERNAL_TECHNICAL_OR_SAFE_UI","SAFE","L2_FILTERED"
"NUM_2554","12","12","count"," <div className=""animate-fade-in space-y-12""> <NarrativeVault co","Page","frontend\src\app\college\[id]\CollegeDashboardClient.jsx","FALLBACK_CONSTANT","INTERNAL_TECHNICAL_OR_SAFE_UI","SAFE","L2_FILTERED"
"NUM_2555","0","0","count","?.tuitionNumeric || college.fees?.totalNumeric || 0)), avgPackag","Page","frontend\src\app\college\[id]\CollegeDashboardClient.jsx","FALLBACK_CONSTANT","INTERNAL_TECHNICAL_OR_SAFE_UI","SAFE","L2_FILTERED"
"NUM_2557","8","8","count","> <div className=""mb-8""> <h3 className=","Page","frontend\src\app\college\[id]\CollegeDashboardClient.jsx","FALLBACK_CONSTANT","INTERNAL_TECHNICAL_OR_SAFE_UI","SAFE","L2_FILTERED"
"NUM_2561","3","3","count","xt-slate-800 tracking-tight"">Truth-Graded Audit</h3> <p className=""t","Page","frontend\src\app\college\[id]\CollegeDashboardClient.jsx","FALLBACK_CONSTANT","INTERNAL_TECHNICAL_OR_SAFE_UI","SAFE","L2_FILTERED"
"NUM_2576","4","4","count","slate-800"">Regional Compliance & Infrastructure</h4> </div> ","Page","frontend\src\app\college\[id]\CollegeDashboardClient.jsx","FALLBACK_CONSTANT","INTERNAL_TECHNICAL_OR_SAFE_UI","SAFE","L2_FILTERED"
"NUM_2593","12","12","count"," <div className=""animate-fade-in py-12""> <GlassPanel classN","Page","frontend\src\app\college\[id]\CollegeDashboardClient.jsx","FALLBACK_CONSTANT","INTERNAL_TECHNICAL_OR_SAFE_UI","SAFE","L2_FILTERED"
"NUM_2610","0.","0.","count","eDetailLayout college={college}> {/* 0. Tactical Intelligence HUD */} <Tacti","Page","frontend\src\app\college\[id]\CollegeDetailClient.jsx","COMPUTED_FRONTEND","INTERNAL_TECHNICAL_OR_SAFE_UI","SAFE","L2_FILTERED"
"NUM_2612","2.","2.","count","stigeHero college={college} /> {/* 2. Tactical Intelligence Matrix (Tabs) */} ","Page","frontend\src\app\college\[id]\CollegeDetailClient.jsx","COMPUTED_FRONTEND","INTERNAL_TECHNICAL_OR_SAFE_UI","SAFE","L2_FILTERED"
"NUM_2614","8","8","count"," <Container className=""mb-8""> <GlassPanel va","Page","frontend\src\app\college\[id]\CollegeDetailClient.jsx","FALLBACK_CONSTANT","INTERNAL_TECHNICAL_OR_SAFE_UI","SAFE","L2_FILTERED"
"NUM_2621","2","2","count"," <div className=""text-2xl mt-1 text-amber-500"">ℹ️</div> ","Page","frontend\src\app\college\[id]\CollegeDetailClient.jsx","FALLBACK_CONSTANT","INTERNAL_TECHNICAL_OR_SAFE_UI","SAFE","L2_FILTERED"
"NUM_2622","1","1","count"," <div className=""text-2xl mt-1 text-amber-500"">ℹ️</div> ","Page","frontend\src\app\college\[id]\CollegeDetailClient.jsx","FALLBACK_CONSTANT","INTERNAL_TECHNICAL_OR_SAFE_UI","SAFE","L2_FILTERED"
"NUM_2623","500","500","count"," <div className=""text-2xl mt-1 text-amber-500"">ℹ️</div> ","Page","frontend\src\app\college\[id]\CollegeDetailClient.jsx","FALLBACK_CONSTANT","INTERNAL_TECHNICAL_OR_SAFE_UI","SAFE","L2_FILTERED"
"NUM_2627","4","4","count","text-base mb-1"">Official Admission Data Pending</h4> ","Page","frontend\src\app\college\[id]\CollegeDetailClient.jsx","FALLBACK_CONSTANT","INTERNAL_TECHNICAL_OR_SAFE_UI","SAFE","L2_FILTERED"
"NUM_2631","8","8","count","iner> <div className=""mt-8""> <NarrativeVault c","Page","frontend\src\app\college\[id]\CollegeDetailClient.jsx","FALLBACK_CONSTANT","INTERNAL_TECHNICAL_OR_SAFE_UI","SAFE","L2_FILTERED"
"NUM_2633","0,","0","count"," tuition: college.fees?.[0]?.amount || 0, avgPacka","Page","frontend\src\app\college\[id]\CollegeDetailClient.jsx","FALLBACK_CONSTANT","INTERNAL_TECHNICAL_OR_SAFE_UI","SAFE","L2_FILTERED"
"NUM_2639","6","6","count"," <Button className=""mt-6"">Open Audit Ticket</Button> ","Page","frontend\src\app\college\[id]\CollegeDetailClient.jsx","FALLBACK_CONSTANT","INTERNAL_TECHNICAL_OR_SAFE_UI","SAFE","L2_FILTERED"
"NUM_2872","0","0","count","Rating ""aggregateRating"": college.ceiScore > 0 ? { ""@type"": ""AggregateRating"", ""ra","Page","frontend\src\app\college\[id]\page.js","FALLBACK_CONSTANT","HARDCODED_UNVERIFIED","REVIEW","L3_FACTUAL"
"NUM_2887","1","1","count","p) => p.trim()); return parts[parts.length - 1]; }; // Calculate popularity score based on e","Page","frontend\src\app\colleges\CollegesClient.jsx","FALLBACK_CONSTANT","INTERNAL_TECHNICAL_OR_SAFE_UI","SAFE","L2_FILTERED"
"NUM_2888","1","1","count","college.rankingTier?.toLowerCase().includes(""tier 1"") ? 3 : college.rankingTier?.toLowerCase","Page","frontend\src\app\colleges\CollegesClient.jsx","FALLBACK_CONSTANT","HARDCODED_UNVERIFIED","REVIEW","L3_FACTUAL"
"NUM_2889","3","3","count","e.rankingTier?.toLowerCase().includes(""tier 1"") ? 3 : college.rankingTier?.toLowerCase().inc","Page","frontend\src\app\colleges\CollegesClient.jsx","FALLBACK_CONSTANT","HARDCODED_UNVERIFIED","REVIEW","L3_FACTUAL"
"NUM_2890","2","2","count","college.rankingTier?.toLowerCase().includes(""tier 2"") ? 2 : college.rankingTier?.toLower","Page","frontend\src\app\colleges\CollegesClient.jsx","FALLBACK_CONSTANT","HARDCODED_UNVERIFIED","REVIEW","L3_FACTUAL"
"NUM_2891","2","2","count","e.rankingTier?.toLowerCase().includes(""tier 2"") ? 2 : college.rankingTier?.toLowerCase()","Page","frontend\src\app\colleges\CollegesClient.jsx","FALLBACK_CONSTANT","HARDCODED_UNVERIFIED","REVIEW","L3_FACTUAL"
"NUM_2892","3","3","count","college.rankingTier?.toLowerCase().includes(""tier 3"") ? 1 : 0; return examsCount + (tierScore * ","Page","frontend\src\app\colleges\CollegesClient.jsx","FALLBACK_CONSTANT","INTERNAL_TECHNICAL_OR_SAFE_UI","SAFE","L2_FILTERED"
"NUM_2893","1","1","count","e.rankingTier?.toLowerCase().includes(""tier 3"") ? 1 : 0; return examsCount + (tierScore * 2); }","Page","frontend\src\app\colleges\CollegesClient.jsx","FALLBACK_CONSTANT","INTERNAL_TECHNICAL_OR_SAFE_UI","SAFE","L2_FILTERED"
"NUM_2894","0","0","count","nkingTier?.toLowerCase().includes(""tier 3"") ? 1 : 0; return examsCount + (tierScore * 2); }; ","Page","frontend\src\app\colleges\CollegesClient.jsx","FALLBACK_CONSTANT","INTERNAL_TECHNICAL_OR_SAFE_UI","SAFE","L2_FILTERED"
"NUM_2898","0,","0","count"," }) .filter(Boolean) .slice(0, 8); } function CollegesContent({ initialData ","Page","frontend\src\app\colleges\CollegesClient.jsx","FALLBACK_CONSTANT","INTERNAL_TECHNICAL_OR_SAFE_UI","SAFE","L2_FILTERED"
"NUM_2899","8","8","count"," }) .filter(Boolean) .slice(0, 8); } function CollegesContent({ initialData })","Page","frontend\src\app\colleges\CollegesClient.jsx","COMPUTED_FRONTEND","INTERNAL_TECHNICAL_OR_SAFE_UI","SAFE","L2_FILTERED"
"NUM_2900","0","0","count","t hasUrlParams = searchParams.toString().length > 0; const [isLoading, setIsLoading] = useState(","Page","frontend\src\app\colleges\CollegesClient.jsx","FALLBACK_CONSTANT","INTERNAL_TECHNICAL_OR_SAFE_UI","SAFE","L2_FILTERED"
"NUM_2901","1","1","count","seRouter(); const [page, setPage] = useState(1); const [pagination, setPagination] = useSta","Page","frontend\src\app\colleges\CollegesClient.jsx","FALLBACK_CONSTANT","INTERNAL_TECHNICAL_OR_SAFE_UI","SAFE","L2_FILTERED"
"NUM_2903","1","1","count"," const p = parseInt(searchParams.get(""page"")) || 1; const coverage = searchParams.get(""co","Page","frontend\src\app\colleges\CollegesClient.jsx","FALLBACK_CONSTANT","INTERNAL_TECHNICAL_OR_SAFE_UI","SAFE","L2_FILTERED"
"NUM_2904","1","1","count","arams.set(""sort"", sortToken); if (page > 1) params.set(""page"", page.toString()); ","Page","frontend\src\app\colleges\CollegesClient.jsx","FALLBACK_CONSTANT","INTERNAL_TECHNICAL_OR_SAFE_UI","SAFE","L2_FILTERED"
"NUM_2905","400","400","count"," }; loadFilters(); }, 400); // 400ms debounce return () => { ","Page","frontend\src\app\colleges\CollegesClient.jsx","FALLBACK_CONSTANT","INTERNAL_TECHNICAL_OR_SAFE_UI","SAFE","L2_FILTERED"
"NUM_2906","400","400","count"," loadFilters(); }, 400); // 400ms debounce return () => { ","Page","frontend\src\app\colleges\CollegesClient.jsx","FALLBACK_CONSTANT","INTERNAL_TECHNICAL_OR_SAFE_UI","SAFE","L2_FILTERED"
"NUM_2907","1,","1","count"," setPagination({ page: 1, totalPages: 1, ","Page","frontend\src\app\colleges\CollegesClient.jsx","FALLBACK_CONSTANT","HARDCODED_UNVERIFIED","REVIEW","L3_FACTUAL"
"NUM_2908","1,","1","count"," page: 1, totalPages: 1, totalCount: data.length,","Page","frontend\src\app\colleges\CollegesClient.jsx","FALLBACK_CONSTANT","INTERNAL_TECHNICAL_OR_SAFE_UI","SAFE","L2_FILTERED"
"NUM_2913","1","1","count"," return newFilters; }); setPage(1); }, []); const handleSortChange = us","Page","frontend\src\app\colleges\CollegesClient.jsx","FALLBACK_CONSTANT","INTERNAL_TECHNICAL_OR_SAFE_UI","SAFE","L2_FILTERED"
"NUM_2914","1","1","count","rtToken(coerceSortToken(value)); setPage(1); }, []); const handleSearchChange = ","Page","frontend\src\app\colleges\CollegesClient.jsx","FALLBACK_CONSTANT","INTERNAL_TECHNICAL_OR_SAFE_UI","SAFE","L2_FILTERED"
"NUM_2915","1","1","count",") => { setQuery(value); setPage(1); }, []); const clearFilters = useCal","Page","frontend\src\app\colleges\CollegesClient.jsx","COMPUTED_FRONTEND","INTERNAL_TECHNICAL_OR_SAFE_UI","SAFE","L2_FILTERED"
"NUM_2916","1","1","count"," isCore: ""All"" }); setPage(1); setError(null); setSuggestion","Page","frontend\src\app\colleges\CollegesClient.jsx","FALLBACK_CONSTANT","HARDCODED_UNVERIFIED","REVIEW","L3_FACTUAL"
"NUM_2917","2,","2","count","er = part.toUpperCase(); if (/^[A-Z]{2,}$/i.test(part)) { const smallWor","Page","frontend\src\app\colleges\CollegesClient.jsx","COMPUTED_FRONTEND","INTERNAL_TECHNICAL_OR_SAFE_UI","SAFE","L2_FILTERED"
"NUM_2918","0","0","count","return upper; return part.charAt(0).toUpperCase() + part.slice(1).toLowerCase(); ","Page","frontend\src\app\colleges\CollegesClient.jsx","FALLBACK_CONSTANT","INTERNAL_TECHNICAL_OR_SAFE_UI","SAFE","L2_FILTERED"
"NUM_2919","1","1","count"," return part.charAt(0).toUpperCase() + part.slice(1).toLowerCase(); } retur","Page","frontend\src\app\colleges\CollegesClient.jsx","FALLBACK_CONSTANT","INTERNAL_TECHNICAL_OR_SAFE_UI","SAFE","L2_FILTERED"
"NUM_2920","0","0","count","llege.pastCutoffs && college.pastCutoffs.length > 0) { const firstCutoff = college.pastC","Page","frontend\src\app\colleges\CollegesClient.jsx","FALLBACK_CONSTANT","INTERNAL_TECHNICAL_OR_SAFE_UI","SAFE","L2_FILTERED"
"NUM_2931","1","1","count"," <div className=""hero-orb hero-orb--1"" /> <div className=""hero-orb","Page","frontend\src\app\colleges\CollegesClient.jsx","FALLBACK_CONSTANT","INTERNAL_TECHNICAL_OR_SAFE_UI","SAFE","L2_FILTERED"
"NUM_2932","2","2","count"," <div className=""hero-orb hero-orb--2"" /> </div> <C","Page","frontend\src\app\colleges\CollegesClient.jsx","FALLBACK_CONSTANT","INTERNAL_TECHNICAL_OR_SAFE_UI","SAFE","L2_FILTERED"
"NUM_2933","1","1","count"," </span> <h1 className=""list-hero-title""> ","Page","frontend\src\app\colleges\CollegesClient.jsx","FALLBACK_CONSTANT","INTERNAL_TECHNICAL_OR_SAFE_UI","SAFE","L2_FILTERED"
"NUM_2934","1","1","count","zed for clarity""} </h1> <p className=""list-","Page","frontend\src\app\colleges\CollegesClient.jsx","FALLBACK_CONSTANT","INTERNAL_TECHNICAL_OR_SAFE_UI","SAFE","L2_FILTERED"
"NUM_2936","0","0","count","ngth ? displayColleges.length.toLocaleString() : ""0"")} </span> ","Page","frontend\src\app\colleges\CollegesClient.jsx","FALLBACK_CONSTANT","INTERNAL_TECHNICAL_OR_SAFE_UI","SAFE","L2_FILTERED"
"NUM_2942","3","3","count","le-filter-header""> <h3>Filters</h3> <button","Page","frontend\src\app\colleges\CollegesClient.jsx","FALLBACK_CONSTANT","INTERNAL_TECHNICAL_OR_SAFE_UI","SAFE","L2_FILTERED"
"NUM_2943","3","3","count","ader""> <h3>Filters</h3> <button className=""","Page","frontend\src\app\colleges\CollegesClient.jsx","FALLBACK_CONSTANT","INTERNAL_TECHNICAL_OR_SAFE_UI","SAFE","L2_FILTERED"
"NUM_2967","1","1","count"," onSearch={(q) => { setQuery(q); setPage(1); }} onChange={(","Page","frontend\src\app\colleges\CollegesClient.jsx","COMPUTED_FRONTEND","INTERNAL_TECHNICAL_OR_SAFE_UI","SAFE","L2_FILTERED"
"NUM_2968","1","1","count"," onChange={(q) => { setQuery(q); setPage(1); }} initialValu","Page","frontend\src\app\colleges\CollegesClient.jsx","COMPUTED_FRONTEND","INTERNAL_TECHNICAL_OR_SAFE_UI","SAFE","L2_FILTERED"
"NUM_2974","0","0","count"," {!error && suggestions.length > 0 && ( <div classN","Page","frontend\src\app\colleges\CollegesClient.jsx","FALLBACK_CONSTANT","INTERNAL_TECHNICAL_OR_SAFE_UI","SAFE","L2_FILTERED"
"NUM_2975","4","4","count"," <div className=""mt-4 text-center""> ","Page","frontend\src\app\colleges\CollegesClient.jsx","FALLBACK_CONSTANT","INTERNAL_TECHNICAL_OR_SAFE_UI","SAFE","L2_FILTERED"
"NUM_2976","600","600","count"," <p className=""text-gray-600 mb-2"">Did you mean?</p> ","Page","frontend\src\app\colleges\CollegesClient.jsx","FALLBACK_CONSTANT","INTERNAL_TECHNICAL_OR_SAFE_UI","SAFE","L2_FILTERED"
"NUM_2977","2","2","count"," <p className=""text-gray-600 mb-2"">Did you mean?</p> ","Page","frontend\src\app\colleges\CollegesClient.jsx","FALLBACK_CONSTANT","INTERNAL_TECHNICAL_OR_SAFE_UI","SAFE","L2_FILTERED"
"NUM_2979","1","1","count"," setPage(1); ","Page","frontend\src\app\colleges\CollegesClient.jsx","FALLBACK_CONSTANT","INTERNAL_TECHNICAL_OR_SAFE_UI","SAFE","L2_FILTERED"
"NUM_2988","3","3","count"," college.rankingTier || 'Tier 3', ","Page","frontend\src\app\colleges\CollegesClient.jsx","FALLBACK_CONSTANT","HARDCODED_UNVERIFIED","REVIEW","L3_FACTUAL"
"NUM_2991","1","1","count"," {pagination && pagination.totalPages > 1 && ( <Pagination","Page","frontend\src\app\colleges\CollegesClient.jsx","FALLBACK_CONSTANT","INTERNAL_TECHNICAL_OR_SAFE_UI","SAFE","L2_FILTERED"
"NUM_2994","1","1","count"," <div className=""hero-orb hero-orb--1"" /> <div className=""hero-orb","Page","frontend\src\app\colleges\loading.jsx","FALLBACK_CONSTANT","INTERNAL_TECHNICAL_OR_SAFE_UI","SAFE","L2_FILTERED"
"NUM_2995","2","2","count"," <div className=""hero-orb hero-orb--2"" /> </div> <Con","Page","frontend\src\app\colleges\loading.jsx","FALLBACK_CONSTANT","INTERNAL_TECHNICAL_OR_SAFE_UI","SAFE","L2_FILTERED"
"NUM_3008","12","12","count"," <section className=""list-results pt-12""> <Container> ","Page","frontend\src\app\colleges\loading.jsx","FALLBACK_CONSTANT","INTERNAL_TECHNICAL_OR_SAFE_UI","SAFE","L2_FILTERED"
"NUM_3355","18,","18","count","an params for API const params = { limit: 18, page: searchParams.page || 1, state: se","Page","frontend\src\app\colleges\page.js","FALLBACK_CONSTANT","INTERNAL_TECHNICAL_OR_SAFE_UI","SAFE","L2_FILTERED"
"NUM_3356","1,","1","count","{ limit: 18, page: searchParams.page || 1, state: searchParams.state !== 'All' ? search","Page","frontend\src\app\colleges\page.js","FALLBACK_CONSTANT","INTERNAL_TECHNICAL_OR_SAFE_UI","SAFE","L2_FILTERED"
"NUM_3438","100","100","count"," /lpa/i.test(text); const factor = isCr ? 100 : 1; // 1. Range Detect (e.g. ""15-25 LPA","Page","frontend\src\app\compare\CompareClient.jsx","FALLBACK_CONSTANT","INTERNAL_TECHNICAL_OR_SAFE_UI","SAFE","L2_FILTERED"
"NUM_3439","1","1","count","i.test(text); const factor = isCr ? 100 : 1; // 1. Range Detect (e.g. ""15-25 LPA"") ","Page","frontend\src\app\compare\CompareClient.jsx","FALLBACK_CONSTANT","INTERNAL_TECHNICAL_OR_SAFE_UI","SAFE","L2_FILTERED"
"NUM_3440","1.","1.","count"," const factor = isCr ? 100 : 1; // 1. Range Detect (e.g. ""15-25 LPA"") const ran","Page","frontend\src\app\compare\CompareClient.jsx","FALLBACK_CONSTANT","INTERNAL_TECHNICAL_OR_SAFE_UI","SAFE","L2_FILTERED"
"NUM_3453","2.","2.","count","${low}–${high} LPA` : null; } // 2. Plus Detect (e.g. ""50+ LPA"") const plusMa","Page","frontend\src\app\compare\CompareClient.jsx","COMPUTED_FRONTEND","INTERNAL_TECHNICAL_OR_SAFE_UI","SAFE","L2_FILTERED"
"NUM_3454","50+","50","count+","null; } // 2. Plus Detect (e.g. ""50+ LPA"") const plusMatch = text.match(/([0-9","Page","frontend\src\app\compare\CompareClient.jsx","FALLBACK_CONSTANT","INTERNAL_TECHNICAL_OR_SAFE_UI","SAFE","L2_FILTERED"
"NUM_3455","0","0","count","50+ LPA"") const plusMatch = text.match(/([0-9]+(?:\.[0-9]+)?)\s*\+/); if (plusMatch &","Page","frontend\src\app\compare\CompareClient.jsx","FALLBACK_CONSTANT","INTERNAL_TECHNICAL_OR_SAFE_UI","SAFE","L2_FILTERED"
"NUM_3456","9","9","count","+ LPA"") const plusMatch = text.match(/([0-9]+(?:\.[0-9]+)?)\s*\+/); if (plusMatch && ","Page","frontend\src\app\compare\CompareClient.jsx","FALLBACK_CONSTANT","INTERNAL_TECHNICAL_OR_SAFE_UI","SAFE","L2_FILTERED"
"NUM_3457","0","0","count"," const plusMatch = text.match(/([0-9]+(?:\.[0-9]+)?)\s*\+/); if (plusMatch && (isLpa ||","Page","frontend\src\app\compare\CompareClient.jsx","FALLBACK_CONSTANT","INTERNAL_TECHNICAL_OR_SAFE_UI","SAFE","L2_FILTERED"
"NUM_3458","9","9","count"," const plusMatch = text.match(/([0-9]+(?:\.[0-9]+)?)\s*\+/); if (plusMatch && (isLpa || i","Page","frontend\src\app\compare\CompareClient.jsx","FALLBACK_CONSTANT","INTERNAL_TECHNICAL_OR_SAFE_UI","SAFE","L2_FILTERED"
"NUM_3460","3.","3.","count","um ? `₹${num}+ LPA` : null; } // 3. Single Number Detect (Fallback to existing logic)","Page","frontend\src\app\compare\CompareClient.jsx","COMPUTED_FRONTEND","INTERNAL_TECHNICAL_OR_SAFE_UI","SAFE","L2_FILTERED"
"NUM_3461","0","0","count","| isCr) { const match = text.match(/([0-9]+(?:\.[0-9]+)?)/); if (!match) retu","Page","frontend\src\app\compare\CompareClient.jsx","FALLBACK_CONSTANT","INTERNAL_TECHNICAL_OR_SAFE_UI","SAFE","L2_FILTERED"
"NUM_3462","9","9","count","isCr) { const match = text.match(/([0-9]+(?:\.[0-9]+)?)/); if (!match) return","Page","frontend\src\app\compare\CompareClient.jsx","FALLBACK_CONSTANT","INTERNAL_TECHNICAL_OR_SAFE_UI","SAFE","L2_FILTERED"
"NUM_3463","0","0","count"," const match = text.match(/([0-9]+(?:\.[0-9]+)?)/); if (!match) return null; ","Page","frontend\src\app\compare\CompareClient.jsx","FALLBACK_CONSTANT","INTERNAL_TECHNICAL_OR_SAFE_UI","SAFE","L2_FILTERED"
"NUM_3464","9","9","count"," const match = text.match(/([0-9]+(?:\.[0-9]+)?)/); if (!match) return null; ","Page","frontend\src\app\compare\CompareClient.jsx","FALLBACK_CONSTANT","INTERNAL_TECHNICAL_OR_SAFE_UI","SAFE","L2_FILTERED"
"NUM_3466","0.5","0.5","count"," = Number(match[1]) * factor; if (n < 0.5 || n > 500) return null; const clean ","Page","frontend\src\app\compare\CompareClient.jsx","FALLBACK_CONSTANT","INTERNAL_TECHNICAL_OR_SAFE_UI","SAFE","L2_FILTERED"
"NUM_3467","500","500","count","atch[1]) * factor; if (n < 0.5 || n > 500) return null; const clean = formatCle","Page","frontend\src\app\compare\CompareClient.jsx","FALLBACK_CONSTANT","INTERNAL_TECHNICAL_OR_SAFE_UI","SAFE","L2_FILTERED"
"NUM_3468","0","0","count"," Number(raw); if (!Number.isFinite(n) || n <= 0) return null; let unitType = null; // R","Page","frontend\src\app\compare\CompareClient.jsx","FALLBACK_CONSTANT","INTERNAL_TECHNICAL_OR_SAFE_UI","SAFE","L2_FILTERED"
"NUM_3469","1","1","count","turn null; let unitType = null; // RISK 1: Explicit INR const isExplicitINR = ","Page","frontend\src\app\compare\CompareClient.jsx","FALLBACK_CONSTANT","INTERNAL_TECHNICAL_OR_SAFE_UI","SAFE","L2_FILTERED"
"NUM_3471","100000","100000","count","if (isExplicitINR && n >= 1000) { n = n / 100000; unitType = ""LPA""; } if (!unitTy","Page","frontend\src\app\compare\CompareClient.jsx","COMPUTED_FRONTEND","API_DERIVED_UNVERIFIED","SAFE","L3_FACTUAL"
"NUM_3472","100","100","count","= ""CR"" || unit === ""CRORE"") { n = n * 100; unitType = ""LPA""; } else { ","Page","frontend\src\app\compare\CompareClient.jsx","COMPUTED_FRONTEND","INTERNAL_TECHNICAL_OR_SAFE_UI","SAFE","L2_FILTERED"
"NUM_3473","0.5","0.5","count"," return null; } } if (n < 0.5 || n > 500) return null; const cleanNum = for","Page","frontend\src\app\compare\CompareClient.jsx","FALLBACK_CONSTANT","INTERNAL_TECHNICAL_OR_SAFE_UI","SAFE","L2_FILTERED"
"NUM_3474","500","500","count","urn null; } } if (n < 0.5 || n > 500) return null; const cleanNum = formatCleanNum","Page","frontend\src\app\compare\CompareClient.jsx","FALLBACK_CONSTANT","INTERNAL_TECHNICAL_OR_SAFE_UI","SAFE","L2_FILTERED"
"NUM_3475","0","0","count"," null; if (typeof val === 'number' && val === 0) return null; const s = String(val).toLowerC","Page","frontend\src\app\compare\CompareClient.jsx","FALLBACK_CONSTANT","INTERNAL_TECHNICAL_OR_SAFE_UI","SAFE","L2_FILTERED"
"NUM_3476","0","0","count","s || null; const n = parseFloat(s.replace(/[^0-9.]/g, """")); if (isNaN(n) || n <= 0) return s","Page","frontend\src\app\compare\CompareClient.jsx","FALLBACK_CONSTANT","INTERNAL_TECHNICAL_OR_SAFE_UI","SAFE","L2_FILTERED"
"NUM_3477","9.","9.","count","|| null; const n = parseFloat(s.replace(/[^0-9.]/g, """")); if (isNaN(n) || n <= 0) return s; /","Page","frontend\src\app\compare\CompareClient.jsx","FALLBACK_CONSTANT","INTERNAL_TECHNICAL_OR_SAFE_UI","SAFE","L2_FILTERED"
"NUM_3478","0","0","count","eplace(/[^0-9.]/g, """")); if (isNaN(n) || n <= 0) return s; // Return raw string if not purely num","Page","frontend\src\app\compare\CompareClient.jsx","FALLBACK_CONSTANT","INTERNAL_TECHNICAL_OR_SAFE_UI","SAFE","L2_FILTERED"
"NUM_3479","500","500","count","l number, it might be LPA (misplaced) if (n < 500 && (s.includes(""lpa"") || s.includes(""lakh""))) ret","Page","frontend\src\app\compare\CompareClient.jsx","FALLBACK_CONSTANT","INTERNAL_TECHNICAL_OR_SAFE_UI","SAFE","L2_FILTERED"
"NUM_3481","15","15","count","range/plus handling // If it's a range like ""₹15–25 LPA"", we take the first number (conservative l","Page","frontend\src\app\compare\CompareClient.jsx","FALLBACK_CONSTANT","INTERNAL_TECHNICAL_OR_SAFE_UI","SAFE","L2_FILTERED"
"NUM_3482","25","25","count","ge/plus handling // If it's a range like ""₹15–25 LPA"", we take the first number (conservative lowe","Page","frontend\src\app\compare\CompareClient.jsx","FALLBACK_CONSTANT","INTERNAL_TECHNICAL_OR_SAFE_UI","SAFE","L2_FILTERED"
"NUM_3483","0","0","count","lower bound) const match = String(s).match(/([0-9]+(?:\.[0-9]+)?)/); if (!match) return null;","Page","frontend\src\app\compare\CompareClient.jsx","FALLBACK_CONSTANT","INTERNAL_TECHNICAL_OR_SAFE_UI","SAFE","L2_FILTERED"
"NUM_3484","9","9","count","wer bound) const match = String(s).match(/([0-9]+(?:\.[0-9]+)?)/); if (!match) return null; ","Page","frontend\src\app\compare\CompareClient.jsx","FALLBACK_CONSTANT","INTERNAL_TECHNICAL_OR_SAFE_UI","SAFE","L2_FILTERED"
"NUM_3485","0","0","count",") const match = String(s).match(/([0-9]+(?:\.[0-9]+)?)/); if (!match) return null; c","Page","frontend\src\app\compare\CompareClient.jsx","FALLBACK_CONSTANT","INTERNAL_TECHNICAL_OR_SAFE_UI","SAFE","L2_FILTERED"
"NUM_3486","9","9","count"," const match = String(s).match(/([0-9]+(?:\.[0-9]+)?)/); if (!match) return null; con","Page","frontend\src\app\compare\CompareClient.jsx","FALLBACK_CONSTANT","INTERNAL_TECHNICAL_OR_SAFE_UI","SAFE","L2_FILTERED"
"NUM_3488","100","100","count","s.includes(""Cr"") || s.includes(""CPA"")) return n * 100; return n; } function getField(c, field) { ","Page","frontend\src\app\compare\CompareClient.jsx","FALLBACK_CONSTANT","INTERNAL_TECHNICAL_OR_SAFE_UI","SAFE","L2_FILTERED"
"NUM_3489","2","2","count","j.ceiScore != null ? Number(obj.ceiScore).toFixed(2) : null; return { display: v }; } ","Page","frontend\src\app\compare\CompareClient.jsx","API_DERIVED","INTERNAL_TECHNICAL_OR_SAFE_UI","SAFE","L2_FILTERED"
"NUM_3498","3","3","count","───────────── function Skeleton() { const C = 3; return ( <div className=""arena-page""","Page","frontend\src\app\compare\CompareClient.jsx","FALLBACK_CONSTANT","INTERNAL_TECHNICAL_OR_SAFE_UI","SAFE","L2_FILTERED"
"NUM_3499","3","3","count","e=""arena-hero""> <div className=""h-3 w-20 bg-slate-200 rounded-full mb-4 animate-pulse","Page","frontend\src\app\compare\CompareClient.jsx","FALLBACK_CONSTANT","INTERNAL_TECHNICAL_OR_SAFE_UI","SAFE","L2_FILTERED"
"NUM_3500","20","20","count","rena-hero""> <div className=""h-3 w-20 bg-slate-200 rounded-full mb-4 animate-pulse"" /> ","Page","frontend\src\app\compare\CompareClient.jsx","FALLBACK_CONSTANT","INTERNAL_TECHNICAL_OR_SAFE_UI","SAFE","L2_FILTERED"
"NUM_3501","200","200","count"," <div className=""h-3 w-20 bg-slate-200 rounded-full mb-4 animate-pulse"" /> ","Page","frontend\src\app\compare\CompareClient.jsx","FALLBACK_CONSTANT","INTERNAL_TECHNICAL_OR_SAFE_UI","SAFE","L2_FILTERED"
"NUM_3502","4","4","count"," className=""h-3 w-20 bg-slate-200 rounded-full mb-4 animate-pulse"" /> <div className=","Page","frontend\src\app\compare\CompareClient.jsx","FALLBACK_CONSTANT","INTERNAL_TECHNICAL_OR_SAFE_UI","SAFE","L2_FILTERED"
"NUM_3503","16","16","count","imate-pulse"" /> <div className=""h-16 w-2/5 bg-slate-200 rounded-2xl animate-pulse"" /> ","Page","frontend\src\app\compare\CompareClient.jsx","FALLBACK_CONSTANT","INTERNAL_TECHNICAL_OR_SAFE_UI","SAFE","L2_FILTERED"
"NUM_3504","2","2","count","-pulse"" /> <div className=""h-16 w-2/5 bg-slate-200 rounded-2xl animate-pulse"" /> ","Page","frontend\src\app\compare\CompareClient.jsx","FALLBACK_CONSTANT","INTERNAL_TECHNICAL_OR_SAFE_UI","SAFE","L2_FILTERED"
"NUM_3505","5","5","count","ulse"" /> <div className=""h-16 w-2/5 bg-slate-200 rounded-2xl animate-pulse"" /> ","Page","frontend\src\app\compare\CompareClient.jsx","FALLBACK_CONSTANT","INTERNAL_TECHNICAL_OR_SAFE_UI","SAFE","L2_FILTERED"
"NUM_3506","200","200","count"," <div className=""h-16 w-2/5 bg-slate-200 rounded-2xl animate-pulse"" /> </div> ","Page","frontend\src\app\compare\CompareClient.jsx","FALLBACK_CONSTANT","INTERNAL_TECHNICAL_OR_SAFE_UI","SAFE","L2_FILTERED"
"NUM_3507","2","2","count"," <div className=""h-16 w-2/5 bg-slate-200 rounded-2xl animate-pulse"" /> </div> ","Page","frontend\src\app\compare\CompareClient.jsx","FALLBACK_CONSTANT","INTERNAL_TECHNICAL_OR_SAFE_UI","SAFE","L2_FILTERED"
"NUM_3508","32","32","count"," <div className=""h-32 bg-slate-100 rounded-2xl animate-pulse"" /> ","Page","frontend\src\app\compare\CompareClient.jsx","FALLBACK_CONSTANT","INTERNAL_TECHNICAL_OR_SAFE_UI","SAFE","L2_FILTERED"
"NUM_3509","100","100","count"," <div className=""h-32 bg-slate-100 rounded-2xl animate-pulse"" /> ","Page","frontend\src\app\compare\CompareClient.jsx","FALLBACK_CONSTANT","INTERNAL_TECHNICAL_OR_SAFE_UI","SAFE","L2_FILTERED"
"NUM_3510","2","2","count"," <div className=""h-32 bg-slate-100 rounded-2xl animate-pulse"" /> ","Page","frontend\src\app\compare\CompareClient.jsx","FALLBACK_CONSTANT","INTERNAL_TECHNICAL_OR_SAFE_UI","SAFE","L2_FILTERED"
"NUM_3511","3","3","count"," <div className=""h-3 w-20 bg-slate-200 rounded animate-pulse mb-1"" /> ","Page","frontend\src\app\compare\CompareClient.jsx","FALLBACK_CONSTANT","INTERNAL_TECHNICAL_OR_SAFE_UI","SAFE","L2_FILTERED"
"NUM_3512","20","20","count"," <div className=""h-3 w-20 bg-slate-200 rounded animate-pulse mb-1"" /> ","Page","frontend\src\app\compare\CompareClient.jsx","FALLBACK_CONSTANT","INTERNAL_TECHNICAL_OR_SAFE_UI","SAFE","L2_FILTERED"
"NUM_3513","200","200","count"," <div className=""h-3 w-20 bg-slate-200 rounded animate-pulse mb-1"" /> ","Page","frontend\src\app\compare\CompareClient.jsx","FALLBACK_CONSTANT","INTERNAL_TECHNICAL_OR_SAFE_UI","SAFE","L2_FILTERED"
"NUM_3514","1","1","count","e=""h-3 w-20 bg-slate-200 rounded animate-pulse mb-1"" /> <div clas","Page","frontend\src\app\compare\CompareClient.jsx","FALLBACK_CONSTANT","INTERNAL_TECHNICAL_OR_SAFE_UI","SAFE","L2_FILTERED"
"NUM_3515","2","2","count"," <div className=""h-2 w-14 bg-slate-100 rounded animate-pulse"" /> ","Page","frontend\src\app\compare\CompareClient.jsx","FALLBACK_CONSTANT","INTERNAL_TECHNICAL_OR_SAFE_UI","SAFE","L2_FILTERED"
"NUM_3516","14","14","count"," <div className=""h-2 w-14 bg-slate-100 rounded animate-pulse"" /> ","Page","frontend\src\app\compare\CompareClient.jsx","FALLBACK_CONSTANT","INTERNAL_TECHNICAL_OR_SAFE_UI","SAFE","L2_FILTERED"
"NUM_3517","100","100","count"," <div className=""h-2 w-14 bg-slate-100 rounded animate-pulse"" /> ","Page","frontend\src\app\compare\CompareClient.jsx","FALLBACK_CONSTANT","INTERNAL_TECHNICAL_OR_SAFE_UI","SAFE","L2_FILTERED"
"NUM_3518","12","12","count"," <div className=""h-12 w-24 bg-slate-100 rounded-xl animate-pulse mx-aut","Page","frontend\src\app\compare\CompareClient.jsx","FALLBACK_CONSTANT","INTERNAL_TECHNICAL_OR_SAFE_UI","SAFE","L2_FILTERED"
"NUM_3519","24","24","count"," <div className=""h-12 w-24 bg-slate-100 rounded-xl animate-pulse mx-auto"" />","Page","frontend\src\app\compare\CompareClient.jsx","FALLBACK_CONSTANT","INTERNAL_TECHNICAL_OR_SAFE_UI","SAFE","L2_FILTERED"
"NUM_3520","100","100","count"," <div className=""h-12 w-24 bg-slate-100 rounded-xl animate-pulse mx-auto"" /> ","Page","frontend\src\app\compare\CompareClient.jsx","FALLBACK_CONSTANT","INTERNAL_TECHNICAL_OR_SAFE_UI","SAFE","L2_FILTERED"
"NUM_3521","0","0","count","rator(); if (isLoading && pinnedIds.length > 0 && pinnedColleges.length === 0) return <Skeleton ","Page","frontend\src\app\compare\CompareClient.jsx","FALLBACK_CONSTANT","INTERNAL_TECHNICAL_OR_SAFE_UI","SAFE","L2_FILTERED"
"NUM_3522","0","0","count","pinnedIds.length > 0 && pinnedColleges.length === 0) return <Skeleton />; if (pinnedColleges.len","Page","frontend\src\app\compare\CompareClient.jsx","FALLBACK_CONSTANT","INTERNAL_TECHNICAL_OR_SAFE_UI","SAFE","L2_FILTERED"
"NUM_3523","0","0","count"," <Skeleton />; if (pinnedColleges.length === 0) { return ( <div className=""a","Page","frontend\src\app\compare\CompareClient.jsx","FALLBACK_CONSTANT","INTERNAL_TECHNICAL_OR_SAFE_UI","SAFE","L2_FILTERED"
"NUM_3529","3","3","count","y"" description=""Add up to 3 institutions from the registry to begin a head-to","Page","frontend\src\app\compare\CompareClient.jsx","FALLBACK_CONSTANT","INTERNAL_TECHNICAL_OR_SAFE_UI","SAFE","L2_FILTERED"
"NUM_3533","1","1","count","mparison </div> <h1 className=""hero-title"">Compare<br/>Colleges</h1> ","Page","frontend\src\app\compare\CompareClient.jsx","FALLBACK_CONSTANT","INTERNAL_TECHNICAL_OR_SAFE_UI","SAFE","L2_FILTERED"
"NUM_3534","1","1","count","<h1 className=""hero-title"">Compare<br/>Colleges</h1> <p className=""hero-sub"">Evaluati","Page","frontend\src\app\compare\CompareClient.jsx","FALLBACK_CONSTANT","INTERNAL_TECHNICAL_OR_SAFE_UI","SAFE","L2_FILTERED"
"NUM_3897","5","5","count","Colleges | CEI"", description: ""Compare up to 5 institutions side-by-side on verified fees, place","Page","frontend\src\app\compare\page.js","FALLBACK_CONSTANT","INTERNAL_TECHNICAL_OR_SAFE_UI","SAFE","L2_FILTERED"
"NUM_4322","2.","2.","count","dashboard-reboot-container""> {/* 2. INTELLIGENCE HUD */} <header cla","Page","frontend\src\app\dashboard\page.js","COMPUTED_FRONTEND","INTERNAL_TECHNICAL_OR_SAFE_UI","SAFE","L2_FILTERED"
"NUM_4328","1","1","count","Name=""iq-header-node""> <h1>{getTimeGreeting()}.</h1> ","Page","frontend\src\app\dashboard\page.js","COMPUTED_FRONTEND","INTERNAL_TECHNICAL_OR_SAFE_UI","SAFE","L2_FILTERED"
"NUM_4329","1","1","count"," <h1>{getTimeGreeting()}.</h1> <p> ","Page","frontend\src\app\dashboard\page.js","COMPUTED_FRONTEND","INTERNAL_TECHNICAL_OR_SAFE_UI","SAFE","L2_FILTERED"
"NUM_4332","0","0","count"," {colleges.length > 0 ? `Ready to","Page","frontend\src\app\dashboard\page.js","FALLBACK_CONSTANT","INTERNAL_TECHNICAL_OR_SAFE_UI","SAFE","L2_FILTERED"
"NUM_4336","3.","3.","count"," </header> {/* 3. SWITCHBOARD NAVIGATION */} <nav ","Page","frontend\src\app\dashboard\page.js","COMPUTED_FRONTEND","INTERNAL_TECHNICAL_OR_SAFE_UI","SAFE","L2_FILTERED"
"NUM_4343","4.","4.","count","n> </nav> {/* 4. CORE ENGINE CONTENT */} <section","Page","frontend\src\app\dashboard\page.js","COMPUTED_FRONTEND","INTERNAL_TECHNICAL_OR_SAFE_UI","SAFE","L2_FILTERED"
"NUM_4344","4","4","count"," <div className=""iq-card iq-card-span-4""> <IdentityPulse","Page","frontend\src\app\dashboard\page.js","FALLBACK_CONSTANT","INTERNAL_TECHNICAL_OR_SAFE_UI","SAFE","L2_FILTERED"
"NUM_4345","8","8","count"," <div className=""iq-card iq-card-span-8""> {intelLoading ","Page","frontend\src\app\dashboard\page.js","FALLBACK_CONSTANT","INTERNAL_TECHNICAL_OR_SAFE_UI","SAFE","L2_FILTERED"
"NUM_4347","12","12","count"," <div className=""iq-card iq-card-span-12""> {intelLoading ","Page","frontend\src\app\dashboard\page.js","FALLBACK_CONSTANT","INTERNAL_TECHNICAL_OR_SAFE_UI","SAFE","L2_FILTERED"
"NUM_4349","12","12","count"," <div className=""iq-card iq-card-span-12""> <h3 className=""iq-","Page","frontend\src\app\dashboard\page.js","FALLBACK_CONSTANT","INTERNAL_TECHNICAL_OR_SAFE_UI","SAFE","L2_FILTERED"
"NUM_4350","3","3","count"," iq-card-span-12""> <h3 className=""iq-card-title""><Bookmark /> Your Strat","Page","frontend\src\app\dashboard\page.js","FALLBACK_CONSTANT","INTERNAL_TECHNICAL_OR_SAFE_UI","SAFE","L2_FILTERED"
"NUM_4351","3","3","count","d-title""><Bookmark /> Your Strategic Priorities</h3> <div className=""iq-","Page","frontend\src\app\dashboard\page.js","FALLBACK_CONSTANT","INTERNAL_TECHNICAL_OR_SAFE_UI","SAFE","L2_FILTERED"
"NUM_4352","0","0","count"," {localList.length === 0 && colleges.length === 0 ? ( ","Page","frontend\src\app\dashboard\page.js","FALLBACK_CONSTANT","INTERNAL_TECHNICAL_OR_SAFE_UI","SAFE","L2_FILTERED"
"NUM_4353","0","0","count"," {localList.length === 0 && colleges.length === 0 ? ( <p class","Page","frontend\src\app\dashboard\page.js","FALLBACK_CONSTANT","INTERNAL_TECHNICAL_OR_SAFE_UI","SAFE","L2_FILTERED"
"NUM_4354","8","8","count"," <p className=""p-8 text-center text-muted"">No priorities set. Explor","Page","frontend\src\app\dashboard\page.js","FALLBACK_CONSTANT","INTERNAL_TECHNICAL_OR_SAFE_UI","SAFE","L2_FILTERED"
"NUM_4355","0","0","count"," {(c.name || c.shortName || ""C"").charAt(0)} ","Page","frontend\src\app\dashboard\page.js","COMPUTED_FRONTEND","INTERNAL_TECHNICAL_OR_SAFE_UI","SAFE","L2_FILTERED"
"NUM_4357","4","4","count",""">{c.name || c.shortName || ""Strategic Choice""}</h4> ","Page","frontend\src\app\dashboard\page.js","COMPUTED_FRONTEND","INTERNAL_TECHNICAL_OR_SAFE_UI","SAFE","L2_FILTERED"
"NUM_4359","12","12","count"," <div className=""iq-card iq-card-span-12""> <h3 className=""iq-","Page","frontend\src\app\dashboard\page.js","FALLBACK_CONSTANT","INTERNAL_TECHNICAL_OR_SAFE_UI","SAFE","L2_FILTERED"
"NUM_4364","1000","1000","count"," const diffDays = Math.ceil(diffTime / (1000 * 60 * 60 * 24)); ","Page","frontend\src\app\dashboard\page.js","FALLBACK_CONSTANT","INTERNAL_TECHNICAL_OR_SAFE_UI","SAFE","L2_FILTERED"
"NUM_4365","60","60","count"," const diffDays = Math.ceil(diffTime / (1000 * 60 * 60 * 24)); ","Page","frontend\src\app\dashboard\page.js","FALLBACK_CONSTANT","INTERNAL_TECHNICAL_OR_SAFE_UI","SAFE","L2_FILTERED"
"NUM_4366","60","60","count","onst diffDays = Math.ceil(diffTime / (1000 * 60 * 60 * 24)); ","Page","frontend\src\app\dashboard\page.js","FALLBACK_CONSTANT","INTERNAL_TECHNICAL_OR_SAFE_UI","SAFE","L2_FILTERED"
"NUM_4367","24","24","count","diffDays = Math.ceil(diffTime / (1000 * 60 * 60 * 24)); const","Page","frontend\src\app\dashboard\page.js","FALLBACK_CONSTANT","INTERNAL_TECHNICAL_OR_SAFE_UI","SAFE","L2_FILTERED"
"NUM_4368","0","0","count"," const isUrgent = diffDays > 0 && diffDays <= 7; ","Page","frontend\src\app\dashboard\page.js","FALLBACK_CONSTANT","INTERNAL_TECHNICAL_OR_SAFE_UI","SAFE","L2_FILTERED"
"NUM_4369","7","7","count"," const isUrgent = diffDays > 0 && diffDays <= 7; const i","Page","frontend\src\app\dashboard\page.js","FALLBACK_CONSTANT","INTERNAL_TECHNICAL_OR_SAFE_UI","SAFE","L2_FILTERED"
"NUM_4370","0","0","count"," const isOverdue = diffDays <= 0; retur","Page","frontend\src\app\dashboard\page.js","FALLBACK_CONSTANT","INTERNAL_TECHNICAL_OR_SAFE_UI","SAFE","L2_FILTERED"
"NUM_4376","500","500","count","-bold ${isUrgent ? 'text-orange-500' : 'text-blue-500'}`}> ","Page","frontend\src\app\dashboard\page.js","COMPUTED_FRONTEND","INTERNAL_TECHNICAL_OR_SAFE_UI","SAFE","L2_FILTERED"
"NUM_4377","6","6","count"," <div className=""iq-card iq-card-span-6""> <h3 className=","Page","frontend\src\app\dashboard\page.js","FALLBACK_CONSTANT","INTERNAL_TECHNICAL_OR_SAFE_UI","SAFE","L2_FILTERED"
"NUM_4378","3","3","count","-card-span-6""> <h3 className=""iq-card-title""><User /> Account Intell","Page","frontend\src\app\dashboard\page.js","FALLBACK_CONSTANT","INTERNAL_TECHNICAL_OR_SAFE_UI","SAFE","L2_FILTERED"
"NUM_4379","3","3","count","e=""iq-card-title""><User /> Account Intelligence</h3> <div className=","Page","frontend\src\app\dashboard\page.js","FALLBACK_CONSTANT","INTERNAL_TECHNICAL_OR_SAFE_UI","SAFE","L2_FILTERED"
"NUM_4380","6","6","count"," <div className=""iq-card iq-card-span-6""> <h3 className=","Page","frontend\src\app\dashboard\page.js","FALLBACK_CONSTANT","INTERNAL_TECHNICAL_OR_SAFE_UI","SAFE","L2_FILTERED"
"NUM_4921","2.","2.","count",": * 1. Rank — student's exam rank * 2. Preferences— branch, state, college type * 3.","Page","frontend\src\app\decision\page.js","FALLBACK_CONSTANT","INTERNAL_TECHNICAL_OR_SAFE_UI","SAFE","L2_FILTERED"
"NUM_4922","3.","3.","count","2. Preferences— branch, state, college type * 3. Budget — annual tuition budget slider * 4","Page","frontend\src\app\decision\page.js","FALLBACK_CONSTANT","INTERNAL_TECHNICAL_OR_SAFE_UI","SAFE","L2_FILTERED"
"NUM_4923","4.","4.","count",". Budget — annual tuition budget slider * 4. Career Goal— job / research / startup / abroad ","Page","frontend\src\app\decision\page.js","FALLBACK_CONSTANT","INTERNAL_TECHNICAL_OR_SAFE_UI","SAFE","L2_FILTERED"
"NUM_4924","100000","100000","count","; function formatBudget(val) { if (val >= 100000) return `₹${(val / 100000).toFixed(1)}L`; re","Page","frontend\src\app\decision\page.js","COMPUTED_FRONTEND","INTERNAL_TECHNICAL_OR_SAFE_UI","SAFE","L2_FILTERED"
"NUM_4925","100000","100000","count","(val) { if (val >= 100000) return `₹${(val / 100000).toFixed(1)}L`; return `₹${(val / 1000).toFi","Page","frontend\src\app\decision\page.js","COMPUTED_FRONTEND","INTERNAL_TECHNICAL_OR_SAFE_UI","SAFE","L2_FILTERED"
"NUM_4926","1","1","count","(val >= 100000) return `₹${(val / 100000).toFixed(1)}L`; return `₹${(val / 1000).toFixed(0)}K`; ","Page","frontend\src\app\decision\page.js","COMPUTED_FRONTEND","INTERNAL_TECHNICAL_OR_SAFE_UI","SAFE","L2_FILTERED"
"NUM_4929","2","2","count"," }) { return ( <div> <h2 className=""decision-card-title"">What's your exam ","Page","frontend\src\app\decision\page.js","FALLBACK_CONSTANT","INTERNAL_TECHNICAL_OR_SAFE_UI","SAFE","L2_FILTERED"
"NUM_4930","2","2","count","me=""decision-card-title"">What's your exam rank?</h2> <p className=""decision-card-subtitl","Page","frontend\src\app\decision\page.js","FALLBACK_CONSTANT","INTERNAL_TECHNICAL_OR_SAFE_UI","SAFE","L2_FILTERED"
"NUM_4944","25000","25000","count","ithin reach."" : value <= 25000 ? ""Strong rank — good NITs and IIITs are achievab","Page","frontend\src\app\decision\page.js","FALLBACK_CONSTANT","INTERNAL_TECHNICAL_OR_SAFE_UI","SAFE","L2_FILTERED"
"NUM_4945","100000","100000","count","ievable."" : value <= 100000 ? ""Competitive — state colleges and private Tier ","Page","frontend\src\app\decision\page.js","FALLBACK_CONSTANT","INTERNAL_TECHNICAL_OR_SAFE_UI","SAFE","L2_FILTERED"
"NUM_4946","1","1","count"," ? ""Competitive — state colleges and private Tier 1 options."" : ""Wid","Page","frontend\src\app\decision\page.js","FALLBACK_CONSTANT","INTERNAL_TECHNICAL_OR_SAFE_UI","SAFE","L2_FILTERED"
"NUM_4947","0","0","count"," onBranch(val); if (val.length > 0) { const filtered = COMMON_BRANCHES.","Page","frontend\src\app\decision\page.js","FALLBACK_CONSTANT","INTERNAL_TECHNICAL_OR_SAFE_UI","SAFE","L2_FILTERED"
"NUM_4948","0,","0","count",".toLowerCase().includes(val.toLowerCase())).slice(0, 6); setSuggestions(filtered); ","Page","frontend\src\app\decision\page.js","FALLBACK_CONSTANT","INTERNAL_TECHNICAL_OR_SAFE_UI","SAFE","L2_FILTERED"
"NUM_4949","6","6","count","LowerCase().includes(val.toLowerCase())).slice(0, 6); setSuggestions(filtered); ","Page","frontend\src\app\decision\page.js","FALLBACK_CONSTANT","INTERNAL_TECHNICAL_OR_SAFE_UI","SAFE","L2_FILTERED"
"NUM_4950","2","2","count"," } return ( <div> <h2 className=""decision-card-title"">Your Preferences<","Page","frontend\src\app\decision\page.js","FALLBACK_CONSTANT","INTERNAL_TECHNICAL_OR_SAFE_UI","SAFE","L2_FILTERED"
"NUM_4951","2","2","count","lassName=""decision-card-title"">Your Preferences</h2> <p className=""decision-card-subtitl","Page","frontend\src\app\decision\page.js","FALLBACK_CONSTANT","INTERNAL_TECHNICAL_OR_SAFE_UI","SAFE","L2_FILTERED"
"NUM_4952","0","0","count"," /> {suggestions.length > 0 && ( <div style={{ position:","Page","frontend\src\app\decision\page.js","FALLBACK_CONSTANT","INTERNAL_TECHNICAL_OR_SAFE_UI","SAFE","L2_FILTERED"
"NUM_4978","2","2","count"," } return ( <div> <h2 className=""decision-card-title"">Annual Tuition Bu","Page","frontend\src\app\decision\page.js","FALLBACK_CONSTANT","INTERNAL_TECHNICAL_OR_SAFE_UI","SAFE","L2_FILTERED"
"NUM_4979","2","2","count","ame=""decision-card-title"">Annual Tuition Budget</h2> <p className=""decision-card-subtitl","Page","frontend\src\app\decision\page.js","FALLBACK_CONSTANT","INTERNAL_TECHNICAL_OR_SAFE_UI","SAFE","L2_FILTERED"
"NUM_5019","2","2","count"," }) { return ( <div> <h2 className=""decision-card-title"">What's your caree","Page","frontend\src\app\decision\page.js","FALLBACK_CONSTANT","INTERNAL_TECHNICAL_OR_SAFE_UI","SAFE","L2_FILTERED"
"NUM_5020","2","2","count","=""decision-card-title"">What's your career goal?</h2> <p className=""decision-card-subtitl","Page","frontend\src\app\decision\page.js","FALLBACK_CONSTANT","INTERNAL_TECHNICAL_OR_SAFE_UI","SAFE","L2_FILTERED"
"NUM_5026","5","5","count","tep] = useState(0); // 0-3 = wizard, 4 = loading, 5 = results // Form state const [rank, ","Page","frontend\src\app\decision\page.js","FALLBACK_CONSTANT","INTERNAL_TECHNICAL_OR_SAFE_UI","SAFE","L2_FILTERED"
"NUM_5027","300000","300000","count","ther""); const [budget, setBudget] = useState(300000); const [careerGoal, setCareerGoal] = useSta","Page","frontend\src\app\decision\page.js","FALLBACK_CONSTANT","INTERNAL_TECHNICAL_OR_SAFE_UI","SAFE","L2_FILTERED"
"NUM_5043","1","1","count","owered </div> <h1>Find Your <span>Perfect College</span></h1> ","Page","frontend\src\app\decision\page.js","FALLBACK_CONSTANT","INTERNAL_TECHNICAL_OR_SAFE_UI","SAFE","L2_FILTERED"
"NUM_5044","1","1","count"," <h1>Find Your <span>Perfect College</span></h1> <p>CEI's decision engine scores","Page","frontend\src\app\decision\page.js","FALLBACK_CONSTANT","INTERNAL_TECHNICAL_OR_SAFE_UI","SAFE","L2_FILTERED"
"NUM_5045","68,000+","68000","count+"," <p>CEI's decision engine scores 68,000+ colleges against your profile and returns your be","Page","frontend\src\app\decision\page.js","FALLBACK_CONSTANT","INTERNAL_TECHNICAL_OR_SAFE_UI","SAFE","L2_FILTERED"
"NUM_5049","3","3","count","ision-loading-ring"" /> <h3>Analysing 68,000+ colleges…</h3> ","Page","frontend\src\app\decision\page.js","FALLBACK_CONSTANT","INTERNAL_TECHNICAL_OR_SAFE_UI","SAFE","L2_FILTERED"
"NUM_5050","68,000+","68000","count+","g-ring"" /> <h3>Analysing 68,000+ colleges…</h3> <p>Scorin","Page","frontend\src\app\decision\page.js","FALLBACK_CONSTANT","INTERNAL_TECHNICAL_OR_SAFE_UI","SAFE","L2_FILTERED"
"NUM_5051","3","3","count"," <h3>Analysing 68,000+ colleges…</h3> <p>Scoring CEI data, pl","Page","frontend\src\app\decision\page.js","FALLBACK_CONSTANT","INTERNAL_TECHNICAL_OR_SAFE_UI","SAFE","L2_FILTERED"
"NUM_5055","0","0","count"," {results.recommendations?.length === 0 ? ( <div className=""","Page","frontend\src\app\decision\page.js","FALLBACK_CONSTANT","INTERNAL_TECHNICAL_OR_SAFE_UI","SAFE","L2_FILTERED"
"NUM_5057","3","3","count","m' }}>🎓</div> <h3>No matches found</h3> ","Page","frontend\src\app\decision\page.js","FALLBACK_CONSTANT","INTERNAL_TECHNICAL_OR_SAFE_UI","SAFE","L2_FILTERED"
"NUM_5058","3","3","count"," <h3>No matches found</h3> <p>Try relaxing","Page","frontend\src\app\decision\page.js","FALLBACK_CONSTANT","INTERNAL_TECHNICAL_OR_SAFE_UI","SAFE","L2_FILTERED"
"NUM_5059","1","1","count","Card key={rec.collegeId || i} rec={rec} rank={i + 1} /> ))} ","Page","frontend\src\app\decision\page.js","API_DERIVED","INTERNAL_TECHNICAL_OR_SAFE_UI","SAFE","L2_FILTERED"
"NUM_5119","0.05","0.05","count","undefined, animation: `slideUp 0.3s ease ${rank * 0.05}s both` }} > {/* Rank Numbe","Page","frontend\src\app\decision\ResultCard.jsx","API_DERIVED","INTERNAL_TECHNICAL_OR_SAFE_UI","SAFE","L2_FILTERED"
"NUM_5122","3","3","count","div className=""dec-card-body""> <h3 className=""dec-card-name"">{rec.name}</h3> ","Page","frontend\src\app\decision\ResultCard.jsx","COMPUTED_FRONTEND","INTERNAL_TECHNICAL_OR_SAFE_UI","SAFE","L2_FILTERED"
"NUM_5123","3","3","count"," <h3 className=""dec-card-name"">{rec.name}</h3> {/* Chips */} ","Page","frontend\src\app\decision\ResultCard.jsx","COMPUTED_FRONTEND","INTERNAL_TECHNICAL_OR_SAFE_UI","SAFE","L2_FILTERED"
"NUM_5124","0","0","count","ier}</span>} {rec.ceiScore > 0 && <span className=""dec-pill dec-pill-cei"">CEI {r","Page","frontend\src\app\decision\ResultCard.jsx","FALLBACK_CONSTANT","INTERNAL_TECHNICAL_OR_SAFE_UI","SAFE","L2_FILTERED"
"NUM_5125","0","0","count","""dec-pill dec-pill-cei"">CEI {rec.ceiScore.toFixed(0)}</span>} {rec.dataConfidenc","Page","frontend\src\app\decision\ResultCard.jsx","API_DERIVED","INTERNAL_TECHNICAL_OR_SAFE_UI","SAFE","L2_FILTERED"
"NUM_5131","0","0","count","asons */} {rec.reasons?.length > 0 && ( <ul className=""dec-card","Page","frontend\src\app\decision\ResultCard.jsx","FALLBACK_CONSTANT","INTERNAL_TECHNICAL_OR_SAFE_UI","SAFE","L2_FILTERED"
"NUM_5146","0,","0","count"," }}> {rec.overview.slice(0, 300)}{rec.overview.length > 300 ? '…' : ''} ","Page","frontend\src\app\decision\ResultCard.jsx","COMPUTED_FRONTEND","INTERNAL_TECHNICAL_OR_SAFE_UI","SAFE","L2_FILTERED"
"NUM_5147","300","300","count","> {rec.overview.slice(0, 300)}{rec.overview.length > 300 ? '…' : ''} ","Page","frontend\src\app\decision\ResultCard.jsx","COMPUTED_FRONTEND","INTERNAL_TECHNICAL_OR_SAFE_UI","SAFE","L2_FILTERED"
"NUM_5148","300","300","count","rec.overview.slice(0, 300)}{rec.overview.length > 300 ? '…' : ''} </p> ","Page","frontend\src\app\decision\ResultCard.jsx","COMPUTED_FRONTEND","INTERNAL_TECHNICAL_OR_SAFE_UI","SAFE","L2_FILTERED"
"NUM_5154","0,","0","count"," Fee: {rec.tuition.slice(0, 12)} </div> ","Page","frontend\src\app\decision\ResultCard.jsx","COMPUTED_FRONTEND","INTERNAL_TECHNICAL_OR_SAFE_UI","SAFE","L2_FILTERED"
"NUM_5155","12","12","count"," Fee: {rec.tuition.slice(0, 12)} </div> )}","Page","frontend\src\app\decision\ResultCard.jsx","COMPUTED_FRONTEND","INTERNAL_TECHNICAL_OR_SAFE_UI","SAFE","L2_FILTERED"
"NUM_5388","3","3","count","pi/forecast/branch/:name"", description: ""3-year branch outlook (Growth | Stable | Declining)","Page","frontend\src\app\developers\page.js","FALLBACK_CONSTANT","INTERNAL_TECHNICAL_OR_SAFE_UI","SAFE","L2_FILTERED"
"NUM_5390","5","5","count","geId/:branch"", description: ""Monte Carlo 5-year salary trajectory (pessimistic / realistic /","Page","frontend\src\app\developers\page.js","FALLBACK_CONSTANT","INTERNAL_TECHNICAL_OR_SAFE_UI","SAFE","L2_FILTERED"
"NUM_5397","1","1","count","h1 className=""dev-hero-title"">CEI Developer API</h1> <p className=""dev-hero-sub""> ","Page","frontend\src\app\developers\page.js","FALLBACK_CONSTANT","INTERNAL_TECHNICAL_OR_SAFE_UI","SAFE","L2_FILTERED"
"NUM_5400","2","2","count","ction className=""dev-section""> <h2 className=""dev-section-title"">Base URL</h2> ","Page","frontend\src\app\developers\page.js","FALLBACK_CONSTANT","INTERNAL_TECHNICAL_OR_SAFE_UI","SAFE","L2_FILTERED"
"NUM_5401","2","2","count"," <h2 className=""dev-section-title"">Base URL</h2> <div className=""dev-code-block""","Page","frontend\src\app\developers\page.js","FALLBACK_CONSTANT","INTERNAL_TECHNICAL_OR_SAFE_UI","SAFE","L2_FILTERED"
"NUM_5402","2","2","count","ction className=""dev-section""> <h2 className=""dev-section-title"">Response Envelope</","Page","frontend\src\app\developers\page.js","FALLBACK_CONSTANT","INTERNAL_TECHNICAL_OR_SAFE_UI","SAFE","L2_FILTERED"
"NUM_5403","2","2","count","className=""dev-section-title"">Response Envelope</h2> <div className=""dev-code-block""","Page","frontend\src\app\developers\page.js","FALLBACK_CONSTANT","INTERNAL_TECHNICAL_OR_SAFE_UI","SAFE","L2_FILTERED"
"NUM_5404","1","1","count"," <pre>{`{ ""apiVersion"": ""v1"", ""generatedAt"": ""2026-02-28T10:30:00.000Z"", ","Page","frontend\src\app\developers\page.js","FALLBACK_CONSTANT","INTERNAL_TECHNICAL_OR_SAFE_UI","SAFE","L2_FILTERED"
"NUM_5405","2026","2026","count","pre>{`{ ""apiVersion"": ""v1"", ""generatedAt"": ""2026-02-28T10:30:00.000Z"", ""scoringVersion"": ""2026.","Page","frontend\src\app\developers\page.js","FALLBACK_CONSTANT","INTERNAL_TECHNICAL_OR_SAFE_UI","SAFE","L2_FILTERED"
"NUM_5406","02","02","count","`{ ""apiVersion"": ""v1"", ""generatedAt"": ""2026-02-28T10:30:00.000Z"", ""scoringVersion"": ""2026.02.","Page","frontend\src\app\developers\page.js","FALLBACK_CONSTANT","INTERNAL_TECHNICAL_OR_SAFE_UI","SAFE","L2_FILTERED"
"NUM_5407","28","28","count"," ""apiVersion"": ""v1"", ""generatedAt"": ""2026-02-28T10:30:00.000Z"", ""scoringVersion"": ""2026.02.28-","Page","frontend\src\app\developers\page.js","FALLBACK_CONSTANT","INTERNAL_TECHNICAL_OR_SAFE_UI","SAFE","L2_FILTERED"
"NUM_5408","10","10","count","""apiVersion"": ""v1"", ""generatedAt"": ""2026-02-28T10:30:00.000Z"", ""scoringVersion"": ""2026.02.28-v1""","Page","frontend\src\app\developers\page.js","FALLBACK_CONSTANT","INTERNAL_TECHNICAL_OR_SAFE_UI","SAFE","L2_FILTERED"
"NUM_5409","30","30","count","iVersion"": ""v1"", ""generatedAt"": ""2026-02-28T10:30:00.000Z"", ""scoringVersion"": ""2026.02.28-v1"", ","Page","frontend\src\app\developers\page.js","FALLBACK_CONSTANT","INTERNAL_TECHNICAL_OR_SAFE_UI","SAFE","L2_FILTERED"
"NUM_5410","00.000","00.000","count","rsion"": ""v1"", ""generatedAt"": ""2026-02-28T10:30:00.000Z"", ""scoringVersion"": ""2026.02.28-v1"", ""snap","Page","frontend\src\app\developers\page.js","FALLBACK_CONSTANT","INTERNAL_TECHNICAL_OR_SAFE_UI","SAFE","L2_FILTERED"
"NUM_5411","2026.02.28","2026.02.28","count","""2026-02-28T10:30:00.000Z"", ""scoringVersion"": ""2026.02.28-v1"", ""snapshotHash"": ""a3f9c2..."", ""data"": {","Page","frontend\src\app\developers\page.js","FALLBACK_CONSTANT","INTERNAL_TECHNICAL_OR_SAFE_UI","SAFE","L2_FILTERED"
"NUM_5412","1","1","count","10:30:00.000Z"", ""scoringVersion"": ""2026.02.28-v1"", ""snapshotHash"": ""a3f9c2..."", ""data"": { ..","Page","frontend\src\app\developers\page.js","FALLBACK_CONSTANT","INTERNAL_TECHNICAL_OR_SAFE_UI","SAFE","L2_FILTERED"
"NUM_5413","3","3","count","ngVersion"": ""2026.02.28-v1"", ""snapshotHash"": ""a3f9c2..."", ""data"": { ... } }`}</pre> ","Page","frontend\src\app\developers\page.js","COMPUTED_FRONTEND","INTERNAL_TECHNICAL_OR_SAFE_UI","SAFE","L2_FILTERED"
"NUM_5414","9","9","count","Version"": ""2026.02.28-v1"", ""snapshotHash"": ""a3f9c2..."", ""data"": { ... } }`}</pre> ","Page","frontend\src\app\developers\page.js","COMPUTED_FRONTEND","INTERNAL_TECHNICAL_OR_SAFE_UI","SAFE","L2_FILTERED"
"NUM_5415","2...","2...","count","rsion"": ""2026.02.28-v1"", ""snapshotHash"": ""a3f9c2..."", ""data"": { ... } }`}</pre> ","Page","frontend\src\app\developers\page.js","COMPUTED_FRONTEND","INTERNAL_TECHNICAL_OR_SAFE_UI","SAFE","L2_FILTERED"
"NUM_5416","2","2","count","ction className=""dev-section""> <h2 className=""dev-section-title"">Endpoints</h2> ","Page","frontend\src\app\developers\page.js","FALLBACK_CONSTANT","INTERNAL_TECHNICAL_OR_SAFE_UI","SAFE","L2_FILTERED"
"NUM_5417","2","2","count"," <h2 className=""dev-section-title"">Endpoints</h2> <div className=""dev-endpoints"">","Page","frontend\src\app\developers\page.js","FALLBACK_CONSTANT","INTERNAL_TECHNICAL_OR_SAFE_UI","SAFE","L2_FILTERED"
"NUM_5421","2","2","count","ction className=""dev-section""> <h2 className=""dev-section-title"">Quick Start — JavaS","Page","frontend\src\app\developers\page.js","FALLBACK_CONSTANT","INTERNAL_TECHNICAL_OR_SAFE_UI","SAFE","L2_FILTERED"
"NUM_5422","2","2","count","me=""dev-section-title"">Quick Start — JavaScript</h2> <div className=""dev-code-block""","Page","frontend\src\app\developers\page.js","FALLBACK_CONSTANT","INTERNAL_TECHNICAL_OR_SAFE_UI","SAFE","L2_FILTERED"
"NUM_5424","2","2","count","ction className=""dev-section""> <h2 className=""dev-section-title"">Quick Start — cURL<","Page","frontend\src\app\developers\page.js","FALLBACK_CONSTANT","INTERNAL_TECHNICAL_OR_SAFE_UI","SAFE","L2_FILTERED"
"NUM_5425","2","2","count","lassName=""dev-section-title"">Quick Start — cURL</h2> <div className=""dev-code-block""","Page","frontend\src\app\developers\page.js","FALLBACK_CONSTANT","INTERNAL_TECHNICAL_OR_SAFE_UI","SAFE","L2_FILTERED"
"NUM_5429","2","2","count","ction className=""dev-section""> <h2 className=""dev-section-title"">Verify a Record Has","Page","frontend\src\app\developers\page.js","FALLBACK_CONSTANT","INTERNAL_TECHNICAL_OR_SAFE_UI","SAFE","L2_FILTERED"
"NUM_5430","2","2","count","ssName=""dev-section-title"">Verify a Record Hash</h2> <p className=""dev-caption""> ","Page","frontend\src\app\developers\page.js","FALLBACK_CONSTANT","INTERNAL_TECHNICAL_OR_SAFE_UI","SAFE","L2_FILTERED"
"NUM_5431","256","256","count","shotHash</code> — a{"" ""} SHA-256 hash of the canonical sorted JSON of that record.","Page","frontend\src\app\developers\page.js","COMPUTED_FRONTEND","INTERNAL_TECHNICAL_OR_SAFE_UI","SAFE","L2_FILTERED"
"NUM_5432","1.","1.","count","fication const crypto = require(""crypto""); // 1. Fetch the record const res = await fetch(""https","Page","frontend\src\app\developers\page.js","FALLBACK_CONSTANT","INTERNAL_TECHNICAL_OR_SAFE_UI","SAFE","L2_FILTERED"
"NUM_5434","2.","2.","count"," { data, snapshotHash } = await res.json(); // 2. Recompute — sort keys canonically, exclude envelo","Page","frontend\src\app\developers\page.js","COMPUTED_FRONTEND","INTERNAL_TECHNICAL_OR_SAFE_UI","SAFE","L2_FILTERED"
"NUM_5435","256","256","count","; const computedHash = crypto .createHash(""sha256"") .update(JSON.stringify(record, Object.keys(r","Page","frontend\src\app\developers\page.js","FALLBACK_CONSTANT","INTERNAL_TECHNICAL_OR_SAFE_UI","SAFE","L2_FILTERED"
"NUM_5436","3.","3.","count","ct.keys(record).sort())) .digest(""hex""); // 3. Compare console.log(computedHash === snapshotHas","Page","frontend\src\app\developers\page.js","FALLBACK_CONSTANT","INTERNAL_TECHNICAL_OR_SAFE_UI","SAFE","L2_FILTERED"
"NUM_5437","2","2","count","ction className=""dev-section""> <h2 className=""dev-section-title"">Rate Limits</h2> ","Page","frontend\src\app\developers\page.js","FALLBACK_CONSTANT","INTERNAL_TECHNICAL_OR_SAFE_UI","SAFE","L2_FILTERED"
"NUM_5438","2","2","count"," <h2 className=""dev-section-title"">Rate Limits</h2> <table className=""dev-table""> ","Page","frontend\src\app\developers\page.js","FALLBACK_CONSTANT","INTERNAL_TECHNICAL_OR_SAFE_UI","SAFE","L2_FILTERED"
"NUM_5521","1","1","count","e""> <div className=""hero-orb hero-orb--1"" /> <div className=""hero-orb hero-orb-","Page","frontend\src\app\exams\page.js","FALLBACK_CONSTANT","INTERNAL_TECHNICAL_OR_SAFE_UI","SAFE","L2_FILTERED"
"NUM_5522","2","2","count"," /> <div className=""hero-orb hero-orb--2"" /> </div> <Container> ","Page","frontend\src\app\exams\page.js","FALLBACK_CONSTANT","INTERNAL_TECHNICAL_OR_SAFE_UI","SAFE","L2_FILTERED"
"NUM_5523","1","1","count","hero-kicker"">Exam Clarity</span> <h1 className=""list-hero-title"">Exams, filtered for f","Page","frontend\src\app\exams\page.js","FALLBACK_CONSTANT","INTERNAL_TECHNICAL_OR_SAFE_UI","SAFE","L2_FILTERED"
"NUM_5524","1","1","count","hero-title"">Exams, filtered for fast comparison</h1> <p className=""list-hero-subtitle""","Page","frontend\src\app\exams\page.js","FALLBACK_CONSTANT","INTERNAL_TECHNICAL_OR_SAFE_UI","SAFE","L2_FILTERED"
"NUM_5529","12","12","count"," */} <section className=""list-results pt-12""> <Container> {renderContent(","Page","frontend\src\app\exams\page.js","FALLBACK_CONSTANT","INTERNAL_TECHNICAL_OR_SAFE_UI","SAFE","L2_FILTERED"
"NUM_5548","13","13","count","        D""8s  IDATx�] �ՙn�]<QVA���h$ �N��13*�q��d�č�I���D�L2��(�(Ԙ2�ę�G ��q_@屈���xț�Џ","Page","frontend\src\app\favicon.ico","FALLBACK_CONSTANT","INTERNAL_TECHNICAL_OR_SAFE_UI","SAFE","L2_FILTERED"
"NUM_5549","2","2","count","ATx�] �ՙn�]<QVA���h$ �N��13*�q��d�č�I���D�L2��(�(Ԙ2�ę�G ��q_@屈���xț�Џ��{o�������U�{}�O��","Page","frontend\src\app\favicon.ico","COMPUTED_FRONTEND","INTERNAL_TECHNICAL_OR_SAFE_UI","SAFE","L2_FILTERED"
"NUM_5550","2","2","count","ՙn�]<QVA���h$ �N��13*�q��d�č�I���D�L2��(�(Ԙ2�ę�G ��q_@屈���xț�Џ��{o�������U�{}�O��;������9","Page","frontend\src\app\favicon.ico","COMPUTED_FRONTEND","INTERNAL_TECHNICAL_OR_SAFE_UI","SAFE","L2_FILTERED"
"NUM_5555","6","6","count","��N �]��@ �hx�?v  �N�3�=`;�6�.�&� �u�� ��6� P��н��@�àR� P�iZq�^DN���wp� � ��X�hИH g@�","Page","frontend\src\app\favicon.ico","FALLBACK_CONSTANT","INTERNAL_TECHNICAL_OR_SAFE_UI","SAFE","L2_FILTERED"
"NUM_5556","5","5","count","@�àR� P�iZq�^DN���wp� � ��X�hИH g@�� :��|�5` p""@�'�ɲ�s{ �p�*�2����� d ү���|(0� 0 ��>K�","Page","frontend\src\app\favicon.ico","FALLBACK_CONSTANT","INTERNAL_TECHNICAL_OR_SAFE_UI","SAFE","L2_FILTERED"
"NUM_5557","2","2","count","wp� � ��X�hИH g@�� :��|�5` p""@�'�ɲ�s{ �p�*�2����� d ү���|(0� 0 ��>K� �xX�6 IJ � �C","Page","frontend\src\app\favicon.ico","FALLBACK_CONSTANT","INTERNAL_TECHNICAL_OR_SAFE_UI","SAFE","L2_FILTERED"
"NUM_5560","6","6","count","�s{ �p�*�2����� d ү���|(0� 0 ��>K� �xX�6 IJ � �C|?$KE N�}ϓ|������h $ 2 � �|/� ","Page","frontend\src\app\favicon.ico","COMPUTED_FRONTEND","INTERNAL_TECHNICAL_OR_SAFE_UI","SAFE","L2_FILTERED"
"NUM_5585","8","8","count","� �X""�d�m�<�nB~�� @����t�t�x�� �;�f�>����I8����8��C1۪$B���e���+��jl��EZ��& ��S:�","Page","frontend\src\app\favicon.ico","FALLBACK_CONSTANT","INTERNAL_TECHNICAL_OR_SAFE_UI","SAFE","L2_FILTERED"
"NUM_5586","8","8","count","�m�<�nB~�� @����t�t�x�� �;�f�>����I8����8��C1۪$B���e���+��jl��EZ��& ��S:�:�6�m��","Page","frontend\src\app\favicon.ico","FALLBACK_CONSTANT","INTERNAL_TECHNICAL_OR_SAFE_UI","SAFE","L2_FILTERED"
"NUM_5587","1","1","count","B~�� @����t�t�x�� �;�f�>����I8����8��C1۪$B���e���+��jl��EZ��& ��S:�:�6�m����\G1","Page","frontend\src\app\favicon.ico","FALLBACK_CONSTANT","INTERNAL_TECHNICAL_OR_SAFE_UI","SAFE","L2_FILTERED"
"NUM_5588","6","6","count","���8��C1۪$B���e���+��jl��EZ��& ��S:�:�6�m����\G1��`���!�nl�l�Ɗ�^�Q`��@Oc�S��@e�ͷ","Page","frontend\src\app\favicon.ico","FALLBACK_CONSTANT","INTERNAL_TECHNICAL_OR_SAFE_UI","SAFE","L2_FILTERED"
"NUM_5640","0","0","count","@�n?�\�-�k�.���2�:�� �`��F��=�-�V�_�G��܂V� ��}�0 WI����F��ʭ���sM�r Z�8pJ�Q�*@OK8��� r Z� �ݖa, ","Page","frontend\src\app\favicon.ico","FALLBACK_CONSTANT","INTERNAL_TECHNICAL_OR_SAFE_UI","SAFE","L2_FILTERED"
"NUM_5641","8","8","count","`��F��=�-�V�_�G��܂V� ��}�0 WI����F��ʭ���sM�r Z�8pJ�Q�*@OK8��� r Z� �ݖa, ��w� �S�W^y����.��5�a","Page","frontend\src\app\favicon.ico","FALLBACK_CONSTANT","INTERNAL_TECHNICAL_OR_SAFE_UI","SAFE","L2_FILTERED"
"NUM_5650","4","4","count","������ĉ�ѣGǗ�O�mڴq,X�o ���e. �^ �Qx���p�t����4^_�N�{�����y�2 �s����� �-عsg�s���i�v��Z 8 !~P","Page","frontend\src\app\favicon.ico","FALLBACK_CONSTANT","INTERNAL_TECHNICAL_OR_SAFE_UI","SAFE","L2_FILTERED"
"NUM_5651","2","2","count","q,X�o ���e. �^ �Qx���p�t����4^_�N�{�����y�2 �s����� �-عsg�s���i�v��Z 8 !~PJ?�c�������|�] �","Page","frontend\src\app\favicon.ico","FALLBACK_CONSTANT","INTERNAL_TECHNICAL_OR_SAFE_UI","SAFE","L2_FILTERED"
"NUM_5652","8","8","count","��4^_�N�{�����y�2 �s����� �-عsg�s���i�v��Z 8 !~PJ?�c�������|�] �ܽ{��z�긓R��1pn���z�����tl","Page","frontend\src\app\favicon.ico","FALLBACK_CONSTANT","INTERNAL_TECHNICAL_OR_SAFE_UI","SAFE","L2_FILTERED"
"NUM_5653","1","1","count","عsg�s���i�v��Z 8 !~PJ?�c�������|�] �ܽ{��z�긓R��1pn���z�����tlp�9�f�r�v�jT殿�z�4*O�L�~���","Page","frontend\src\app\favicon.ico","FALLBACK_CONSTANT","INTERNAL_TECHNICAL_OR_SAFE_UI","SAFE","L2_FILTERED"
"NUM_5658","3","3","count","4*O�L�~����ԕ3��4�~~�r �;�m�xY�+��� ������3 r �;�m�x�4���:7]Ձq L�4)U��!r �1��u�6���$� �7�","Page","frontend\src\app\favicon.ico","FALLBACK_CONSTANT","INTERNAL_TECHNICAL_OR_SAFE_UI","SAFE","L2_FILTERED"
"NUM_5659","4","4","count","��ԕ3��4�~~�r �;�m�xY�+��� ������3 r �;�m�x�4���:7]Ձq L�4)U��!r �1��u�6���$� �7����8�w��̙3Ǹ","Page","frontend\src\app\favicon.ico","FALLBACK_CONSTANT","INTERNAL_TECHNICAL_OR_SAFE_UI","SAFE","L2_FILTERED"
"NUM_5660","7","7","count","�4�~~�r �;�m�xY�+��� ������3 r �;�m�x�4���:7]Ձq L�4)U��!r �1��u�6���$� �7����8�w��̙3Ǹ|5�>?�","Page","frontend\src\app\favicon.ico","FALLBACK_CONSTANT","INTERNAL_TECHNICAL_OR_SAFE_UI","SAFE","L2_FILTERED"
"NUM_5661","4","4","count","r �;�m�xY�+��� ������3 r �;�m�x�4���:7]Ձq L�4)U��!r �1��u�6���$� �7����8�w��̙3Ǹ|5�>?�\z��O�","Page","frontend\src\app\favicon.ico","FALLBACK_CONSTANT","INTERNAL_TECHNICAL_OR_SAFE_UI","SAFE","L2_FILTERED"
"NUM_5662","1","1","count","�+��� ������3 r �;�m�x�4���:7]Ձq L�4)U��!r �1��u�6���$� �7����8�w��̙3Ǹ|5�>?�\z��O� ��͆� ��,�","Page","frontend\src\app\favicon.ico","FALLBACK_CONSTANT","INTERNAL_TECHNICAL_OR_SAFE_UI","SAFE","L2_FILTERED"
"NUM_5663","6","6","count","� ������3 r �;�m�x�4���:7]Ձq L�4)U��!r �1��u�6���$� �7����8�w��̙3Ǹ|5�>?�\z��O� ��͆� ��,�E���","Page","frontend\src\app\favicon.ico","FALLBACK_CONSTANT","INTERNAL_TECHNICAL_OR_SAFE_UI","SAFE","L2_FILTERED"
"NUM_5664","7","7","count","�3 r �;�m�x�4���:7]Ձq L�4)U��!r �1��u�6���$� �7����8�w��̙3Ǹ|5�>?�\z��O� ��͆� ��,�E����3���","Page","frontend\src\app\favicon.ico","FALLBACK_CONSTANT","INTERNAL_TECHNICAL_OR_SAFE_UI","SAFE","L2_FILTERED"
"NUM_5665","8","8","count","�;�m�x�4���:7]Ձq L�4)U��!r �1��u�6���$� �7����8�w��̙3Ǹ|5�>?�\z��O� ��͆� ��,�E����3�����2��","Page","frontend\src\app\favicon.ico","FALLBACK_CONSTANT","INTERNAL_TECHNICAL_OR_SAFE_UI","SAFE","L2_FILTERED"
"NUM_5666","3","3","count","�4���:7]Ձq L�4)U��!r �1��u�6���$� �7����8�w��̙3Ǹ|5�>?�\z��O� ��͆� ��,�E����3�����2���[����2","Page","frontend\src\app\favicon.ico","FALLBACK_CONSTANT","INTERNAL_TECHNICAL_OR_SAFE_UI","SAFE","L2_FILTERED"
"NUM_5667","5","5","count","���:7]Ձq L�4)U��!r �1��u�6���$� �7����8�w��̙3Ǹ|5�>?�\z��O� ��͆� ��,�E����3�����2���[����2Wu:","Page","frontend\src\app\favicon.ico","FALLBACK_CONSTANT","INTERNAL_TECHNICAL_OR_SAFE_UI","SAFE","L2_FILTERED"
"NUM_5668","3","3","count","�$� �7����8�w��̙3Ǹ|5�>?�\z��O� ��͆� ��,�E����3�����2���[����2Wu:E�����^p. H1cJ�t�]}��B�","Page","frontend\src\app\favicon.ico","FALLBACK_CONSTANT","INTERNAL_TECHNICAL_OR_SAFE_UI","SAFE","L2_FILTERED"
"NUM_5669","2","2","count","��8�w��̙3Ǹ|5�>?�\z��O� ��͆� ��,�E����3�����2���[����2Wu:E�����^p. H1cJ�t�]}��B�u��SOu��","Page","frontend\src\app\favicon.ico","FALLBACK_CONSTANT","INTERNAL_TECHNICAL_OR_SAFE_UI","SAFE","L2_FILTERED"
"NUM_5670","2","2","count","3Ǹ|5�>?�\z��O� ��͆� ��,�E����3�����2���[����2Wu:E�����^p. H1cJ�t�]}��B�u��SOu�����I c�O�","Page","frontend\src\app\favicon.ico","FALLBACK_CONSTANT","INTERNAL_TECHNICAL_OR_SAFE_UI","SAFE","L2_FILTERED"
"NUM_5671","1","1","count","͆� ��,�E����3�����2���[����2Wu:E�����^p. H1cJ�t�]}��B�u��SOu�����I c�O�����%�   �AZ����","Page","frontend\src\app\favicon.ico","FALLBACK_CONSTANT","INTERNAL_TECHNICAL_OR_SAFE_UI","SAFE","L2_FILTERED"
"NUM_5678","92","92","count","�~a�'�`Xc��� -�1�k����āI�������k��Q�ů|�k�M��(92�@�t�����݂X-�Lדa��N4��qܞ'$f0@� @V�nA�ܘY�L9:�|","Page","frontend\src\app\favicon.ico","FALLBACK_CONSTANT","INTERNAL_TECHNICAL_OR_SAFE_UI","SAFE","L2_FILTERED"
"NUM_5679","4","4","count","āI�������k��Q�ů|�k�M��(92�@�t�����݂X-�Lדa��N4��qܞ'$f0@� @V�nA�ܘY�L9:�|/^s� �� ��)0`�j��T\w�uZ","Page","frontend\src\app\favicon.ico","FALLBACK_CONSTANT","INTERNAL_TECHNICAL_OR_SAFE_UI","SAFE","L2_FILTERED"
"NUM_5680","0","0","count","�k��Q�ů|�k�M��(92�@�t�����݂X-�Lדa��N4��qܞ'$f0@� @V�nA�ܘY�L9:�|/^s� �� ��)0`�j��T\w�uZ-����¨\","Page","frontend\src\app\favicon.ico","FALLBACK_CONSTANT","INTERNAL_TECHNICAL_OR_SAFE_UI","SAFE","L2_FILTERED"
"NUM_5681","9","9","count","(92�@�t�����݂X-�Lדa��N4��qܞ'$f0@� @V�nA�ܘY�L9:�|/^s� �� ��)0`�j��T\w�uZ-����¨\� @�:��c�t��","Page","frontend\src\app\favicon.ico","FALLBACK_CONSTANT","INTERNAL_TECHNICAL_OR_SAFE_UI","SAFE","L2_FILTERED"
"NUM_5682","0","0","count","݂X-�Lדa��N4��qܞ'$f0@� @V�nA�ܘY�L9:�|/^s� �� ��)0`�j��T\w�uZ-����¨\� @�:��c�t���{�-��Rb��1%�","Page","frontend\src\app\favicon.ico","FALLBACK_CONSTANT","INTERNAL_TECHNICAL_OR_SAFE_UI","SAFE","L2_FILTERED"
"NUM_5683","1%","1","%","�)0`�j��T\w�uZ-����¨\� @�:��c�t���{�-��Rb��1%� �I,Y%T���~ ��r �1����C��,�$��*ˀ���f<��","Page","frontend\src\app\favicon.ico","FALLBACK_CONSTANT","INTERNAL_TECHNICAL_OR_SAFE_UI","SAFE","L2_FILTERED"
"NUM_5685","0","0","count","I,Y%T���~ ��r �1����C��,�$��*ˀ���f<��0z����h�F���� ����| ���8Z-�CR����Tg� �HRf��glY","Page","frontend\src\app\favicon.ico","FALLBACK_CONSTANT","INTERNAL_TECHNICAL_OR_SAFE_UI","SAFE","L2_FILTERED"
"NUM_5686","8","8","count",",�$��*ˀ���f<��0z����h�F���� ����| ���8Z-�CR����Tg� �HRf��glY����s��-��p��'+����m�_ؒ","Page","frontend\src\app\favicon.ico","FALLBACK_CONSTANT","INTERNAL_TECHNICAL_OR_SAFE_UI","SAFE","L2_FILTERED"
"NUM_5699","9","9","count","mAg���Κ5kʆх����/双O��l��ӿ��B�@.X���u�p�O��6��x�9MPn�`߷o_���^n�`t� ��(�����\r��s�A�y���ۂ�T��@h ","Page","frontend\src\app\favicon.ico","FALLBACK_CONSTANT","INTERNAL_TECHNICAL_OR_SAFE_UI","SAFE","L2_FILTERED"
"NUM_5728","2","2","count","r�UAV�A����=��-����pLH�`@n�*Ȋ1�܂U���?}w  ]�H2@�ߴi��V���[�˯%�������5 �8�)Э T`��|rZbZ-�.�!","Page","frontend\src\app\favicon.ico","FALLBACK_CONSTANT","INTERNAL_TECHNICAL_OR_SAFE_UI","SAFE","L2_FILTERED"
"NUM_5729","5","5","count","`@n�*Ȋ1�܂U���?}w  ]�H2@�ߴi��V���[�˯%�������5 �8�)Э T`��|rZbZ-�.�!da+@� ���ߞ�Z�gf�[0p����","Page","frontend\src\app\favicon.ico","FALLBACK_CONSTANT","INTERNAL_TECHNICAL_OR_SAFE_UI","SAFE","L2_FILTERED"
"NUM_5730","8","8","count","�*Ȋ1�܂U���?}w  ]�H2@�ߴi��V���[�˯%�������5 �8�)Э T`��|rZbZ-�.�!da+@� ���ߞ�Z�gf�[0p���� �","Page","frontend\src\app\favicon.ico","FALLBACK_CONSTANT","INTERNAL_TECHNICAL_OR_SAFE_UI","SAFE","L2_FILTERED"
"NUM_5731","0","0","count","�����5 �8�)Э T`��|rZbZ-�.�!da+@� ���ߞ�Z�gf�[0p���� �� I��gr �$��o%P�_rCy �V�|߽����""m�Y�","Page","frontend\src\app\favicon.ico","FALLBACK_CONSTANT","INTERNAL_TECHNICAL_OR_SAFE_UI","SAFE","L2_FILTERED"
"NUM_5737","5","5","count","�� �����~�h r �����ER���A݀�B���~w�q�Ӿ}���<�ŕ[й5�d��-�`�5 ?�Kq�~l4��0@��)����/I��(����؋���n","Page","frontend\src\app\favicon.ico","FALLBACK_CONSTANT","INTERNAL_TECHNICAL_OR_SAFE_UI","SAFE","L2_FILTERED"
"NUM_5738","5","5","count","h r �����ER���A݀�B���~w�q�Ӿ}���<�ŕ[й5�d��-�`�5 ?�Kq�~l4��0@��)����/I��(����؋���n��9���Y�4�","Page","frontend\src\app\favicon.ico","FALLBACK_CONSTANT","INTERNAL_TECHNICAL_OR_SAFE_UI","SAFE","L2_FILTERED"
"NUM_5739","4","4","count","ER���A݀�B���~w�q�Ӿ}���<�ŕ[й5�d��-�`�5 ?�Kq�~l4��0@��)����/I��(����؋���n��9���Y�4�!�Cو2ח*w9","Page","frontend\src\app\favicon.ico","FALLBACK_CONSTANT","INTERNAL_TECHNICAL_OR_SAFE_UI","SAFE","L2_FILTERED"
"NUM_5740","0","0","count","��A݀�B���~w�q�Ӿ}���<�ŕ[й5�d��-�`�5 ?�Kq�~l4��0@��)����/I��(����؋���n��9���Y�4�!�Cو2ח*w9���","Page","frontend\src\app\favicon.ico","FALLBACK_CONSTANT","INTERNAL_TECHNICAL_OR_SAFE_UI","SAFE","L2_FILTERED"
"NUM_5741","9","9","count","��-�`�5 ?�Kq�~l4��0@��)����/I��(����؋���n��9���Y�4�!�Cو2ח*w9���GKݐ�s�&�r�e��s��?�6� 8J� |(","Page","frontend\src\app\favicon.ico","FALLBACK_CONSTANT","INTERNAL_TECHNICAL_OR_SAFE_UI","SAFE","L2_FILTERED"
"NUM_5742","4","4","count","�5 ?�Kq�~l4��0@��)����/I��(����؋���n��9���Y�4�!�Cو2ח*w9���GKݐ�s�&�r�e��s��?�6� 8J� |(�uw","Page","frontend\src\app\favicon.ico","FALLBACK_CONSTANT","INTERNAL_TECHNICAL_OR_SAFE_UI","SAFE","L2_FILTERED"
"NUM_5743","2","2","count","Kq�~l4��0@��)����/I��(����؋���n��9���Y�4�!�Cو2ח*w9���GKݐ�s�&�r�e��s��?�6� 8J� |(�uwO䴁d�&K","Page","frontend\src\app\favicon.ico","FALLBACK_CONSTANT","INTERNAL_TECHNICAL_OR_SAFE_UI","SAFE","L2_FILTERED"
"NUM_5744","9","9","count","l4��0@��)����/I��(����؋���n��9���Y�4�!�Cو2ח*w9���GKݐ�s�&�r�e��s��?�6� 8J� |(�uwO䴁d�&K)�n","Page","frontend\src\app\favicon.ico","FALLBACK_CONSTANT","INTERNAL_TECHNICAL_OR_SAFE_UI","SAFE","L2_FILTERED"
"NUM_5747","7,","7","count","&�r�e��s��?�6� 8J� |(�uwO䴁d�&K)�nA��?R���n@7,� �8�=���r�e����n�M�69k��M7�����J��R�]�e�n��9","Page","frontend\src\app\favicon.ico","FALLBACK_CONSTANT","INTERNAL_TECHNICAL_OR_SAFE_UI","SAFE","L2_FILTERED"
"NUM_5748","8","8","count","�s��?�6� 8J� |(�uwO䴁d�&K)�nA��?R���n@7,� �8�=���r�e����n�M�69k��M7�����J��R�]�e�n��9���Z�","Page","frontend\src\app\favicon.ico","FALLBACK_CONSTANT","INTERNAL_TECHNICAL_OR_SAFE_UI","SAFE","L2_FILTERED"
"NUM_5749","69","69","count","�uwO䴁d�&K)�nA��?R���n@7,� �8�=���r�e����n�M�69k��M7�����J��R�]�e�n��9���Z���� /?នo >��󕾤�rz","Page","frontend\src\app\favicon.ico","FALLBACK_CONSTANT","INTERNAL_TECHNICAL_OR_SAFE_UI","SAFE","L2_FILTERED"
"NUM_5750","7","7","count","O䴁d�&K)�nA��?R���n@7,� �8�=���r�e����n�M�69k��M7�����J��R�]�e�n��9���Z���� /?នo >��󕾤�rzr�� ","Page","frontend\src\app\favicon.ico","FALLBACK_CONSTANT","INTERNAL_TECHNICAL_OR_SAFE_UI","SAFE","L2_FILTERED"
"NUM_5751","9","9","count",",� �8�=���r�e����n�M�69k��M7�����J��R�]�e�n��9���Z���� /?នo >��󕾤�rzr�� ��`���V{���u��4448�V�","Page","frontend\src\app\favicon.ico","FALLBACK_CONSTANT","INTERNAL_TECHNICAL_OR_SAFE_UI","SAFE","L2_FILTERED"
"NUM_5800","9","9","count","~��0���2` H�@�؄��+����p OB� �uO��(l�S�ԕ���9����~�c�:x/�X d�.���Ɣ�d ��V�y@F $H2� ����+M*","Page","frontend\src\app\favicon.ico","FALLBACK_CONSTANT","INTERNAL_TECHNICAL_OR_SAFE_UI","SAFE","L2_FILTERED"
"NUM_5801","2","2","count","l�S�ԕ���9����~�c�:x/�X d�.���Ɣ�d ��V�y@F $H2� ����+M*�i��l8O@F $H2� ���2�4& r� PO��֢����7","Page","frontend\src\app\favicon.ico","FALLBACK_CONSTANT","INTERNAL_TECHNICAL_OR_SAFE_UI","SAFE","L2_FILTERED"
"NUM_5802","8","8","count","�c�:x/�X d�.���Ɣ�d ��V�y@F $H2� ����+M*�i��l8O@F $H2� ���2�4& r� PO��֢����7N�YS  ����Y�","Page","frontend\src\app\favicon.ico","FALLBACK_CONSTANT","INTERNAL_TECHNICAL_OR_SAFE_UI","SAFE","L2_FILTERED"
"NUM_5803","2","2","count","/�X d�.���Ɣ�d ��V�y@F $H2� ����+M*�i��l8O@F $H2� ���2�4& r� PO��֢����7N�YS  ����Y�1`��","Page","frontend\src\app\favicon.ico","FALLBACK_CONSTANT","INTERNAL_TECHNICAL_OR_SAFE_UI","SAFE","L2_FILTERED"
"NUM_5804","2","2","count",".���Ɣ�d ��V�y@F $H2� ����+M*�i��l8O@F $H2� ���2�4& r� PO��֢����7N�YS  ����Y�1`��;�JS3n�","Page","frontend\src\app\favicon.ico","FALLBACK_CONSTANT","INTERNAL_TECHNICAL_OR_SAFE_UI","SAFE","L2_FILTERED"
"NUM_5805","4","4","count","��Ɣ�d ��V�y@F $H2� ����+M*�i��l8O@F $H2� ���2�4& r� PO��֢����7N�YS  ����Y�1`��;�JS3n� ","Page","frontend\src\app\favicon.ico","FALLBACK_CONSTANT","INTERNAL_TECHNICAL_OR_SAFE_UI","SAFE","L2_FILTERED"
"NUM_5806","7","7","count","2� ����+M*�i��l8O@F $H2� ���2�4& r� PO��֢����7N�YS  ����Y�1`��;�JS3n� g[�'��@W@""la`32�","Page","frontend\src\app\favicon.ico","FALLBACK_CONSTANT","INTERNAL_TECHNICAL_OR_SAFE_UI","SAFE","L2_FILTERED"
"NUM_5807","1","1","count","O@F $H2� ���2�4& r� PO��֢����7N�YS  ����Y�1`��;�JS3n� g[�'��@W@""la`32�n?'�HB2p �hām�","Page","frontend\src\app\favicon.ico","FALLBACK_CONSTANT","INTERNAL_TECHNICAL_OR_SAFE_UI","SAFE","L2_FILTERED"
"NUM_5808","3","3","count","�2�4& r� PO��֢����7N�YS  ����Y�1`��;�JS3n� g[�'��@W@""la`32�n?'�HB2p �hām�mu �����j","Page","frontend\src\app\favicon.ico","FALLBACK_CONSTANT","INTERNAL_TECHNICAL_OR_SAFE_UI","SAFE","L2_FILTERED"
"NUM_5809","32","32","count","��7N�YS  ����Y�1`��;�JS3n� g[�'��@W@""la`32�n?'�HB2p �hām�mu �����j@F@��V����Z!��xI�","Page","frontend\src\app\favicon.ico","FALLBACK_CONSTANT","INTERNAL_TECHNICAL_OR_SAFE_UI","SAFE","L2_FILTERED"
"NUM_5810","2","2","count"," ����Y�1`��;�JS3n� g[�'��@W@""la`32�n?'�HB2p �hām�mu �����j@F@��V����Z!��xI���H�y","Page","frontend\src\app\favicon.ico","FALLBACK_CONSTANT","INTERNAL_TECHNICAL_OR_SAFE_UI","SAFE","L2_FILTERED"
"NUM_5812","9","9","count","Z!��xI���H�y�ѱ) ��>��Z!6 ���a�`�����dDV$9f��� pM�6�I�!LG:\LdrwPy�~�P�%��L3��7�TK��Am�mo|","Page","frontend\src\app\favicon.ico","FALLBACK_CONSTANT","INTERNAL_TECHNICAL_OR_SAFE_UI","SAFE","L2_FILTERED"
"NUM_5813","6","6","count","H�y�ѱ) ��>��Z!6 ���a�`�����dDV$9f��� pM�6�I�!LG:\LdrwPy�~�P�%��L3��7�TK��Am�mo|�6�� 3��-","Page","frontend\src\app\favicon.ico","FALLBACK_CONSTANT","INTERNAL_TECHNICAL_OR_SAFE_UI","SAFE","L2_FILTERED"
"NUM_5814","3","3","count","���a�`�����dDV$9f��� pM�6�I�!LG:\LdrwPy�~�P�%��L3��7�TK��Am�mo|�6�� 3��-�h J3��?�67 �yr���""��","Page","frontend\src\app\favicon.ico","FALLBACK_CONSTANT","INTERNAL_TECHNICAL_OR_SAFE_UI","SAFE","L2_FILTERED"
"NUM_5815","7","7","count","a�`�����dDV$9f��� pM�6�I�!LG:\LdrwPy�~�P�%��L3��7�TK��Am�mo|�6�� 3��-�h J3��?�67 �yr���""�� ��","Page","frontend\src\app\favicon.ico","FALLBACK_CONSTANT","INTERNAL_TECHNICAL_OR_SAFE_UI","SAFE","L2_FILTERED"
"NUM_5816","6","6","count","��� pM�6�I�!LG:\LdrwPy�~�P�%��L3��7�TK��Am�mo|�6�� 3��-�h J3��?�67 �yr���""�� ��g��4. $�1���","Page","frontend\src\app\favicon.ico","FALLBACK_CONSTANT","INTERNAL_TECHNICAL_OR_SAFE_UI","SAFE","L2_FILTERED"
"NUM_5817","3","3","count"," pM�6�I�!LG:\LdrwPy�~�P�%��L3��7�TK��Am�mo|�6�� 3��-�h J3��?�67 �yr���""�� ��g��4. $�1���_","Page","frontend\src\app\favicon.ico","FALLBACK_CONSTANT","INTERNAL_TECHNICAL_OR_SAFE_UI","SAFE","L2_FILTERED"
"NUM_5818","3","3","count","G:\LdrwPy�~�P�%��L3��7�TK��Am�mo|�6�� 3��-�h J3��?�67 �yr���""�� ��g��4. $�1���_�[*��&��","Page","frontend\src\app\favicon.ico","FALLBACK_CONSTANT","INTERNAL_TECHNICAL_OR_SAFE_UI","SAFE","L2_FILTERED"
"NUM_5819","67","67","count","rwPy�~�P�%��L3��7�TK��Am�mo|�6�� 3��-�h J3��?�67 �yr���""�� ��g��4. $�1���_�[*��&���S/�d","Page","frontend\src\app\favicon.ico","FALLBACK_CONSTANT","INTERNAL_TECHNICAL_OR_SAFE_UI","SAFE","L2_FILTERED"
"NUM_5832","9","9","count"," �1|-� ld�����t $b��@?���@� �F�c��ρ^�D �d�[9�ࠐz�����: H�@ ��P2v )~���@����z5��|����R","Page","frontend\src\app\favicon.ico","FALLBACK_CONSTANT","INTERNAL_TECHNICAL_OR_SAFE_UI","SAFE","L2_FILTERED"
"NUM_5853","3","3","count"," <div className=""chromatic-band-3""></div> <div className=""","Page","frontend\src\app\global-error.js","FALLBACK_CONSTANT","INTERNAL_TECHNICAL_OR_SAFE_UI","SAFE","L2_FILTERED"
"NUM_5854","4","4","count"," <div className=""chromatic-band-4""></div> </div> ","Page","frontend\src\app\global-error.js","FALLBACK_CONSTANT","INTERNAL_TECHNICAL_OR_SAFE_UI","SAFE","L2_FILTERED"
"NUM_5869","8","8","count","iv className=""mb-8 p-6 rounded-2xl"" ","Page","frontend\src\app\global-error.js","FALLBACK_CONSTANT","INTERNAL_TECHNICAL_OR_SAFE_UI","SAFE","L2_FILTERED"
"NUM_5879","94,","94","count","ent(135deg, rgba(239, 68, 68, 0.1), rgba(244, 63, 94, 0.05))', ani","Page","frontend\src\app\global-error.js","FALLBACK_CONSTANT","HARDCODED_UNVERIFIED","REVIEW","L3_FACTUAL"
"NUM_5881","4","4","count"," animation: 'floatSlow 4s ease-in-out infinite' ","Page","frontend\src\app\global-error.js","FALLBACK_CONSTANT","INTERNAL_TECHNICAL_OR_SAFE_UI","SAFE","L2_FILTERED"
"NUM_5889","1","1","count"," Critical Anomaly </h1> <p className=""tex","Page","frontend\src\app\global-error.js","FALLBACK_CONSTANT","INTERNAL_TECHNICAL_OR_SAFE_UI","SAFE","L2_FILTERED"
"NUM_6906","0.3","0.3","count","0', transition: 'all 0.3s ease', display: 'fl","Page","frontend\src\app\guide\page.jsx","FALLBACK_CONSTANT","INTERNAL_TECHNICAL_OR_SAFE_UI","SAFE","L2_FILTERED"
"NUM_7907","8","8","count","er mb-16""> <div className=""h-8 w-40 bg-indigo-500/10 rounded-full animate-pulse ","Page","frontend\src\app\hype\page.js","FALLBACK_CONSTANT","INTERNAL_TECHNICAL_OR_SAFE_UI","SAFE","L2_FILTERED"
"NUM_7908","40","40","count","b-16""> <div className=""h-8 w-40 bg-indigo-500/10 rounded-full animate-pulse mb-8 ","Page","frontend\src\app\hype\page.js","FALLBACK_CONSTANT","INTERNAL_TECHNICAL_OR_SAFE_UI","SAFE","L2_FILTERED"
"NUM_7928","2,","2","count","tch mt-12 bg-transparent""> {[2, 1, 3].map((rank) => ( <d","Page","frontend\src\app\hype\page.js","FALLBACK_CONSTANT","INTERNAL_TECHNICAL_OR_SAFE_UI","SAFE","L2_FILTERED"
"NUM_7929","1,","1","count"," mt-12 bg-transparent""> {[2, 1, 3].map((rank) => ( <div ","Page","frontend\src\app\hype\page.js","FALLBACK_CONSTANT","INTERNAL_TECHNICAL_OR_SAFE_UI","SAFE","L2_FILTERED"
"NUM_7930","3","3","count","-12 bg-transparent""> {[2, 1, 3].map((rank) => ( <div ke","Page","frontend\src\app\hype\page.js","FALLBACK_CONSTANT","INTERNAL_TECHNICAL_OR_SAFE_UI","SAFE","L2_FILTERED"
"NUM_7937","1","1","count","justify-between animate-pulse lg:order-${rank === 1 ? 2 : rank === 2 ? 1 : 3}`}> ","Page","frontend\src\app\hype\page.js","API_DERIVED","API_DERIVED_UNVERIFIED","SAFE","L3_FACTUAL"
"NUM_7938","2","2","count","ify-between animate-pulse lg:order-${rank === 1 ? 2 : rank === 2 ? 1 : 3}`}> ","Page","frontend\src\app\hype\page.js","API_DERIVED","API_DERIVED_UNVERIFIED","SAFE","L3_FACTUAL"
"NUM_7939","2","2","count","nimate-pulse lg:order-${rank === 1 ? 2 : rank === 2 ? 1 : 3}`}> <div cla","Page","frontend\src\app\hype\page.js","API_DERIVED","INTERNAL_TECHNICAL_OR_SAFE_UI","SAFE","L2_FILTERED"
"NUM_7940","1","1","count","te-pulse lg:order-${rank === 1 ? 2 : rank === 2 ? 1 : 3}`}> <div classNa","Page","frontend\src\app\hype\page.js","API_DERIVED","INTERNAL_TECHNICAL_OR_SAFE_UI","SAFE","L2_FILTERED"
"NUM_7941","3","3","count","ulse lg:order-${rank === 1 ? 2 : rank === 2 ? 1 : 3}`}> <div className=""","Page","frontend\src\app\hype\page.js","API_DERIVED","INTERNAL_TECHNICAL_OR_SAFE_UI","SAFE","L2_FILTERED"
"NUM_7942","12","12","count","}> <div className=""w-12 h-12 rounded-full bg-indigo-500/20 mx-auto -mt-10","Page","frontend\src\app\hype\page.js","FALLBACK_CONSTANT","INTERNAL_TECHNICAL_OR_SAFE_UI","SAFE","L2_FILTERED"
"NUM_7943","12","12","count"," <div className=""w-12 h-12 rounded-full bg-indigo-500/20 mx-auto -mt-10 mb-6","Page","frontend\src\app\hype\page.js","FALLBACK_CONSTANT","INTERNAL_TECHNICAL_OR_SAFE_UI","SAFE","L2_FILTERED"
"NUM_7944","500","500","count"," <div className=""w-12 h-12 rounded-full bg-indigo-500/20 mx-auto -mt-10 mb-6 drop-shadow-md""></div> ","Page","frontend\src\app\hype\page.js","FALLBACK_CONSTANT","INTERNAL_TECHNICAL_OR_SAFE_UI","SAFE","L2_FILTERED"
"NUM_7945","20","20","count","v className=""w-12 h-12 rounded-full bg-indigo-500/20 mx-auto -mt-10 mb-6 drop-shadow-md""></div> ","Page","frontend\src\app\hype\page.js","FALLBACK_CONSTANT","INTERNAL_TECHNICAL_OR_SAFE_UI","SAFE","L2_FILTERED"
"NUM_7946","10","10","count","12 h-12 rounded-full bg-indigo-500/20 mx-auto -mt-10 mb-6 drop-shadow-md""></div> ","Page","frontend\src\app\hype\page.js","FALLBACK_CONSTANT","INTERNAL_TECHNICAL_OR_SAFE_UI","SAFE","L2_FILTERED"
"NUM_7947","6","6","count","2 rounded-full bg-indigo-500/20 mx-auto -mt-10 mb-6 drop-shadow-md""></div> ","Page","frontend\src\app\hype\page.js","FALLBACK_CONSTANT","INTERNAL_TECHNICAL_OR_SAFE_UI","SAFE","L2_FILTERED"
"NUM_7948","24","24","count","v> <div className=""w-24 h-4 bg-indigo-500/10 rounded-full mx-auto mb-6""><","Page","frontend\src\app\hype\page.js","FALLBACK_CONSTANT","INTERNAL_TECHNICAL_OR_SAFE_UI","SAFE","L2_FILTERED"
"NUM_7949","4","4","count"," <div className=""w-24 h-4 bg-indigo-500/10 rounded-full mx-auto mb-6""></div","Page","frontend\src\app\hype\page.js","FALLBACK_CONSTANT","INTERNAL_TECHNICAL_OR_SAFE_UI","SAFE","L2_FILTERED"
"NUM_7950","500","500","count"," <div className=""w-24 h-4 bg-indigo-500/10 rounded-full mx-auto mb-6""></div> ","Page","frontend\src\app\hype\page.js","FALLBACK_CONSTANT","INTERNAL_TECHNICAL_OR_SAFE_UI","SAFE","L2_FILTERED"
"NUM_7951","10","10","count"," <div className=""w-24 h-4 bg-indigo-500/10 rounded-full mx-auto mb-6""></div> ","Page","frontend\src\app\hype\page.js","FALLBACK_CONSTANT","INTERNAL_TECHNICAL_OR_SAFE_UI","SAFE","L2_FILTERED"
"NUM_7952","6","6","count","w-24 h-4 bg-indigo-500/10 rounded-full mx-auto mb-6""></div> <div classNa","Page","frontend\src\app\hype\page.js","FALLBACK_CONSTANT","INTERNAL_TECHNICAL_OR_SAFE_UI","SAFE","L2_FILTERED"
"NUM_7953","8","8","count"," <div className=""w-full h-8 bg-indigo-500/20 rounded-lg mb-auto""></div> ","Page","frontend\src\app\hype\page.js","FALLBACK_CONSTANT","INTERNAL_TECHNICAL_OR_SAFE_UI","SAFE","L2_FILTERED"
"NUM_7954","500","500","count"," <div className=""w-full h-8 bg-indigo-500/20 rounded-lg mb-auto""></div> ","Page","frontend\src\app\hype\page.js","FALLBACK_CONSTANT","INTERNAL_TECHNICAL_OR_SAFE_UI","SAFE","L2_FILTERED"
"NUM_7955","20","20","count"," <div className=""w-full h-8 bg-indigo-500/20 rounded-lg mb-auto""></div> ","Page","frontend\src\app\hype\page.js","FALLBACK_CONSTANT","INTERNAL_TECHNICAL_OR_SAFE_UI","SAFE","L2_FILTERED"
"NUM_7956","32","32","count","v> <div className=""w-32 h-16 bg-indigo-500/10 rounded-xl mx-auto my-8""></","Page","frontend\src\app\hype\page.js","FALLBACK_CONSTANT","INTERNAL_TECHNICAL_OR_SAFE_UI","SAFE","L2_FILTERED"
"NUM_7957","16","16","count"," <div className=""w-32 h-16 bg-indigo-500/10 rounded-xl mx-auto my-8""></div> ","Page","frontend\src\app\hype\page.js","FALLBACK_CONSTANT","INTERNAL_TECHNICAL_OR_SAFE_UI","SAFE","L2_FILTERED"
"NUM_7958","500","500","count"," <div className=""w-32 h-16 bg-indigo-500/10 rounded-xl mx-auto my-8""></div> ","Page","frontend\src\app\hype\page.js","FALLBACK_CONSTANT","INTERNAL_TECHNICAL_OR_SAFE_UI","SAFE","L2_FILTERED"
"NUM_7959","10","10","count"," <div className=""w-32 h-16 bg-indigo-500/10 rounded-xl mx-auto my-8""></div> ","Page","frontend\src\app\hype\page.js","FALLBACK_CONSTANT","INTERNAL_TECHNICAL_OR_SAFE_UI","SAFE","L2_FILTERED"
"NUM_7960","8","8","count","""w-32 h-16 bg-indigo-500/10 rounded-xl mx-auto my-8""></div> <div classNa","Page","frontend\src\app\hype\page.js","FALLBACK_CONSTANT","INTERNAL_TECHNICAL_OR_SAFE_UI","SAFE","L2_FILTERED"
"NUM_7961","2","2","count"," <div className=""w-full h-2 bg-indigo-500/10 rounded-full mb-6""></div> ","Page","frontend\src\app\hype\page.js","FALLBACK_CONSTANT","INTERNAL_TECHNICAL_OR_SAFE_UI","SAFE","L2_FILTERED"
"NUM_7962","500","500","count"," <div className=""w-full h-2 bg-indigo-500/10 rounded-full mb-6""></div> ","Page","frontend\src\app\hype\page.js","FALLBACK_CONSTANT","INTERNAL_TECHNICAL_OR_SAFE_UI","SAFE","L2_FILTERED"
"NUM_7963","10","10","count"," <div className=""w-full h-2 bg-indigo-500/10 rounded-full mb-6""></div> ","Page","frontend\src\app\hype\page.js","FALLBACK_CONSTANT","INTERNAL_TECHNICAL_OR_SAFE_UI","SAFE","L2_FILTERED"
"NUM_7964","6","6","count","Name=""w-full h-2 bg-indigo-500/10 rounded-full mb-6""></div> <div classNa","Page","frontend\src\app\hype\page.js","FALLBACK_CONSTANT","INTERNAL_TECHNICAL_OR_SAFE_UI","SAFE","L2_FILTERED"
"NUM_7965","12","12","count"," <div className=""w-full h-12 bg-indigo-500/20 rounded-xl""></div> ","Page","frontend\src\app\hype\page.js","FALLBACK_CONSTANT","INTERNAL_TECHNICAL_OR_SAFE_UI","SAFE","L2_FILTERED"
"NUM_7966","500","500","count"," <div className=""w-full h-12 bg-indigo-500/20 rounded-xl""></div> </","Page","frontend\src\app\hype\page.js","FALLBACK_CONSTANT","INTERNAL_TECHNICAL_OR_SAFE_UI","SAFE","L2_FILTERED"
"NUM_7967","20","20","count"," <div className=""w-full h-12 bg-indigo-500/20 rounded-xl""></div> </div","Page","frontend\src\app\hype\page.js","FALLBACK_CONSTANT","INTERNAL_TECHNICAL_OR_SAFE_UI","SAFE","L2_FILTERED"
"NUM_7968","10","10","count","== undefined) { return <div className=""h-10 md:h-14 w-24 bg-indigo-500/20 animate-pulse round","Page","frontend\src\app\hype\page.js","FALLBACK_CONSTANT","INTERNAL_TECHNICAL_OR_SAFE_UI","SAFE","L2_FILTERED"
"NUM_7969","14","14","count","ined) { return <div className=""h-10 md:h-14 w-24 bg-indigo-500/20 animate-pulse rounded-lg mx","Page","frontend\src\app\hype\page.js","FALLBACK_CONSTANT","INTERNAL_TECHNICAL_OR_SAFE_UI","SAFE","L2_FILTERED"
"NUM_7970","24","24","count"," { return <div className=""h-10 md:h-14 w-24 bg-indigo-500/20 animate-pulse rounded-lg mx-auto","Page","frontend\src\app\hype\page.js","FALLBACK_CONSTANT","INTERNAL_TECHNICAL_OR_SAFE_UI","SAFE","L2_FILTERED"
"NUM_7971","500","500","count","eturn <div className=""h-10 md:h-14 w-24 bg-indigo-500/20 animate-pulse rounded-lg mx-auto"" />; } ","Page","frontend\src\app\hype\page.js","FALLBACK_CONSTANT","INTERNAL_TECHNICAL_OR_SAFE_UI","SAFE","L2_FILTERED"
"NUM_7972","20","20","count","n <div className=""h-10 md:h-14 w-24 bg-indigo-500/20 animate-pulse rounded-lg mx-auto"" />; } ","Page","frontend\src\app\hype\page.js","FALLBACK_CONSTANT","INTERNAL_TECHNICAL_OR_SAFE_UI","SAFE","L2_FILTERED"
"NUM_7974","0","0","count",""">{value}</span>; const valStr = (value || 0).toString(); const digits = valStr.split('')","Page","frontend\src\app\hype\page.js","COMPUTED_FRONTEND","INTERNAL_TECHNICAL_OR_SAFE_UI","SAFE","L2_FILTERED"
"NUM_7976","0","0","count","it({ digit }) { const n = parseInt(digit) || 0; return ( <div className=""slotted-c","Page","frontend\src\app\hype\page.js","COMPUTED_FRONTEND","INTERNAL_TECHNICAL_OR_SAFE_UI","SAFE","L2_FILTERED"
"NUM_7980","15","15","count","ition={{ type: ""spring"", stiffness: 100, damping: 15 }} className=""slotted-digit-wrap","Page","frontend\src\app\hype\page.js","COMPUTED_FRONTEND","INTERNAL_TECHNICAL_OR_SAFE_UI","SAFE","L2_FILTERED"
"NUM_7981","0,","0","count","ted-digit-wrap"" > {[0, 1, 2, 3, 4, 5, 6, 7, 8, 9].map(num => ( ","Page","frontend\src\app\hype\page.js","FALLBACK_CONSTANT","INTERNAL_TECHNICAL_OR_SAFE_UI","SAFE","L2_FILTERED"
"NUM_7982","1,","1","count","-digit-wrap"" > {[0, 1, 2, 3, 4, 5, 6, 7, 8, 9].map(num => ( ","Page","frontend\src\app\hype\page.js","FALLBACK_CONSTANT","INTERNAL_TECHNICAL_OR_SAFE_UI","SAFE","L2_FILTERED"
"NUM_7983","2,","2","count","git-wrap"" > {[0, 1, 2, 3, 4, 5, 6, 7, 8, 9].map(num => ( ","Page","frontend\src\app\hype\page.js","FALLBACK_CONSTANT","INTERNAL_TECHNICAL_OR_SAFE_UI","SAFE","L2_FILTERED"
"NUM_7984","3,","3","count","-wrap"" > {[0, 1, 2, 3, 4, 5, 6, 7, 8, 9].map(num => ( ","Page","frontend\src\app\hype\page.js","FALLBACK_CONSTANT","INTERNAL_TECHNICAL_OR_SAFE_UI","SAFE","L2_FILTERED"
"NUM_7985","4,","4","count","ap"" > {[0, 1, 2, 3, 4, 5, 6, 7, 8, 9].map(num => ( ","Page","frontend\src\app\hype\page.js","FALLBACK_CONSTANT","INTERNAL_TECHNICAL_OR_SAFE_UI","SAFE","L2_FILTERED"
"NUM_7986","5,","5","count"," > {[0, 1, 2, 3, 4, 5, 6, 7, 8, 9].map(num => ( <di","Page","frontend\src\app\hype\page.js","FALLBACK_CONSTANT","INTERNAL_TECHNICAL_OR_SAFE_UI","SAFE","L2_FILTERED"
"NUM_7987","6,","6","count"," > {[0, 1, 2, 3, 4, 5, 6, 7, 8, 9].map(num => ( <div k","Page","frontend\src\app\hype\page.js","FALLBACK_CONSTANT","INTERNAL_TECHNICAL_OR_SAFE_UI","SAFE","L2_FILTERED"
"NUM_7988","7,","7","count"," > {[0, 1, 2, 3, 4, 5, 6, 7, 8, 9].map(num => ( <div key=","Page","frontend\src\app\hype\page.js","FALLBACK_CONSTANT","INTERNAL_TECHNICAL_OR_SAFE_UI","SAFE","L2_FILTERED"
"NUM_7989","8,","8","count"," > {[0, 1, 2, 3, 4, 5, 6, 7, 8, 9].map(num => ( <div key={nu","Page","frontend\src\app\hype\page.js","FALLBACK_CONSTANT","INTERNAL_TECHNICAL_OR_SAFE_UI","SAFE","L2_FILTERED"
"NUM_7990","9","9","count"," > {[0, 1, 2, 3, 4, 5, 6, 7, 8, 9].map(num => ( <div key={num}","Page","frontend\src\app\hype\page.js","COMPUTED_FRONTEND","INTERNAL_TECHNICAL_OR_SAFE_UI","SAFE","L2_FILTERED"
"NUM_8005","12","12","count","cles({ origin, onComplete }) { const count = 12; const particles = Array.from({ length: coun","Page","frontend\src\app\hype\page.js","COMPUTED_FRONTEND","INTERNAL_TECHNICAL_OR_SAFE_UI","SAFE","L2_FILTERED"
"NUM_8006","360","360","count"," (_, i) => { const angle = (i / count) * 360; const dist = 80 + Math.random() * 60; ","Page","frontend\src\app\hype\page.js","FALLBACK_CONSTANT","INTERNAL_TECHNICAL_OR_SAFE_UI","SAFE","L2_FILTERED"
"NUM_8007","80","80","count"," angle = (i / count) * 360; const dist = 80 + Math.random() * 60; const rad = (angle","Page","frontend\src\app\hype\page.js","FALLBACK_CONSTANT","INTERNAL_TECHNICAL_OR_SAFE_UI","SAFE","L2_FILTERED"
"NUM_8008","60","60","count","* 360; const dist = 80 + Math.random() * 60; const rad = (angle * Math.PI) / 180; ","Page","frontend\src\app\hype\page.js","FALLBACK_CONSTANT","INTERNAL_TECHNICAL_OR_SAFE_UI","SAFE","L2_FILTERED"
"NUM_8009","180","180","count","() * 60; const rad = (angle * Math.PI) / 180; const x = Math.cos(rad) * dist; ","Page","frontend\src\app\hype\page.js","FALLBACK_CONSTANT","INTERNAL_TECHNICAL_OR_SAFE_UI","SAFE","L2_FILTERED"
"NUM_8043","0","0","count","({ votes }) { if (!votes || votes.length === 0) return null; const double = [...votes, ...v","Page","frontend\src\app\hype\page.js","COMPUTED_FRONTEND","INTERNAL_TECHNICAL_OR_SAFE_UI","SAFE","L2_FILTERED"
"NUM_8048","4","4","count","</i> <span className=""mx-4 text-slate-200"">•</span> </m","Page","frontend\src\app\hype\page.js","FALLBACK_CONSTANT","INTERNAL_TECHNICAL_OR_SAFE_UI","SAFE","L2_FILTERED"
"NUM_8049","200","200","count"," <span className=""mx-4 text-slate-200"">•</span> </motion.div> ","Page","frontend\src\app\hype\page.js","FALLBACK_CONSTANT","INTERNAL_TECHNICAL_OR_SAFE_UI","SAFE","L2_FILTERED"
"NUM_8050","0","0","count"," if (!col) return null; const pct = total > 0 ? (col.votes / total) * 100 : 0; return ( ","Page","frontend\src\app\hype\page.js","FALLBACK_CONSTANT","INTERNAL_TECHNICAL_OR_SAFE_UI","SAFE","L2_FILTERED"
"NUM_8051","100","100","count"," const pct = total > 0 ? (col.votes / total) * 100 : 0; return ( <motion.div ","Page","frontend\src\app\hype\page.js","FALLBACK_CONSTANT","INTERNAL_TECHNICAL_OR_SAFE_UI","SAFE","L2_FILTERED"
"NUM_8052","0","0","count","nst pct = total > 0 ? (col.votes / total) * 100 : 0; return ( <motion.div ","Page","frontend\src\app\hype\page.js","FALLBACK_CONSTANT","INTERNAL_TECHNICAL_OR_SAFE_UI","SAFE","L2_FILTERED"
"NUM_8074","3","3","count"," </div> <h3 className=""pillar-title""> ","Page","frontend\src\app\hype\page.js","FALLBACK_CONSTANT","INTERNAL_TECHNICAL_OR_SAFE_UI","SAFE","L2_FILTERED"
"NUM_8075","3","3","count"," {col.name} </h3> </div> {/* S","Page","frontend\src\app\hype\page.js","COMPUTED_FRONTEND","INTERNAL_TECHNICAL_OR_SAFE_UI","SAFE","L2_FILTERED"
"NUM_8076","6","6","count","""> <div className=""w-full mb-6 mt-4""> <div className=""p","Page","frontend\src\app\hype\page.js","FALLBACK_CONSTANT","INTERNAL_TECHNICAL_OR_SAFE_UI","SAFE","L2_FILTERED"
"NUM_8077","4","4","count"," <div className=""w-full mb-6 mt-4""> <div className=""pillar","Page","frontend\src\app\hype\page.js","FALLBACK_CONSTANT","INTERNAL_TECHNICAL_OR_SAFE_UI","SAFE","L2_FILTERED"
"NUM_8083","0","0","count"," <div className=""absolute inset-0 bg-gradient-to-r from-transparent via-white/40 to","Page","frontend\src\app\hype\page.js","FALLBACK_CONSTANT","INTERNAL_TECHNICAL_OR_SAFE_UI","SAFE","L2_FILTERED"
"NUM_8084","40","40","count","set-0 bg-gradient-to-r from-transparent via-white/40 to-transparent -translate-x-full group-hover:anim","Page","frontend\src\app\hype\page.js","FALLBACK_CONSTANT","INTERNAL_TECHNICAL_OR_SAFE_UI","SAFE","L2_FILTERED"
"NUM_8085","1.5","1.5","count","nt -translate-x-full group-hover:animate-[shimmer_1.5s_infinite] pointer-events-none"" /> ","Page","frontend\src\app\hype\page.js","FALLBACK_CONSTANT","INTERNAL_TECHNICAL_OR_SAFE_UI","SAFE","L2_FILTERED"
"NUM_8104","1","1","count","black text-slate-400 tracking-widest uppercase mt-1 italic"">Rising Powerhouses</div> </d","Page","frontend\src\app\hype\page.js","FALLBACK_CONSTANT","INTERNAL_TECHNICAL_OR_SAFE_UI","SAFE","L2_FILTERED"
"NUM_8113","100","100","count","ow-lg ${isVoting ? 'bg-slate-100 text-slate-300 pointer-events-none' ","Page","frontend\src\app\hype\page.js","FALLBACK_CONSTANT","INTERNAL_TECHNICAL_OR_SAFE_UI","SAFE","L2_FILTERED"
"NUM_8114","300","300","count","g ? 'bg-slate-100 text-slate-300 pointer-events-none' : 'bg-g","Page","frontend\src\app\hype\page.js","FALLBACK_CONSTANT","INTERNAL_TECHNICAL_OR_SAFE_UI","SAFE","L2_FILTERED"
"NUM_8115","500","500","count"," : 'bg-gradient-to-br from-indigo-500 to-violet-600 text-white shadow-indigo-200 hover:","Page","frontend\src\app\hype\page.js","FALLBACK_CONSTANT","INTERNAL_TECHNICAL_OR_SAFE_UI","SAFE","L2_FILTERED"
"NUM_8116","600","600","count"," : 'bg-gradient-to-br from-indigo-500 to-violet-600 text-white shadow-indigo-200 hover:shadow-indigo-","Page","frontend\src\app\hype\page.js","FALLBACK_CONSTANT","INTERNAL_TECHNICAL_OR_SAFE_UI","SAFE","L2_FILTERED"
"NUM_8124","15000","15000","count","fresh(); const id = setInterval(refresh, 15000); // Relaxed to 15s to prevent 429s retu","Page","frontend\src\app\hype\page.js","FALLBACK_CONSTANT","INTERNAL_TECHNICAL_OR_SAFE_UI","SAFE","L2_FILTERED"
"NUM_8125","15","15","count","t id = setInterval(refresh, 15000); // Relaxed to 15s to prevent 429s return () => clearInter","Page","frontend\src\app\hype\page.js","FALLBACK_CONSTANT","INTERNAL_TECHNICAL_OR_SAFE_UI","SAFE","L2_FILTERED"
"NUM_8126","429","429","count","val(refresh, 15000); // Relaxed to 15s to prevent 429s return () => clearInterval(id); },","Page","frontend\src\app\hype\page.js","FALLBACK_CONSTANT","INTERNAL_TECHNICAL_OR_SAFE_UI","SAFE","L2_FILTERED"
"NUM_8127","300","300","count","st t = setTimeout(() => setDebQuery(searchQuery), 300); return () => clearTimeout(t); }, ","Page","frontend\src\app\hype\page.js","FALLBACK_CONSTANT","INTERNAL_TECHNICAL_OR_SAFE_UI","SAFE","L2_FILTERED"
"NUM_8128","0,","0","count","en(d => setSearchResults((d.colleges || []).slice(0, 5))) .catch(console.error); }, ","Page","frontend\src\app\hype\page.js","FALLBACK_CONSTANT","INTERNAL_TECHNICAL_OR_SAFE_UI","SAFE","L2_FILTERED"
"NUM_8129","5","5","count","d => setSearchResults((d.colleges || []).slice(0, 5))) .catch(console.error); }, [d","Page","frontend\src\app\hype\page.js","FALLBACK_CONSTANT","INTERNAL_TECHNICAL_OR_SAFE_UI","SAFE","L2_FILTERED"
"NUM_8132","800","800","count","true); setTimeout(() => setBurst(false), 800); if (!user) { try { await signInWithG","Page","frontend\src\app\hype\page.js","FALLBACK_CONSTANT","INTERNAL_TECHNICAL_OR_SAFE_UI","SAFE","L2_FILTERED"
"NUM_8135","0","0","count","c => c.id === collegeId); if (idx >= 0) lb[idx] = { ...lb[idx], votes: (lb[idx].votes ||","Page","frontend\src\app\hype\page.js","FALLBACK_CONSTANT","INTERNAL_TECHNICAL_OR_SAFE_UI","SAFE","L2_FILTERED"
"NUM_8136","0","0","count"," lb[idx] = { ...lb[idx], votes: (lb[idx].votes || 0) + 1 }; else lb.unshift({ id: colleg","Page","frontend\src\app\hype\page.js","COMPUTED_FRONTEND","INTERNAL_TECHNICAL_OR_SAFE_UI","SAFE","L2_FILTERED"
"NUM_8137","1","1","count","dx] = { ...lb[idx], votes: (lb[idx].votes || 0) + 1 }; else lb.unshift({ id: collegeId, ","Page","frontend\src\app\hype\page.js","COMPUTED_FRONTEND","INTERNAL_TECHNICAL_OR_SAFE_UI","SAFE","L2_FILTERED"
"NUM_8138","1,","1","count","b.unshift({ id: collegeId, name: col.name, votes: 1, location: col.location }); lb.sort((","Page","frontend\src\app\hype\page.js","COMPUTED_FRONTEND","INTERNAL_TECHNICAL_OR_SAFE_UI","SAFE","L2_FILTERED"
"NUM_8139","0","0","count","on }); lb.sort((a, b) => (b.votes || 0) - (a.votes || 0)); const newTicke","Page","frontend\src\app\hype\page.js","FALLBACK_CONSTANT","INTERNAL_TECHNICAL_OR_SAFE_UI","SAFE","L2_FILTERED"
"NUM_8140","0","0","count"," lb.sort((a, b) => (b.votes || 0) - (a.votes || 0)); const newTicker = [{ userName: ","Page","frontend\src\app\hype\page.js","FALLBACK_CONSTANT","INTERNAL_TECHNICAL_OR_SAFE_UI","SAFE","L2_FILTERED"
"NUM_8141","0,","0","count","llegeName: col.name }, ...prev.recentVotes].slice(0, 15); return { ...prev, leaderboard: ","Page","frontend\src\app\hype\page.js","FALLBACK_CONSTANT","INTERNAL_TECHNICAL_OR_SAFE_UI","SAFE","L2_FILTERED"
"NUM_8142","15","15","count","geName: col.name }, ...prev.recentVotes].slice(0, 15); return { ...prev, leaderboard: lb,","Page","frontend\src\app\hype\page.js","FALLBACK_CONSTANT","INTERNAL_TECHNICAL_OR_SAFE_UI","SAFE","L2_FILTERED"
"NUM_8145","600","600","count","=> { setSearchQuery(""""); setSearchResults([]); }, 600); try { await postHypeVot","Page","frontend\src\app\hype\page.js","COMPUTED_FRONTEND","INTERNAL_TECHNICAL_OR_SAFE_UI","SAFE","L2_FILTERED"
"NUM_8149","3,","3","count","|| []; const rest = stats.leaderboard?.slice(3, 50) || []; const total = (stats.leaderboard ","Page","frontend\src\app\hype\page.js","FALLBACK_CONSTANT","INTERNAL_TECHNICAL_OR_SAFE_UI","SAFE","L2_FILTERED"
"NUM_8150","50","50","count","[]; const rest = stats.leaderboard?.slice(3, 50) || []; const total = (stats.leaderboard || ","Page","frontend\src\app\hype\page.js","FALLBACK_CONSTANT","INTERNAL_TECHNICAL_OR_SAFE_UI","SAFE","L2_FILTERED"
"NUM_8151","0","0","count","d || []).reduce((a, c) => a + (Number(c.votes) || 0), 0); if (isLoading) { return ( ","Page","frontend\src\app\hype\page.js","FALLBACK_CONSTANT","INTERNAL_TECHNICAL_OR_SAFE_UI","SAFE","L2_FILTERED"
"NUM_8152","0","0","count"," []).reduce((a, c) => a + (Number(c.votes) || 0), 0); if (isLoading) { return ( ","Page","frontend\src\app\hype\page.js","FALLBACK_CONSTANT","INTERNAL_TECHNICAL_OR_SAFE_UI","SAFE","L2_FILTERED"
"NUM_8155","200","200","count","iv className=""crystal-wrapper selection:bg-indigo-200""> <Container className=""relative z-1","Page","frontend\src\app\hype\page.js","FALLBACK_CONSTANT","INTERNAL_TECHNICAL_OR_SAFE_UI","SAFE","L2_FILTERED"
"NUM_8169","500","500","count","s-center gap-3 mb-10 bg-gradient-to-r from-indigo-500/10 via-purple-500/10 to-pink-500/10 backdrop-blur","Page","frontend\src\app\hype\page.js","FALLBACK_CONSTANT","INTERNAL_TECHNICAL_OR_SAFE_UI","SAFE","L2_FILTERED"
"NUM_8170","10","10","count","nter gap-3 mb-10 bg-gradient-to-r from-indigo-500/10 via-purple-500/10 to-pink-500/10 backdrop-blur-xl","Page","frontend\src\app\hype\page.js","FALLBACK_CONSTANT","INTERNAL_TECHNICAL_OR_SAFE_UI","SAFE","L2_FILTERED"
"NUM_8186","1","1","count"," </motion.div> <h1 className=""crystal-title leading-[0.9] mb-6""> ","Page","frontend\src\app\hype\page.js","FALLBACK_CONSTANT","INTERNAL_TECHNICAL_OR_SAFE_UI","SAFE","L2_FILTERED"
"NUM_8187","0.9","0.9","count"," <h1 className=""crystal-title leading-[0.9] mb-6""> Hype Your <br />","Page","frontend\src\app\hype\page.js","FALLBACK_CONSTANT","INTERNAL_TECHNICAL_OR_SAFE_UI","SAFE","L2_FILTERED"
"NUM_8188","6","6","count"," <h1 className=""crystal-title leading-[0.9] mb-6""> Hype Your <br /> Favor","Page","frontend\src\app\hype\page.js","FALLBACK_CONSTANT","INTERNAL_TECHNICAL_OR_SAFE_UI","SAFE","L2_FILTERED"
"NUM_8189","1","1","count","br /> Favorite University </h1> <p className=""text-slate-","Page","frontend\src\app\hype\page.js","FALLBACK_CONSTANT","INTERNAL_TECHNICAL_OR_SAFE_UI","SAFE","L2_FILTERED"
"NUM_8198","10","10","count","-center justify-center gap-6 lg:gap-16 mt-6 lg:mt-10 mb-10 lg:mb-20""> <div cl","Page","frontend\src\app\hype\page.js","FALLBACK_CONSTANT","INTERNAL_TECHNICAL_OR_SAFE_UI","SAFE","L2_FILTERED"
"NUM_8199","10","10","count","r justify-center gap-6 lg:gap-16 mt-6 lg:mt-10 mb-10 lg:mb-20""> <div classNam","Page","frontend\src\app\hype\page.js","FALLBACK_CONSTANT","INTERNAL_TECHNICAL_OR_SAFE_UI","SAFE","L2_FILTERED"
"NUM_8200","20","20","count","-center gap-6 lg:gap-16 mt-6 lg:mt-10 mb-10 lg:mb-20""> <div className=""text-c","Page","frontend\src\app\hype\page.js","FALLBACK_CONSTANT","INTERNAL_TECHNICAL_OR_SAFE_UI","SAFE","L2_FILTERED"
"NUM_8216","300","300","count","h-20 bg-gradient-to-b from-transparent via-indigo-300/50 to-transparent"" /> <d","Page","frontend\src\app\hype\page.js","FALLBACK_CONSTANT","INTERNAL_TECHNICAL_OR_SAFE_UI","SAFE","L2_FILTERED"
"NUM_8217","50","50","count"," bg-gradient-to-b from-transparent via-indigo-300/50 to-transparent"" /> <div ","Page","frontend\src\app\hype\page.js","FALLBACK_CONSTANT","INTERNAL_TECHNICAL_OR_SAFE_UI","SAFE","L2_FILTERED"
"NUM_8220","40","40","count"," bg-gradient-to-r from-transparent via-indigo-300/40 to-transparent"" /> <di","Page","frontend\src\app\hype\page.js","FALLBACK_CONSTANT","INTERNAL_TECHNICAL_OR_SAFE_UI","SAFE","L2_FILTERED"
"NUM_8233","500","500","count","roup-hover:bg-gradient-to-r group-hover:from-pink-500 group-hover:to-indigo-500 group-hover:bg-clip-tex","Page","frontend\src\app\hype\page.js","FALLBACK_CONSTANT","INTERNAL_TECHNICAL_OR_SAFE_UI","SAFE","L2_FILTERED"
"NUM_8234","500","500","count","r group-hover:from-pink-500 group-hover:to-indigo-500 group-hover:bg-clip-text group-hover:text-transpa","Page","frontend\src\app\hype\page.js","FALLBACK_CONSTANT","INTERNAL_TECHNICAL_OR_SAFE_UI","SAFE","L2_FILTERED"
"NUM_8235","500","500","count"," <div className=""crystal-search-wrap relative z-[500]"" ref={searchRef}> <div clas","Page","frontend\src\app\hype\page.js","COMPUTED_FRONTEND","INTERNAL_TECHNICAL_OR_SAFE_UI","SAFE","L2_FILTERED"
"NUM_8241","500","500","count","00/30 bg-white/60 backdrop-blur-2xl shadow-indigo-500/5""> <Search className=""t","Page","frontend\src\app\hype\page.js","FALLBACK_CONSTANT","INTERNAL_TECHNICAL_OR_SAFE_UI","SAFE","L2_FILTERED"
"NUM_8242","5","5","count","0 bg-white/60 backdrop-blur-2xl shadow-indigo-500/5""> <Search className=""tex","Page","frontend\src\app\hype\page.js","FALLBACK_CONSTANT","INTERNAL_TECHNICAL_OR_SAFE_UI","SAFE","L2_FILTERED"
"NUM_8245","2","2","count"," className=""bg-transparent text-2xl"" placeholder=""Type","Page","frontend\src\app\hype\page.js","FALLBACK_CONSTANT","INTERNAL_TECHNICAL_OR_SAFE_UI","SAFE","L2_FILTERED"
"NUM_8262","0","0","count"," {searchResults.length > 0 ? searchResults.map(c => ( ","Page","frontend\src\app\hype\page.js","FALLBACK_CONSTANT","INTERNAL_TECHNICAL_OR_SAFE_UI","SAFE","L2_FILTERED"
"NUM_8282","0","0","count"," className=""shrink-0 w-9 h-9 rounded-xl bg-gradient-to-br from-indigo-","Page","frontend\src\app\hype\page.js","FALLBACK_CONSTANT","INTERNAL_TECHNICAL_OR_SAFE_UI","SAFE","L2_FILTERED"
"NUM_8283","9","9","count"," className=""shrink-0 w-9 h-9 rounded-xl bg-gradient-to-br from-indigo-500 ","Page","frontend\src\app\hype\page.js","FALLBACK_CONSTANT","INTERNAL_TECHNICAL_OR_SAFE_UI","SAFE","L2_FILTERED"
"NUM_8284","9","9","count"," className=""shrink-0 w-9 h-9 rounded-xl bg-gradient-to-br from-indigo-500 to-v","Page","frontend\src\app\hype\page.js","FALLBACK_CONSTANT","INTERNAL_TECHNICAL_OR_SAFE_UI","SAFE","L2_FILTERED"
"NUM_8312","0","0","count"," CRYSTAL LIST */} {rest.length > 0 && ( <div className=""crystal","Page","frontend\src\app\hype\page.js","FALLBACK_CONSTANT","INTERNAL_TECHNICAL_OR_SAFE_UI","SAFE","L2_FILTERED"
"NUM_8321","2","2","count","king-tighter text-slate-900"">Rising Powerhouses</h2> </div> ","Page","frontend\src\app\hype\page.js","FALLBACK_CONSTANT","INTERNAL_TECHNICAL_OR_SAFE_UI","SAFE","L2_FILTERED"
"NUM_8324","4","4","count"," <CrystalRow key={c.id} col={c} rank={i + 4} onVote={handleVote} isVoting={isVoting} /> ","Page","frontend\src\app\hype\page.js","API_DERIVED","INTERNAL_TECHNICAL_OR_SAFE_UI","SAFE","L2_FILTERED"
"NUM_8345","2000+","2000","count+","plate: ""%s | CEI"" }, description: ""Discover 2000+ colleges across India, compare entrance exams, an","Page","frontend\src\app\layout.js","FALLBACK_CONSTANT","INTERNAL_TECHNICAL_OR_SAFE_UI","SAFE","L2_FILTERED"
"NUM_8346","51.","51.","count"," metadataBase: new URL('https://frontend-blond-nu-51.vercel.app'), openGraph: { type: 'website'","Page","frontend\src\app\layout.js","FALLBACK_CONSTANT","INTERNAL_TECHNICAL_OR_SAFE_UI","SAFE","L2_FILTERED"
"NUM_8347","51.","51.","count","le: 'en_IN', url: 'https://frontend-blond-nu-51.vercel.app', title: 'CEI — College Exam Intel","Page","frontend\src\app\layout.js","FALLBACK_CONSTANT","INTERNAL_TECHNICAL_OR_SAFE_UI","SAFE","L2_FILTERED"
"NUM_8348","2000+","2000","count+","e Exam Intelligence', description: 'Discover 2000+ colleges across India, compare entrance exams, an","Page","frontend\src\app\layout.js","FALLBACK_CONSTANT","INTERNAL_TECHNICAL_OR_SAFE_UI","SAFE","L2_FILTERED"
"NUM_8349","2000+","2000","count+","e Exam Intelligence', description: 'Discover 2000+ colleges across India, compare entrance exams, an","Page","frontend\src\app\layout.js","FALLBACK_CONSTANT","INTERNAL_TECHNICAL_OR_SAFE_UI","SAFE","L2_FILTERED"
"NUM_8352","3","3","count"," <div className=""chromatic-band-3"" /> <div className=""chromatic-","Page","frontend\src\app\layout.js","FALLBACK_CONSTANT","INTERNAL_TECHNICAL_OR_SAFE_UI","SAFE","L2_FILTERED"
"NUM_8353","4","4","count"," <div className=""chromatic-band-4"" /> </div> ","Page","frontend\src\app\layout.js","FALLBACK_CONSTANT","INTERNAL_TECHNICAL_OR_SAFE_UI","SAFE","L2_FILTERED"
"NUM_8519","1","1","count","er"">WELCOME BACK</div> <h1 className=""auth-title"">Log into CEI</h1> ","Page","frontend\src\app\login\page.js","FALLBACK_CONSTANT","INTERNAL_TECHNICAL_OR_SAFE_UI","SAFE","L2_FILTERED"
"NUM_8520","1","1","count"," <h1 className=""auth-title"">Log into CEI</h1> <p className=""auth-subt","Page","frontend\src\app\login\page.js","FALLBACK_CONSTANT","INTERNAL_TECHNICAL_OR_SAFE_UI","SAFE","L2_FILTERED"
"NUM_8630","7.7","7.7","count","06.56 4.21 1.64l3.15-3.15C17.45 2.09 14.97 1 12 1 7.7 1 3.99 3.47 2.18 7.07l3.66 2.84c.87-2.6 3.3-4.53 ","Page","frontend\src\app\login\page.js","FALLBACK_CONSTANT","INTERNAL_TECHNICAL_OR_SAFE_UI","SAFE","L2_FILTERED"
"NUM_8631","1","1","count","6 4.21 1.64l3.15-3.15C17.45 2.09 14.97 1 12 1 7.7 1 3.99 3.47 2.18 7.07l3.66 2.84c.87-2.6 3.3-4.53 6.","Page","frontend\src\app\login\page.js","FALLBACK_CONSTANT","INTERNAL_TECHNICAL_OR_SAFE_UI","SAFE","L2_FILTERED"
"NUM_8632","3.99","3.99","count","4.21 1.64l3.15-3.15C17.45 2.09 14.97 1 12 1 7.7 1 3.99 3.47 2.18 7.07l3.66 2.84c.87-2.6 3.3-4.53 6.16-4.","Page","frontend\src\app\login\page.js","FALLBACK_CONSTANT","INTERNAL_TECHNICAL_OR_SAFE_UI","SAFE","L2_FILTERED"
"NUM_8633","3.47","3.47","count","1.64l3.15-3.15C17.45 2.09 14.97 1 12 1 7.7 1 3.99 3.47 2.18 7.07l3.66 2.84c.87-2.6 3.3-4.53 6.16-4.53z"" ","Page","frontend\src\app\login\page.js","FALLBACK_CONSTANT","INTERNAL_TECHNICAL_OR_SAFE_UI","SAFE","L2_FILTERED"
"NUM_9218","3000","3000","count","833"", glow: ""none"", tier: """" }; if (count >= 3000) return { bg: ""rgba(251, 191, 36, 0.12)"", text: ""","Page","frontend\src\app\map\MobileMapList.jsx","FALLBACK_CONSTANT","INTERNAL_TECHNICAL_OR_SAFE_UI","SAFE","L2_FILTERED"
"NUM_9231","1000","1000","count",", 191, 36, 0.3)"", tier: ""🔥"" }; if (count >= 1000) return { bg: ""rgba(59, 130, 246, 0.12)"", text: ""","Page","frontend\src\app\map\MobileMapList.jsx","FALLBACK_CONSTANT","INTERNAL_TECHNICAL_OR_SAFE_UI","SAFE","L2_FILTERED"
"NUM_9246","100","100","count",", 130, 246, 0.2)"", tier: ""⭐"" }; if (count >= 100) return { bg: ""rgba(139, 92, 246, 0.12)"", text: ""","Page","frontend\src\app\map\MobileMapList.jsx","FALLBACK_CONSTANT","INTERNAL_TECHNICAL_OR_SAFE_UI","SAFE","L2_FILTERED"
"NUM_9276","0","0","count"," statesWithData.reduce((sum, s) => sum + s.count, 0); return { region, states: statesWit","Page","frontend\src\app\map\MobileMapList.jsx","FALLBACK_CONSTANT","INTERNAL_TECHNICAL_OR_SAFE_UI","SAFE","L2_FILTERED"
"NUM_9280","0,","0","count","((a, b) => b.count - a.count) .slice(0, 5); }, [stateStats]); const handleNav","Page","frontend\src\app\map\MobileMapList.jsx","FALLBACK_CONSTANT","INTERNAL_TECHNICAL_OR_SAFE_UI","SAFE","L2_FILTERED"
"NUM_9281","5","5","count",", b) => b.count - a.count) .slice(0, 5); }, [stateStats]); const handleNavig","Page","frontend\src\app\map\MobileMapList.jsx","FALLBACK_CONSTANT","INTERNAL_TECHNICAL_OR_SAFE_UI","SAFE","L2_FILTERED"
"NUM_9285","3","3","count"," <h3>Education Powerhouses</h3> </div> <div cl","Page","frontend\src\app\map\MobileMapList.jsx","FALLBACK_CONSTANT","INTERNAL_TECHNICAL_OR_SAFE_UI","SAFE","L2_FILTERED"
"NUM_9290","3","3","count","adge"">🗺️ BY REGION</span> <h3>Explore by Geography</h3> </div>","Page","frontend\src\app\map\MobileMapList.jsx","FALLBACK_CONSTANT","INTERNAL_TECHNICAL_OR_SAFE_UI","SAFE","L2_FILTERED"
"NUM_9291","3","3","count","> <h3>Explore by Geography</h3> </div> {regi","Page","frontend\src\app\map\MobileMapList.jsx","FALLBACK_CONSTANT","INTERNAL_TECHNICAL_OR_SAFE_UI","SAFE","L2_FILTERED"
"NUM_9315","28,","28","count"," = { // North ""Jammu and Kashmir"": { x: 28, y: 12, connections: [""Ladakh"", ""Himachal Pradesh""","Page","frontend\src\app\map\page.js","FALLBACK_CONSTANT","INTERNAL_TECHNICAL_OR_SAFE_UI","SAFE","L2_FILTERED"
"NUM_9316","12,","12","count"," // North ""Jammu and Kashmir"": { x: 28, y: 12, connections: [""Ladakh"", ""Himachal Pradesh"", ""Punj","Page","frontend\src\app\map\page.js","FALLBACK_CONSTANT","INTERNAL_TECHNICAL_OR_SAFE_UI","SAFE","L2_FILTERED"
"NUM_9317","38,","38","count","machal Pradesh"", ""Punjab""] }, ""Ladakh"": { x: 38, y: 10, connections: [""Jammu and Kashmir"", ""Himach","Page","frontend\src\app\map\page.js","FALLBACK_CONSTANT","INTERNAL_TECHNICAL_OR_SAFE_UI","SAFE","L2_FILTERED"
"NUM_9318","10,","10","count","Pradesh"", ""Punjab""] }, ""Ladakh"": { x: 38, y: 10, connections: [""Jammu and Kashmir"", ""Himachal Prad","Page","frontend\src\app\map\page.js","FALLBACK_CONSTANT","INTERNAL_TECHNICAL_OR_SAFE_UI","SAFE","L2_FILTERED"
"NUM_9319","32,","32","count","machal Pradesh""] }, ""Himachal Pradesh"": { x: 32, y: 20, connections: [""Jammu and Kashmir"", ""Ladakh","Page","frontend\src\app\map\page.js","FALLBACK_CONSTANT","INTERNAL_TECHNICAL_OR_SAFE_UI","SAFE","L2_FILTERED"
"NUM_9320","20,","20","count","Pradesh""] }, ""Himachal Pradesh"": { x: 32, y: 20, connections: [""Jammu and Kashmir"", ""Ladakh"", ""Pun","Page","frontend\src\app\map\page.js","FALLBACK_CONSTANT","INTERNAL_TECHNICAL_OR_SAFE_UI","SAFE","L2_FILTERED"
"NUM_9321","24,","24","count"," ""Haryana"", ""Uttarakhand""] }, ""Punjab"": { x: 24, y: 24, connections: [""Jammu and Kashmir"", ""Himach","Page","frontend\src\app\map\page.js","FALLBACK_CONSTANT","INTERNAL_TECHNICAL_OR_SAFE_UI","SAFE","L2_FILTERED"
"NUM_9322","24,","24","count","na"", ""Uttarakhand""] }, ""Punjab"": { x: 24, y: 24, connections: [""Jammu and Kashmir"", ""Himachal Prad","Page","frontend\src\app\map\page.js","FALLBACK_CONSTANT","INTERNAL_TECHNICAL_OR_SAFE_UI","SAFE","L2_FILTERED"
"NUM_9323","28,","28","count",", ""Haryana"", ""Rajasthan""] }, ""Haryana"": { x: 28, y: 30, connections: [""Punjab"", ""Himachal Pradesh""","Page","frontend\src\app\map\page.js","FALLBACK_CONSTANT","INTERNAL_TECHNICAL_OR_SAFE_UI","SAFE","L2_FILTERED"
"NUM_9324","30,","30","count","ana"", ""Rajasthan""] }, ""Haryana"": { x: 28, y: 30, connections: [""Punjab"", ""Himachal Pradesh"", ""Utta","Page","frontend\src\app\map\page.js","FALLBACK_CONSTANT","INTERNAL_TECHNICAL_OR_SAFE_UI","SAFE","L2_FILTERED"
"NUM_9325","38,","38","count","""Rajasthan"", ""Delhi""] }, ""Uttarakhand"": { x: 38, y: 26, connections: [""Himachal Pradesh"", ""Haryana","Page","frontend\src\app\map\page.js","FALLBACK_CONSTANT","INTERNAL_TECHNICAL_OR_SAFE_UI","SAFE","L2_FILTERED"
"NUM_9326","26,","26","count","han"", ""Delhi""] }, ""Uttarakhand"": { x: 38, y: 26, connections: [""Himachal Pradesh"", ""Haryana"", ""Utt","Page","frontend\src\app\map\page.js","FALLBACK_CONSTANT","INTERNAL_TECHNICAL_OR_SAFE_UI","SAFE","L2_FILTERED"
"NUM_9327","42,","42","count",""", ""Uttar Pradesh""] }, ""Uttar Pradesh"": { x: 42, y: 34, connections: [""Uttarakhand"", ""Haryana"", ""R","Page","frontend\src\app\map\page.js","FALLBACK_CONSTANT","INTERNAL_TECHNICAL_OR_SAFE_UI","SAFE","L2_FILTERED"
"NUM_9328","34,","34","count","ar Pradesh""] }, ""Uttar Pradesh"": { x: 42, y: 34, connections: [""Uttarakhand"", ""Haryana"", ""Rajastha","Page","frontend\src\app\map\page.js","FALLBACK_CONSTANT","INTERNAL_TECHNICAL_OR_SAFE_UI","SAFE","L2_FILTERED"
"NUM_9329","30,","30","count",""", ""Chhattisgarh"", ""Bihar""] }, ""Delhi"": { x: 30, y: 32, connections: [""Haryana"", ""Uttar Pradesh""] ","Page","frontend\src\app\map\page.js","FALLBACK_CONSTANT","INTERNAL_TECHNICAL_OR_SAFE_UI","SAFE","L2_FILTERED"
"NUM_9330","32,","32","count","attisgarh"", ""Bihar""] }, ""Delhi"": { x: 30, y: 32, connections: [""Haryana"", ""Uttar Pradesh""] }, ","Page","frontend\src\app\map\page.js","COMPUTED_FRONTEND","INTERNAL_TECHNICAL_OR_SAFE_UI","SAFE","L2_FILTERED"
"NUM_9331","26,","26","count","ana"", ""Uttar Pradesh""] }, ""Chandigarh"": { x: 26, y: 22, connections: [""Punjab"", ""Haryana""] }, ","Page","frontend\src\app\map\page.js","COMPUTED_FRONTEND","INTERNAL_TECHNICAL_OR_SAFE_UI","SAFE","L2_FILTERED"
"NUM_9332","22,","22","count","Uttar Pradesh""] }, ""Chandigarh"": { x: 26, y: 22, connections: [""Punjab"", ""Haryana""] }, // E","Page","frontend\src\app\map\page.js","COMPUTED_FRONTEND","INTERNAL_TECHNICAL_OR_SAFE_UI","SAFE","L2_FILTERED"
"NUM_9333","52,","52","count",", ""Haryana""] }, // East ""Bihar"": { x: 52, y: 38, connections: [""Uttar Pradesh"", ""Jharkhand""","Page","frontend\src\app\map\page.js","FALLBACK_CONSTANT","INTERNAL_TECHNICAL_OR_SAFE_UI","SAFE","L2_FILTERED"
"NUM_9334","38,","38","count","ana""] }, // East ""Bihar"": { x: 52, y: 38, connections: [""Uttar Pradesh"", ""Jharkhand"", ""West","Page","frontend\src\app\map\page.js","FALLBACK_CONSTANT","INTERNAL_TECHNICAL_OR_SAFE_UI","SAFE","L2_FILTERED"
"NUM_9335","50,","50","count","rkhand"", ""West Bengal""] }, ""Jharkhand"": { x: 50, y: 46, connections: [""Bihar"", ""Uttar Pradesh"", ""C","Page","frontend\src\app\map\page.js","FALLBACK_CONSTANT","INTERNAL_TECHNICAL_OR_SAFE_UI","SAFE","L2_FILTERED"
"NUM_9336","46,","46","count",", ""West Bengal""] }, ""Jharkhand"": { x: 50, y: 46, connections: [""Bihar"", ""Uttar Pradesh"", ""Chhattis","Page","frontend\src\app\map\page.js","FALLBACK_CONSTANT","INTERNAL_TECHNICAL_OR_SAFE_UI","SAFE","L2_FILTERED"
"NUM_9337","58,","58","count","isha"", ""West Bengal""] }, ""West Bengal"": { x: 58, y: 48, connections: [""Bihar"", ""Jharkhand"", ""Odish","Page","frontend\src\app\map\page.js","FALLBACK_CONSTANT","INTERNAL_TECHNICAL_OR_SAFE_UI","SAFE","L2_FILTERED"
"NUM_9338","48,","48","count","""West Bengal""] }, ""West Bengal"": { x: 58, y: 48, connections: [""Bihar"", ""Jharkhand"", ""Odisha"", ""Si","Page","frontend\src\app\map\page.js","FALLBACK_CONSTANT","INTERNAL_TECHNICAL_OR_SAFE_UI","SAFE","L2_FILTERED"
"NUM_9339","62,","62","count","disha"", ""Sikkim"", ""Assam""] }, ""Sikkim"": { x: 62, y: 32, connections: [""West Bengal"", ""Assam""] }, ","Page","frontend\src\app\map\page.js","COMPUTED_FRONTEND","INTERNAL_TECHNICAL_OR_SAFE_UI","SAFE","L2_FILTERED"
"NUM_9340","32,","32","count"," ""Sikkim"", ""Assam""] }, ""Sikkim"": { x: 62, y: 32, connections: [""West Bengal"", ""Assam""] }, ""As","Page","frontend\src\app\map\page.js","COMPUTED_FRONTEND","INTERNAL_TECHNICAL_OR_SAFE_UI","SAFE","L2_FILTERED"
"NUM_9341","70,","70","count","s: [""West Bengal"", ""Assam""] }, ""Assam"": { x: 70, y: 36, connections: [""Sikkim"", ""West Bengal"", ""Me","Page","frontend\src\app\map\page.js","FALLBACK_CONSTANT","INTERNAL_TECHNICAL_OR_SAFE_UI","SAFE","L2_FILTERED"
"NUM_9342","36,","36","count","st Bengal"", ""Assam""] }, ""Assam"": { x: 70, y: 36, connections: [""Sikkim"", ""West Bengal"", ""Meghalaya","Page","frontend\src\app\map\page.js","FALLBACK_CONSTANT","INTERNAL_TECHNICAL_OR_SAFE_UI","SAFE","L2_FILTERED"
"NUM_9343","78,","78","count","nd"", ""Manipur""] }, ""Arunachal Pradesh"": { x: 78, y: 28, connections: [""Assam"", ""Nagaland""] }, ","Page","frontend\src\app\map\page.js","COMPUTED_FRONTEND","INTERNAL_TECHNICAL_OR_SAFE_UI","SAFE","L2_FILTERED"
"NUM_9344","28,","28","count","anipur""] }, ""Arunachal Pradesh"": { x: 78, y: 28, connections: [""Assam"", ""Nagaland""] }, ""Nagal","Page","frontend\src\app\map\page.js","COMPUTED_FRONTEND","INTERNAL_TECHNICAL_OR_SAFE_UI","SAFE","L2_FILTERED"
"NUM_9345","76,","76","count","s: [""Assam"", ""Nagaland""] }, ""Nagaland"": { x: 76, y: 40, connections: [""Arunachal Pradesh"", ""Assam""","Page","frontend\src\app\map\page.js","FALLBACK_CONSTANT","INTERNAL_TECHNICAL_OR_SAFE_UI","SAFE","L2_FILTERED"
"NUM_9346","40,","40","count","sam"", ""Nagaland""] }, ""Nagaland"": { x: 76, y: 40, connections: [""Arunachal Pradesh"", ""Assam"", ""Mani","Page","frontend\src\app\map\page.js","FALLBACK_CONSTANT","INTERNAL_TECHNICAL_OR_SAFE_UI","SAFE","L2_FILTERED"
"NUM_9347","74,","74","count","esh"", ""Assam"", ""Manipur""] }, ""Manipur"": { x: 74, y: 46, connections: [""Nagaland"", ""Assam"", ""Mizora","Page","frontend\src\app\map\page.js","FALLBACK_CONSTANT","INTERNAL_TECHNICAL_OR_SAFE_UI","SAFE","L2_FILTERED"
"NUM_9348","46,","46","count","Assam"", ""Manipur""] }, ""Manipur"": { x: 74, y: 46, connections: [""Nagaland"", ""Assam"", ""Mizoram""] }, ","Page","frontend\src\app\map\page.js","COMPUTED_FRONTEND","INTERNAL_TECHNICAL_OR_SAFE_UI","SAFE","L2_FILTERED"
"NUM_9349","70,","70","count","and"", ""Assam"", ""Mizoram""] }, ""Mizoram"": { x: 70, y: 52, connections: [""Manipur"", ""Assam"", ""Tripura","Page","frontend\src\app\map\page.js","FALLBACK_CONSTANT","INTERNAL_TECHNICAL_OR_SAFE_UI","SAFE","L2_FILTERED"
"NUM_9350","52,","52","count","Assam"", ""Mizoram""] }, ""Mizoram"": { x: 70, y: 52, connections: [""Manipur"", ""Assam"", ""Tripura""] }, ","Page","frontend\src\app\map\page.js","COMPUTED_FRONTEND","INTERNAL_TECHNICAL_OR_SAFE_UI","SAFE","L2_FILTERED"
"NUM_9351","64,","64","count","pur"", ""Assam"", ""Tripura""] }, ""Tripura"": { x: 64, y: 54, connections: [""Mizoram"", ""Assam"", ""Meghala","Page","frontend\src\app\map\page.js","FALLBACK_CONSTANT","INTERNAL_TECHNICAL_OR_SAFE_UI","SAFE","L2_FILTERED"
"NUM_9352","54,","54","count","Assam"", ""Tripura""] }, ""Tripura"": { x: 64, y: 54, connections: [""Mizoram"", ""Assam"", ""Meghalaya""] },","Page","frontend\src\app\map\page.js","COMPUTED_FRONTEND","INTERNAL_TECHNICAL_OR_SAFE_UI","SAFE","L2_FILTERED"
"NUM_9353","66,","66","count",", ""Assam"", ""Meghalaya""] }, ""Meghalaya"": { x: 66, y: 44, connections: [""Assam"", ""Tripura""] }, ","Page","frontend\src\app\map\page.js","COMPUTED_FRONTEND","INTERNAL_TECHNICAL_OR_SAFE_UI","SAFE","L2_FILTERED"
"NUM_9354","44,","44","count","m"", ""Meghalaya""] }, ""Meghalaya"": { x: 66, y: 44, connections: [""Assam"", ""Tripura""] }, // Ce","Page","frontend\src\app\map\page.js","COMPUTED_FRONTEND","INTERNAL_TECHNICAL_OR_SAFE_UI","SAFE","L2_FILTERED"
"NUM_9355","20,","20","count","ura""] }, // Central ""Rajasthan"": { x: 20, y: 38, connections: [""Punjab"", ""Haryana"", ""Uttar ","Page","frontend\src\app\map\page.js","FALLBACK_CONSTANT","INTERNAL_TECHNICAL_OR_SAFE_UI","SAFE","L2_FILTERED"
"NUM_9356","38,","38","count",", // Central ""Rajasthan"": { x: 20, y: 38, connections: [""Punjab"", ""Haryana"", ""Uttar Pradesh","Page","frontend\src\app\map\page.js","FALLBACK_CONSTANT","INTERNAL_TECHNICAL_OR_SAFE_UI","SAFE","L2_FILTERED"
"NUM_9357","36,","36","count","adesh"", ""Gujarat""] }, ""Madhya Pradesh"": { x: 36, y: 48, connections: [""Rajasthan"", ""Uttar Pradesh""","Page","frontend\src\app\map\page.js","FALLBACK_CONSTANT","INTERNAL_TECHNICAL_OR_SAFE_UI","SAFE","L2_FILTERED"
"NUM_9358","48,","48","count"," ""Gujarat""] }, ""Madhya Pradesh"": { x: 36, y: 48, connections: [""Rajasthan"", ""Uttar Pradesh"", ""Chha","Page","frontend\src\app\map\page.js","FALLBACK_CONSTANT","INTERNAL_TECHNICAL_OR_SAFE_UI","SAFE","L2_FILTERED"
"NUM_9359","46,","46","count","rashtra"", ""Gujarat""] }, ""Chhattisgarh"": { x: 46, y: 52, connections: [""Uttar Pradesh"", ""Madhya Pra","Page","frontend\src\app\map\page.js","FALLBACK_CONSTANT","INTERNAL_TECHNICAL_OR_SAFE_UI","SAFE","L2_FILTERED"
"NUM_9360","52,","52","count",""", ""Gujarat""] }, ""Chhattisgarh"": { x: 46, y: 52, connections: [""Uttar Pradesh"", ""Madhya Pradesh"", ","Page","frontend\src\app\map\page.js","FALLBACK_CONSTANT","INTERNAL_TECHNICAL_OR_SAFE_UI","SAFE","L2_FILTERED"
"NUM_9361","54,","54","count","a"", ""Odisha"", ""Jharkhand""] }, ""Odisha"": { x: 54, y: 58, connections: [""Jharkhand"", ""Chhattisgarh"",","Page","frontend\src\app\map\page.js","FALLBACK_CONSTANT","INTERNAL_TECHNICAL_OR_SAFE_UI","SAFE","L2_FILTERED"
"NUM_9362","58,","58","count","isha"", ""Jharkhand""] }, ""Odisha"": { x: 54, y: 58, connections: [""Jharkhand"", ""Chhattisgarh"", ""West ","Page","frontend\src\app\map\page.js","FALLBACK_CONSTANT","INTERNAL_TECHNICAL_OR_SAFE_UI","SAFE","L2_FILTERED"
"NUM_9363","16,","16","count"," Pradesh""] }, // West ""Gujarat"": { x: 16, y: 50, connections: [""Rajasthan"", ""Madhya Pradesh","Page","frontend\src\app\map\page.js","FALLBACK_CONSTANT","INTERNAL_TECHNICAL_OR_SAFE_UI","SAFE","L2_FILTERED"
"NUM_9364","50,","50","count","h""] }, // West ""Gujarat"": { x: 16, y: 50, connections: [""Rajasthan"", ""Madhya Pradesh"", ""Mah","Page","frontend\src\app\map\page.js","FALLBACK_CONSTANT","INTERNAL_TECHNICAL_OR_SAFE_UI","SAFE","L2_FILTERED"
"NUM_9365","28,","28","count","i and Daman and Diu""] }, ""Maharashtra"": { x: 28, y: 58, connections: [""Gujarat"", ""Madhya Pradesh"",","Page","frontend\src\app\map\page.js","FALLBACK_CONSTANT","INTERNAL_TECHNICAL_OR_SAFE_UI","SAFE","L2_FILTERED"
"NUM_9366","58,","58","count","aman and Diu""] }, ""Maharashtra"": { x: 28, y: 58, connections: [""Gujarat"", ""Madhya Pradesh"", ""Chhat","Page","frontend\src\app\map\page.js","FALLBACK_CONSTANT","INTERNAL_TECHNICAL_OR_SAFE_UI","SAFE","L2_FILTERED"
"NUM_9367","22,","22","count","langana"", ""Karnataka"", ""Goa""] }, ""Goa"": { x: 22, y: 72, connections: [""Maharashtra"", ""Karnataka""] ","Page","frontend\src\app\map\page.js","FALLBACK_CONSTANT","INTERNAL_TECHNICAL_OR_SAFE_UI","SAFE","L2_FILTERED"
"NUM_9368","72,","72","count",""", ""Karnataka"", ""Goa""] }, ""Goa"": { x: 22, y: 72, connections: [""Maharashtra"", ""Karnataka""] }, ","Page","frontend\src\app\map\page.js","COMPUTED_FRONTEND","INTERNAL_TECHNICAL_OR_SAFE_UI","SAFE","L2_FILTERED"
"NUM_9369","18,","18","count"," ""Dadra and Nagar Haveli and Daman and Diu"": { x: 18, y: 62, connections: [""Gujarat"", ""Maharashtra""] },","Page","frontend\src\app\map\page.js","COMPUTED_FRONTEND","INTERNAL_TECHNICAL_OR_SAFE_UI","SAFE","L2_FILTERED"
"NUM_9370","62,","62","count"," and Nagar Haveli and Daman and Diu"": { x: 18, y: 62, connections: [""Gujarat"", ""Maharashtra""] }, ","Page","frontend\src\app\map\page.js","COMPUTED_FRONTEND","INTERNAL_TECHNICAL_OR_SAFE_UI","SAFE","L2_FILTERED"
"NUM_9371","26,","26","count","shtra""] }, // South ""Karnataka"": { x: 26, y: 72, connections: [""Goa"", ""Maharashtra"", ""Telan","Page","frontend\src\app\map\page.js","FALLBACK_CONSTANT","INTERNAL_TECHNICAL_OR_SAFE_UI","SAFE","L2_FILTERED"
"NUM_9372","72,","72","count"," }, // South ""Karnataka"": { x: 26, y: 72, connections: [""Goa"", ""Maharashtra"", ""Telangana"", ","Page","frontend\src\app\map\page.js","FALLBACK_CONSTANT","INTERNAL_TECHNICAL_OR_SAFE_UI","SAFE","L2_FILTERED"
"NUM_9373","38,","38","count","la"", ""Tamil Nadu""] }, ""Andhra Pradesh"": { x: 38, y: 70, connections: [""Odisha"", ""Telangana"", ""Karn","Page","frontend\src\app\map\page.js","FALLBACK_CONSTANT","INTERNAL_TECHNICAL_OR_SAFE_UI","SAFE","L2_FILTERED"
"NUM_9374","70,","70","count","amil Nadu""] }, ""Andhra Pradesh"": { x: 38, y: 70, connections: [""Odisha"", ""Telangana"", ""Karnataka"",","Page","frontend\src\app\map\page.js","FALLBACK_CONSTANT","INTERNAL_TECHNICAL_OR_SAFE_UI","SAFE","L2_FILTERED"
"NUM_9375","34,","34","count","rnataka"", ""Tamil Nadu""] }, ""Telangana"": { x: 34, y: 64, connections: [""Maharashtra"", ""Chhattisgarh","Page","frontend\src\app\map\page.js","FALLBACK_CONSTANT","INTERNAL_TECHNICAL_OR_SAFE_UI","SAFE","L2_FILTERED"
"NUM_9376","64,","64","count",""", ""Tamil Nadu""] }, ""Telangana"": { x: 34, y: 64, connections: [""Maharashtra"", ""Chhattisgarh"", ""And","Page","frontend\src\app\map\page.js","FALLBACK_CONSTANT","INTERNAL_TECHNICAL_OR_SAFE_UI","SAFE","L2_FILTERED"
"NUM_9377","34,","34","count","Pradesh"", ""Karnataka""] }, ""Tamil Nadu"": { x: 34, y: 82, connections: [""Andhra Pradesh"", ""Karnataka","Page","frontend\src\app\map\page.js","FALLBACK_CONSTANT","INTERNAL_TECHNICAL_OR_SAFE_UI","SAFE","L2_FILTERED"
"NUM_9378","82,","82","count",""", ""Karnataka""] }, ""Tamil Nadu"": { x: 34, y: 82, connections: [""Andhra Pradesh"", ""Karnataka"", ""Ker","Page","frontend\src\app\map\page.js","FALLBACK_CONSTANT","INTERNAL_TECHNICAL_OR_SAFE_UI","SAFE","L2_FILTERED"
"NUM_9379","26,","26","count",""", ""Kerala"", ""Puducherry""] }, ""Kerala"": { x: 26, y: 86, connections: [""Karnataka"", ""Tamil Nadu"", ""","Page","frontend\src\app\map\page.js","FALLBACK_CONSTANT","INTERNAL_TECHNICAL_OR_SAFE_UI","SAFE","L2_FILTERED"
"NUM_9380","86,","86","count","ala"", ""Puducherry""] }, ""Kerala"": { x: 26, y: 86, connections: [""Karnataka"", ""Tamil Nadu"", ""Lakshad","Page","frontend\src\app\map\page.js","FALLBACK_CONSTANT","INTERNAL_TECHNICAL_OR_SAFE_UI","SAFE","L2_FILTERED"
"NUM_9381","38,","38","count"," Nadu"", ""Lakshadweep""] }, ""Puducherry"": { x: 38, y: 78, connections: [""Tamil Nadu""] }, // I","Page","frontend\src\app\map\page.js","COMPUTED_FRONTEND","INTERNAL_TECHNICAL_OR_SAFE_UI","SAFE","L2_FILTERED"
"NUM_9382","78,","78","count"," ""Lakshadweep""] }, ""Puducherry"": { x: 38, y: 78, connections: [""Tamil Nadu""] }, // Islands ","Page","frontend\src\app\map\page.js","COMPUTED_FRONTEND","INTERNAL_TECHNICAL_OR_SAFE_UI","SAFE","L2_FILTERED"
"NUM_9383","82,","82","count"," Islands ""Andaman and Nicobar Islands"": { x: 82, y: 78, connections: [] }, ""Lakshadweep"": { x","Page","frontend\src\app\map\page.js","COMPUTED_FRONTEND","INTERNAL_TECHNICAL_OR_SAFE_UI","SAFE","L2_FILTERED"
"NUM_9384","78,","78","count","s ""Andaman and Nicobar Islands"": { x: 82, y: 78, connections: [] }, ""Lakshadweep"": { x: 14, y","Page","frontend\src\app\map\page.js","COMPUTED_FRONTEND","INTERNAL_TECHNICAL_OR_SAFE_UI","SAFE","L2_FILTERED"
"NUM_9385","14,","14","count",": 78, connections: [] }, ""Lakshadweep"": { x: 14, y: 82, connections: [""Kerala""] }, }; // Get n","Page","frontend\src\app\map\page.js","COMPUTED_FRONTEND","INTERNAL_TECHNICAL_OR_SAFE_UI","SAFE","L2_FILTERED"
"NUM_9386","82,","82","count","onnections: [] }, ""Lakshadweep"": { x: 14, y: 82, connections: [""Kerala""] }, }; // Get node col","Page","frontend\src\app\map\page.js","COMPUTED_FRONTEND","INTERNAL_TECHNICAL_OR_SAFE_UI","SAFE","L2_FILTERED"
"NUM_9389","116,","116","count","(count) { if (count === 0) return ""rgba(100, 116, 139, 0.2)""; // Dimmed if (count >= 3000) ret","Page","frontend\src\app\map\page.js","FALLBACK_CONSTANT","INTERNAL_TECHNICAL_OR_SAFE_UI","SAFE","L2_FILTERED"
"NUM_9390","139,","139","count","t) { if (count === 0) return ""rgba(100, 116, 139, 0.2)""; // Dimmed if (count >= 3000) return ""","Page","frontend\src\app\map\page.js","FALLBACK_CONSTANT","INTERNAL_TECHNICAL_OR_SAFE_UI","SAFE","L2_FILTERED"
"NUM_9406","3000","3000","count"," if (count === 0) return base; if (count >= 3000) return 52; if (count >= 1000) return 42; ","Page","frontend\src\app\map\page.js","FALLBACK_CONSTANT","INTERNAL_TECHNICAL_OR_SAFE_UI","SAFE","L2_FILTERED"
"NUM_9407","52","52","count","== 0) return base; if (count >= 3000) return 52; if (count >= 1000) return 42; if (coun","Page","frontend\src\app\map\page.js","FALLBACK_CONSTANT","INTERNAL_TECHNICAL_OR_SAFE_UI","SAFE","L2_FILTERED"
"NUM_9408","1000","1000","count"," if (count >= 3000) return 52; if (count >= 1000) return 42; if (count >= 100) return 34; ","Page","frontend\src\app\map\page.js","FALLBACK_CONSTANT","INTERNAL_TECHNICAL_OR_SAFE_UI","SAFE","L2_FILTERED"
"NUM_9409","42","42","count","= 3000) return 52; if (count >= 1000) return 42; if (count >= 100) return 34; return 30","Page","frontend\src\app\map\page.js","FALLBACK_CONSTANT","INTERNAL_TECHNICAL_OR_SAFE_UI","SAFE","L2_FILTERED"
"NUM_9410","100","100","count"," if (count >= 1000) return 42; if (count >= 100) return 34; return 30; } // Get glow int","Page","frontend\src\app\map\page.js","FALLBACK_CONSTANT","INTERNAL_TECHNICAL_OR_SAFE_UI","SAFE","L2_FILTERED"
"NUM_9411","34","34","count",">= 1000) return 42; if (count >= 100) return 34; return 30; } // Get glow intensity — Hi","Page","frontend\src\app\map\page.js","FALLBACK_CONSTANT","INTERNAL_TECHNICAL_OR_SAFE_UI","SAFE","L2_FILTERED"
"NUM_9412","30","30","count","42; if (count >= 100) return 34; return 30; } // Get glow intensity — Higher saturation ","Page","frontend\src\app\map\page.js","FALLBACK_CONSTANT","INTERNAL_TECHNICAL_OR_SAFE_UI","SAFE","L2_FILTERED"
"NUM_9473","1","1","count"," from, to, x1: node.x, y1: node.y, x2: STA","Page","frontend\src\app\map\page.js","FALLBACK_CONSTANT","INTERNAL_TECHNICAL_OR_SAFE_UI","SAFE","L2_FILTERED"
"NUM_9474","1","1","count"," from, to, x1: node.x, y1: node.y, x2: STATE_NODES[to]","Page","frontend\src\app\map\page.js","FALLBACK_CONSTANT","INTERNAL_TECHNICAL_OR_SAFE_UI","SAFE","L2_FILTERED"
"NUM_9478","0","0","count","nst count = typeof st === 'object' ? (st.count || 0) : (st || 0); return { na","Page","frontend\src\app\map\page.js","FALLBACK_CONSTANT","INTERNAL_TECHNICAL_OR_SAFE_UI","SAFE","L2_FILTERED"
"NUM_9479","0","0","count","typeof st === 'object' ? (st.count || 0) : (st || 0); return { name: activeSt","Page","frontend\src\app\map\page.js","FALLBACK_CONSTANT","INTERNAL_TECHNICAL_OR_SAFE_UI","SAFE","L2_FILTERED"
"NUM_9480","0","0","count",").map(st => typeof st === 'object' ? (st.count || 0) : (st || 0)); return { col","Page","frontend\src\app\map\page.js","FALLBACK_CONSTANT","INTERNAL_TECHNICAL_OR_SAFE_UI","SAFE","L2_FILTERED"
"NUM_9481","0","0","count","typeof st === 'object' ? (st.count || 0) : (st || 0)); return { colleges: count","Page","frontend\src\app\map\page.js","FALLBACK_CONSTANT","INTERNAL_TECHNICAL_OR_SAFE_UI","SAFE","L2_FILTERED"
"NUM_9482","0","0","count"," colleges: counts.reduce((a, b) => a + b, 0), states: Object.keys(STATE_NODES).f","Page","frontend\src\app\map\page.js","FALLBACK_CONSTANT","INTERNAL_TECHNICAL_OR_SAFE_UI","SAFE","L2_FILTERED"
"NUM_9483","7","7","count"," ""Ladakh""].includes(s)).length, uts: 7 // Static for now }; }, [stateStats","Page","frontend\src\app\map\page.js","FALLBACK_CONSTANT","INTERNAL_TECHNICAL_OR_SAFE_UI","SAFE","L2_FILTERED"
"NUM_9484","1","1","count","on-header header-fade-in""> <h1 className=""constellation-title""> ","Page","frontend\src\app\map\page.js","FALLBACK_CONSTANT","INTERNAL_TECHNICAL_OR_SAFE_UI","SAFE","L2_FILTERED"
"NUM_9485","1","1","count","trategic</span> India Map </h1> <p className=""constellation","Page","frontend\src\app\map\page.js","FALLBACK_CONSTANT","INTERNAL_TECHNICAL_OR_SAFE_UI","SAFE","L2_FILTERED"
"NUM_9538","0","0","count","nst count = typeof st === 'object' ? (st.count || 0) : (st || 0); ","Page","frontend\src\app\map\page.js","FALLBACK_CONSTANT","INTERNAL_TECHNICAL_OR_SAFE_UI","SAFE","L2_FILTERED"
"NUM_9539","0","0","count","typeof st === 'object' ? (st.count || 0) : (st || 0); const ","Page","frontend\src\app\map\page.js","FALLBACK_CONSTANT","INTERNAL_TECHNICAL_OR_SAFE_UI","SAFE","L2_FILTERED"
"NUM_9543","0","0","count"," {count > 0 && ( ","Page","frontend\src\app\map\page.js","FALLBACK_CONSTANT","INTERNAL_TECHNICAL_OR_SAFE_UI","SAFE","L2_FILTERED"
"NUM_9544","3","3","count","ader""> <h3>{selectedState}</h3> ","Page","frontend\src\app\map\page.js","COMPUTED_FRONTEND","INTERNAL_TECHNICAL_OR_SAFE_UI","SAFE","L2_FILTERED"
"NUM_9545","3","3","count"," <h3>{selectedState}</h3> <button","Page","frontend\src\app\map\page.js","COMPUTED_FRONTEND","INTERNAL_TECHNICAL_OR_SAFE_UI","SAFE","L2_FILTERED"
"NUM_9546","4","4","count"," <h4>{college.shortName || college.name}</h4> ","Page","frontend\src\app\map\page.js","API_DERIVED","INTERNAL_TECHNICAL_OR_SAFE_UI","SAFE","L2_FILTERED"
"NUM_9547","4","4","count"," <h4>{college.shortName || college.name}</h4> ","Page","frontend\src\app\map\page.js","API_DERIVED","INTERNAL_TECHNICAL_OR_SAFE_UI","SAFE","L2_FILTERED"
"NUM_9548","1","1","count","className=""mcc-tier"">Tier {college.rankingTier || 1}</span> ","Page","frontend\src\app\map\page.js","API_DERIVED","INTERNAL_TECHNICAL_OR_SAFE_UI","SAFE","L2_FILTERED"
"NUM_9550","0","0","count","filter(c => c.state === selectedState).length === 0 && ( ","Page","frontend\src\app\map\page.js","FALLBACK_CONSTANT","INTERNAL_TECHNICAL_OR_SAFE_UI","SAFE","L2_FILTERED"
"NUM_9551","3","3","count","ader""> <h3 className=""panel-title"">{activeData.name}</h3> ","Page","frontend\src\app\map\page.js","API_DERIVED","INTERNAL_TECHNICAL_OR_SAFE_UI","SAFE","L2_FILTERED"
"NUM_9552","3","3","count"," <h3 className=""panel-title"">{activeData.name}</h3> <div ","Page","frontend\src\app\map\page.js","API_DERIVED","INTERNAL_TECHNICAL_OR_SAFE_UI","SAFE","L2_FILTERED"
"NUM_9553","0","0","count"," {activeData.connections.length > 0 && ( <di","Page","frontend\src\app\map\page.js","FALLBACK_CONSTANT","INTERNAL_TECHNICAL_OR_SAFE_UI","SAFE","L2_FILTERED"
"NUM_9562","3000+","3000","count+","></span> <span>High (3000+)</span> </div> ","Page","frontend\src\app\map\page.js","FALLBACK_CONSTANT","INTERNAL_TECHNICAL_OR_SAFE_UI","SAFE","L2_FILTERED"
"NUM_9573","1000","1000","count","/span> <span>Medium (1000-3000)</span> </div> ","Page","frontend\src\app\map\page.js","FALLBACK_CONSTANT","INTERNAL_TECHNICAL_OR_SAFE_UI","SAFE","L2_FILTERED"
"NUM_9574","3000","3000","count","> <span>Medium (1000-3000)</span> </div> ","Page","frontend\src\app\map\page.js","FALLBACK_CONSTANT","INTERNAL_TECHNICAL_OR_SAFE_UI","SAFE","L2_FILTERED"
"NUM_9810","0.25,","0.25","count","tudent success."" }, { code: 'A', weight: 0.25, description: ""NIRF performance and Tier 1 accredi","Page","frontend\src\app\methodology\page.js","FALLBACK_CONSTANT","INTERNAL_TECHNICAL_OR_SAFE_UI","SAFE","L2_FILTERED"
"NUM_9813","0.15,","0.15","count","GMAT, and CMAT."" }, { code: 'F', weight: 0.15, description: ""Years of operation and stability. E","Page","frontend\src\app\methodology\page.js","FALLBACK_CONSTANT","INTERNAL_TECHNICAL_OR_SAFE_UI","SAFE","L2_FILTERED"
"NUM_9814","0.10,","0.10","count","lumni networks."" }, { code: 'S', weight: 0.10, description: ""Number of specialized courses and t","Page","frontend\src\app\methodology\page.js","FALLBACK_CONSTANT","INTERNAL_TECHNICAL_OR_SAFE_UI","SAFE","L2_FILTERED"
"NUM_9820","400","400","count"," icon: <Database className=""text-blue-400"" />, desc: ""We pull raw data from th","Page","frontend\src\app\methodology\page.js","FALLBACK_CONSTANT","INTERNAL_TECHNICAL_OR_SAFE_UI","SAFE","L2_FILTERED"
"NUM_9821","12,000+","12000","count+","ase and state registries, surfacing our evaluated 12,000+ institution catalog."" }, { ","Page","frontend\src\app\methodology\page.js","FALLBACK_CONSTANT","INTERNAL_TECHNICAL_OR_SAFE_UI","SAFE","L2_FILTERED"
"NUM_9822","400","400","count",""", icon: <Cpu className=""text-purple-400"" />, desc: ""Addresses, city names (B","Page","frontend\src\app\methodology\page.js","FALLBACK_CONSTANT","INTERNAL_TECHNICAL_OR_SAFE_UI","SAFE","L2_FILTERED"
"NUM_9824","6","6","count"," desc: ""Institutions are scored across 6 standardized dimensions (Vectors) to ensure a mul","Page","frontend\src\app\methodology\page.js","FALLBACK_CONSTANT","INTERNAL_TECHNICAL_OR_SAFE_UI","SAFE","L2_FILTERED"
"NUM_9825","400","400","count"," icon: <Layers className=""text-amber-400"" />, desc: ""Scores are globally norm","Page","frontend\src\app\methodology\page.js","FALLBACK_CONSTANT","INTERNAL_TECHNICAL_OR_SAFE_UI","SAFE","L2_FILTERED"
"NUM_9827","1","1","count"," <div className=""methodology-orb orb-1""></div> <div className=""meth","Page","frontend\src\app\methodology\page.js","FALLBACK_CONSTANT","INTERNAL_TECHNICAL_OR_SAFE_UI","SAFE","L2_FILTERED"
"NUM_9828","2","2","count"," <div className=""methodology-orb orb-2""></div> <div className=""meth","Page","frontend\src\app\methodology\page.js","FALLBACK_CONSTANT","INTERNAL_TECHNICAL_OR_SAFE_UI","SAFE","L2_FILTERED"
"NUM_9832","1","1","count"," </div> <h1 className=""methodology-title"">The Intelligence<br","Page","frontend\src\app\methodology\page.js","FALLBACK_CONSTANT","INTERNAL_TECHNICAL_OR_SAFE_UI","SAFE","L2_FILTERED"
"NUM_9833","1","1","count","y-title"">The Intelligence<br />Behind the Score</h1> <p className=""methodolo","Page","frontend\src\app\methodology\page.js","FALLBACK_CONSTANT","INTERNAL_TECHNICAL_OR_SAFE_UI","SAFE","L2_FILTERED"
"NUM_9844","3","3","count","Name=""sticky-box""> <h3 className=""section-label"">Algorithm Journey</h3> ","Page","frontend\src\app\methodology\page.js","FALLBACK_CONSTANT","INTERNAL_TECHNICAL_OR_SAFE_UI","SAFE","L2_FILTERED"
"NUM_9845","3","3","count","<h3 className=""section-label"">Algorithm Journey</h3> <div className=""jou","Page","frontend\src\app\methodology\page.js","FALLBACK_CONSTANT","INTERNAL_TECHNICAL_OR_SAFE_UI","SAFE","L2_FILTERED"
"NUM_9846","4","4","count","""> <h4>{s.title}</h4> ","Page","frontend\src\app\methodology\page.js","COMPUTED_FRONTEND","INTERNAL_TECHNICAL_OR_SAFE_UI","SAFE","L2_FILTERED"
"NUM_9847","4","4","count"," <h4>{s.title}</h4> <p>","Page","frontend\src\app\methodology\page.js","COMPUTED_FRONTEND","INTERNAL_TECHNICAL_OR_SAFE_UI","SAFE","L2_FILTERED"
"NUM_9849","2","2","count","in-section mb-16""> <h2 className=""main-section-title"">Standardized Weigh","Page","frontend\src\app\methodology\page.js","FALLBACK_CONSTANT","INTERNAL_TECHNICAL_OR_SAFE_UI","SAFE","L2_FILTERED"
"NUM_9850","2","2","count","ame=""main-section-title"">Standardized Weightage</h2> <p className=""main-","Page","frontend\src\app\methodology\page.js","FALLBACK_CONSTANT","INTERNAL_TECHNICAL_OR_SAFE_UI","SAFE","L2_FILTERED"
"NUM_9851","100","100","count"," <span className=""weight-pct"">{(v.weight * 100).toFixed(0)}%</span> ","Page","frontend\src\app\methodology\page.js","COMPUTED_FRONTEND","INTERNAL_TECHNICAL_OR_SAFE_UI","SAFE","L2_FILTERED"
"NUM_9852","0","0","count"," className=""weight-pct"">{(v.weight * 100).toFixed(0)}%</span> ","Page","frontend\src\app\methodology\page.js","COMPUTED_FRONTEND","INTERNAL_TECHNICAL_OR_SAFE_UI","SAFE","L2_FILTERED"
"NUM_9853","4","4","count","</div> <h4>{VECTOR_NAMES[v.code] || v.code}</h4> ","Page","frontend\src\app\methodology\page.js","COMPUTED_FRONTEND","INTERNAL_TECHNICAL_OR_SAFE_UI","SAFE","L2_FILTERED"
"NUM_9854","4","4","count"," <h4>{VECTOR_NAMES[v.code] || v.code}</h4> <p>{v.d","Page","frontend\src\app\methodology\page.js","COMPUTED_FRONTEND","INTERNAL_TECHNICAL_OR_SAFE_UI","SAFE","L2_FILTERED"
"NUM_9856","2","2","count","in-section mb-16""> <h2 className=""main-section-title"">Performance Tiers<","Page","frontend\src\app\methodology\page.js","FALLBACK_CONSTANT","INTERNAL_TECHNICAL_OR_SAFE_UI","SAFE","L2_FILTERED"
"NUM_9857","2","2","count","lassName=""main-section-title"">Performance Tiers</h2> <p className=""main-","Page","frontend\src\app\methodology\page.js","FALLBACK_CONSTANT","INTERNAL_TECHNICAL_OR_SAFE_UI","SAFE","L2_FILTERED"
"NUM_9861","6","6","count"," institutes. Requires peak performance across all 6 vectors.</p> </d","Page","frontend\src\app\methodology\page.js","FALLBACK_CONSTANT","INTERNAL_TECHNICAL_OR_SAFE_UI","SAFE","L2_FILTERED"
"NUM_9867","2","2","count","in-section mb-16""> <h2 className=""main-section-title"">How is the CEI Sco","Page","frontend\src\app\methodology\page.js","FALLBACK_CONSTANT","INTERNAL_TECHNICAL_OR_SAFE_UI","SAFE","L2_FILTERED"
"NUM_9868","2","2","count","section-title"">How is the CEI Score calculated?</h2> <p className=""main-","Page","frontend\src\app\methodology\page.js","FALLBACK_CONSTANT","INTERNAL_TECHNICAL_OR_SAFE_UI","SAFE","L2_FILTERED"
"NUM_9869","8","8","count"," <p className=""main-section-desc mb-8""> We strip away ","Page","frontend\src\app\methodology\page.js","FALLBACK_CONSTANT","INTERNAL_TECHNICAL_OR_SAFE_UI","SAFE","L2_FILTERED"
"NUM_9871","4","4","count"," <div className=""space-y-4""> <div className","Page","frontend\src\app\methodology\page.js","FALLBACK_CONSTANT","INTERNAL_TECHNICAL_OR_SAFE_UI","SAFE","L2_FILTERED"
"NUM_9881","300","300","count"," <p className=""text-sm text-slate-300"">We extract raw, audited metrics for the college.","Page","frontend\src\app\methodology\page.js","FALLBACK_CONSTANT","INTERNAL_TECHNICAL_OR_SAFE_UI","SAFE","L2_FILTERED"
"NUM_9894","300","300","count"," <p className=""text-sm text-slate-300"">Raw numbers don't tell the full story. We compar","Page","frontend\src\app\methodology\page.js","FALLBACK_CONSTANT","INTERNAL_TECHNICAL_OR_SAFE_UI","SAFE","L2_FILTERED"
"NUM_9905","300","300","count"," <p className=""text-sm text-slate-300"">We multiply the normalized Z-Scores by our stric","Page","frontend\src\app\methodology\page.js","FALLBACK_CONSTANT","INTERNAL_TECHNICAL_OR_SAFE_UI","SAFE","L2_FILTERED"
"NUM_9907","15%","15","%","t for 35%, while Infrastructure accounts for only 15%. Outcomes matter more than campuses.</p> ","Page","frontend\src\app\methodology\page.js","FALLBACK_CONSTANT","INTERNAL_TECHNICAL_OR_SAFE_UI","SAFE","L2_FILTERED"
"NUM_9923","4","4","count"," <div className=""formula-icon""><BarChart4 /></div> <div cl","Page","frontend\src\app\methodology\page.js","FALLBACK_CONSTANT","INTERNAL_TECHNICAL_OR_SAFE_UI","SAFE","L2_FILTERED"
"NUM_9924","3","3","count","ula-text""> <h3>Total Transparency & Zero Affiliation</h3> ","Page","frontend\src\app\methodology\page.js","FALLBACK_CONSTANT","INTERNAL_TECHNICAL_OR_SAFE_UI","SAFE","L2_FILTERED"
"NUM_9925","3","3","count"," <h3>Total Transparency & Zero Affiliation</h3> <p>Our algo","Page","frontend\src\app\methodology\page.js","FALLBACK_CONSTANT","INTERNAL_TECHNICAL_OR_SAFE_UI","SAFE","L2_FILTERED"
"NUM_9926","20","20","count"," <div className=""text-center mt-20 mb-32""> <h2 className=""text-","Page","frontend\src\app\methodology\page.js","FALLBACK_CONSTANT","INTERNAL_TECHNICAL_OR_SAFE_UI","SAFE","L2_FILTERED"
"NUM_9927","32","32","count"," <div className=""text-center mt-20 mb-32""> <h2 className=""text-2xl fo","Page","frontend\src\app\methodology\page.js","FALLBACK_CONSTANT","INTERNAL_TECHNICAL_OR_SAFE_UI","SAFE","L2_FILTERED"
"NUM_9931","2","2","count","bold text-white mb-2"">Ready to find your match?</h2> <p className=""text-gray-400","Page","frontend\src\app\methodology\page.js","FALLBACK_CONSTANT","INTERNAL_TECHNICAL_OR_SAFE_UI","SAFE","L2_FILTERED"
"NUM_9932","400","400","count","/h2> <p className=""text-gray-400 mb-8"">All rankings are based on the latest scorin","Page","frontend\src\app\methodology\page.js","FALLBACK_CONSTANT","INTERNAL_TECHNICAL_OR_SAFE_UI","SAFE","L2_FILTERED"
"NUM_9933","8","8","count"," <p className=""text-gray-400 mb-8"">All rankings are based on the latest scoring aud","Page","frontend\src\app\methodology\page.js","FALLBACK_CONSTANT","INTERNAL_TECHNICAL_OR_SAFE_UI","SAFE","L2_FILTERED"
"NUM_9934","2026.","2026.","count"," are based on the latest scoring audit from March 2026.</p> <Button href=""/colleges""","Page","frontend\src\app\methodology\page.js","FALLBACK_CONSTANT","INTERNAL_TECHNICAL_OR_SAFE_UI","SAFE","L2_FILTERED"
"NUM_10005","1","1","count"," <div className=""hero-orb hero-orb--1"" /> <div className=""hero-orb","Page","frontend\src\app\my-list\page.js","FALLBACK_CONSTANT","INTERNAL_TECHNICAL_OR_SAFE_UI","SAFE","L2_FILTERED"
"NUM_10006","2","2","count"," <div className=""hero-orb hero-orb--2"" /> </div> <C","Page","frontend\src\app\my-list\page.js","FALLBACK_CONSTANT","INTERNAL_TECHNICAL_OR_SAFE_UI","SAFE","L2_FILTERED"
"NUM_10007","1","1","count","on Strategy</span> <h1 className=""list-hero-title"">Your Priority List</h","Page","frontend\src\app\my-list\page.js","FALLBACK_CONSTANT","INTERNAL_TECHNICAL_OR_SAFE_UI","SAFE","L2_FILTERED"
"NUM_10008","1","1","count"," className=""list-hero-title"">Your Priority List</h1> <p className=""list-","Page","frontend\src\app\my-list\page.js","FALLBACK_CONSTANT","INTERNAL_TECHNICAL_OR_SAFE_UI","SAFE","L2_FILTERED"
"NUM_10018","0.05","0.05","count","5deg, rgba(79, 70, 229, 0.05), rgba(59, 130, 246, 0.05)); } @media (ma","Page","frontend\src\app\my-list\page.js","FALLBACK_CONSTANT","INTERNAL_TECHNICAL_OR_SAFE_UI","SAFE","L2_FILTERED"
"NUM_10025","0,","0","count","=> { if (!news.length) return { updates: 0, results: 0, admitCards: 0, new: 0 }; ret","Page","frontend\src\app\news\page.js","COMPUTED_FRONTEND","INTERNAL_TECHNICAL_OR_SAFE_UI","SAFE","L2_FILTERED"
"NUM_10026","0,","0","count"," if (!news.length) return { updates: 0, results: 0, admitCards: 0, new: 0 }; return { ","Page","frontend\src\app\news\page.js","COMPUTED_FRONTEND","INTERNAL_TECHNICAL_OR_SAFE_UI","SAFE","L2_FILTERED"
"NUM_10027","0,","0","count","gth) return { updates: 0, results: 0, admitCards: 0, new: 0 }; return { updates:","Page","frontend\src\app\news\page.js","COMPUTED_FRONTEND","INTERNAL_TECHNICAL_OR_SAFE_UI","SAFE","L2_FILTERED"
"NUM_10028","0","0","count","urn { updates: 0, results: 0, admitCards: 0, new: 0 }; return { updates: news.l","Page","frontend\src\app\news\page.js","COMPUTED_FRONTEND","INTERNAL_TECHNICAL_OR_SAFE_UI","SAFE","L2_FILTERED"
"NUM_10029","1000","1000","count"," const h = (new Date() - new Date(n.date)) / (1000 * 60 * 60); return h < 24; ","Page","frontend\src\app\news\page.js","FALLBACK_CONSTANT","INTERNAL_TECHNICAL_OR_SAFE_UI","SAFE","L2_FILTERED"
"NUM_10030","60","60","count","nst h = (new Date() - new Date(n.date)) / (1000 * 60 * 60); return h < 24; ","Page","frontend\src\app\news\page.js","FALLBACK_CONSTANT","INTERNAL_TECHNICAL_OR_SAFE_UI","SAFE","L2_FILTERED"
"NUM_10031","60","60","count"," = (new Date() - new Date(n.date)) / (1000 * 60 * 60); return h < 24; })","Page","frontend\src\app\news\page.js","FALLBACK_CONSTANT","INTERNAL_TECHNICAL_OR_SAFE_UI","SAFE","L2_FILTERED"
"NUM_10032","24","24","count",") / (1000 * 60 * 60); return h < 24; }).length }; }, [news","Page","frontend\src\app\news\page.js","FALLBACK_CONSTANT","INTERNAL_TECHNICAL_OR_SAFE_UI","SAFE","L2_FILTERED"
"NUM_10033","1","1","count"," <div className=""hero-orb hero-orb--1"" /> <div className=""hero-orb","Page","frontend\src\app\news\page.js","FALLBACK_CONSTANT","INTERNAL_TECHNICAL_OR_SAFE_UI","SAFE","L2_FILTERED"
"NUM_10034","2","2","count"," <div className=""hero-orb hero-orb--2"" /> </div> <C","Page","frontend\src\app\news\page.js","FALLBACK_CONSTANT","INTERNAL_TECHNICAL_OR_SAFE_UI","SAFE","L2_FILTERED"
"NUM_10039","12","12","count","<section className=""priority-highlight-section pt-12""> <Container> ","Page","frontend\src\app\news\page.js","FALLBACK_CONSTANT","INTERNAL_TECHNICAL_OR_SAFE_UI","SAFE","L2_FILTERED"
"NUM_10053","0.25","0.25","count","round: radial-gradient(circle, rgba(99, 102, 241, 0.25) 0%, transparent 70%); } ","Page","frontend\src\app\news\page.js","FALLBACK_CONSTANT","INTERNAL_TECHNICAL_OR_SAFE_UI","SAFE","L2_FILTERED"
"NUM_10054","0%","0","%"," radial-gradient(circle, rgba(99, 102, 241, 0.25) 0%, transparent 70%); } ","Page","frontend\src\app\news\page.js","FALLBACK_CONSTANT","INTERNAL_TECHNICAL_OR_SAFE_UI","SAFE","L2_FILTERED"
"NUM_10055","70%","70","%","(circle, rgba(99, 102, 241, 0.25) 0%, transparent 70%); } .list-hero-","Page","frontend\src\app\news\page.js","FALLBACK_CONSTANT","INTERNAL_TECHNICAL_OR_SAFE_UI","SAFE","L2_FILTERED"
"NUM_10060","0.15","0.15","count","round: radial-gradient(circle, rgba(236, 72, 153, 0.15) 0%, transparent 70%); } ","Page","frontend\src\app\news\page.js","FALLBACK_CONSTANT","INTERNAL_TECHNICAL_OR_SAFE_UI","SAFE","L2_FILTERED"
"NUM_10061","0%","0","%"," radial-gradient(circle, rgba(236, 72, 153, 0.15) 0%, transparent 70%); } ","Page","frontend\src\app\news\page.js","FALLBACK_CONSTANT","INTERNAL_TECHNICAL_OR_SAFE_UI","SAFE","L2_FILTERED"
"NUM_10062","70%","70","%","(circle, rgba(236, 72, 153, 0.15) 0%, transparent 70%); } .category","Page","frontend\src\app\news\page.js","FALLBACK_CONSTANT","INTERNAL_TECHNICAL_OR_SAFE_UI","SAFE","L2_FILTERED"
"NUM_10085","0.3","0.3","count","or: pointer; transition: all 0.3s cubic-bezier(0.175, 0.885, 0.32, 1.275); ","Page","frontend\src\app\news\page.js","FALLBACK_CONSTANT","INTERNAL_TECHNICAL_OR_SAFE_UI","SAFE","L2_FILTERED"
"NUM_10086","0.175,","0.175","count"," transition: all 0.3s cubic-bezier(0.175, 0.885, 0.32, 1.275); white-s","Page","frontend\src\app\news\page.js","FALLBACK_CONSTANT","INTERNAL_TECHNICAL_OR_SAFE_UI","SAFE","L2_FILTERED"
"NUM_10087","0.885,","0.885","count"," transition: all 0.3s cubic-bezier(0.175, 0.885, 0.32, 1.275); white-space: n","Page","frontend\src\app\news\page.js","FALLBACK_CONSTANT","INTERNAL_TECHNICAL_OR_SAFE_UI","SAFE","L2_FILTERED"
"NUM_10088","0.32,","0.32","count"," transition: all 0.3s cubic-bezier(0.175, 0.885, 0.32, 1.275); white-space: nowrap;","Page","frontend\src\app\news\page.js","FALLBACK_CONSTANT","INTERNAL_TECHNICAL_OR_SAFE_UI","SAFE","L2_FILTERED"
"NUM_10089","1.275","1.275","count","sition: all 0.3s cubic-bezier(0.175, 0.885, 0.32, 1.275); white-space: nowrap; ","Page","frontend\src\app\news\page.js","FALLBACK_CONSTANT","INTERNAL_TECHNICAL_OR_SAFE_UI","SAFE","L2_FILTERED"
"NUM_10285","404","404","count"," throw new Error(""Request failed with status code 404 (SIMULATED)""); return <HomeClient />; } ","Page","frontend\src\app\page.js","FALLBACK_CONSTANT","INTERNAL_TECHNICAL_OR_SAFE_UI","SAFE","L2_FILTERED"
"NUM_10328","1","1","count","lack text-slate-800 mb-2"">Scholarship Not Found</h1> <p className=""text-slate-500 mb-8 m","Page","frontend\src\app\scholarship\[id]\page.js","FALLBACK_CONSTANT","INTERNAL_TECHNICAL_OR_SAFE_UI","SAFE","L2_FILTERED"
"NUM_10356","4","4","count","lex-wrap justify-center md:justify-start gap-3 mb-4""> <span clas","Page","frontend\src\app\scholarship\[id]\page.js","FALLBACK_CONSTANT","INTERNAL_TECHNICAL_OR_SAFE_UI","SAFE","L2_FILTERED"
"NUM_10366","4","4","count","ck text-slate-900 tracking-tight leading-[1.1] mb-4""> {scholarsh","Page","frontend\src\app\scholarship\[id]\page.js","FALLBACK_CONSTANT","INTERNAL_TECHNICAL_OR_SAFE_UI","SAFE","L2_FILTERED"
"NUM_10367","1","1","count","larship.name} </h1> <p className=""t","Page","frontend\src\app\scholarship\[id]\page.js","FALLBACK_CONSTANT","INTERNAL_TECHNICAL_OR_SAFE_UI","SAFE","L2_FILTERED"
"NUM_10376","8","8","count"," <div className=""lg:col-span-8 space-y-8""> {/* Quick St","Page","frontend\src\app\scholarship\[id]\page.js","FALLBACK_CONSTANT","INTERNAL_TECHNICAL_OR_SAFE_UI","SAFE","L2_FILTERED"
"NUM_10381","3","3","count"," <div className=""p-3 bg-amber-50 text-amber-600 w-fit rounded-xl""> ","Page","frontend\src\app\scholarship\[id]\page.js","FALLBACK_CONSTANT","INTERNAL_TECHNICAL_OR_SAFE_UI","SAFE","L2_FILTERED"
"NUM_10382","50","50","count"," <div className=""p-3 bg-amber-50 text-amber-600 w-fit rounded-xl""> ","Page","frontend\src\app\scholarship\[id]\page.js","FALLBACK_CONSTANT","INTERNAL_TECHNICAL_OR_SAFE_UI","SAFE","L2_FILTERED"
"NUM_10383","600","600","count"," <div className=""p-3 bg-amber-50 text-amber-600 w-fit rounded-xl""> ","Page","frontend\src\app\scholarship\[id]\page.js","FALLBACK_CONSTANT","INTERNAL_TECHNICAL_OR_SAFE_UI","SAFE","L2_FILTERED"
"NUM_10388","3","3","count"," <div className=""p-3 bg-blue-50 text-blue-600 w-fit rounded-xl""> ","Page","frontend\src\app\scholarship\[id]\page.js","FALLBACK_CONSTANT","INTERNAL_TECHNICAL_OR_SAFE_UI","SAFE","L2_FILTERED"
"NUM_10389","50","50","count"," <div className=""p-3 bg-blue-50 text-blue-600 w-fit rounded-xl""> ","Page","frontend\src\app\scholarship\[id]\page.js","FALLBACK_CONSTANT","INTERNAL_TECHNICAL_OR_SAFE_UI","SAFE","L2_FILTERED"
"NUM_10390","600","600","count"," <div className=""p-3 bg-blue-50 text-blue-600 w-fit rounded-xl""> ","Page","frontend\src\app\scholarship\[id]\page.js","FALLBACK_CONSTANT","INTERNAL_TECHNICAL_OR_SAFE_UI","SAFE","L2_FILTERED"
"NUM_10395","8","8","count"," <div className=""scholarship-glass-card p-8 md:p-10""> <h2 cl","Page","frontend\src\app\scholarship\[id]\page.js","FALLBACK_CONSTANT","INTERNAL_TECHNICAL_OR_SAFE_UI","SAFE","L2_FILTERED"
"NUM_10396","10","10","count"," <div className=""scholarship-glass-card p-8 md:p-10""> <h2 className=","Page","frontend\src\app\scholarship\[id]\page.js","FALLBACK_CONSTANT","INTERNAL_TECHNICAL_OR_SAFE_UI","SAFE","L2_FILTERED"
"NUM_10403","2","2","count","ho can apply? </h2> <div className=","Page","frontend\src\app\scholarship\[id]\page.js","FALLBACK_CONSTANT","INTERNAL_TECHNICAL_OR_SAFE_UI","SAFE","L2_FILTERED"
"NUM_10406","1","1","count"," <div className=""mt-1""> ","Page","frontend\src\app\scholarship\[id]\page.js","FALLBACK_CONSTANT","INTERNAL_TECHNICAL_OR_SAFE_UI","SAFE","L2_FILTERED"
"NUM_10410","8","8","count"," <div className=""scholarship-glass-card p-8 md:p-10""> <h2 cl","Page","frontend\src\app\scholarship\[id]\page.js","FALLBACK_CONSTANT","INTERNAL_TECHNICAL_OR_SAFE_UI","SAFE","L2_FILTERED"
"NUM_10411","10","10","count"," <div className=""scholarship-glass-card p-8 md:p-10""> <h2 className=","Page","frontend\src\app\scholarship\[id]\page.js","FALLBACK_CONSTANT","INTERNAL_TECHNICAL_OR_SAFE_UI","SAFE","L2_FILTERED"
"NUM_10418","2","2","count","red Documents </h2> <div className=","Page","frontend\src\app\scholarship\[id]\page.js","FALLBACK_CONSTANT","INTERNAL_TECHNICAL_OR_SAFE_UI","SAFE","L2_FILTERED"
"NUM_10427","2","2","count"," <div className=""w-2 h-2 rounded-full bg-purple-400"" /> ","Page","frontend\src\app\scholarship\[id]\page.js","FALLBACK_CONSTANT","INTERNAL_TECHNICAL_OR_SAFE_UI","SAFE","L2_FILTERED"
"NUM_10428","2","2","count"," <div className=""w-2 h-2 rounded-full bg-purple-400"" /> ","Page","frontend\src\app\scholarship\[id]\page.js","FALLBACK_CONSTANT","INTERNAL_TECHNICAL_OR_SAFE_UI","SAFE","L2_FILTERED"
"NUM_10429","400","400","count"," <div className=""w-2 h-2 rounded-full bg-purple-400"" /> ","Page","frontend\src\app\scholarship\[id]\page.js","FALLBACK_CONSTANT","INTERNAL_TECHNICAL_OR_SAFE_UI","SAFE","L2_FILTERED"
"NUM_10431","4","4","count"," <div className=""lg:col-span-4""> <div className=""sticky","Page","frontend\src\app\scholarship\[id]\page.js","FALLBACK_CONSTANT","INTERNAL_TECHNICAL_OR_SAFE_UI","SAFE","L2_FILTERED"
"NUM_10434","8","8","count"," <div className=""scholarship-glass-card p-8""> <h3 className=","Page","frontend\src\app\scholarship\[id]\page.js","FALLBACK_CONSTANT","INTERNAL_TECHNICAL_OR_SAFE_UI","SAFE","L2_FILTERED"
"NUM_10437","6","6","count","black text-slate-400 uppercase tracking-widest mb-6"">Execution</h3> ","Page","frontend\src\app\scholarship\[id]\page.js","FALLBACK_CONSTANT","INTERNAL_TECHNICAL_OR_SAFE_UI","SAFE","L2_FILTERED"
"NUM_10438","3","3","count","e-400 uppercase tracking-widest mb-6"">Execution</h3> <a ","Page","frontend\src\app\scholarship\[id]\page.js","FALLBACK_CONSTANT","INTERNAL_TECHNICAL_OR_SAFE_UI","SAFE","L2_FILTERED"
"NUM_10455","1","1","count","te scholarships require certificates issued after 1st April of the current financial year. ","Page","frontend\src\app\scholarship\[id]\page.js","FALLBACK_CONSTANT","INTERNAL_TECHNICAL_OR_SAFE_UI","SAFE","L2_FILTERED"
"NUM_10640","1","1","count"," <div className=""hero-orb hero-orb--1"" /> <div className=""hero-orb","Page","frontend\src\app\scholarships\page.js","FALLBACK_CONSTANT","INTERNAL_TECHNICAL_OR_SAFE_UI","SAFE","L2_FILTERED"
"NUM_10641","2","2","count"," <div className=""hero-orb hero-orb--2"" /> </div> <C","Page","frontend\src\app\scholarships\page.js","FALLBACK_CONSTANT","INTERNAL_TECHNICAL_OR_SAFE_UI","SAFE","L2_FILTERED"
"NUM_10642","1","1","count","nancial Aid</span> <h1 className=""list-hero-title"">Scholarships, Grants ","Page","frontend\src\app\scholarships\page.js","FALLBACK_CONSTANT","INTERNAL_TECHNICAL_OR_SAFE_UI","SAFE","L2_FILTERED"
"NUM_10643","1","1","count","me=""list-hero-title"">Scholarships, Grants & Aid</h1> <p className=""list-","Page","frontend\src\app\scholarships\page.js","FALLBACK_CONSTANT","INTERNAL_TECHNICAL_OR_SAFE_UI","SAFE","L2_FILTERED"
"NUM_10645","0","0","count","cc + (parseInt(curr.amount?.toString().replace(/[^0-9]/g, '')) || 0), 0); ","Page","frontend\src\app\scholarships\page.js","FALLBACK_CONSTANT","INTERNAL_TECHNICAL_OR_SAFE_UI","SAFE","L2_FILTERED"
"NUM_10647","0","0","count","urr.amount?.toString().replace(/[^0-9]/g, '')) || 0), 0); const form","Page","frontend\src\app\scholarships\page.js","FALLBACK_CONSTANT","INTERNAL_TECHNICAL_OR_SAFE_UI","SAFE","L2_FILTERED"
"NUM_10648","0","0","count","amount?.toString().replace(/[^0-9]/g, '')) || 0), 0); const formatte","Page","frontend\src\app\scholarships\page.js","FALLBACK_CONSTANT","INTERNAL_TECHNICAL_OR_SAFE_UI","SAFE","L2_FILTERED"
"NUM_10649","10000000","10000000","count"," const formattedAmt = totalAmt >= 10000000 ? `₹${(totalAmt / 10000000).toFixed(2)} Cr` : `₹$","Page","frontend\src\app\scholarships\page.js","COMPUTED_FRONTEND","INTERNAL_TECHNICAL_OR_SAFE_UI","SAFE","L2_FILTERED"
"NUM_10650","10000000","10000000","count","attedAmt = totalAmt >= 10000000 ? `₹${(totalAmt / 10000000).toFixed(2)} Cr` : `₹${totalAmt.toLocaleString()}","Page","frontend\src\app\scholarships\page.js","COMPUTED_FRONTEND","INTERNAL_TECHNICAL_OR_SAFE_UI","SAFE","L2_FILTERED"
"NUM_10651","2","2","count","t >= 10000000 ? `₹${(totalAmt / 10000000).toFixed(2)} Cr` : `₹${totalAmt.toLocaleString()}`; ","Page","frontend\src\app\scholarships\page.js","COMPUTED_FRONTEND","INTERNAL_TECHNICAL_OR_SAFE_UI","SAFE","L2_FILTERED"
"NUM_10652","12","12","count"," <section className=""list-results pt-12""> <Container> ","Page","frontend\src\app\scholarships\page.js","FALLBACK_CONSTANT","INTERNAL_TECHNICAL_OR_SAFE_UI","SAFE","L2_FILTERED"
"NUM_10725","3","3","count","hortName} </h3> <div style=","Page","frontend\src\app\share\[id]\page.js","FALLBACK_CONSTANT","INTERNAL_TECHNICAL_OR_SAFE_UI","SAFE","L2_FILTERED"
"NUM_10826","0.2","0.2","count",", transition: 'transform 0.2s', }} ","Page","frontend\src\app\share\[id]\page.js","FALLBACK_CONSTANT","INTERNAL_TECHNICAL_OR_SAFE_UI","SAFE","L2_FILTERED"
"NUM_10840","0%","0","%"," @keyframes spin { 0% { transform: rotate(0deg); } ","Page","frontend\src\app\share\[id]\page.js","COMPUTED_FRONTEND","INTERNAL_TECHNICAL_OR_SAFE_UI","SAFE","L2_FILTERED"
"NUM_10845","1","1","count","kicker"">JOIN CEI</div> <h1 className=""auth-title"">Create an Account</h1> ","Page","frontend\src\app\signup\page.js","FALLBACK_CONSTANT","INTERNAL_TECHNICAL_OR_SAFE_UI","SAFE","L2_FILTERED"
"NUM_10846","1","1","count"," <h1 className=""auth-title"">Create an Account</h1> <p className=""auth-subt","Page","frontend\src\app\signup\page.js","FALLBACK_CONSTANT","INTERNAL_TECHNICAL_OR_SAFE_UI","SAFE","L2_FILTERED"
"NUM_10959","7.7","7.7","count","06.56 4.21 1.64l3.15-3.15C17.45 2.09 14.97 1 12 1 7.7 1 3.99 3.47 2.18 7.07l3.66 2.84c.87-2.6 3.3-4.53 ","Page","frontend\src\app\signup\page.js","FALLBACK_CONSTANT","INTERNAL_TECHNICAL_OR_SAFE_UI","SAFE","L2_FILTERED"
"NUM_10960","1","1","count","6 4.21 1.64l3.15-3.15C17.45 2.09 14.97 1 12 1 7.7 1 3.99 3.47 2.18 7.07l3.66 2.84c.87-2.6 3.3-4.53 6.","Page","frontend\src\app\signup\page.js","FALLBACK_CONSTANT","INTERNAL_TECHNICAL_OR_SAFE_UI","SAFE","L2_FILTERED"
"NUM_10961","3.99","3.99","count","4.21 1.64l3.15-3.15C17.45 2.09 14.97 1 12 1 7.7 1 3.99 3.47 2.18 7.07l3.66 2.84c.87-2.6 3.3-4.53 6.16-4.","Page","frontend\src\app\signup\page.js","FALLBACK_CONSTANT","INTERNAL_TECHNICAL_OR_SAFE_UI","SAFE","L2_FILTERED"
"NUM_10962","3.47","3.47","count","1.64l3.15-3.15C17.45 2.09 14.97 1 12 1 7.7 1 3.99 3.47 2.18 7.07l3.66 2.84c.87-2.6 3.3-4.53 6.16-4.53z"" ","Page","frontend\src\app\signup\page.js","FALLBACK_CONSTANT","INTERNAL_TECHNICAL_OR_SAFE_UI","SAFE","L2_FILTERED"
"NUM_10983","10,000","10000","count"," } } // Load the partitioned batch of 10,000 canonical IDs without transferring full documents","Page","frontend\src\app\sitemap.js","FALLBACK_CONSTANT","INTERNAL_TECHNICAL_OR_SAFE_UI","SAFE","L2_FILTERED"
"NUM_10985","0.8","0.8","count","d on Ranking Tier let priority = 0.8; if (college.rankingTier) { ","Page","frontend\src\app\sitemap.js","FALLBACK_CONSTANT","INTERNAL_TECHNICAL_OR_SAFE_UI","SAFE","L2_FILTERED"
"NUM_11003","2026","2026","count","> Last Updated: February 2026 </p> ","Page","frontend\src\app\terms\page.js","FALLBACK_CONSTANT","INTERNAL_TECHNICAL_OR_SAFE_UI","SAFE","L2_FILTERED"
"NUM_11057","1","1","count"," <span className=""w-1 h-6 bg-blue-600 rounded-full""></span> ","Page","frontend\src\app\terms\page.js","FALLBACK_CONSTANT","INTERNAL_TECHNICAL_OR_SAFE_UI","SAFE","L2_FILTERED"
"NUM_11058","6","6","count"," <span className=""w-1 h-6 bg-blue-600 rounded-full""></span> ","Page","frontend\src\app\terms\page.js","FALLBACK_CONSTANT","INTERNAL_TECHNICAL_OR_SAFE_UI","SAFE","L2_FILTERED"
"NUM_11059","600","600","count"," <span className=""w-1 h-6 bg-blue-600 rounded-full""></span> ","Page","frontend\src\app\terms\page.js","FALLBACK_CONSTANT","INTERNAL_TECHNICAL_OR_SAFE_UI","SAFE","L2_FILTERED"
"NUM_11060","3.","3.","count","ed-full""></span> 3. User Conduct </h2> ","Page","frontend\src\app\terms\page.js","FALLBACK_CONSTANT","INTERNAL_TECHNICAL_OR_SAFE_UI","SAFE","L2_FILTERED"
"NUM_11061","2","2","count"," 3. User Conduct </h2> <p className=""text-","Page","frontend\src\app\terms\page.js","FALLBACK_CONSTANT","INTERNAL_TECHNICAL_OR_SAFE_UI","SAFE","L2_FILTERED"
"NUM_11062","600","600","count"," <p className=""text-slate-600 leading-relaxed""> ","Page","frontend\src\app\terms\page.js","FALLBACK_CONSTANT","INTERNAL_TECHNICAL_OR_SAFE_UI","SAFE","L2_FILTERED"
"NUM_11067","1","1","count"," <span className=""w-1 h-6 bg-blue-600 rounded-full""></span> ","Page","frontend\src\app\terms\page.js","FALLBACK_CONSTANT","INTERNAL_TECHNICAL_OR_SAFE_UI","SAFE","L2_FILTERED"
"NUM_11068","6","6","count"," <span className=""w-1 h-6 bg-blue-600 rounded-full""></span> ","Page","frontend\src\app\terms\page.js","FALLBACK_CONSTANT","INTERNAL_TECHNICAL_OR_SAFE_UI","SAFE","L2_FILTERED"
"NUM_11069","600","600","count"," <span className=""w-1 h-6 bg-blue-600 rounded-full""></span> ","Page","frontend\src\app\terms\page.js","FALLBACK_CONSTANT","INTERNAL_TECHNICAL_OR_SAFE_UI","SAFE","L2_FILTERED"
"NUM_11070","4.","4.","count","ed-full""></span> 4. Intellectual Property ","Page","frontend\src\app\terms\page.js","FALLBACK_CONSTANT","INTERNAL_TECHNICAL_OR_SAFE_UI","SAFE","L2_FILTERED"
"NUM_11071","2","2","count","llectual Property </h2> <p className=""text-","Page","frontend\src\app\terms\page.js","FALLBACK_CONSTANT","INTERNAL_TECHNICAL_OR_SAFE_UI","SAFE","L2_FILTERED"
"NUM_11072","600","600","count"," <p className=""text-slate-600 leading-relaxed""> ","Page","frontend\src\app\terms\page.js","FALLBACK_CONSTANT","INTERNAL_TECHNICAL_OR_SAFE_UI","SAFE","L2_FILTERED"
"NUM_11076","400","400","count"," <p className=""text-sm text-slate-400 text-center""> © ","Page","frontend\src\app\terms\page.js","FALLBACK_CONSTANT","INTERNAL_TECHNICAL_OR_SAFE_UI","SAFE","L2_FILTERED"
"NUM_11108","1","1","count",""" /> Comprehensive Disclaimer </h1> <p className=","Page","frontend\src\app\terms-and-conditions\page.jsx","FALLBACK_CONSTANT","INTERNAL_TECHNICAL_OR_SAFE_UI","SAFE","L2_FILTERED"
"NUM_11139","16","16","count","</div> <div className=""space-y-16""> {/* ","Page","frontend\src\app\terms-and-conditions\page.jsx","FALLBACK_CONSTANT","INTERNAL_TECHNICAL_OR_SAFE_UI","SAFE","L2_FILTERED"
"NUM_11140","1","1","count"," {/* SECTION 1: Disclaimer of Liability */} ","Page","frontend\src\app\terms-and-conditions\page.jsx","COMPUTED_FRONTEND","INTERNAL_TECHNICAL_OR_SAFE_UI","SAFE","L2_FILTERED"
"NUM_11149","2","2","count","text-white"">1. Absolute Disclaimer of Liability</h2> </div> ","Page","frontend\src\app\terms-and-conditions\page.jsx","FALLBACK_CONSTANT","INTERNAL_TECHNICAL_OR_SAFE_UI","SAFE","L2_FILTERED"
"NUM_11168","2","2","count","d text-white"">2. Predictive Engine & Algorithms</h2> </div> ","Page","frontend\src\app\terms-and-conditions\page.jsx","FALLBACK_CONSTANT","INTERNAL_TECHNICAL_OR_SAFE_UI","SAFE","L2_FILTERED"
"NUM_11169","5","5","count"," <ul className=""list-disc pl-5 mt-4 space-y-2""> ","Page","frontend\src\app\terms-and-conditions\page.jsx","FALLBACK_CONSTANT","INTERNAL_TECHNICAL_OR_SAFE_UI","SAFE","L2_FILTERED"
"NUM_11170","4","4","count"," <ul className=""list-disc pl-5 mt-4 space-y-2""> <li>","Page","frontend\src\app\terms-and-conditions\page.jsx","FALLBACK_CONSTANT","INTERNAL_TECHNICAL_OR_SAFE_UI","SAFE","L2_FILTERED"
"NUM_11171","2","2","count"," <ul className=""list-disc pl-5 mt-4 space-y-2""> <li><strong>No","Page","frontend\src\app\terms-and-conditions\page.jsx","FALLBACK_CONSTANT","INTERNAL_TECHNICAL_OR_SAFE_UI","SAFE","L2_FILTERED"
"NUM_11184","3","3","count"," </p> <h3>Data Collection & Usage</h3> ","Page","frontend\src\app\terms-and-conditions\page.jsx","FALLBACK_CONSTANT","INTERNAL_TECHNICAL_OR_SAFE_UI","SAFE","L2_FILTERED"
"NUM_11185","3","3","count"," <h3>Data Collection & Usage</h3> <ul className=""list","Page","frontend\src\app\terms-and-conditions\page.jsx","FALLBACK_CONSTANT","INTERNAL_TECHNICAL_OR_SAFE_UI","SAFE","L2_FILTERED"
"NUM_11186","5","5","count"," <ul className=""list-disc pl-5 space-y-2 mt-4""> ","Page","frontend\src\app\terms-and-conditions\page.jsx","FALLBACK_CONSTANT","INTERNAL_TECHNICAL_OR_SAFE_UI","SAFE","L2_FILTERED"
"NUM_11187","2","2","count"," <ul className=""list-disc pl-5 space-y-2 mt-4""> <li><stro","Page","frontend\src\app\terms-and-conditions\page.jsx","FALLBACK_CONSTANT","INTERNAL_TECHNICAL_OR_SAFE_UI","SAFE","L2_FILTERED"
"NUM_11188","4","4","count"," <ul className=""list-disc pl-5 space-y-2 mt-4""> <li><strong>Ac","Page","frontend\src\app\terms-and-conditions\page.jsx","FALLBACK_CONSTANT","INTERNAL_TECHNICAL_OR_SAFE_UI","SAFE","L2_FILTERED"
"NUM_11190","3","3","count"," </ul> <h3>Third-Party Integrations</h3> ","Page","frontend\src\app\terms-and-conditions\page.jsx","FALLBACK_CONSTANT","INTERNAL_TECHNICAL_OR_SAFE_UI","SAFE","L2_FILTERED"
"NUM_11191","3","3","count"," <h3>Third-Party Integrations</h3> <p> ","Page","frontend\src\app\terms-and-conditions\page.jsx","FALLBACK_CONSTANT","INTERNAL_TECHNICAL_OR_SAFE_UI","SAFE","L2_FILTERED"
"NUM_11192",".,",".","count"," We utilize third-party services (e.g., Vercel, Firebase) for hosting and backend infrast","Page","frontend\src\app\terms-and-conditions\page.jsx","FALLBACK_CONSTANT","INTERNAL_TECHNICAL_OR_SAFE_UI","SAFE","L2_FILTERED"
"NUM_11193","4","4","count"," </section> {/* SECTION 4: Intellectual Property */} <","Page","frontend\src\app\terms-and-conditions\page.jsx","COMPUTED_FRONTEND","INTERNAL_TECHNICAL_OR_SAFE_UI","SAFE","L2_FILTERED"
"NUM_11208","12","12","count"," <section className=""text-center pb-12""> <p className=""text-sla","Page","frontend\src\app\terms-and-conditions\page.jsx","FALLBACK_CONSTANT","INTERNAL_TECHNICAL_OR_SAFE_UI","SAFE","L2_FILTERED"
"NUM_11209","500","500","count"," <p className=""text-slate-500 text-sm""> Last Updat","Page","frontend\src\app\terms-and-conditions\page.jsx","FALLBACK_CONSTANT","INTERNAL_TECHNICAL_OR_SAFE_UI","SAFE","L2_FILTERED"
"NUM_11210","2026.","2026.","count"," Last Updated: March 2026. <br /> These terms c","Page","frontend\src\app\terms-and-conditions\page.jsx","FALLBACK_CONSTANT","INTERNAL_TECHNICAL_OR_SAFE_UI","SAFE","L2_FILTERED"
"NUM_11211","8","8","count"," </p> <div className=""mt-8""> <Link href=""/"" cla","Page","frontend\src\app\terms-and-conditions\page.jsx","FALLBACK_CONSTANT","INTERNAL_TECHNICAL_OR_SAFE_UI","SAFE","L2_FILTERED"
"NUM_11217","20","20","count","t-bold transition-all shadow-lg shadow-indigo-900/20""> Acknowledge & ","Page","frontend\src\app\terms-and-conditions\page.jsx","FALLBACK_CONSTANT","INTERNAL_TECHNICAL_OR_SAFE_UI","SAFE","L2_FILTERED"
"NUM_11246",".,",".","count"," // Dispatch Event for same-window updates (e.g., Header count) window.dispatchEvent(new E","Component","frontend\src\components\AddToChoiceButton.jsx","FALLBACK_CONSTANT","INTERNAL_TECHNICAL_OR_SAFE_UI","SAFE","L2_FILTERED"
"NUM_11271","5","5","count","ned(cid); const isFull = pinnedIds.length >= 5; const toggleCompare = (e) => { e","Component","frontend\src\components\AddToCompareButton.jsx","FALLBACK_CONSTANT","INTERNAL_TECHNICAL_OR_SAFE_UI","SAFE","L2_FILTERED"
"NUM_11273","1.","1.","count"," => { if (loading) return; // 1. Not Logged In -> 404 behavior (push to home) ","Component","frontend\src\components\AdminGuard.jsx","FALLBACK_CONSTANT","INTERNAL_TECHNICAL_OR_SAFE_UI","SAFE","L2_FILTERED"
"NUM_11274","404","404","count","oading) return; // 1. Not Logged In -> 404 behavior (push to home) if (!user) { ","Component","frontend\src\components\AdminGuard.jsx","FALLBACK_CONSTANT","INTERNAL_TECHNICAL_OR_SAFE_UI","SAFE","L2_FILTERED"
"NUM_11277","3.","3.","count","""); return; } // 3. Success setIsAuthorized(true); },","Component","frontend\src\components\AdminGuard.jsx","FALLBACK_CONSTANT","INTERNAL_TECHNICAL_OR_SAFE_UI","SAFE","L2_FILTERED"
"NUM_11448","1","1","count"," const [activeIndex, setActiveIndex] = useState(-1); // Data State const [selectedColleg","Component","frontend\src\components\AdmissionProbability.jsx","FALLBACK_CONSTANT","INTERNAL_TECHNICAL_OR_SAFE_UI","SAFE","L2_FILTERED"
"NUM_11449","2","2","count"," if (!searchQuery || searchQuery.length < 2) { setSuggestions([]); ","Component","frontend\src\components\AdmissionProbability.jsx","FALLBACK_CONSTANT","INTERNAL_TECHNICAL_OR_SAFE_UI","SAFE","L2_FILTERED"
"NUM_11450","1","1","count"," setResults(null); setActiveIndex(-1); if (debounceRef.current) clearTimeou","Component","frontend\src\components\AdmissionProbability.jsx","FALLBACK_CONSTANT","INTERNAL_TECHNICAL_OR_SAFE_UI","SAFE","L2_FILTERED"
"NUM_11451","2","2","count","debounceRef.current); if (val.length < 2) { setSuggestions([]); ","Component","frontend\src\components\AdmissionProbability.jsx","FALLBACK_CONSTANT","INTERNAL_TECHNICAL_OR_SAFE_UI","SAFE","L2_FILTERED"
"NUM_11452","300","300","count","{ fetchSuggestions(val); }, 300); }; // Load User Profile for Auto-fi","Component","frontend\src\components\AdmissionProbability.jsx","COMPUTED_FRONTEND","INTERNAL_TECHNICAL_OR_SAFE_UI","SAFE","L2_FILTERED"
"NUM_11453","1","1","count"," setIsOpen(false); setActiveIndex(-1); try { // Fetch full col","Component","frontend\src\components\AdmissionProbability.jsx","FALLBACK_CONSTANT","INTERNAL_TECHNICAL_OR_SAFE_UI","SAFE","L2_FILTERED"
"NUM_11454","0","0","count"," { if (!isOpen || suggestions.length === 0) return; switch (e.key) { ","Component","frontend\src\components\AdmissionProbability.jsx","FALLBACK_CONSTANT","INTERNAL_TECHNICAL_OR_SAFE_UI","SAFE","L2_FILTERED"
"NUM_11455","1","1","count","tActiveIndex(prev => (prev < suggestions.length - 1 ? prev + 1 : 0)); break; ","Component","frontend\src\components\AdmissionProbability.jsx","FALLBACK_CONSTANT","INTERNAL_TECHNICAL_OR_SAFE_UI","SAFE","L2_FILTERED"
"NUM_11456","1","1","count","x(prev => (prev < suggestions.length - 1 ? prev + 1 : 0)); break; case ","Component","frontend\src\components\AdmissionProbability.jsx","FALLBACK_CONSTANT","INTERNAL_TECHNICAL_OR_SAFE_UI","SAFE","L2_FILTERED"
"NUM_11457","0","0","count","ev => (prev < suggestions.length - 1 ? prev + 1 : 0)); break; case ""Arr","Component","frontend\src\components\AdmissionProbability.jsx","FALLBACK_CONSTANT","INTERNAL_TECHNICAL_OR_SAFE_UI","SAFE","L2_FILTERED"
"NUM_11458","0","0","count","; setActiveIndex(prev => (prev > 0 ? prev - 1 : suggestions.length - 1)); ","Component","frontend\src\components\AdmissionProbability.jsx","FALLBACK_CONSTANT","INTERNAL_TECHNICAL_OR_SAFE_UI","SAFE","L2_FILTERED"
"NUM_11459","1","1","count"," setActiveIndex(prev => (prev > 0 ? prev - 1 : suggestions.length - 1)); brea","Component","frontend\src\components\AdmissionProbability.jsx","FALLBACK_CONSTANT","INTERNAL_TECHNICAL_OR_SAFE_UI","SAFE","L2_FILTERED"
"NUM_11460","1","1","count","ev => (prev > 0 ? prev - 1 : suggestions.length - 1)); break; case ""Ent","Component","frontend\src\components\AdmissionProbability.jsx","FALLBACK_CONSTANT","INTERNAL_TECHNICAL_OR_SAFE_UI","SAFE","L2_FILTERED"
"NUM_11461","0","0","count","entDefault(); if (activeIndex >= 0 && suggestions[activeIndex]) { ","Component","frontend\src\components\AdmissionProbability.jsx","FALLBACK_CONSTANT","INTERNAL_TECHNICAL_OR_SAFE_UI","SAFE","L2_FILTERED"
"NUM_11462","0","0","count"," useEffect(() => { if (activeIndex >= 0 && listRef.current) { const activeIt","Component","frontend\src\components\AdmissionProbability.jsx","FALLBACK_CONSTANT","INTERNAL_TECHNICAL_OR_SAFE_UI","SAFE","L2_FILTERED"
"NUM_11463","0","0","count","probability if (pastCutoffs.length > 0) { pastCutoffs.forEach(cp => { ","Component","frontend\src\components\AdmissionProbability.jsx","FALLBACK_CONSTANT","INTERNAL_TECHNICAL_OR_SAFE_UI","SAFE","L2_FILTERED"
"NUM_11467","100","100","count"," const isDbPercentile = threshold <= 100; const userVal = ran","Component","frontend\src\components\AdmissionProbability.jsx","FALLBACK_CONSTANT","INTERNAL_TECHNICAL_OR_SAFE_UI","SAFE","L2_FILTERED"
"NUM_11471","5","5","count"," } else if (userVal >= threshold - 5) { statu","Component","frontend\src\components\AdmissionProbability.jsx","FALLBACK_CONSTANT","INTERNAL_TECHNICAL_OR_SAFE_UI","SAFE","L2_FILTERED"
"NUM_11475","100","100","count"," const estRank = ((100 - userVal) / 100) * totalCandidates; ","Component","frontend\src\components\AdmissionProbability.jsx","FALLBACK_CONSTANT","INTERNAL_TECHNICAL_OR_SAFE_UI","SAFE","L2_FILTERED"
"NUM_11476","100","100","count"," const estRank = ((100 - userVal) / 100) * totalCandidates; ","Component","frontend\src\components\AdmissionProbability.jsx","FALLBACK_CONSTANT","INTERNAL_TECHNICAL_OR_SAFE_UI","SAFE","L2_FILTERED"
"NUM_11479","1.5","1.5","count"," } else if (estRank <= threshold * 1.5) { statu","Component","frontend\src\components\AdmissionProbability.jsx","FALLBACK_CONSTANT","HARDCODED_UNVERIFIED","REVIEW","L3_FACTUAL"
"NUM_11485","1.5","1.5","count"," } else if (userVal <= threshold * 1.5) { statu","Component","frontend\src\components\AdmissionProbability.jsx","FALLBACK_CONSTANT","INTERNAL_TECHNICAL_OR_SAFE_UI","SAFE","L2_FILTERED"
"NUM_11492","0","0","count"," } if (probResults.length === 0) { probResults.push({ ","Component","frontend\src\components\AdmissionProbability.jsx","FALLBACK_CONSTANT","INTERNAL_TECHNICAL_OR_SAFE_UI","SAFE","L2_FILTERED"
"NUM_11496","800","800","count"," setIsCalculating(false); }, 800); }; return ( <GlassPanel cl","Component","frontend\src\components\AdmissionProbability.jsx","FALLBACK_CONSTANT","INTERNAL_TECHNICAL_OR_SAFE_UI","SAFE","L2_FILTERED"
"NUM_11497","100%","100","%","lassName=""v-icon"">🛡️</span> 100% Indexed Data </div> ","Component","frontend\src\components\AdmissionProbability.jsx","FALLBACK_CONSTANT","INTERNAL_TECHNICAL_OR_SAFE_UI","SAFE","L2_FILTERED"
"NUM_11498","2","2","count","d Data </div> <h2>Admission Probability 🎯</h2> <p","Component","frontend\src\components\AdmissionProbability.jsx","FALLBACK_CONSTANT","INTERNAL_TECHNICAL_OR_SAFE_UI","SAFE","L2_FILTERED"
"NUM_11499","2","2","count","> <h2>Admission Probability 🎯</h2> <p>Check your admission chances","Component","frontend\src\components\AdmissionProbability.jsx","FALLBACK_CONSTANT","INTERNAL_TECHNICAL_OR_SAFE_UI","SAFE","L2_FILTERED"
"NUM_11500","0","0","count"," if (suggestions.length > 0) setIsOpen(true); }}","Component","frontend\src\components\AdmissionProbability.jsx","FALLBACK_CONSTANT","INTERNAL_TECHNICAL_OR_SAFE_UI","SAFE","L2_FILTERED"
"NUM_11503","0","0","count"," {isOpen && suggestions.length > 0 && ( <div className=","Component","frontend\src\components\AdmissionProbability.jsx","FALLBACK_CONSTANT","INTERNAL_TECHNICAL_OR_SAFE_UI","SAFE","L2_FILTERED"
"NUM_11506","98.5","98.5","count"," placeholder={scoreType === 'percentile' ? ""e.g. 98.5"" : ""e.g. 5000""} valu","Component","frontend\src\components\AdmissionProbability.jsx","API_DERIVED","API_DERIVED_UNVERIFIED","SAFE","L3_FACTUAL"
"NUM_11507","5000","5000","count","{scoreType === 'percentile' ? ""e.g. 98.5"" : ""e.g. 5000""} value={userRank} ","Component","frontend\src\components\AdmissionProbability.jsx","API_DERIVED","API_DERIVED_UNVERIFIED","SAFE","L3_FACTUAL"
"NUM_11546","400","400","count","Y = window.scrollY; setIsVisible(scrollY > 400); const sections = ['aura', 'overview', ","Component","frontend\src\components\AdmissionsStickyNav.jsx","FALLBACK_CONSTANT","INTERNAL_TECHNICAL_OR_SAFE_UI","SAFE","L2_FILTERED"
"NUM_11550","0","0","count"," """" }) { const [count, setCount] = useState(0); useEffect(() => { let startTime","Component","frontend\src\components\AnimatedCounter.jsx","FALLBACK_CONSTANT","INTERNAL_TECHNICAL_OR_SAFE_UI","SAFE","L2_FILTERED"
"NUM_11552","1","1","count","po const easeProgress = progress === 1 ? 1 : 1 - Math.pow(2, -10 * progress); ","Component","frontend\src\components\AnimatedCounter.jsx","FALLBACK_CONSTANT","INTERNAL_TECHNICAL_OR_SAFE_UI","SAFE","L2_FILTERED"
"NUM_11553","1","1","count"," const easeProgress = progress === 1 ? 1 : 1 - Math.pow(2, -10 * progress); ","Component","frontend\src\components\AnimatedCounter.jsx","FALLBACK_CONSTANT","INTERNAL_TECHNICAL_OR_SAFE_UI","SAFE","L2_FILTERED"
"NUM_11554","1","1","count"," const easeProgress = progress === 1 ? 1 : 1 - Math.pow(2, -10 * progress); set","Component","frontend\src\components\AnimatedCounter.jsx","FALLBACK_CONSTANT","INTERNAL_TECHNICAL_OR_SAFE_UI","SAFE","L2_FILTERED"
"NUM_11555","2,","2","count"," easeProgress = progress === 1 ? 1 : 1 - Math.pow(2, -10 * progress); setCount(Math.flo","Component","frontend\src\components\AnimatedCounter.jsx","FALLBACK_CONSTANT","INTERNAL_TECHNICAL_OR_SAFE_UI","SAFE","L2_FILTERED"
"NUM_11556","10","10","count","eProgress = progress === 1 ? 1 : 1 - Math.pow(2, -10 * progress); setCount(Math.floor(e","Component","frontend\src\components\AnimatedCounter.jsx","FALLBACK_CONSTANT","INTERNAL_TECHNICAL_OR_SAFE_UI","SAFE","L2_FILTERED"
"NUM_11557","1","1","count","seProgress * end)); if (progress < 1) { window.requestAnimationFrame(","Component","frontend\src\components\AnimatedCounter.jsx","FALLBACK_CONSTANT","INTERNAL_TECHNICAL_OR_SAFE_UI","SAFE","L2_FILTERED"
"NUM_11559","3","3","count","rmattedCount = count.toString().replace(/\B(?=(\d{3})+(?!\d))/g, "",""); return ( <span","Component","frontend\src\components\AnimatedCounter.jsx","COMPUTED_FRONTEND","INTERNAL_TECHNICAL_OR_SAFE_UI","SAFE","L2_FILTERED"
"NUM_11591","0","0","count","onRef = useRef(null); const timeRef = useRef(0); const lastFrameTimeRef = useRef(0); ","Component","frontend\src\components\animations\ElectricBorder.jsx","FALLBACK_CONSTANT","INTERNAL_TECHNICAL_OR_SAFE_UI","SAFE","L2_FILTERED"
"NUM_11592","0","0","count","= useRef(0); const lastFrameTimeRef = useRef(0); // Noise functions const random = u","Component","frontend\src\components\animations\ElectricBorder.jsx","FALLBACK_CONSTANT","INTERNAL_TECHNICAL_OR_SAFE_UI","SAFE","L2_FILTERED"
"NUM_11593","12.9898","12.9898","count"," useCallback(x => { return (Math.sin(x * 12.9898) * 43758.5453) % 1; }, []); const noi","Component","frontend\src\components\animations\ElectricBorder.jsx","COMPUTED_FRONTEND","INTERNAL_TECHNICAL_OR_SAFE_UI","SAFE","L2_FILTERED"
"NUM_11594","43758.5453","43758.5453","count","k(x => { return (Math.sin(x * 12.9898) * 43758.5453) % 1; }, []); const noise2D = useCall","Component","frontend\src\components\animations\ElectricBorder.jsx","COMPUTED_FRONTEND","INTERNAL_TECHNICAL_OR_SAFE_UI","SAFE","L2_FILTERED"
"NUM_11595","1","1","count"," return (Math.sin(x * 12.9898) * 43758.5453) % 1; }, []); const noise2D = useCallback(","Component","frontend\src\components\animations\ElectricBorder.jsx","FALLBACK_CONSTANT","INTERNAL_TECHNICAL_OR_SAFE_UI","SAFE","L2_FILTERED"
"NUM_11596","2","2","count","* 43758.5453) % 1; }, []); const noise2D = useCallback( (x, y) => { ","Component","frontend\src\components\animations\ElectricBorder.jsx","FALLBACK_CONSTANT","INTERNAL_TECHNICAL_OR_SAFE_UI","SAFE","L2_FILTERED"
"NUM_11597","57","57","count"," = y - j; const a = random(i + j * 57); const b = random(i + 1 + j * 57); ","Component","frontend\src\components\animations\ElectricBorder.jsx","FALLBACK_CONSTANT","INTERNAL_TECHNICAL_OR_SAFE_UI","SAFE","L2_FILTERED"
"NUM_11598","1","1","count","om(i + j * 57); const b = random(i + 1 + j * 57); const c = random(i + (j +","Component","frontend\src\components\animations\ElectricBorder.jsx","FALLBACK_CONSTANT","INTERNAL_TECHNICAL_OR_SAFE_UI","SAFE","L2_FILTERED"
"NUM_11599","57","57","count"," * 57); const b = random(i + 1 + j * 57); const c = random(i + (j + 1) * 57)","Component","frontend\src\components\animations\ElectricBorder.jsx","FALLBACK_CONSTANT","INTERNAL_TECHNICAL_OR_SAFE_UI","SAFE","L2_FILTERED"
"NUM_11600","1","1","count","+ j * 57); const c = random(i + (j + 1) * 57); const d = random(i + 1 + (j ","Component","frontend\src\components\animations\ElectricBorder.jsx","FALLBACK_CONSTANT","INTERNAL_TECHNICAL_OR_SAFE_UI","SAFE","L2_FILTERED"
"NUM_11601","57","57","count"," 57); const c = random(i + (j + 1) * 57); const d = random(i + 1 + (j + 1) *","Component","frontend\src\components\animations\ElectricBorder.jsx","FALLBACK_CONSTANT","INTERNAL_TECHNICAL_OR_SAFE_UI","SAFE","L2_FILTERED"
"NUM_11602","1","1","count"," (j + 1) * 57); const d = random(i + 1 + (j + 1) * 57); const ux = fx * f","Component","frontend\src\components\animations\ElectricBorder.jsx","FALLBACK_CONSTANT","INTERNAL_TECHNICAL_OR_SAFE_UI","SAFE","L2_FILTERED"
"NUM_11603","1","1","count","* 57); const d = random(i + 1 + (j + 1) * 57); const ux = fx * fx * (3.0 ","Component","frontend\src\components\animations\ElectricBorder.jsx","FALLBACK_CONSTANT","INTERNAL_TECHNICAL_OR_SAFE_UI","SAFE","L2_FILTERED"
"NUM_11604","57","57","count","; const d = random(i + 1 + (j + 1) * 57); const ux = fx * fx * (3.0 - 2.0 ","Component","frontend\src\components\animations\ElectricBorder.jsx","FALLBACK_CONSTANT","INTERNAL_TECHNICAL_OR_SAFE_UI","SAFE","L2_FILTERED"
"NUM_11605","3.0","3.0","count"," + 1) * 57); const ux = fx * fx * (3.0 - 2.0 * fx); const uy = fy * fy * (3","Component","frontend\src\components\animations\ElectricBorder.jsx","FALLBACK_CONSTANT","INTERNAL_TECHNICAL_OR_SAFE_UI","SAFE","L2_FILTERED"
"NUM_11606","2.0","2.0","count","* 57); const ux = fx * fx * (3.0 - 2.0 * fx); const uy = fy * fy * (3.0 - 2","Component","frontend\src\components\animations\ElectricBorder.jsx","FALLBACK_CONSTANT","INTERNAL_TECHNICAL_OR_SAFE_UI","SAFE","L2_FILTERED"
"NUM_11607","3.0","3.0","count","0 - 2.0 * fx); const uy = fy * fy * (3.0 - 2.0 * fy); return a * (1 - ux) *","Component","frontend\src\components\animations\ElectricBorder.jsx","FALLBACK_CONSTANT","INTERNAL_TECHNICAL_OR_SAFE_UI","SAFE","L2_FILTERED"
"NUM_11608","2.0","2.0","count","0 * fx); const uy = fy * fy * (3.0 - 2.0 * fy); return a * (1 - ux) * (1 - ","Component","frontend\src\components\animations\ElectricBorder.jsx","FALLBACK_CONSTANT","INTERNAL_TECHNICAL_OR_SAFE_UI","SAFE","L2_FILTERED"
"NUM_11609","1","1","count","fy * (3.0 - 2.0 * fy); return a * (1 - ux) * (1 - uy) + b * ux * (1 - uy) + c * (1 - u","Component","frontend\src\components\animations\ElectricBorder.jsx","FALLBACK_CONSTANT","INTERNAL_TECHNICAL_OR_SAFE_UI","SAFE","L2_FILTERED"
"NUM_11610","1","1","count"," 2.0 * fy); return a * (1 - ux) * (1 - uy) + b * ux * (1 - uy) + c * (1 - ux) * uy + d","Component","frontend\src\components\animations\ElectricBorder.jsx","FALLBACK_CONSTANT","INTERNAL_TECHNICAL_OR_SAFE_UI","SAFE","L2_FILTERED"
"NUM_11611","1","1","count"," return a * (1 - ux) * (1 - uy) + b * ux * (1 - uy) + c * (1 - ux) * uy + d * ux * uy; ","Component","frontend\src\components\animations\ElectricBorder.jsx","FALLBACK_CONSTANT","INTERNAL_TECHNICAL_OR_SAFE_UI","SAFE","L2_FILTERED"
"NUM_11612","1","1","count"," * (1 - ux) * (1 - uy) + b * ux * (1 - uy) + c * (1 - ux) * uy + d * ux * uy; }, [r","Component","frontend\src\components\animations\ElectricBorder.jsx","FALLBACK_CONSTANT","INTERNAL_TECHNICAL_OR_SAFE_UI","SAFE","L2_FILTERED"
"NUM_11613","0","0","count","me, seed, baseFlatness) => { let y = 0; let amplitude = baseAmplitude; ","Component","frontend\src\components\animations\ElectricBorder.jsx","FALLBACK_CONSTANT","INTERNAL_TECHNICAL_OR_SAFE_UI","SAFE","L2_FILTERED"
"NUM_11614","0","0","count","ency = baseFrequency; for (let i = 0; i < octaves; i++) { let octaveA","Component","frontend\src\components\animations\ElectricBorder.jsx","FALLBACK_CONSTANT","INTERNAL_TECHNICAL_OR_SAFE_UI","SAFE","L2_FILTERED"
"NUM_11619","2","2","count"," return y; }, [noise2D] ); const getCornerPoint = useCallba","Component","frontend\src\components\animations\ElectricBorder.jsx","FALLBACK_CONSTANT","INTERNAL_TECHNICAL_OR_SAFE_UI","SAFE","L2_FILTERED"
"NUM_11634","2","2","count","return; const ctx = canvas.getContext('2d'); if (!ctx) return; // Conf","Component","frontend\src\components\animations\ElectricBorder.jsx","FALLBACK_CONSTANT","INTERNAL_TECHNICAL_OR_SAFE_UI","SAFE","L2_FILTERED"
"NUM_11635","10","10","count"," // Configuration const octaves = 10; const lacunarity = 1.6; const ","Component","frontend\src\components\animations\ElectricBorder.jsx","FALLBACK_CONSTANT","INTERNAL_TECHNICAL_OR_SAFE_UI","SAFE","L2_FILTERED"
"NUM_11636","1.6","1.6","count"," const octaves = 10; const lacunarity = 1.6; const gain = 0.7; const amplit","Component","frontend\src\components\animations\ElectricBorder.jsx","FALLBACK_CONSTANT","INTERNAL_TECHNICAL_OR_SAFE_UI","SAFE","L2_FILTERED"
"NUM_11637","0.7","0.7","count"," const lacunarity = 1.6; const gain = 0.7; const amplitude = chaos; const","Component","frontend\src\components\animations\ElectricBorder.jsx","FALLBACK_CONSTANT","INTERNAL_TECHNICAL_OR_SAFE_UI","SAFE","L2_FILTERED"
"NUM_11638","10","10","count","nst amplitude = chaos; const frequency = 10; const baseFlatness = 0; const ","Component","frontend\src\components\animations\ElectricBorder.jsx","FALLBACK_CONSTANT","INTERNAL_TECHNICAL_OR_SAFE_UI","SAFE","L2_FILTERED"
"NUM_11644","1000","1000","count","Time = (currentTime - lastFrameTimeRef.current) / 1000; timeRef.current += deltaTime * spee","Component","frontend\src\components\animations\ElectricBorder.jsx","FALLBACK_CONSTANT","INTERNAL_TECHNICAL_OR_SAFE_UI","SAFE","L2_FILTERED"
"NUM_11650","1,","1","count"," || 1, 2); ctx.setTransform(1, 0, 0, 1, 0, 0); ctx.clearRect(0, 0, canvas.wi","Component","frontend\src\components\animations\ElectricBorder.jsx","FALLBACK_CONSTANT","INTERNAL_TECHNICAL_OR_SAFE_UI","SAFE","L2_FILTERED"
"NUM_11663","8,","8","count","e = octavedNoise( progress * 8, octaves, ","Component","frontend\src\components\animations\ElectricBorder.jsx","FALLBACK_CONSTANT","INTERNAL_TECHNICAL_OR_SAFE_UI","SAFE","L2_FILTERED"
"NUM_11664","0,","0","count"," timeRef.current, 0, baseFlatness ","Component","frontend\src\components\animations\ElectricBorder.jsx","FALLBACK_CONSTANT","INTERNAL_TECHNICAL_OR_SAFE_UI","SAFE","L2_FILTERED"
"NUM_11665","8,","8","count","e = octavedNoise( progress * 8, octaves, ","Component","frontend\src\components\animations\ElectricBorder.jsx","FALLBACK_CONSTANT","INTERNAL_TECHNICAL_OR_SAFE_UI","SAFE","L2_FILTERED"
"NUM_11666","1,","1","count"," timeRef.current, 1, baseFlatness ","Component","frontend\src\components\animations\ElectricBorder.jsx","FALLBACK_CONSTANT","INTERNAL_TECHNICAL_OR_SAFE_UI","SAFE","L2_FILTERED"
"NUM_11668","1","1","count","layers""> <div className=""eb-glow-1"" /> <div className=""eb-glow-2"" /","Component","frontend\src\components\animations\ElectricBorder.jsx","FALLBACK_CONSTANT","INTERNAL_TECHNICAL_OR_SAFE_UI","SAFE","L2_FILTERED"
"NUM_11669","2","2","count","ow-1"" /> <div className=""eb-glow-2"" /> <div className=""eb-backgroun","Component","frontend\src\components\animations\ElectricBorder.jsx","FALLBACK_CONSTANT","INTERNAL_TECHNICAL_OR_SAFE_UI","SAFE","L2_FILTERED"
"NUM_11670","0","0","count","ion FluidGlass({ style = {}, progress = 0 }) { const [isMounted, setIsMounted] = useS","Component","frontend\src\components\animations\FluidGlass.jsx","COMPUTED_FRONTEND","INTERNAL_TECHNICAL_OR_SAFE_UI","SAFE","L2_FILTERED"
"NUM_11677","0,","0","count","<Canvas camera={{ position: [0, 0, 20], fov: 15 }} gl={{ ant","Component","frontend\src\components\animations\FluidGlass.jsx","COMPUTED_FRONTEND","INTERNAL_TECHNICAL_OR_SAFE_UI","SAFE","L2_FILTERED"
"NUM_11678","0,","0","count","nvas camera={{ position: [0, 0, 20], fov: 15 }} gl={{ antial","Component","frontend\src\components\animations\FluidGlass.jsx","COMPUTED_FRONTEND","INTERNAL_TECHNICAL_OR_SAFE_UI","SAFE","L2_FILTERED"
"NUM_11679","20","20","count","s camera={{ position: [0, 0, 20], fov: 15 }} gl={{ antialias","Component","frontend\src\components\animations\FluidGlass.jsx","COMPUTED_FRONTEND","INTERNAL_TECHNICAL_OR_SAFE_UI","SAFE","L2_FILTERED"
"NUM_11692","0.5","0.5","count"," return [...BASE_INTELLIGENCE_STATES].sort(() => 0.5 - Math.random()); }, []); useEffect((","Component","frontend\src\components\animations\FluidGlass.jsx","FALLBACK_CONSTANT","INTERNAL_TECHNICAL_OR_SAFE_UI","SAFE","L2_FILTERED"
"NUM_11705","1","1","count"," Math.floor(progress * (randomizedStates.length - 1))); const activeText = randomizedStates[acti","Component","frontend\src\components\animations\FluidGlass.jsx","FALLBACK_CONSTANT","INTERNAL_TECHNICAL_OR_SAFE_UI","SAFE","L2_FILTERED"
"NUM_11711","3","3","count"," if (ref.current) { easing.damp3(ref.current.position, [destX, destY, 5], 0.2, del","Component","frontend\src\components\animations\FluidGlass.jsx","FALLBACK_CONSTANT","INTERNAL_TECHNICAL_OR_SAFE_UI","SAFE","L2_FILTERED"
"NUM_11712","5","5","count","easing.damp3(ref.current.position, [destX, destY, 5], 0.2, delta); easing.damp3(ref.curr","Component","frontend\src\components\animations\FluidGlass.jsx","FALLBACK_CONSTANT","INTERNAL_TECHNICAL_OR_SAFE_UI","SAFE","L2_FILTERED"
"NUM_11713","0.2,","0.2","count","ng.damp3(ref.current.position, [destX, destY, 5], 0.2, delta); easing.damp3(ref.current.rot","Component","frontend\src\components\animations\FluidGlass.jsx","FALLBACK_CONSTANT","INTERNAL_TECHNICAL_OR_SAFE_UI","SAFE","L2_FILTERED"
"NUM_11714","3","3","count",", destY, 5], 0.2, delta); easing.damp3(ref.current.rotation, [Math.PI / 2 + mouse.curren","Component","frontend\src\components\animations\FluidGlass.jsx","FALLBACK_CONSTANT","INTERNAL_TECHNICAL_OR_SAFE_UI","SAFE","L2_FILTERED"
"NUM_11715","2","2","count"," easing.damp3(ref.current.rotation, [Math.PI / 2 + mouse.current.y * 0.05, 0, -mouse.current.x * 0","Component","frontend\src\components\animations\FluidGlass.jsx","FALLBACK_CONSTANT","INTERNAL_TECHNICAL_OR_SAFE_UI","SAFE","L2_FILTERED"
"NUM_11716","0.05,","0.05","count","urrent.rotation, [Math.PI / 2 + mouse.current.y * 0.05, 0, -mouse.current.x * 0.05], 0.3, delta); ","Component","frontend\src\components\animations\FluidGlass.jsx","FALLBACK_CONSTANT","INTERNAL_TECHNICAL_OR_SAFE_UI","SAFE","L2_FILTERED"
"NUM_11717","0,","0","count",".rotation, [Math.PI / 2 + mouse.current.y * 0.05, 0, -mouse.current.x * 0.05], 0.3, delta); ","Component","frontend\src\components\animations\FluidGlass.jsx","FALLBACK_CONSTANT","INTERNAL_TECHNICAL_OR_SAFE_UI","SAFE","L2_FILTERED"
"NUM_11724","0,","0","count","const innerContent = ( <group position={[0, 0, 0]}> <ambientLight intensity={2.5","Component","frontend\src\components\animations\FluidGlass.jsx","COMPUTED_FRONTEND","INTERNAL_TECHNICAL_OR_SAFE_UI","SAFE","L2_FILTERED"
"NUM_11725","0,","0","count","st innerContent = ( <group position={[0, 0, 0]}> <ambientLight intensity={2.5} c","Component","frontend\src\components\animations\FluidGlass.jsx","COMPUTED_FRONTEND","INTERNAL_TECHNICAL_OR_SAFE_UI","SAFE","L2_FILTERED"
"NUM_11726","0","0","count","innerContent = ( <group position={[0, 0, 0]}> <ambientLight intensity={2.5} col","Component","frontend\src\components\animations\FluidGlass.jsx","COMPUTED_FRONTEND","INTERNAL_TECHNICAL_OR_SAFE_UI","SAFE","L2_FILTERED"
"NUM_11735","0.05","0.05","count","5 : 0.8} rotationIntensity={0.02} floatIntensity={0.05}> <Text pos","Component","frontend\src\components\animations\FluidGlass.jsx","COMPUTED_FRONTEND","INTERNAL_TECHNICAL_OR_SAFE_UI","SAFE","L2_FILTERED"
"NUM_11758","2","2","count",".35 : 0.6} rotation-x={Math.PI / 2} geometry={fallbackGeometry} ","Component","frontend\src\components\animations\FluidGlass.jsx","COMPUTED_FRONTEND","INTERNAL_TECHNICAL_OR_SAFE_UI","SAFE","L2_FILTERED"
"NUM_11777","50","50","count","er Glass Ring */} <circle cx=""50"" cy=""50"" r=""48"" ","Component","frontend\src\components\animations\LiquidScoreRing.jsx","FALLBACK_CONSTANT","INTERNAL_TECHNICAL_OR_SAFE_UI","SAFE","L2_FILTERED"
"NUM_11793","0","0","count","nimate={{ d: [ ""M 0 150 V 0 Q 25 -10 50 0 T 100 0 V 150 H 0 Z"", ","Component","frontend\src\components\animations\LiquidScoreRing.jsx","FALLBACK_CONSTANT","INTERNAL_TECHNICAL_OR_SAFE_UI","SAFE","L2_FILTERED"
"NUM_11794","150","150","count","mate={{ d: [ ""M 0 150 V 0 Q 25 -10 50 0 T 100 0 V 150 H 0 Z"", ","Component","frontend\src\components\animations\LiquidScoreRing.jsx","FALLBACK_CONSTANT","INTERNAL_TECHNICAL_OR_SAFE_UI","SAFE","L2_FILTERED"
"NUM_11795","0","0","count","{ d: [ ""M 0 150 V 0 Q 25 -10 50 0 T 100 0 V 150 H 0 Z"", ","Component","frontend\src\components\animations\LiquidScoreRing.jsx","FALLBACK_CONSTANT","INTERNAL_TECHNICAL_OR_SAFE_UI","SAFE","L2_FILTERED"
"NUM_11796","25","25","count"," d: [ ""M 0 150 V 0 Q 25 -10 50 0 T 100 0 V 150 H 0 Z"", ""","Component","frontend\src\components\animations\LiquidScoreRing.jsx","FALLBACK_CONSTANT","INTERNAL_TECHNICAL_OR_SAFE_UI","SAFE","L2_FILTERED"
"NUM_11797","10","10","count"," d: [ ""M 0 150 V 0 Q 25 -10 50 0 T 100 0 V 150 H 0 Z"", ""M 0 ","Component","frontend\src\components\animations\LiquidScoreRing.jsx","FALLBACK_CONSTANT","INTERNAL_TECHNICAL_OR_SAFE_UI","SAFE","L2_FILTERED"
"NUM_11798","50","50","count"," d: [ ""M 0 150 V 0 Q 25 -10 50 0 T 100 0 V 150 H 0 Z"", ""M 0 150","Component","frontend\src\components\animations\LiquidScoreRing.jsx","FALLBACK_CONSTANT","INTERNAL_TECHNICAL_OR_SAFE_UI","SAFE","L2_FILTERED"
"NUM_11799","0","0","count"," d: [ ""M 0 150 V 0 Q 25 -10 50 0 T 100 0 V 150 H 0 Z"", ""M 0 150 V","Component","frontend\src\components\animations\LiquidScoreRing.jsx","FALLBACK_CONSTANT","INTERNAL_TECHNICAL_OR_SAFE_UI","SAFE","L2_FILTERED"
"NUM_11800","100","100","count",": [ ""M 0 150 V 0 Q 25 -10 50 0 T 100 0 V 150 H 0 Z"", ""M 0 150 V 0 Q 2","Component","frontend\src\components\animations\LiquidScoreRing.jsx","FALLBACK_CONSTANT","INTERNAL_TECHNICAL_OR_SAFE_UI","SAFE","L2_FILTERED"
"NUM_11801","0","0","count"," ""M 0 150 V 0 Q 25 -10 50 0 T 100 0 V 150 H 0 Z"", ""M 0 150 V 0 Q 25 ","Component","frontend\src\components\animations\LiquidScoreRing.jsx","FALLBACK_CONSTANT","INTERNAL_TECHNICAL_OR_SAFE_UI","SAFE","L2_FILTERED"
"NUM_11802","150","150","count"," ""M 0 150 V 0 Q 25 -10 50 0 T 100 0 V 150 H 0 Z"", ""M 0 150 V 0 Q 25 10 50 ","Component","frontend\src\components\animations\LiquidScoreRing.jsx","FALLBACK_CONSTANT","INTERNAL_TECHNICAL_OR_SAFE_UI","SAFE","L2_FILTERED"
"NUM_11803","0","0","count"," ""M 0 150 V 0 Q 25 -10 50 0 T 100 0 V 150 H 0 Z"", ""M 0 150 V 0 Q 25 10 50 0 T ","Component","frontend\src\components\animations\LiquidScoreRing.jsx","FALLBACK_CONSTANT","INTERNAL_TECHNICAL_OR_SAFE_UI","SAFE","L2_FILTERED"
"NUM_11804","0","0","count","10 50 0 T 100 0 V 150 H 0 Z"", ""M 0 150 V 0 Q 25 10 50 0 T 100 0 V 150 H 0 Z"", ","Component","frontend\src\components\animations\LiquidScoreRing.jsx","FALLBACK_CONSTANT","INTERNAL_TECHNICAL_OR_SAFE_UI","SAFE","L2_FILTERED"
"NUM_11805","150","150","count"," 50 0 T 100 0 V 150 H 0 Z"", ""M 0 150 V 0 Q 25 10 50 0 T 100 0 V 150 H 0 Z"", ","Component","frontend\src\components\animations\LiquidScoreRing.jsx","FALLBACK_CONSTANT","INTERNAL_TECHNICAL_OR_SAFE_UI","SAFE","L2_FILTERED"
"NUM_11806","0","0","count","T 100 0 V 150 H 0 Z"", ""M 0 150 V 0 Q 25 10 50 0 T 100 0 V 150 H 0 Z"", ","Component","frontend\src\components\animations\LiquidScoreRing.jsx","FALLBACK_CONSTANT","INTERNAL_TECHNICAL_OR_SAFE_UI","SAFE","L2_FILTERED"
"NUM_11807","25","25","count","0 0 V 150 H 0 Z"", ""M 0 150 V 0 Q 25 10 50 0 T 100 0 V 150 H 0 Z"", ""M","Component","frontend\src\components\animations\LiquidScoreRing.jsx","FALLBACK_CONSTANT","INTERNAL_TECHNICAL_OR_SAFE_UI","SAFE","L2_FILTERED"
"NUM_11808","10","10","count"," V 150 H 0 Z"", ""M 0 150 V 0 Q 25 10 50 0 T 100 0 V 150 H 0 Z"", ""M 0 ","Component","frontend\src\components\animations\LiquidScoreRing.jsx","FALLBACK_CONSTANT","INTERNAL_TECHNICAL_OR_SAFE_UI","SAFE","L2_FILTERED"
"NUM_11809","50","50","count","150 H 0 Z"", ""M 0 150 V 0 Q 25 10 50 0 T 100 0 V 150 H 0 Z"", ""M 0 150","Component","frontend\src\components\animations\LiquidScoreRing.jsx","FALLBACK_CONSTANT","INTERNAL_TECHNICAL_OR_SAFE_UI","SAFE","L2_FILTERED"
"NUM_11810","0","0","count"," H 0 Z"", ""M 0 150 V 0 Q 25 10 50 0 T 100 0 V 150 H 0 Z"", ""M 0 150 V","Component","frontend\src\components\animations\LiquidScoreRing.jsx","FALLBACK_CONSTANT","INTERNAL_TECHNICAL_OR_SAFE_UI","SAFE","L2_FILTERED"
"NUM_11811","100","100","count"," Z"", ""M 0 150 V 0 Q 25 10 50 0 T 100 0 V 150 H 0 Z"", ""M 0 150 V 0 Q 2","Component","frontend\src\components\animations\LiquidScoreRing.jsx","FALLBACK_CONSTANT","INTERNAL_TECHNICAL_OR_SAFE_UI","SAFE","L2_FILTERED"
"NUM_11812","0","0","count"," ""M 0 150 V 0 Q 25 10 50 0 T 100 0 V 150 H 0 Z"", ""M 0 150 V 0 Q 25 ","Component","frontend\src\components\animations\LiquidScoreRing.jsx","FALLBACK_CONSTANT","INTERNAL_TECHNICAL_OR_SAFE_UI","SAFE","L2_FILTERED"
"NUM_11813","150","150","count"," ""M 0 150 V 0 Q 25 10 50 0 T 100 0 V 150 H 0 Z"", ""M 0 150 V 0 Q 25 -10 50","Component","frontend\src\components\animations\LiquidScoreRing.jsx","FALLBACK_CONSTANT","INTERNAL_TECHNICAL_OR_SAFE_UI","SAFE","L2_FILTERED"
"NUM_11814","0","0","count"," ""M 0 150 V 0 Q 25 10 50 0 T 100 0 V 150 H 0 Z"", ""M 0 150 V 0 Q 25 -10 50 0 T","Component","frontend\src\components\animations\LiquidScoreRing.jsx","FALLBACK_CONSTANT","INTERNAL_TECHNICAL_OR_SAFE_UI","SAFE","L2_FILTERED"
"NUM_11815","0","0","count","10 50 0 T 100 0 V 150 H 0 Z"", ""M 0 150 V 0 Q 25 -10 50 0 T 100 0 V 150 H 0 Z"" ","Component","frontend\src\components\animations\LiquidScoreRing.jsx","FALLBACK_CONSTANT","INTERNAL_TECHNICAL_OR_SAFE_UI","SAFE","L2_FILTERED"
"NUM_11816","150","150","count"," 50 0 T 100 0 V 150 H 0 Z"", ""M 0 150 V 0 Q 25 -10 50 0 T 100 0 V 150 H 0 Z"" ","Component","frontend\src\components\animations\LiquidScoreRing.jsx","FALLBACK_CONSTANT","INTERNAL_TECHNICAL_OR_SAFE_UI","SAFE","L2_FILTERED"
"NUM_11817","0","0","count","T 100 0 V 150 H 0 Z"", ""M 0 150 V 0 Q 25 -10 50 0 T 100 0 V 150 H 0 Z"" ","Component","frontend\src\components\animations\LiquidScoreRing.jsx","FALLBACK_CONSTANT","INTERNAL_TECHNICAL_OR_SAFE_UI","SAFE","L2_FILTERED"
"NUM_11818","25","25","count","0 0 V 150 H 0 Z"", ""M 0 150 V 0 Q 25 -10 50 0 T 100 0 V 150 H 0 Z"" ], ","Component","frontend\src\components\animations\LiquidScoreRing.jsx","FALLBACK_CONSTANT","INTERNAL_TECHNICAL_OR_SAFE_UI","SAFE","L2_FILTERED"
"NUM_11819","10","10","count","V 150 H 0 Z"", ""M 0 150 V 0 Q 25 -10 50 0 T 100 0 V 150 H 0 Z"" ], ","Component","frontend\src\components\animations\LiquidScoreRing.jsx","FALLBACK_CONSTANT","INTERNAL_TECHNICAL_OR_SAFE_UI","SAFE","L2_FILTERED"
"NUM_11820","50","50","count","50 H 0 Z"", ""M 0 150 V 0 Q 25 -10 50 0 T 100 0 V 150 H 0 Z"" ], ","Component","frontend\src\components\animations\LiquidScoreRing.jsx","FALLBACK_CONSTANT","INTERNAL_TECHNICAL_OR_SAFE_UI","SAFE","L2_FILTERED"
"NUM_11821","0","0","count","H 0 Z"", ""M 0 150 V 0 Q 25 -10 50 0 T 100 0 V 150 H 0 Z"" ], ","Component","frontend\src\components\animations\LiquidScoreRing.jsx","FALLBACK_CONSTANT","INTERNAL_TECHNICAL_OR_SAFE_UI","SAFE","L2_FILTERED"
"NUM_11822","100","100","count","Z"", ""M 0 150 V 0 Q 25 -10 50 0 T 100 0 V 150 H 0 Z"" ], y","Component","frontend\src\components\animations\LiquidScoreRing.jsx","FALLBACK_CONSTANT","INTERNAL_TECHNICAL_OR_SAFE_UI","SAFE","L2_FILTERED"
"NUM_11823","0","0","count"," ""M 0 150 V 0 Q 25 -10 50 0 T 100 0 V 150 H 0 Z"" ], y: ","Component","frontend\src\components\animations\LiquidScoreRing.jsx","FALLBACK_CONSTANT","INTERNAL_TECHNICAL_OR_SAFE_UI","SAFE","L2_FILTERED"
"NUM_11824","150","150","count"," ""M 0 150 V 0 Q 25 -10 50 0 T 100 0 V 150 H 0 Z"" ], y: `${fil","Component","frontend\src\components\animations\LiquidScoreRing.jsx","FALLBACK_CONSTANT","INTERNAL_TECHNICAL_OR_SAFE_UI","SAFE","L2_FILTERED"
"NUM_11844","50","50","count","Gloss Overlay */} <circle cx=""50"" cy=""50"" r=""46"" ","Component","frontend\src\components\animations\LiquidScoreRing.jsx","FALLBACK_CONSTANT","INTERNAL_TECHNICAL_OR_SAFE_UI","SAFE","L2_FILTERED"
"NUM_11863","40,","40","count","rt default function Magnet({ children, strength = 40, className = """" }) { const magnetRef = useRef","Component","frontend\src\components\animations\Magnet.jsx","COMPUTED_FRONTEND","INTERNAL_TECHNICAL_OR_SAFE_UI","SAFE","L2_FILTERED"
"NUM_11867","2","2","count"," const distance = Math.sqrt(distanceX ** 2 + distanceY ** 2); if (distance < 15","Component","frontend\src\components\animations\Magnet.jsx","FALLBACK_CONSTANT","INTERNAL_TECHNICAL_OR_SAFE_UI","SAFE","L2_FILTERED"
"NUM_11868","2","2","count","istance = Math.sqrt(distanceX ** 2 + distanceY ** 2); if (distance < 150) { ","Component","frontend\src\components\animations\Magnet.jsx","FALLBACK_CONSTANT","INTERNAL_TECHNICAL_OR_SAFE_UI","SAFE","L2_FILTERED"
"NUM_11869","150","150","count"," 2 + distanceY ** 2); if (distance < 150) { gsap.to(magnet, { ","Component","frontend\src\components\animations\Magnet.jsx","FALLBACK_CONSTANT","INTERNAL_TECHNICAL_OR_SAFE_UI","SAFE","L2_FILTERED"
"NUM_11872","0,","0","count"," gsap.to(magnet, { x: 0, y: 0, d","Component","frontend\src\components\animations\Magnet.jsx","FALLBACK_CONSTANT","INTERNAL_TECHNICAL_OR_SAFE_UI","SAFE","L2_FILTERED"
"NUM_11875","1,","1","count","ion: 0.6, ease: ""elastic.out(1, 0.3)"" }); } ","Component","frontend\src\components\animations\Magnet.jsx","FALLBACK_CONSTANT","INTERNAL_TECHNICAL_OR_SAFE_UI","SAFE","L2_FILTERED"
"NUM_11876","0.3","0.3","count",": 0.6, ease: ""elastic.out(1, 0.3)"" }); } };","Component","frontend\src\components\animations\Magnet.jsx","FALLBACK_CONSTANT","INTERNAL_TECHNICAL_OR_SAFE_UI","SAFE","L2_FILTERED"
"NUM_11880","1,","1","count","uration: 0.8, ease: ""elastic.out(1, 0.3)"" }); }; win","Component","frontend\src\components\animations\Magnet.jsx","FALLBACK_CONSTANT","INTERNAL_TECHNICAL_OR_SAFE_UI","SAFE","L2_FILTERED"
"NUM_11881","0.3","0.3","count","tion: 0.8, ease: ""elastic.out(1, 0.3)"" }); }; window.","Component","frontend\src\components\animations\Magnet.jsx","FALLBACK_CONSTANT","INTERNAL_TECHNICAL_OR_SAFE_UI","SAFE","L2_FILTERED"
"NUM_11883","0","0","count","fault function MobileDataNexus({ scrollProgress = 0 }) { const canvasRef = useRef(null); ","Component","frontend\src\components\animations\MobileDataNexus.jsx","COMPUTED_FRONTEND","INTERNAL_TECHNICAL_OR_SAFE_UI","SAFE","L2_FILTERED"
"NUM_11884","2","2","count",") return; const ctx = canvas.getContext('2d'); // Transparent to let CSS Gradient shine ","Component","frontend\src\components\animations\MobileDataNexus.jsx","FALLBACK_CONSTANT","INTERNAL_TECHNICAL_OR_SAFE_UI","SAFE","L2_FILTERED"
"NUM_11898","0","0","count"," // Initialize Nodes for (let i = 0; i < nodeCount; i++) { nodes.push({ ","Component","frontend\src\components\animations\MobileDataNexus.jsx","FALLBACK_CONSTANT","INTERNAL_TECHNICAL_OR_SAFE_UI","SAFE","L2_FILTERED"
"NUM_11900","0.5,","0.5","count","ght, vx: (Math.random() - 0.5) * 0.5, // Slow, deliberate drift vy: (M","Component","frontend\src\components\animations\MobileDataNexus.jsx","FALLBACK_CONSTANT","INTERNAL_TECHNICAL_OR_SAFE_UI","SAFE","L2_FILTERED"
"NUM_11907","200","200","count"," const scrollShiftY = scrollProgress * 200; // Parallax distance ctx.save(); ","Component","frontend\src\components\animations\MobileDataNexus.jsx","FALLBACK_CONSTANT","INTERNAL_TECHNICAL_OR_SAFE_UI","SAFE","L2_FILTERED"
"NUM_11909","0","0","count","ns first (behind nodes) for (let i = 0; i < nodeCount; i++) { const nod","Component","frontend\src\components\animations\MobileDataNexus.jsx","FALLBACK_CONSTANT","INTERNAL_TECHNICAL_OR_SAFE_UI","SAFE","L2_FILTERED"
"NUM_11910","1","1","count","deA = nodes[i]; for (let j = i + 1; j < nodeCount; j++) { const","Component","frontend\src\components\animations\MobileDataNexus.jsx","FALLBACK_CONSTANT","INTERNAL_TECHNICAL_OR_SAFE_UI","SAFE","L2_FILTERED"
"NUM_11918","0","0","count"," // Update & Draw Nodes for (let i = 0; i < nodeCount; i++) { const nod","Component","frontend\src\components\animations\MobileDataNexus.jsx","FALLBACK_CONSTANT","INTERNAL_TECHNICAL_OR_SAFE_UI","SAFE","L2_FILTERED"
"NUM_11935","1","1","count"," pointerEvents: 'none', zIndex: 1 }} /> ); } ","Component","frontend\src\components\animations\MobileDataNexus.jsx","FALLBACK_CONSTANT","INTERNAL_TECHNICAL_OR_SAFE_UI","SAFE","L2_FILTERED"
"NUM_11939","4,","4","count","= 0.1, baseRotation = 3, blurStrength = 4, containerClassName = '', textClassName ","Component","frontend\src\components\animations\ScrollReveal.jsx","FALLBACK_CONSTANT","INTERNAL_TECHNICAL_OR_SAFE_UI","SAFE","L2_FILTERED"
"NUM_11941","0","0","count","; if (!words || words.length === 0) return; // Overall Container ","Component","frontend\src\components\animations\ScrollReveal.jsx","FALLBACK_CONSTANT","INTERNAL_TECHNICAL_OR_SAFE_UI","SAFE","L2_FILTERED"
"NUM_11942","0%","0","%"," el, { transformOrigin: '0% 50%', rotate: baseRotation }, ","Component","frontend\src\components\animations\ScrollReveal.jsx","COMPUTED_FRONTEND","INTERNAL_TECHNICAL_OR_SAFE_UI","SAFE","L2_FILTERED"
"NUM_11943","50%","50","%"," el, { transformOrigin: '0% 50%', rotate: baseRotation }, { ","Component","frontend\src\components\animations\ScrollReveal.jsx","COMPUTED_FRONTEND","INTERNAL_TECHNICAL_OR_SAFE_UI","SAFE","L2_FILTERED"
"NUM_11953","2,","2","count"," { Trash2, GripVertical, FileText, Download, Share2, Copy, Check, Loader2, Sparkles, BookOpen, MapPin ","Component","frontend\src\components\ApplicationBoard.jsx","FALLBACK_CONSTANT","INTERNAL_TECHNICAL_OR_SAFE_UI","SAFE","L2_FILTERED"
"NUM_11954","2,","2","count","l, FileText, Download, Share2, Copy, Check, Loader2, Sparkles, BookOpen, MapPin } from ""lucide-react"";","Component","frontend\src\components\ApplicationBoard.jsx","FALLBACK_CONSTANT","INTERNAL_TECHNICAL_OR_SAFE_UI","SAFE","L2_FILTERED"
"NUM_11957","1000","1000","count"," .catch(console.error); }, 1000); return () => clearTimeout(timer); ","Component","frontend\src\components\ApplicationBoard.jsx","FALLBACK_CONSTANT","INTERNAL_TECHNICAL_OR_SAFE_UI","SAFE","L2_FILTERED"
"NUM_11981","20,","20","count","lvetica"", ""bold""); doc.text(""Strategic"", 20, 85); doc.text(""Priority List"", 20, 102); ","Component","frontend\src\components\ApplicationBoard.jsx","FALLBACK_CONSTANT","INTERNAL_TECHNICAL_OR_SAFE_UI","SAFE","L2_FILTERED"
"NUM_11982","85","85","count","ica"", ""bold""); doc.text(""Strategic"", 20, 85); doc.text(""Priority List"", 20, 102); do","Component","frontend\src\components\ApplicationBoard.jsx","FALLBACK_CONSTANT","INTERNAL_TECHNICAL_OR_SAFE_UI","SAFE","L2_FILTERED"
"NUM_12000","00","00","count","averagePackage || ""High"").toString().replace(/[^\x00-\x7F]/g, """").replace(/\s+/g, "" ""), (","Component","frontend\src\components\ApplicationBoard.jsx","FALLBACK_CONSTANT","HARDCODED_UNVERIFIED","REVIEW","L3_FACTUAL"
"NUM_12026","2000","2000","count"," setTimeout(() => setCopySuccess(false), 2000); }; if (!isLoaded) return null; ","Component","frontend\src\components\ApplicationBoard.jsx","FALLBACK_CONSTANT","INTERNAL_TECHNICAL_OR_SAFE_UI","SAFE","L2_FILTERED"
"NUM_12067","238,242,255,0.9","2382422550.9","count","-gradient(145deg, rgba(255,255,255,0.95) 0%, rgba(238,242,255,0.9) 50%, rgba(255,255,255,0.95) 100%)', ","Component","frontend\src\components\ApplicationBoard.jsx","FALLBACK_CONSTANT","HARDCODED_UNVERIFIED","REVIEW","L3_FACTUAL"
"NUM_12069","255,255,255,0.95","2552552550.95","count","255,255,0.95) 0%, rgba(238,242,255,0.9) 50%, rgba(255,255,255,0.95) 100%)', backdropFilter: 'blur(4","Component","frontend\src\components\ApplicationBoard.jsx","FALLBACK_CONSTANT","HARDCODED_UNVERIFIED","REVIEW","L3_FACTUAL"
"NUM_12120","1","1","count"," Priority Roadmap </h1> <span style={{ ","Component","frontend\src\components\ApplicationBoard.jsx","FALLBACK_CONSTANT","INTERNAL_TECHNICAL_OR_SAFE_UI","SAFE","L2_FILTERED"
"NUM_12202","0","0","count",")'; e.currentTarget.style.transform = 'translateY(0)'; }} > ","Component","frontend\src\components\ApplicationBoard.jsx","FALLBACK_CONSTANT","INTERNAL_TECHNICAL_OR_SAFE_UI","SAFE","L2_FILTERED"
"NUM_12221","0.25","0.25","count"," transition: 'all 0.25s', boxShadow: sh","Component","frontend\src\components\ApplicationBoard.jsx","FALLBACK_CONSTANT","INTERNAL_TECHNICAL_OR_SAFE_UI","SAFE","L2_FILTERED"
"NUM_12233","0","0","count","> { e.currentTarget.style.transform = 'translateY(0)'; }} > ","Component","frontend\src\components\ApplicationBoard.jsx","COMPUTED_FRONTEND","INTERNAL_TECHNICAL_OR_SAFE_UI","SAFE","L2_FILTERED"
"NUM_12254","9999,","9999","count"," zIndex: 9999, back","Component","frontend\src\components\ApplicationBoard.jsx","FALLBACK_CONSTANT","INTERNAL_TECHNICAL_OR_SAFE_UI","SAFE","L2_FILTERED"
"NUM_12337","0.2","0.2","count"," transition: 'all 0.2s', whiteSpace: 'nowrap', ","Component","frontend\src\components\ApplicationBoard.jsx","FALLBACK_CONSTANT","INTERNAL_TECHNICAL_OR_SAFE_UI","SAFE","L2_FILTERED"
"NUM_12400","3","3","count"," <h3 style={{ ","Component","frontend\src\components\ApplicationBoard.jsx","FALLBACK_CONSTANT","INTERNAL_TECHNICAL_OR_SAFE_UI","SAFE","L2_FILTERED"
"NUM_12411","3","3","count"," </h3> ","Component","frontend\src\components\ApplicationBoard.jsx","FALLBACK_CONSTANT","INTERNAL_TECHNICAL_OR_SAFE_UI","SAFE","L2_FILTERED"
"NUM_12501","0.15","0.15","count"," textDecoration: 'none', transition: 'all 0.15s', ","Component","frontend\src\components\ApplicationBoard.jsx","FALLBACK_CONSTANT","INTERNAL_TECHNICAL_OR_SAFE_UI","SAFE","L2_FILTERED"
"NUM_12522","0.15","0.15","count"," cursor: 'pointer', transition: 'all 0.15s', ","Component","frontend\src\components\ApplicationBoard.jsx","FALLBACK_CONSTANT","INTERNAL_TECHNICAL_OR_SAFE_UI","SAFE","L2_FILTERED"
"NUM_12536","0","0","count"," @keyframes spin { from { transform: rotate(0deg); } to { transform: rotate(360deg); } } ","Component","frontend\src\components\ApplicationBoard.jsx","COMPUTED_FRONTEND","INTERNAL_TECHNICAL_OR_SAFE_UI","SAFE","L2_FILTERED"
"NUM_12847","0,","0","count","= useRef(null); const mouseRef = useRef({ x: 0, y: 0, active: false }); const { signInWith","Component","frontend\src\components\AuthModal.jsx","COMPUTED_FRONTEND","INTERNAL_TECHNICAL_OR_SAFE_UI","SAFE","L2_FILTERED"
"NUM_12848","0,","0","count","ef(null); const mouseRef = useRef({ x: 0, y: 0, active: false }); const { signInWithGoogle","Component","frontend\src\components\AuthModal.jsx","COMPUTED_FRONTEND","INTERNAL_TECHNICAL_OR_SAFE_UI","SAFE","L2_FILTERED"
"NUM_12849","2","2","count",".current; const ctx = canvas.getContext(""2d""); let animationFrameId; let p","Component","frontend\src\components\AuthModal.jsx","FALLBACK_CONSTANT","INTERNAL_TECHNICAL_OR_SAFE_UI","SAFE","L2_FILTERED"
"NUM_12859","4","4","count"," particles = []; const density = 4; // Lower = more particles for (le","Component","frontend\src\components\AuthModal.jsx","FALLBACK_CONSTANT","INTERNAL_TECHNICAL_OR_SAFE_UI","SAFE","L2_FILTERED"
"NUM_12863","3","3","count"," const alpha = imageData[index + 3]; if (alpha > 128) { ","Component","frontend\src\components\AuthModal.jsx","FALLBACK_CONSTANT","INTERNAL_TECHNICAL_OR_SAFE_UI","SAFE","L2_FILTERED"
"NUM_12864","128","128","count","ta[index + 3]; if (alpha > 128) { particles.push({ ","Component","frontend\src\components\AuthModal.jsx","FALLBACK_CONSTANT","INTERNAL_TECHNICAL_OR_SAFE_UI","SAFE","L2_FILTERED"
"NUM_12865","0,","0","count"," targetY: y, vx: 0, vy: 0, ","Component","frontend\src\components\AuthModal.jsx","FALLBACK_CONSTANT","INTERNAL_TECHNICAL_OR_SAFE_UI","SAFE","L2_FILTERED"
"NUM_12866","0,","0","count"," vx: 0, vy: 0, baseX: x, ","Component","frontend\src\components\AuthModal.jsx","FALLBACK_CONSTANT","INTERNAL_TECHNICAL_OR_SAFE_UI","SAFE","L2_FILTERED"
"NUM_12878","2","2","count","{ const angle = Math.atan2(mdy, mdx); const move = ","Component","frontend\src\components\AuthModal.jsx","FALLBACK_CONSTANT","INTERNAL_TECHNICAL_OR_SAFE_UI","SAFE","L2_FILTERED"
"NUM_12879","5","5","count"," const move = (force - dist) / 5; p.vx -= Math.cos(angle)","Component","frontend\src\components\AuthModal.jsx","FALLBACK_CONSTANT","INTERNAL_TECHNICAL_OR_SAFE_UI","SAFE","L2_FILTERED"
"NUM_12886","300","300","count"," setLocalError(""""); }, 300); }, 800); }; const handleGo","Component","frontend\src\components\AuthModal.jsx","FALLBACK_CONSTANT","INTERNAL_TECHNICAL_OR_SAFE_UI","SAFE","L2_FILTERED"
"NUM_12887","800","800","count","LocalError(""""); }, 300); }, 800); }; const handleGoogleSignIn = async","Component","frontend\src\components\AuthModal.jsx","FALLBACK_CONSTANT","INTERNAL_TECHNICAL_OR_SAFE_UI","SAFE","L2_FILTERED"
"NUM_12888","3","3","count","me=""brand-copy-glass""> <h3>Selection Intelligence</h3> ","Component","frontend\src\components\AuthModal.jsx","FALLBACK_CONSTANT","INTERNAL_TECHNICAL_OR_SAFE_UI","SAFE","L2_FILTERED"
"NUM_12889","3","3","count"," <h3>Selection Intelligence</h3> <p>Experimental Particl","Component","frontend\src\components\AuthModal.jsx","FALLBACK_CONSTANT","INTERNAL_TECHNICAL_OR_SAFE_UI","SAFE","L2_FILTERED"
"NUM_12890","2","2","count","uth-header-glass""> <h2>{mode === ""login"" ? ""Welcome Back"" : ""Get Started","Component","frontend\src\components\AuthModal.jsx","FALLBACK_CONSTANT","INTERNAL_TECHNICAL_OR_SAFE_UI","SAFE","L2_FILTERED"
"NUM_12891","2","2","count","e === ""login"" ? ""Welcome Back"" : ""Get Started""}</h2> <p>{mode === ""login","Component","frontend\src\components\AuthModal.jsx","FALLBACK_CONSTANT","INTERNAL_TECHNICAL_OR_SAFE_UI","SAFE","L2_FILTERED"
"NUM_12999","7.7","7.7","count","06.56 4.21 1.64l3.15-3.15C17.45 2.09 14.97 1 12 1 7.7 1 3.22 2.58 5.6 4.84l3.12 2.4c.87-2.6 3.3-4.53 6.","Component","frontend\src\components\AuthModal.jsx","FALLBACK_CONSTANT","INTERNAL_TECHNICAL_OR_SAFE_UI","SAFE","L2_FILTERED"
"NUM_13000","1","1","count","6 4.21 1.64l3.15-3.15C17.45 2.09 14.97 1 12 1 7.7 1 3.22 2.58 5.6 4.84l3.12 2.4c.87-2.6 3.3-4.53 6.16","Component","frontend\src\components\AuthModal.jsx","FALLBACK_CONSTANT","INTERNAL_TECHNICAL_OR_SAFE_UI","SAFE","L2_FILTERED"
"NUM_13001","3.22","3.22","count","4.21 1.64l3.15-3.15C17.45 2.09 14.97 1 12 1 7.7 1 3.22 2.58 5.6 4.84l3.12 2.4c.87-2.6 3.3-4.53 6.16-4.53","Component","frontend\src\components\AuthModal.jsx","FALLBACK_CONSTANT","INTERNAL_TECHNICAL_OR_SAFE_UI","SAFE","L2_FILTERED"
"NUM_13002","2.58","2.58","count","1.64l3.15-3.15C17.45 2.09 14.97 1 12 1 7.7 1 3.22 2.58 5.6 4.84l3.12 2.4c.87-2.6 3.3-4.53 6.16-4.53z"" />","Component","frontend\src\components\AuthModal.jsx","FALLBACK_CONSTANT","INTERNAL_TECHNICAL_OR_SAFE_UI","SAFE","L2_FILTERED"
"NUM_13003","5.6","5.6","count","3.15-3.15C17.45 2.09 14.97 1 12 1 7.7 1 3.22 2.58 5.6 4.84l3.12 2.4c.87-2.6 3.3-4.53 6.16-4.53z"" /> ","Component","frontend\src\components\AuthModal.jsx","FALLBACK_CONSTANT","INTERNAL_TECHNICAL_OR_SAFE_UI","SAFE","L2_FILTERED"
"NUM_13004","4.84","4.84","count","-3.15C17.45 2.09 14.97 1 12 1 7.7 1 3.22 2.58 5.6 4.84l3.12 2.4c.87-2.6 3.3-4.53 6.16-4.53z"" /> ","Component","frontend\src\components\AuthModal.jsx","FALLBACK_CONSTANT","INTERNAL_TECHNICAL_OR_SAFE_UI","SAFE","L2_FILTERED"
"NUM_13005","3.12","3.12","count","C17.45 2.09 14.97 1 12 1 7.7 1 3.22 2.58 5.6 4.84l3.12 2.4c.87-2.6 3.3-4.53 6.16-4.53z"" /> ","Component","frontend\src\components\AuthModal.jsx","FALLBACK_CONSTANT","INTERNAL_TECHNICAL_OR_SAFE_UI","SAFE","L2_FILTERED"
"NUM_13006","2.4","2.4","count","5 2.09 14.97 1 12 1 7.7 1 3.22 2.58 5.6 4.84l3.12 2.4c.87-2.6 3.3-4.53 6.16-4.53z"" /> ","Component","frontend\src\components\AuthModal.jsx","FALLBACK_CONSTANT","INTERNAL_TECHNICAL_OR_SAFE_UI","SAFE","L2_FILTERED"
"NUM_13007",".87",".87","count","09 14.97 1 12 1 7.7 1 3.22 2.58 5.6 4.84l3.12 2.4c.87-2.6 3.3-4.53 6.16-4.53z"" /> ","Component","frontend\src\components\AuthModal.jsx","FALLBACK_CONSTANT","INTERNAL_TECHNICAL_OR_SAFE_UI","SAFE","L2_FILTERED"
"NUM_13008","2.6","2.6","count","4.97 1 12 1 7.7 1 3.22 2.58 5.6 4.84l3.12 2.4c.87-2.6 3.3-4.53 6.16-4.53z"" /> ","Component","frontend\src\components\AuthModal.jsx","FALLBACK_CONSTANT","INTERNAL_TECHNICAL_OR_SAFE_UI","SAFE","L2_FILTERED"
"NUM_13009","3.3","3.3","count"," 1 12 1 7.7 1 3.22 2.58 5.6 4.84l3.12 2.4c.87-2.6 3.3-4.53 6.16-4.53z"" /> ","Component","frontend\src\components\AuthModal.jsx","FALLBACK_CONSTANT","INTERNAL_TECHNICAL_OR_SAFE_UI","SAFE","L2_FILTERED"
"NUM_13010","4.53","4.53","count","2 1 7.7 1 3.22 2.58 5.6 4.84l3.12 2.4c.87-2.6 3.3-4.53 6.16-4.53z"" /> </svg","Component","frontend\src\components\AuthModal.jsx","FALLBACK_CONSTANT","INTERNAL_TECHNICAL_OR_SAFE_UI","SAFE","L2_FILTERED"
"NUM_13011","6.16","6.16","count",".7 1 3.22 2.58 5.6 4.84l3.12 2.4c.87-2.6 3.3-4.53 6.16-4.53z"" /> </svg> ","Component","frontend\src\components\AuthModal.jsx","FALLBACK_CONSTANT","INTERNAL_TECHNICAL_OR_SAFE_UI","SAFE","L2_FILTERED"
"NUM_13012","4.53","4.53","count","3.22 2.58 5.6 4.84l3.12 2.4c.87-2.6 3.3-4.53 6.16-4.53z"" /> </svg> ","Component","frontend\src\components\AuthModal.jsx","FALLBACK_CONSTANT","INTERNAL_TECHNICAL_OR_SAFE_UI","SAFE","L2_FILTERED"
"NUM_13016","2","2","count","t default function BattleArena({ college1, college2 }) { const [winner, setWinner] = useState(nu","Component","frontend\src\components\BattleArena.jsx","COMPUTED_FRONTEND","INTERNAL_TECHNICAL_OR_SAFE_UI","SAFE","L2_FILTERED"
"NUM_13017","1","1","count","alse); const [stats, setStats] = useState({ c1: {}, c2: {} }); // Helper to extract numer","Component","frontend\src\components\BattleArena.jsx","COMPUTED_FRONTEND","INTERNAL_TECHNICAL_OR_SAFE_UI","SAFE","L2_FILTERED"
"NUM_13018","2","2","count"," const [stats, setStats] = useState({ c1: {}, c2: {} }); // Helper to extract numeric value","Component","frontend\src\components\BattleArena.jsx","COMPUTED_FRONTEND","INTERNAL_TECHNICAL_OR_SAFE_UI","SAFE","L2_FILTERED"
"NUM_13019",".,",".","count","/ Helper to extract numeric value from string (e.g., ""25 LPA"" -> 25) const extractValue = (str) =","Component","frontend\src\components\BattleArena.jsx","FALLBACK_CONSTANT","INTERNAL_TECHNICAL_OR_SAFE_UI","SAFE","L2_FILTERED"
"NUM_13020","25","25","count","lper to extract numeric value from string (e.g., ""25 LPA"" -> 25) const extractValue = (str) => { ","Component","frontend\src\components\BattleArena.jsx","FALLBACK_CONSTANT","INTERNAL_TECHNICAL_OR_SAFE_UI","SAFE","L2_FILTERED"
"NUM_13021","25","25","count","ract numeric value from string (e.g., ""25 LPA"" -> 25) const extractValue = (str) => { if","Component","frontend\src\components\BattleArena.jsx","FALLBACK_CONSTANT","INTERNAL_TECHNICAL_OR_SAFE_UI","SAFE","L2_FILTERED"
"NUM_13022","0","0","count","tractValue = (str) => { if (!str) return 0; const num = parseFloat(str.replace(/[^0","Component","frontend\src\components\BattleArena.jsx","FALLBACK_CONSTANT","INTERNAL_TECHNICAL_OR_SAFE_UI","SAFE","L2_FILTERED"
"NUM_13023","0","0","count","0; const num = parseFloat(str.replace(/[^0-9.]/g, '')); return isNaN(num) ? 0 : num","Component","frontend\src\components\BattleArena.jsx","FALLBACK_CONSTANT","INTERNAL_TECHNICAL_OR_SAFE_UI","SAFE","L2_FILTERED"
"NUM_13024","9.","9.","count"," const num = parseFloat(str.replace(/[^0-9.]/g, '')); return isNaN(num) ? 0 : num; ","Component","frontend\src\components\BattleArena.jsx","FALLBACK_CONSTANT","INTERNAL_TECHNICAL_OR_SAFE_UI","SAFE","L2_FILTERED"
"NUM_13025","0","0","count","ce(/[^0-9.]/g, '')); return isNaN(num) ? 0 : num; }; const calculateBattle = () ","Component","frontend\src\components\BattleArena.jsx","FALLBACK_CONSTANT","INTERNAL_TECHNICAL_OR_SAFE_UI","SAFE","L2_FILTERED"
"NUM_13026","1.","1.","count","ng(true); setWinner(null); // 1. ROI Score (0-100) // Avg Package / Fees ","Component","frontend\src\components\BattleArena.jsx","FALLBACK_CONSTANT","INTERNAL_TECHNICAL_OR_SAFE_UI","SAFE","L2_FILTERED"
"NUM_13027","0","0","count"," setWinner(null); // 1. ROI Score (0-100) // Avg Package / Fees * arbitrary m","Component","frontend\src\components\BattleArena.jsx","FALLBACK_CONSTANT","INTERNAL_TECHNICAL_OR_SAFE_UI","SAFE","L2_FILTERED"
"NUM_13028","100","100","count"," setWinner(null); // 1. ROI Score (0-100) // Avg Package / Fees * arbitrary multi","Component","frontend\src\components\BattleArena.jsx","FALLBACK_CONSTANT","INTERNAL_TECHNICAL_OR_SAFE_UI","SAFE","L2_FILTERED"
"NUM_13029","2","2","count","es * arbitrary multiplier // Fees often ""2 Lakhs"", Avg ""20 LPA"" const getROI = (col","Component","frontend\src\components\BattleArena.jsx","FALLBACK_CONSTANT","INTERNAL_TECHNICAL_OR_SAFE_UI","SAFE","L2_FILTERED"
"NUM_13030","20","20","count","multiplier // Fees often ""2 Lakhs"", Avg ""20 LPA"" const getROI = (col) => { ","Component","frontend\src\components\BattleArena.jsx","FALLBACK_CONSTANT","INTERNAL_TECHNICAL_OR_SAFE_UI","SAFE","L2_FILTERED"
"NUM_13033","50","50","count","// e.g. 25 if (!fees || !pkg) return 50; // Default let ratio = (pkg / fees)","Component","frontend\src\components\BattleArena.jsx","FALLBACK_CONSTANT","INTERNAL_TECHNICAL_OR_SAFE_UI","SAFE","L2_FILTERED"
"NUM_13037","2.","2.","count","tio, 20), 95); // Clamp }; // 2. Legacy Score (0-100) // Older = better ","Component","frontend\src\components\BattleArena.jsx","FALLBACK_CONSTANT","HARDCODED_UNVERIFIED","REVIEW","L3_FACTUAL"
"NUM_13038","0","0","count"," Clamp }; // 2. Legacy Score (0-100) // Older = better const ge","Component","frontend\src\components\BattleArena.jsx","FALLBACK_CONSTANT","INTERNAL_TECHNICAL_OR_SAFE_UI","SAFE","L2_FILTERED"
"NUM_13039","100","100","count","lamp }; // 2. Legacy Score (0-100) // Older = better const getLeg","Component","frontend\src\components\BattleArena.jsx","FALLBACK_CONSTANT","INTERNAL_TECHNICAL_OR_SAFE_UI","SAFE","L2_FILTERED"
"NUM_13040","1800","1800","count"," // Strictly validate year range (1800 - current) if (!isNaN(est) && est >=","Component","frontend\src\components\BattleArena.jsx","FALLBACK_CONSTANT","INTERNAL_TECHNICAL_OR_SAFE_UI","SAFE","L2_FILTERED"
"NUM_13041","1800","1800","count","- current) if (!isNaN(est) && est >= 1800 && est <= currentYear) { const a","Component","frontend\src\components\BattleArena.jsx","FALLBACK_CONSTANT","INTERNAL_TECHNICAL_OR_SAFE_UI","SAFE","L2_FILTERED"
"NUM_13046","0","0","count","ing data }; // 3. Popularity (0-100) // Based on rankingTier (Tier 1 = 9","Component","frontend\src\components\BattleArena.jsx","FALLBACK_CONSTANT","INTERNAL_TECHNICAL_OR_SAFE_UI","SAFE","L2_FILTERED"
"NUM_13047","100","100","count","g data }; // 3. Popularity (0-100) // Based on rankingTier (Tier 1 = 90, T","Component","frontend\src\components\BattleArena.jsx","FALLBACK_CONSTANT","INTERNAL_TECHNICAL_OR_SAFE_UI","SAFE","L2_FILTERED"
"NUM_13048","1","1","count","ty (0-100) // Based on rankingTier (Tier 1 = 90, Tier 2 = 70, etc) const getPopular","Component","frontend\src\components\BattleArena.jsx","FALLBACK_CONSTANT","INTERNAL_TECHNICAL_OR_SAFE_UI","SAFE","L2_FILTERED"
"NUM_13049","90,","90","count","0-100) // Based on rankingTier (Tier 1 = 90, Tier 2 = 70, etc) const getPopularity = ","Component","frontend\src\components\BattleArena.jsx","FALLBACK_CONSTANT","INTERNAL_TECHNICAL_OR_SAFE_UI","SAFE","L2_FILTERED"
"NUM_13050","2","2","count"," // Based on rankingTier (Tier 1 = 90, Tier 2 = 70, etc) const getPopularity = (col) =","Component","frontend\src\components\BattleArena.jsx","FALLBACK_CONSTANT","INTERNAL_TECHNICAL_OR_SAFE_UI","SAFE","L2_FILTERED"
"NUM_13051","70,","70","count"," // Based on rankingTier (Tier 1 = 90, Tier 2 = 70, etc) const getPopularity = (col) => { ","Component","frontend\src\components\BattleArena.jsx","FALLBACK_CONSTANT","INTERNAL_TECHNICAL_OR_SAFE_UI","SAFE","L2_FILTERED"
"NUM_13052","1","1","count",") => { if (col.rankingTier === ""Tier 1"") return 95; if (col.rankingTier ===","Component","frontend\src\components\BattleArena.jsx","FALLBACK_CONSTANT","INTERNAL_TECHNICAL_OR_SAFE_UI","SAFE","L2_FILTERED"
"NUM_13053","95","95","count"," if (col.rankingTier === ""Tier 1"") return 95; if (col.rankingTier === ""Tier 2"") r","Component","frontend\src\components\BattleArena.jsx","FALLBACK_CONSTANT","INTERNAL_TECHNICAL_OR_SAFE_UI","SAFE","L2_FILTERED"
"NUM_13054","2","2","count","rn 95; if (col.rankingTier === ""Tier 2"") return 75; return 60; }; ","Component","frontend\src\components\BattleArena.jsx","FALLBACK_CONSTANT","INTERNAL_TECHNICAL_OR_SAFE_UI","SAFE","L2_FILTERED"
"NUM_13055","75","75","count"," if (col.rankingTier === ""Tier 2"") return 75; return 60; }; c","Component","frontend\src\components\BattleArena.jsx","FALLBACK_CONSTANT","INTERNAL_TECHNICAL_OR_SAFE_UI","SAFE","L2_FILTERED"
"NUM_13056","60","60","count","Tier === ""Tier 2"") return 75; return 60; }; const c1Stats = { ","Component","frontend\src\components\BattleArena.jsx","FALLBACK_CONSTANT","INTERNAL_TECHNICAL_OR_SAFE_UI","SAFE","L2_FILTERED"
"NUM_13057","1","1","count"," return 60; }; const c1Stats = { roi: getROI(college1), ","Component","frontend\src\components\BattleArena.jsx","FALLBACK_CONSTANT","INTERNAL_TECHNICAL_OR_SAFE_UI","SAFE","L2_FILTERED"
"NUM_13058","1","1","count","const c1Stats = { roi: getROI(college1), legacy: getLegacy(college1), ","Component","frontend\src\components\BattleArena.jsx","FALLBACK_CONSTANT","INTERNAL_TECHNICAL_OR_SAFE_UI","SAFE","L2_FILTERED"
"NUM_13060","1","1","count","college1), pop: getPopularity(college1) }; const c2Stats = { ","Component","frontend\src\components\BattleArena.jsx","FALLBACK_CONSTANT","INTERNAL_TECHNICAL_OR_SAFE_UI","SAFE","L2_FILTERED"
"NUM_13061","2","2","count","tPopularity(college1) }; const c2Stats = { roi: getROI(college2), ","Component","frontend\src\components\BattleArena.jsx","FALLBACK_CONSTANT","INTERNAL_TECHNICAL_OR_SAFE_UI","SAFE","L2_FILTERED"
"NUM_13062","2","2","count","const c2Stats = { roi: getROI(college2), legacy: getLegacy(college2), ","Component","frontend\src\components\BattleArena.jsx","FALLBACK_CONSTANT","INTERNAL_TECHNICAL_OR_SAFE_UI","SAFE","L2_FILTERED"
"NUM_13064","2","2","count","college2), pop: getPopularity(college2) }; c1Stats.total = c1Stats.r","Component","frontend\src\components\BattleArena.jsx","FALLBACK_CONSTANT","INTERNAL_TECHNICAL_OR_SAFE_UI","SAFE","L2_FILTERED"
"NUM_13065","1","1","count",": getPopularity(college2) }; c1Stats.total = c1Stats.roi + c1Stats.legacy + c1Sta","Component","frontend\src\components\BattleArena.jsx","FALLBACK_CONSTANT","INTERNAL_TECHNICAL_OR_SAFE_UI","SAFE","L2_FILTERED"
"NUM_13066","1","1","count","college2) }; c1Stats.total = c1Stats.roi + c1Stats.legacy + c1Stats.pop; ","Component","frontend\src\components\BattleArena.jsx","FALLBACK_CONSTANT","INTERNAL_TECHNICAL_OR_SAFE_UI","SAFE","L2_FILTERED"
"NUM_13067","1","1","count"," }; c1Stats.total = c1Stats.roi + c1Stats.legacy + c1Stats.pop; c2Stats.total","Component","frontend\src\components\BattleArena.jsx","FALLBACK_CONSTANT","INTERNAL_TECHNICAL_OR_SAFE_UI","SAFE","L2_FILTERED"
"NUM_13068","1","1","count"," c1Stats.total = c1Stats.roi + c1Stats.legacy + c1Stats.pop; c2Stats.total = c2Stats.roi + ","Component","frontend\src\components\BattleArena.jsx","FALLBACK_CONSTANT","INTERNAL_TECHNICAL_OR_SAFE_UI","SAFE","L2_FILTERED"
"NUM_13069","2","2","count","ats.roi + c1Stats.legacy + c1Stats.pop; c2Stats.total = c2Stats.roi + c2Stats.legacy + c2Sta","Component","frontend\src\components\BattleArena.jsx","FALLBACK_CONSTANT","INTERNAL_TECHNICAL_OR_SAFE_UI","SAFE","L2_FILTERED"
"NUM_13070","2","2","count","s.legacy + c1Stats.pop; c2Stats.total = c2Stats.roi + c2Stats.legacy + c2Stats.pop; ","Component","frontend\src\components\BattleArena.jsx","FALLBACK_CONSTANT","INTERNAL_TECHNICAL_OR_SAFE_UI","SAFE","L2_FILTERED"
"NUM_13071","2","2","count","tats.pop; c2Stats.total = c2Stats.roi + c2Stats.legacy + c2Stats.pop; setStats({ ","Component","frontend\src\components\BattleArena.jsx","FALLBACK_CONSTANT","INTERNAL_TECHNICAL_OR_SAFE_UI","SAFE","L2_FILTERED"
"NUM_13072","2","2","count"," c2Stats.total = c2Stats.roi + c2Stats.legacy + c2Stats.pop; setStats({ c1: c1Stats, c2: ","Component","frontend\src\components\BattleArena.jsx","FALLBACK_CONSTANT","INTERNAL_TECHNICAL_OR_SAFE_UI","SAFE","L2_FILTERED"
"NUM_13073","1","1","count","tats.legacy + c2Stats.pop; setStats({ c1: c1Stats, c2: c2Stats }); setTimeout((","Component","frontend\src\components\BattleArena.jsx","API_DERIVED","INTERNAL_TECHNICAL_OR_SAFE_UI","SAFE","L2_FILTERED"
"NUM_13074","1","1","count",".legacy + c2Stats.pop; setStats({ c1: c1Stats, c2: c2Stats }); setTimeout(() =>","Component","frontend\src\components\BattleArena.jsx","API_DERIVED","INTERNAL_TECHNICAL_OR_SAFE_UI","SAFE","L2_FILTERED"
"NUM_13075","2","2","count"," c2Stats.pop; setStats({ c1: c1Stats, c2: c2Stats }); setTimeout(() => { ","Component","frontend\src\components\BattleArena.jsx","API_DERIVED","INTERNAL_TECHNICAL_OR_SAFE_UI","SAFE","L2_FILTERED"
"NUM_13076","2","2","count","tats.pop; setStats({ c1: c1Stats, c2: c2Stats }); setTimeout(() => { ","Component","frontend\src\components\BattleArena.jsx","COMPUTED_FRONTEND","INTERNAL_TECHNICAL_OR_SAFE_UI","SAFE","L2_FILTERED"
"NUM_13077","1","1","count"," setCalculating(false); if (c1Stats.total > c2Stats.total) setWinner(1); ","Component","frontend\src\components\BattleArena.jsx","FALLBACK_CONSTANT","INTERNAL_TECHNICAL_OR_SAFE_UI","SAFE","L2_FILTERED"
"NUM_13078","2","2","count","ulating(false); if (c1Stats.total > c2Stats.total) setWinner(1); else if (c","Component","frontend\src\components\BattleArena.jsx","FALLBACK_CONSTANT","INTERNAL_TECHNICAL_OR_SAFE_UI","SAFE","L2_FILTERED"
"NUM_13079","1","1","count"," if (c1Stats.total > c2Stats.total) setWinner(1); else if (c2Stats.total > c1Stats.t","Component","frontend\src\components\BattleArena.jsx","FALLBACK_CONSTANT","INTERNAL_TECHNICAL_OR_SAFE_UI","SAFE","L2_FILTERED"
"NUM_13080","2","2","count","Stats.total) setWinner(1); else if (c2Stats.total > c1Stats.total) setWinner(2); ","Component","frontend\src\components\BattleArena.jsx","FALLBACK_CONSTANT","INTERNAL_TECHNICAL_OR_SAFE_UI","SAFE","L2_FILTERED"
"NUM_13081","1","1","count","Winner(1); else if (c2Stats.total > c1Stats.total) setWinner(2); else setWi","Component","frontend\src\components\BattleArena.jsx","FALLBACK_CONSTANT","INTERNAL_TECHNICAL_OR_SAFE_UI","SAFE","L2_FILTERED"
"NUM_13082","2","2","count","else if (c2Stats.total > c1Stats.total) setWinner(2); else setWinner(0); // Draw ","Component","frontend\src\components\BattleArena.jsx","FALLBACK_CONSTANT","INTERNAL_TECHNICAL_OR_SAFE_UI","SAFE","L2_FILTERED"
"NUM_13089","1","1","count"," }, [college1, college2]); if (!college1 || !college2) return null; const renderBar","Component","frontend\src\components\BattleArena.jsx","FALLBACK_CONSTANT","INTERNAL_TECHNICAL_OR_SAFE_UI","SAFE","L2_FILTERED"
"NUM_13090","2","2","count","ege1, college2]); if (!college1 || !college2) return null; const renderBar = (val1, val","Component","frontend\src\components\BattleArena.jsx","FALLBACK_CONSTANT","INTERNAL_TECHNICAL_OR_SAFE_UI","SAFE","L2_FILTERED"
"NUM_13091","1,","1","count","llege2) return null; const renderBar = (val1, val2, label, icon) => ( <div className=""","Component","frontend\src\components\BattleArena.jsx","FALLBACK_CONSTANT","INTERNAL_TECHNICAL_OR_SAFE_UI","SAFE","L2_FILTERED"
"NUM_13092","2,","2","count",") return null; const renderBar = (val1, val2, label, icon) => ( <div className=""battle","Component","frontend\src\components\BattleArena.jsx","FALLBACK_CONSTANT","INTERNAL_TECHNICAL_OR_SAFE_UI","SAFE","L2_FILTERED"
"NUM_13093","1","1","count","iv className={`stat-bar c1 ${calculating ? 'loading' : ''} ${winner === 1 ? ","Component","frontend\src\components\BattleArena.jsx","COMPUTED_FRONTEND","INTERNAL_TECHNICAL_OR_SAFE_UI","SAFE","L2_FILTERED"
"NUM_13094","1","1","count","r c1 ${calculating ? 'loading' : ''} ${winner === 1 ? 'win' : ''}`} style={{","Component","frontend\src\components\BattleArena.jsx","COMPUTED_FRONTEND","INTERNAL_TECHNICAL_OR_SAFE_UI","SAFE","L2_FILTERED"
"NUM_13097","1","1","count"," <span className=""bar-val"">{Math.round(val1)}</span> </div> ","Component","frontend\src\components\BattleArena.jsx","COMPUTED_FRONTEND","INTERNAL_TECHNICAL_OR_SAFE_UI","SAFE","L2_FILTERED"
"NUM_13098","2","2","count","iv className={`stat-bar c2 ${calculating ? 'loading' : ''} ${winner === 2 ? ","Component","frontend\src\components\BattleArena.jsx","COMPUTED_FRONTEND","INTERNAL_TECHNICAL_OR_SAFE_UI","SAFE","L2_FILTERED"
"NUM_13099","2","2","count","r c2 ${calculating ? 'loading' : ''} ${winner === 2 ? 'win' : ''}`} style={{","Component","frontend\src\components\BattleArena.jsx","COMPUTED_FRONTEND","INTERNAL_TECHNICAL_OR_SAFE_UI","SAFE","L2_FILTERED"
"NUM_13102","2","2","count"," <span className=""bar-val"">{Math.round(val2)}</span> </div> ","Component","frontend\src\components\BattleArena.jsx","COMPUTED_FRONTEND","INTERNAL_TECHNICAL_OR_SAFE_UI","SAFE","L2_FILTERED"
"NUM_13103","1","1","count","-row""> <div className={`fighter c1 ${winner === 1 ? 'winner' : ''} ${winner === 2 ? ","Component","frontend\src\components\BattleArena.jsx","COMPUTED_FRONTEND","INTERNAL_TECHNICAL_OR_SAFE_UI","SAFE","L2_FILTERED"
"NUM_13104","1","1","count"," <div className={`fighter c1 ${winner === 1 ? 'winner' : ''} ${winner === 2 ? 'loser' : ''}`}","Component","frontend\src\components\BattleArena.jsx","COMPUTED_FRONTEND","INTERNAL_TECHNICAL_OR_SAFE_UI","SAFE","L2_FILTERED"
"NUM_13105","2","2","count","r c1 ${winner === 1 ? 'winner' : ''} ${winner === 2 ? 'loser' : ''}`}> {winner =","Component","frontend\src\components\BattleArena.jsx","COMPUTED_FRONTEND","INTERNAL_TECHNICAL_OR_SAFE_UI","SAFE","L2_FILTERED"
"NUM_13106","1","1","count","'loser' : ''}`}> {winner === 1 && <div className=""crown"">👑</div>} ","Component","frontend\src\components\BattleArena.jsx","COMPUTED_FRONTEND","INTERNAL_TECHNICAL_OR_SAFE_UI","SAFE","L2_FILTERED"
"NUM_13108","1.","1.","count","ege1.logo || ""/placeholder-logo.png""} alt={college1.name} /> <h3>{college1.shortN","Component","frontend\src\components\BattleArena.jsx","COMPUTED_FRONTEND","INTERNAL_TECHNICAL_OR_SAFE_UI","SAFE","L2_FILTERED"
"NUM_13109","3","3","count","g""} alt={college1.name} /> <h3>{college1.shortName || college1.name.substring(0,","Component","frontend\src\components\BattleArena.jsx","COMPUTED_FRONTEND","INTERNAL_TECHNICAL_OR_SAFE_UI","SAFE","L2_FILTERED"
"NUM_13110","1.","1.","count","ollege1.name} /> <h3>{college1.shortName || college1.name.substring(0, 15)}</h3> ","Component","frontend\src\components\BattleArena.jsx","COMPUTED_FRONTEND","INTERNAL_TECHNICAL_OR_SAFE_UI","SAFE","L2_FILTERED"
"NUM_13111","1.","1.","count"," <h3>{college1.shortName || college1.name.substring(0, 15)}</h3> {","Component","frontend\src\components\BattleArena.jsx","COMPUTED_FRONTEND","INTERNAL_TECHNICAL_OR_SAFE_UI","SAFE","L2_FILTERED"
"NUM_13112","0,","0","count","h3>{college1.shortName || college1.name.substring(0, 15)}</h3> {winner === 1 && <","Component","frontend\src\components\BattleArena.jsx","COMPUTED_FRONTEND","INTERNAL_TECHNICAL_OR_SAFE_UI","SAFE","L2_FILTERED"
"NUM_13113","15","15","count","{college1.shortName || college1.name.substring(0, 15)}</h3> {winner === 1 && <spa","Component","frontend\src\components\BattleArena.jsx","COMPUTED_FRONTEND","INTERNAL_TECHNICAL_OR_SAFE_UI","SAFE","L2_FILTERED"
"NUM_13114","3","3","count","e1.shortName || college1.name.substring(0, 15)}</h3> {winner === 1 && <span clas","Component","frontend\src\components\BattleArena.jsx","FALLBACK_CONSTANT","INTERNAL_TECHNICAL_OR_SAFE_UI","SAFE","L2_FILTERED"
"NUM_13115","1","1","count","ing(0, 15)}</h3> {winner === 1 && <span className=""win-badge"">WINNER</span>} ","Component","frontend\src\components\BattleArena.jsx","COMPUTED_FRONTEND","INTERNAL_TECHNICAL_OR_SAFE_UI","SAFE","L2_FILTERED"
"NUM_13117","2","2","count","div> <div className={`fighter c2 ${winner === 2 ? 'winner' : ''} ${winner === 1 ? ","Component","frontend\src\components\BattleArena.jsx","COMPUTED_FRONTEND","INTERNAL_TECHNICAL_OR_SAFE_UI","SAFE","L2_FILTERED"
"NUM_13118","2","2","count"," <div className={`fighter c2 ${winner === 2 ? 'winner' : ''} ${winner === 1 ? 'loser' : ''}`}","Component","frontend\src\components\BattleArena.jsx","COMPUTED_FRONTEND","INTERNAL_TECHNICAL_OR_SAFE_UI","SAFE","L2_FILTERED"
"NUM_13119","1","1","count","r c2 ${winner === 2 ? 'winner' : ''} ${winner === 1 ? 'loser' : ''}`}> {winner =","Component","frontend\src\components\BattleArena.jsx","COMPUTED_FRONTEND","INTERNAL_TECHNICAL_OR_SAFE_UI","SAFE","L2_FILTERED"
"NUM_13120","2","2","count","'loser' : ''}`}> {winner === 2 && <div className=""crown"">👑</div>} ","Component","frontend\src\components\BattleArena.jsx","COMPUTED_FRONTEND","INTERNAL_TECHNICAL_OR_SAFE_UI","SAFE","L2_FILTERED"
"NUM_13122","2.","2.","count","ege2.logo || ""/placeholder-logo.png""} alt={college2.name} /> <h3>{college2.shortN","Component","frontend\src\components\BattleArena.jsx","COMPUTED_FRONTEND","INTERNAL_TECHNICAL_OR_SAFE_UI","SAFE","L2_FILTERED"
"NUM_13123","3","3","count","g""} alt={college2.name} /> <h3>{college2.shortName || college2.name.substring(0,","Component","frontend\src\components\BattleArena.jsx","COMPUTED_FRONTEND","INTERNAL_TECHNICAL_OR_SAFE_UI","SAFE","L2_FILTERED"
"NUM_13124","2.","2.","count","ollege2.name} /> <h3>{college2.shortName || college2.name.substring(0, 15)}</h3> ","Component","frontend\src\components\BattleArena.jsx","COMPUTED_FRONTEND","INTERNAL_TECHNICAL_OR_SAFE_UI","SAFE","L2_FILTERED"
"NUM_13125","2.","2.","count"," <h3>{college2.shortName || college2.name.substring(0, 15)}</h3> {","Component","frontend\src\components\BattleArena.jsx","COMPUTED_FRONTEND","INTERNAL_TECHNICAL_OR_SAFE_UI","SAFE","L2_FILTERED"
"NUM_13126","0,","0","count","h3>{college2.shortName || college2.name.substring(0, 15)}</h3> {winner === 2 && <","Component","frontend\src\components\BattleArena.jsx","COMPUTED_FRONTEND","INTERNAL_TECHNICAL_OR_SAFE_UI","SAFE","L2_FILTERED"
"NUM_13127","15","15","count","{college2.shortName || college2.name.substring(0, 15)}</h3> {winner === 2 && <spa","Component","frontend\src\components\BattleArena.jsx","COMPUTED_FRONTEND","INTERNAL_TECHNICAL_OR_SAFE_UI","SAFE","L2_FILTERED"
"NUM_13128","3","3","count","e2.shortName || college2.name.substring(0, 15)}</h3> {winner === 2 && <span clas","Component","frontend\src\components\BattleArena.jsx","FALLBACK_CONSTANT","INTERNAL_TECHNICAL_OR_SAFE_UI","SAFE","L2_FILTERED"
"NUM_13129","2","2","count","ing(0, 15)}</h3> {winner === 2 && <span className=""win-badge"">WINNER</span>} ","Component","frontend\src\components\BattleArena.jsx","COMPUTED_FRONTEND","INTERNAL_TECHNICAL_OR_SAFE_UI","SAFE","L2_FILTERED"
"NUM_13139","1.","1.","count"," <span>{Math.round(stats.c1.total)}</span> <span clas","Component","frontend\src\components\BattleArena.jsx","API_DERIVED","INTERNAL_TECHNICAL_OR_SAFE_UI","SAFE","L2_FILTERED"
"NUM_13140","2.","2.","count"," <span>{Math.round(stats.c2.total)}</span> </div> ","Component","frontend\src\components\BattleArena.jsx","API_DERIVED","INTERNAL_TECHNICAL_OR_SAFE_UI","SAFE","L2_FILTERED"
"NUM_13141","0","0","count"," <p> {winner === 0 ? ""It's a draw!"" : ","Component","frontend\src\components\BattleArena.jsx","FALLBACK_CONSTANT","INTERNAL_TECHNICAL_OR_SAFE_UI","SAFE","L2_FILTERED"
"NUM_13142","1","1","count","w!"" : winner === 1 ? `${college1.shortName} wins the battle!` : ","Component","frontend\src\components\BattleArena.jsx","COMPUTED_FRONTEND","INTERNAL_TECHNICAL_OR_SAFE_UI","SAFE","L2_FILTERED"
"NUM_13143","1.","1.","count"," winner === 1 ? `${college1.shortName} wins the battle!` : ","Component","frontend\src\components\BattleArena.jsx","COMPUTED_FRONTEND","INTERNAL_TECHNICAL_OR_SAFE_UI","SAFE","L2_FILTERED"
"NUM_13144","2.","2.","count"," : `${college2.shortName} wins the battle!`} ","Component","frontend\src\components\BattleArena.jsx","COMPUTED_FRONTEND","INTERNAL_TECHNICAL_OR_SAFE_UI","SAFE","L2_FILTERED"
"NUM_13159","0.5","0.5","count","ative; transition: transform 0.5s; } .fighter im","Component","frontend\src\components\BattleArena.jsx","FALLBACK_CONSTANT","INTERNAL_TECHNICAL_OR_SAFE_UI","SAFE","L2_FILTERED"
"NUM_13253","0.5","0.5","count","n: center; animation: fadeUp 0.5s ease; } .total","Component","frontend\src\components\BattleArena.jsx","FALLBACK_CONSTANT","INTERNAL_TECHNICAL_OR_SAFE_UI","SAFE","L2_FILTERED"
"NUM_13267","100%","100","%","5e1; } @keyframes bounce { 0%, 100% { transform: translate(-50%, 0) rotate(-10deg); }","Component","frontend\src\components\BattleArena.jsx","COMPUTED_FRONTEND","INTERNAL_TECHNICAL_OR_SAFE_UI","SAFE","L2_FILTERED"
"NUM_13268","50%","50","%","yframes bounce { 0%, 100% { transform: translate(-50%, 0) rotate(-10deg); } 50% { transform: translate(","Component","frontend\src\components\BattleArena.jsx","COMPUTED_FRONTEND","INTERNAL_TECHNICAL_OR_SAFE_UI","SAFE","L2_FILTERED"
"NUM_13269","0","0","count","es bounce { 0%, 100% { transform: translate(-50%, 0) rotate(-10deg); } 50% { transform: translate(-50","Component","frontend\src\components\BattleArena.jsx","COMPUTED_FRONTEND","INTERNAL_TECHNICAL_OR_SAFE_UI","SAFE","L2_FILTERED"
"NUM_14120","1.","1.","count","llege && setGhostCollege(null)} > {/* 1. Intelligent Fit Signal */} {resolvedType =","Component","frontend\src\components\Card.jsx","COMPUTED_FRONTEND","INTERNAL_TECHNICAL_OR_SAFE_UI","SAFE","L2_FILTERED"
"NUM_14121","2.","2.","count"," fit={data.fit} compact /> )} {/* 2. Manual Badge (e.g. ""Admissions Open"" or ""Dream/Ma","Component","frontend\src\components\Card.jsx","API_DERIVED","INTERNAL_TECHNICAL_OR_SAFE_UI","SAFE","L2_FILTERED"
"NUM_14127","3","3","count","tute""} </Link> </h3> {resolvedType === 'college' && ( ","Component","frontend\src\components\Card.jsx","FALLBACK_CONSTANT","INTERNAL_TECHNICAL_OR_SAFE_UI","SAFE","L2_FILTERED"
"NUM_14146","0","0","count","} {(data?.institutionStrengthScore > 0 || data?.ceiScore > 0) && ( <div ","Component","frontend\src\components\Card.jsx","FALLBACK_CONSTANT","INTERNAL_TECHNICAL_OR_SAFE_UI","SAFE","L2_FILTERED"
"NUM_14147","0","0","count",".institutionStrengthScore > 0 || data?.ceiScore > 0) && ( <div classN","Component","frontend\src\components\Card.jsx","FALLBACK_CONSTANT","INTERNAL_TECHNICAL_OR_SAFE_UI","SAFE","L2_FILTERED"
"NUM_14185","2","2","count","}> {(data?.ceiScore)?.toFixed(2)} </div> </div>","Component","frontend\src\components\Card.jsx","API_DERIVED","API_DERIVED_UNVERIFIED","SAFE","L3_FACTUAL"
"NUM_14190","2","2","count"," <div className=""scholarship-status-badge mt-2""> <span className=""dot animate-pulse","Component","frontend\src\components\Card.jsx","FALLBACK_CONSTANT","INTERNAL_TECHNICAL_OR_SAFE_UI","SAFE","L2_FILTERED"
"NUM_14191","0","0","count","ia-hidden=""true"" /> {tags.length > 0 && ( <div className=""card-tags""> ","Component","frontend\src\components\Card.jsx","FALLBACK_CONSTANT","INTERNAL_TECHNICAL_OR_SAFE_UI","SAFE","L2_FILTERED"
"NUM_14192","0","0","count"," </div> )} {metaList.length > 0 && ( <div className=""card-meta""> ","Component","frontend\src\components\Card.jsx","FALLBACK_CONSTANT","INTERNAL_TECHNICAL_OR_SAFE_UI","SAFE","L2_FILTERED"
"NUM_14207","5,150,105,0.08","51501050.08","count",": data.coverage.coverageBucket === 'Rich' ? 'rgba(5,150,105,0.08)' : data.coverage.","Component","frontend\src\components\Card.jsx","FALLBACK_CONSTANT","INTERNAL_TECHNICAL_OR_SAFE_UI","SAFE","L2_FILTERED"
"NUM_14208","217,119,6,0.08","21711960.08","count","ata.coverage.coverageBucket === 'Partial' ? 'rgba(217,119,6,0.08)' : 'rgba(148,163,184,0.1)', }} ","Component","frontend\src\components\Card.jsx","FALLBACK_CONSTANT","INTERNAL_TECHNICAL_OR_SAFE_UI","SAFE","L2_FILTERED"
"NUM_14209","148,163,184,0.1","1481631840.1","count","et === 'Partial' ? 'rgba(217,119,6,0.08)' : 'rgba(148,163,184,0.1)', }} > ","Component","frontend\src\components\Card.jsx","FALLBACK_CONSTANT","INTERNAL_TECHNICAL_OR_SAFE_UI","SAFE","L2_FILTERED"
"NUM_14218","0","0","count"," )} {data.pastPapers?.length > 0 && ( <a href={da","Component","frontend\src\components\Card.jsx","FALLBACK_CONSTANT","INTERNAL_TECHNICAL_OR_SAFE_UI","SAFE","L2_FILTERED"
"NUM_14338","2025","2025","count","================== * Compact summary of official 2025 engineering admission data availability. */ expo","Component","frontend\src\components\college\AdmissionTruthSummary.jsx","FALLBACK_CONSTANT","INTERNAL_TECHNICAL_OR_SAFE_UI","SAFE","L2_FILTERED"
"NUM_14339","1","1","count"," // Lightweight probes: limit 1 const probes = [ // 1","Component","frontend\src\components\college\AdmissionTruthSummary.jsx","FALLBACK_CONSTANT","INTERNAL_TECHNICAL_OR_SAFE_UI","SAFE","L2_FILTERED"
"NUM_14340","1.","1.","count","1 const probes = [ // 1. JoSAA Cutoffs 2025 fetchEngineeri","Component","frontend\src\components\college\AdmissionTruthSummary.jsx","FALLBACK_CONSTANT","INTERNAL_TECHNICAL_OR_SAFE_UI","SAFE","L2_FILTERED"
"NUM_14341","2025","2025","count","st probes = [ // 1. JoSAA Cutoffs 2025 fetchEngineeringCutoffs({ institu","Component","frontend\src\components\college\AdmissionTruthSummary.jsx","FALLBACK_CONSTANT","INTERNAL_TECHNICAL_OR_SAFE_UI","SAFE","L2_FILTERED"
"NUM_14342","2025,","2025","count"," collegeId, instituteName: name, counsellingYear: 2025, authority: 'JOSAA', limit: 1 }) ","Component","frontend\src\components\college\AdmissionTruthSummary.jsx","FALLBACK_CONSTANT","INTERNAL_TECHNICAL_OR_SAFE_UI","SAFE","L2_FILTERED"
"NUM_14343","1","1","count","counsellingYear: 2025, authority: 'JOSAA', limit: 1 }) .then(res => ({ key: 'josa","Component","frontend\src\components\college\AdmissionTruthSummary.jsx","FALLBACK_CONSTANT","INTERNAL_TECHNICAL_OR_SAFE_UI","SAFE","L2_FILTERED"
"NUM_14345","2.","2.","count","e: false })), // 2. CSAB Cutoffs 2025 fetchEngineerin","Component","frontend\src\components\college\AdmissionTruthSummary.jsx","FALLBACK_CONSTANT","INTERNAL_TECHNICAL_OR_SAFE_UI","SAFE","L2_FILTERED"
"NUM_14346","2025","2025","count"," // 2. CSAB Cutoffs 2025 fetchEngineeringCutoffs({ institu","Component","frontend\src\components\college\AdmissionTruthSummary.jsx","FALLBACK_CONSTANT","INTERNAL_TECHNICAL_OR_SAFE_UI","SAFE","L2_FILTERED"
"NUM_14347","2025,","2025","count"," collegeId, instituteName: name, counsellingYear: 2025, authority: 'CSAB', limit: 1 }) ","Component","frontend\src\components\college\AdmissionTruthSummary.jsx","FALLBACK_CONSTANT","INTERNAL_TECHNICAL_OR_SAFE_UI","SAFE","L2_FILTERED"
"NUM_14348","1","1","count"," counsellingYear: 2025, authority: 'CSAB', limit: 1 }) .then(res => ({ key: 'csab","Component","frontend\src\components\college\AdmissionTruthSummary.jsx","FALLBACK_CONSTANT","INTERNAL_TECHNICAL_OR_SAFE_UI","SAFE","L2_FILTERED"
"NUM_14350","3.","3.","count","e: false })), // 3. JoSAA Seat Matrix 2025 fetchEngin","Component","frontend\src\components\college\AdmissionTruthSummary.jsx","FALLBACK_CONSTANT","INTERNAL_TECHNICAL_OR_SAFE_UI","SAFE","L2_FILTERED"
"NUM_14351","2025","2025","count"," // 3. JoSAA Seat Matrix 2025 fetchEngineeringSeatMatrix({ inst","Component","frontend\src\components\college\AdmissionTruthSummary.jsx","FALLBACK_CONSTANT","INTERNAL_TECHNICAL_OR_SAFE_UI","SAFE","L2_FILTERED"
"NUM_14352","1","1","count","itutionId: collegeId, instituteName: name, limit: 1 }) .then(res => ({ key: 'josa","Component","frontend\src\components\college\AdmissionTruthSummary.jsx","FALLBACK_CONSTANT","INTERNAL_TECHNICAL_OR_SAFE_UI","SAFE","L2_FILTERED"
"NUM_14354","3","3","count","lassName=""ats-title-group""> <h3 className=""ats-title"">Admission Truth Summary</h3","Component","frontend\src\components\college\AdmissionTruthSummary.jsx","FALLBACK_CONSTANT","INTERNAL_TECHNICAL_OR_SAFE_UI","SAFE","L2_FILTERED"
"NUM_14355","3","3","count","3 className=""ats-title"">Admission Truth Summary</h3> <p className=""ats-subtitle"">","Component","frontend\src\components\college\AdmissionTruthSummary.jsx","FALLBACK_CONSTANT","INTERNAL_TECHNICAL_OR_SAFE_UI","SAFE","L2_FILTERED"
"NUM_14356","2025","2025","count"," <p className=""ats-subtitle"">Official 2025 engineering admission data</p> </","Component","frontend\src\components\college\AdmissionTruthSummary.jsx","FALLBACK_CONSTANT","INTERNAL_TECHNICAL_OR_SAFE_UI","SAFE","L2_FILTERED"
"NUM_14357","2,","2","count","t, ChevronUp, ChevronDown, Trash2, Trophy, TrendingUp, IndianRupee, ","Component","frontend\src\components\college\ComparisonDrawer.jsx","FALLBACK_CONSTANT","INTERNAL_TECHNICAL_OR_SAFE_UI","SAFE","L2_FILTERED"
"NUM_14358","0","0","count","> c.id === ghostCollege.id); if (count === 0 && !isDrawerOpen && !hasGhost) return null; ","Component","frontend\src\components\college\ComparisonDrawer.jsx","FALLBACK_CONSTANT","INTERNAL_TECHNICAL_OR_SAFE_UI","SAFE","L2_FILTERED"
"NUM_14392","500","500","count"," Benchmarking Hub <span className=""text-blue-500 text-sm ml-1"">{count}</span> ","Component","frontend\src\components\college\ComparisonDrawer.jsx","COMPUTED_FRONTEND","INTERNAL_TECHNICAL_OR_SAFE_UI","SAFE","L2_FILTERED"
"NUM_14393","1","1","count","ing Hub <span className=""text-blue-500 text-sm ml-1"">{count}</span> </span> ","Component","frontend\src\components\college\ComparisonDrawer.jsx","COMPUTED_FRONTEND","INTERNAL_TECHNICAL_OR_SAFE_UI","SAFE","L2_FILTERED"
"NUM_14394","4","4","count"," {isDrawerOpen ? <ChevronDown className=""w-4 h-4 text-slate-500"" /> : <ChevronUp className=""w-","Component","frontend\src\components\college\ComparisonDrawer.jsx","FALLBACK_CONSTANT","INTERNAL_TECHNICAL_OR_SAFE_UI","SAFE","L2_FILTERED"
"NUM_14395","4","4","count"," {isDrawerOpen ? <ChevronDown className=""w-4 h-4 text-slate-500"" /> : <ChevronUp className=""w-4 h-","Component","frontend\src\components\college\ComparisonDrawer.jsx","FALLBACK_CONSTANT","INTERNAL_TECHNICAL_OR_SAFE_UI","SAFE","L2_FILTERED"
"NUM_14396","500","500","count","Open ? <ChevronDown className=""w-4 h-4 text-slate-500"" /> : <ChevronUp className=""w-4 h-4 text-slate-50","Component","frontend\src\components\college\ComparisonDrawer.jsx","FALLBACK_CONSTANT","INTERNAL_TECHNICAL_OR_SAFE_UI","SAFE","L2_FILTERED"
"NUM_14397","4","4","count"," h-4 text-slate-500"" /> : <ChevronUp className=""w-4 h-4 text-slate-500 animate-bounce"" />} ","Component","frontend\src\components\college\ComparisonDrawer.jsx","FALLBACK_CONSTANT","INTERNAL_TECHNICAL_OR_SAFE_UI","SAFE","L2_FILTERED"
"NUM_14398","4","4","count"," text-slate-500"" /> : <ChevronUp className=""w-4 h-4 text-slate-500 animate-bounce"" />} ","Component","frontend\src\components\college\ComparisonDrawer.jsx","FALLBACK_CONSTANT","INTERNAL_TECHNICAL_OR_SAFE_UI","SAFE","L2_FILTERED"
"NUM_14399","500","500","count","00"" /> : <ChevronUp className=""w-4 h-4 text-slate-500 animate-bounce"" />} </button> ","Component","frontend\src\components\college\ComparisonDrawer.jsx","FALLBACK_CONSTANT","INTERNAL_TECHNICAL_OR_SAFE_UI","SAFE","L2_FILTERED"
"NUM_14418","5","5","count"," <Layers className=""w-5 h-5 text-indigo-400"" /> ","Component","frontend\src\components\college\ComparisonDrawer.jsx","FALLBACK_CONSTANT","INTERNAL_TECHNICAL_OR_SAFE_UI","SAFE","L2_FILTERED"
"NUM_14419","5","5","count"," <Layers className=""w-5 h-5 text-indigo-400"" /> ","Component","frontend\src\components\college\ComparisonDrawer.jsx","FALLBACK_CONSTANT","INTERNAL_TECHNICAL_OR_SAFE_UI","SAFE","L2_FILTERED"
"NUM_14420","400","400","count"," <Layers className=""w-5 h-5 text-indigo-400"" /> Smart Compar","Component","frontend\src\components\college\ComparisonDrawer.jsx","FALLBACK_CONSTANT","INTERNAL_TECHNICAL_OR_SAFE_UI","SAFE","L2_FILTERED"
"NUM_14421","3","3","count"," Smart Comparison </h3> <p className=""text-","Component","frontend\src\components\college\ComparisonDrawer.jsx","FALLBACK_CONSTANT","INTERNAL_TECHNICAL_OR_SAFE_UI","SAFE","L2_FILTERED"
"NUM_14422","400","400","count"," <p className=""text-sm text-slate-400"">Benchmark these programs side-by-side using offi","Component","frontend\src\components\college\ComparisonDrawer.jsx","FALLBACK_CONSTANT","INTERNAL_TECHNICAL_OR_SAFE_UI","SAFE","L2_FILTERED"
"NUM_14427","2","2","count"," > <Trash2 className=""w-4 h-4"" /> Clear All ","Component","frontend\src\components\college\ComparisonDrawer.jsx","FALLBACK_CONSTANT","INTERNAL_TECHNICAL_OR_SAFE_UI","SAFE","L2_FILTERED"
"NUM_14428","4","4","count"," <Trash2 className=""w-4 h-4"" /> Clear All </","Component","frontend\src\components\college\ComparisonDrawer.jsx","FALLBACK_CONSTANT","INTERNAL_TECHNICAL_OR_SAFE_UI","SAFE","L2_FILTERED"
"NUM_14429","4","4","count"," <Trash2 className=""w-4 h-4"" /> Clear All </butt","Component","frontend\src\components\college\ComparisonDrawer.jsx","FALLBACK_CONSTANT","INTERNAL_TECHNICAL_OR_SAFE_UI","SAFE","L2_FILTERED"
"NUM_14437","4","4","count"," Detailed Side-by-Side <ExternalLink className=""w-4 h-4"" /> </Link> ","Component","frontend\src\components\college\ComparisonDrawer.jsx","FALLBACK_CONSTANT","INTERNAL_TECHNICAL_OR_SAFE_UI","SAFE","L2_FILTERED"
"NUM_14438","4","4","count","ailed Side-by-Side <ExternalLink className=""w-4 h-4"" /> </Link> ","Component","frontend\src\components\college\ComparisonDrawer.jsx","FALLBACK_CONSTANT","INTERNAL_TECHNICAL_OR_SAFE_UI","SAFE","L2_FILTERED"
"NUM_14465","3.5","3.5","count"," <X className=""w-3.5 h-3.5"" /> </","Component","frontend\src\components\college\ComparisonDrawer.jsx","FALLBACK_CONSTANT","INTERNAL_TECHNICAL_OR_SAFE_UI","SAFE","L2_FILTERED"
"NUM_14466","3.5","3.5","count"," <X className=""w-3.5 h-3.5"" /> </button","Component","frontend\src\components\college\ComparisonDrawer.jsx","FALLBACK_CONSTANT","INTERNAL_TECHNICAL_OR_SAFE_UI","SAFE","L2_FILTERED"
"NUM_14467","4","4","count"," <div className=""mb-4""> <h4 cl","Component","frontend\src\components\college\ComparisonDrawer.jsx","FALLBACK_CONSTANT","INTERNAL_TECHNICAL_OR_SAFE_UI","SAFE","L2_FILTERED"
"NUM_14481","3","3","count"," <TrendingUp className=""w-3 h-3 text-indigo-400 mx-auto mb-1"" /> ","Component","frontend\src\components\college\ComparisonDrawer.jsx","FALLBACK_CONSTANT","INTERNAL_TECHNICAL_OR_SAFE_UI","SAFE","L2_FILTERED"
"NUM_14482","3","3","count"," <TrendingUp className=""w-3 h-3 text-indigo-400 mx-auto mb-1"" /> ","Component","frontend\src\components\college\ComparisonDrawer.jsx","FALLBACK_CONSTANT","INTERNAL_TECHNICAL_OR_SAFE_UI","SAFE","L2_FILTERED"
"NUM_14483","400","400","count"," <TrendingUp className=""w-3 h-3 text-indigo-400 mx-auto mb-1"" /> ","Component","frontend\src\components\college\ComparisonDrawer.jsx","FALLBACK_CONSTANT","INTERNAL_TECHNICAL_OR_SAFE_UI","SAFE","L2_FILTERED"
"NUM_14484","1","1","count","gUp className=""w-3 h-3 text-indigo-400 mx-auto mb-1"" /> ","Component","frontend\src\components\college\ComparisonDrawer.jsx","FALLBACK_CONSTANT","INTERNAL_TECHNICAL_OR_SAFE_UI","SAFE","L2_FILTERED"
"NUM_14494","3","3","count"," <IndianRupee className=""w-3 h-3 text-green-400 mx-auto mb-1"" /> ","Component","frontend\src\components\college\ComparisonDrawer.jsx","FALLBACK_CONSTANT","INTERNAL_TECHNICAL_OR_SAFE_UI","SAFE","L2_FILTERED"
"NUM_14495","3","3","count"," <IndianRupee className=""w-3 h-3 text-green-400 mx-auto mb-1"" /> ","Component","frontend\src\components\college\ComparisonDrawer.jsx","FALLBACK_CONSTANT","INTERNAL_TECHNICAL_OR_SAFE_UI","SAFE","L2_FILTERED"
"NUM_14496","400","400","count"," <IndianRupee className=""w-3 h-3 text-green-400 mx-auto mb-1"" /> ","Component","frontend\src\components\college\ComparisonDrawer.jsx","FALLBACK_CONSTANT","INTERNAL_TECHNICAL_OR_SAFE_UI","SAFE","L2_FILTERED"
"NUM_14497","1","1","count","upee className=""w-3 h-3 text-green-400 mx-auto mb-1"" /> ","Component","frontend\src\components\college\ComparisonDrawer.jsx","FALLBACK_CONSTANT","INTERNAL_TECHNICAL_OR_SAFE_UI","SAFE","L2_FILTERED"
"NUM_14501","4","4","count"," {hasGhost && pinnedColleges.length < 4 && ( <div classN","Component","frontend\src\components\college\ComparisonDrawer.jsx","FALLBACK_CONSTANT","INTERNAL_TECHNICAL_OR_SAFE_UI","SAFE","L2_FILTERED"
"NUM_14514","4","4","count"," <div className=""mb-4""> <h4 cl","Component","frontend\src\components\college\ComparisonDrawer.jsx","FALLBACK_CONSTANT","INTERNAL_TECHNICAL_OR_SAFE_UI","SAFE","L2_FILTERED"
"NUM_14530","3","3","count"," <TrendingUp className=""w-3 h-3 text-blue-400 mx-auto mb-1"" /> ","Component","frontend\src\components\college\ComparisonDrawer.jsx","FALLBACK_CONSTANT","INTERNAL_TECHNICAL_OR_SAFE_UI","SAFE","L2_FILTERED"
"NUM_14531","3","3","count"," <TrendingUp className=""w-3 h-3 text-blue-400 mx-auto mb-1"" /> ","Component","frontend\src\components\college\ComparisonDrawer.jsx","FALLBACK_CONSTANT","INTERNAL_TECHNICAL_OR_SAFE_UI","SAFE","L2_FILTERED"
"NUM_14532","400","400","count"," <TrendingUp className=""w-3 h-3 text-blue-400 mx-auto mb-1"" /> ","Component","frontend\src\components\college\ComparisonDrawer.jsx","FALLBACK_CONSTANT","INTERNAL_TECHNICAL_OR_SAFE_UI","SAFE","L2_FILTERED"
"NUM_14533","1","1","count","ingUp className=""w-3 h-3 text-blue-400 mx-auto mb-1"" /> ","Component","frontend\src\components\college\ComparisonDrawer.jsx","FALLBACK_CONSTANT","INTERNAL_TECHNICAL_OR_SAFE_UI","SAFE","L2_FILTERED"
"NUM_14538","100","100","count","[0]?.rank) || (ghostCollege.ceiScore ? Math.round(100 - ghostCollege.ceiScore) : 'TBA')}</span> ","Component","frontend\src\components\college\ComparisonDrawer.jsx","FALLBACK_CONSTANT","INTERNAL_TECHNICAL_OR_SAFE_UI","SAFE","L2_FILTERED"
"NUM_14544","3","3","count"," <IndianRupee className=""w-3 h-3 text-green-400 mx-auto mb-1"" /> ","Component","frontend\src\components\college\ComparisonDrawer.jsx","FALLBACK_CONSTANT","INTERNAL_TECHNICAL_OR_SAFE_UI","SAFE","L2_FILTERED"
"NUM_14545","3","3","count"," <IndianRupee className=""w-3 h-3 text-green-400 mx-auto mb-1"" /> ","Component","frontend\src\components\college\ComparisonDrawer.jsx","FALLBACK_CONSTANT","INTERNAL_TECHNICAL_OR_SAFE_UI","SAFE","L2_FILTERED"
"NUM_14546","400","400","count"," <IndianRupee className=""w-3 h-3 text-green-400 mx-auto mb-1"" /> ","Component","frontend\src\components\college\ComparisonDrawer.jsx","FALLBACK_CONSTANT","INTERNAL_TECHNICAL_OR_SAFE_UI","SAFE","L2_FILTERED"
"NUM_14547","1","1","count","upee className=""w-3 h-3 text-green-400 mx-auto mb-1"" /> ","Component","frontend\src\components\college\ComparisonDrawer.jsx","FALLBACK_CONSTANT","INTERNAL_TECHNICAL_OR_SAFE_UI","SAFE","L2_FILTERED"
"NUM_14552","1","1","count"," {(pinnedColleges.length + (hasGhost ? 1 : 0)) < 4 && ( <","Component","frontend\src\components\college\ComparisonDrawer.jsx","FALLBACK_CONSTANT","INTERNAL_TECHNICAL_OR_SAFE_UI","SAFE","L2_FILTERED"
"NUM_14553","0","0","count"," {(pinnedColleges.length + (hasGhost ? 1 : 0)) < 4 && ( <div ","Component","frontend\src\components\college\ComparisonDrawer.jsx","FALLBACK_CONSTANT","INTERNAL_TECHNICAL_OR_SAFE_UI","SAFE","L2_FILTERED"
"NUM_14554","4","4","count"," {(pinnedColleges.length + (hasGhost ? 1 : 0)) < 4 && ( <div classN","Component","frontend\src\components\college\ComparisonDrawer.jsx","FALLBACK_CONSTANT","INTERNAL_TECHNICAL_OR_SAFE_UI","SAFE","L2_FILTERED"
"NUM_14565","5","5","count","s-center justify-center mb-2 group-hover:bg-white/5""> <Layer","Component","frontend\src\components\college\ComparisonDrawer.jsx","FALLBACK_CONSTANT","INTERNAL_TECHNICAL_OR_SAFE_UI","SAFE","L2_FILTERED"
"NUM_14589","2","2","count","n> </span> </div> <div className=""h-2 w-full bg-white/5 rounded-full overflow-hidden bo","Component","frontend\src\components\college\EvidenceScorecard.jsx","FALLBACK_CONSTANT","INTERNAL_TECHNICAL_OR_SAFE_UI","SAFE","L2_FILTERED"
"NUM_14597","0,","0","count"," const { institutionStrengthScore: strength = 0, admissionRealityScore: reality = 0, dataC","Component","frontend\src\components\college\EvidenceScorecard.jsx","FALLBACK_CONSTANT","INTERNAL_TECHNICAL_OR_SAFE_UI","SAFE","L2_FILTERED"
"NUM_14598","0,","0","count","trength = 0, admissionRealityScore: reality = 0, dataConfidenceScore: confidence = 0, cove","Component","frontend\src\components\college\EvidenceScorecard.jsx","FALLBACK_CONSTANT","INTERNAL_TECHNICAL_OR_SAFE_UI","SAFE","L2_FILTERED"
"NUM_14599","0,","0","count","eality = 0, dataConfidenceScore: confidence = 0, coverage = {} } = college; const signals","Component","frontend\src\components\college\EvidenceScorecard.jsx","API_DERIVED","INTERNAL_TECHNICAL_OR_SAFE_UI","SAFE","L2_FILTERED"
"NUM_14623","6","6","count","/div> </div> <div className=""space-y-6""> <ScoreRow label=""Institution","Component","frontend\src\components\college\EvidenceScorecard.jsx","FALLBACK_CONSTANT","INTERNAL_TECHNICAL_OR_SAFE_UI","SAFE","L2_FILTERED"
"NUM_14876","0","0","count","eList = (list, type) => { if (list.length === 0) return null; return ( <div className={","Component","frontend\src\components\college\MedicalPredictorWidget.jsx","FALLBACK_CONSTANT","INTERNAL_TECHNICAL_OR_SAFE_UI","SAFE","L2_FILTERED"
"NUM_14883","4","4","count","e={18} className=""text-amber-500"" />} <h4 className=""capitalize"">{type} Outcome Vectors</h4","Component","frontend\src\components\college\MedicalPredictorWidget.jsx","COMPUTED_FRONTEND","INTERNAL_TECHNICAL_OR_SAFE_UI","SAFE","L2_FILTERED"
"NUM_14884","4","4","count","4 className=""capitalize"">{type} Outcome Vectors</h4> </div> <div className=""group-lis","Component","frontend\src\components\college\MedicalPredictorWidget.jsx","COMPUTED_FRONTEND","INTERNAL_TECHNICAL_OR_SAFE_UI","SAFE","L2_FILTERED"
"NUM_14887","1","1","count"," <span className=""confidence-pill high"">TIER 1</span> )} ","Component","frontend\src\components\college\MedicalPredictorWidget.jsx","FALLBACK_CONSTANT","INTERNAL_TECHNICAL_OR_SAFE_UI","SAFE","L2_FILTERED"
"NUM_14896","3","3","count"," <div className=""header-text""> <h3>Medical Admission Strategic Predictor</h3> ","Component","frontend\src\components\college\MedicalPredictorWidget.jsx","FALLBACK_CONSTANT","INTERNAL_TECHNICAL_OR_SAFE_UI","SAFE","L2_FILTERED"
"NUM_14912","3","3","count"," className=""te-title"">Official data unavailable</h3><p className=""te-desc"">No MCC cutoff data found f","Component","frontend\src\components\college\MedicalTruthCutoffsSection.jsx","FALLBACK_CONSTANT","INTERNAL_TECHNICAL_OR_SAFE_UI","SAFE","L2_FILTERED"
"NUM_14913","10","10","count",")"" /> <div className=""mb-10""> <MedicalPredictorWidget ","Component","frontend\src\components\college\MedicalTruthCutoffsSection.jsx","FALLBACK_CONSTANT","INTERNAL_TECHNICAL_OR_SAFE_UI","SAFE","L2_FILTERED"
"NUM_14929","3","3","count","-bold text-slate-500 uppercase tracking-widest mb-3"">Round: {round}</h4> ","Component","frontend\src\components\college\MedicalTruthCutoffsSection.jsx","COMPUTED_FRONTEND","INTERNAL_TECHNICAL_OR_SAFE_UI","SAFE","L2_FILTERED"
"NUM_14930","4","4","count"," uppercase tracking-widest mb-3"">Round: {round}</h4> <div cla","Component","frontend\src\components\college\MedicalTruthCutoffsSection.jsx","COMPUTED_FRONTEND","INTERNAL_TECHNICAL_OR_SAFE_UI","SAFE","L2_FILTERED"
"NUM_14946","3","3","count","v><h3 className=""te-title"">No Seat Matrix found</h3><p className=""te-desc"">Official intake breakdown ","Component","frontend\src\components\college\MedicalTruthSeatsSection.jsx","FALLBACK_CONSTANT","INTERNAL_TECHNICAL_OR_SAFE_UI","SAFE","L2_FILTERED"
"NUM_14947","6","6","count","</div> <div className=""seats-list mt-6""> {Object.entries(processedData.q","Component","frontend\src\components\college\MedicalTruthSeatsSection.jsx","FALLBACK_CONSTANT","INTERNAL_TECHNICAL_OR_SAFE_UI","SAFE","L2_FILTERED"
"NUM_14948","6","6","count"," key={quota} className=""seats-unit is-expanded mb-6""> <div className=""su-head","Component","frontend\src\components\college\MedicalTruthSeatsSection.jsx","API_DERIVED","INTERNAL_TECHNICAL_OR_SAFE_UI","SAFE","L2_FILTERED"
"NUM_14949","50","50","count"," <div className=""su-header bg-slate-50/50""> <div className=""","Component","frontend\src\components\college\MedicalTruthSeatsSection.jsx","FALLBACK_CONSTANT","INTERNAL_TECHNICAL_OR_SAFE_UI","SAFE","L2_FILTERED"
"NUM_14950","50","50","count"," <div className=""su-header bg-slate-50/50""> <div className=""su-","Component","frontend\src\components\college\MedicalTruthSeatsSection.jsx","FALLBACK_CONSTANT","INTERNAL_TECHNICAL_OR_SAFE_UI","SAFE","L2_FILTERED"
"NUM_14951","3","3","count","Name=""su-info""> <h3 className=""su-title text-indigo-700"">{quota}</h3>","Component","frontend\src\components\college\MedicalTruthSeatsSection.jsx","COMPUTED_FRONTEND","INTERNAL_TECHNICAL_OR_SAFE_UI","SAFE","L2_FILTERED"
"NUM_14952","700","700","count"," <h3 className=""su-title text-indigo-700"">{quota}</h3> </div> ","Component","frontend\src\components\college\MedicalTruthSeatsSection.jsx","COMPUTED_FRONTEND","INTERNAL_TECHNICAL_OR_SAFE_UI","SAFE","L2_FILTERED"
"NUM_14953","3","3","count","h3 className=""su-title text-indigo-700"">{quota}</h3> </div> ","Component","frontend\src\components\college\MedicalTruthSeatsSection.jsx","COMPUTED_FRONTEND","INTERNAL_TECHNICAL_OR_SAFE_UI","SAFE","L2_FILTERED"
"NUM_15066","404","404","count",") { if (err.response?.status !== 404) { console.error(""Failed to ","Component","frontend\src\components\college\TruthCoursesSection.jsx","FALLBACK_CONSTANT","INTERNAL_TECHNICAL_OR_SAFE_UI","SAFE","L2_FILTERED"
"NUM_15068","3","3","count","v className=""te-icon"">📚</div> <h3 className=""te-title"">No course registry available","Component","frontend\src\components\college\TruthCoursesSection.jsx","FALLBACK_CONSTANT","INTERNAL_TECHNICAL_OR_SAFE_UI","SAFE","L2_FILTERED"
"NUM_15069","3","3","count","assName=""te-title"">No course registry available</h3> <p className=""te-desc"">Current ","Component","frontend\src\components\college\TruthCoursesSection.jsx","FALLBACK_CONSTANT","INTERNAL_TECHNICAL_OR_SAFE_UI","SAFE","L2_FILTERED"
"NUM_15072","4","4","count","sName=""cc-header""> <h4 className=""cc-title"">{course.name}</h4> ","Component","frontend\src\components\college\TruthCoursesSection.jsx","COMPUTED_FRONTEND","INTERNAL_TECHNICAL_OR_SAFE_UI","SAFE","L2_FILTERED"
"NUM_15073","4","4","count"," <h4 className=""cc-title"">{course.name}</h4> {course.degree && <","Component","frontend\src\components\college\TruthCoursesSection.jsx","COMPUTED_FRONTEND","INTERNAL_TECHNICAL_OR_SAFE_UI","SAFE","L2_FILTERED"
"NUM_15391","1","1","count","tate(null); const [page, setPage] = useState(1); const [initialLoading, setInitialLoading] ","Component","frontend\src\components\college\TruthCutoffsSection.jsx","FALLBACK_CONSTANT","INTERNAL_TECHNICAL_OR_SAFE_UI","SAFE","L2_FILTERED"
"NUM_15395","1","1","count","DisplayKey]; summary.totalEntries += 1; summary.quotas.add(normalizedQuota)","Component","frontend\src\components\college\TruthCutoffsSection.jsx","FALLBACK_CONSTANT","INTERNAL_TECHNICAL_OR_SAFE_UI","SAFE","L2_FILTERED"
"NUM_15396","0","0","count","seSummaries); if (courseNames.length === 0) return null; const allQuotas ","Component","frontend\src\components\college\TruthCutoffsSection.jsx","FALLBACK_CONSTANT","INTERNAL_TECHNICAL_OR_SAFE_UI","SAFE","L2_FILTERED"
"NUM_15397","0","0","count","mmaries).reduce((sum, s) => sum + s.totalEntries, 0), uniqueCourses: courseNames.length,","Component","frontend\src\components\college\TruthCutoffsSection.jsx","FALLBACK_CONSTANT","INTERNAL_TECHNICAL_OR_SAFE_UI","SAFE","L2_FILTERED"
"NUM_15401","1,","1","count"," useEffect(() => { loadCutoffsBatch(1, true); }, [collegeName, cutoffSearchName]); ","Component","frontend\src\components\college\TruthCutoffsSection.jsx","API_DERIVED","INTERNAL_TECHNICAL_OR_SAFE_UI","SAFE","L2_FILTERED"
"NUM_15402","1,","1","count","adingMore) { loadCutoffsBatch(page + 1, false); } }; const toggleCou","Component","frontend\src\components\college\TruthCutoffsSection.jsx","API_DERIVED","INTERNAL_TECHNICAL_OR_SAFE_UI","SAFE","L2_FILTERED"
"NUM_15409","3","3","count","v className=""te-icon"">🚫</div> <h3 className=""te-title"">Official data unavailable</h","Component","frontend\src\components\college\TruthCutoffsSection.jsx","FALLBACK_CONSTANT","INTERNAL_TECHNICAL_OR_SAFE_UI","SAFE","L2_FILTERED"
"NUM_15410","3","3","count"," className=""te-title"">Official data unavailable</h3> <p className=""te-desc"">No curre","Component","frontend\src\components\college\TruthCutoffsSection.jsx","FALLBACK_CONSTANT","INTERNAL_TECHNICAL_OR_SAFE_UI","SAFE","L2_FILTERED"
"NUM_15411","1","1","count","e=""ci-value text-indigo"">{summary.quotasCovered > 1 ? 'Multi-Quota' : 'Direct/Merit'}</span> ","Component","frontend\src\components\college\TruthCutoffsSection.jsx","COMPUTED_FRONTEND","INTERNAL_TECHNICAL_OR_SAFE_UI","SAFE","L2_FILTERED"
"NUM_15538","404","404","count","r) { if (err.response?.status !== 404) { console.error(""Failed to l","Component","frontend\src\components\college\TruthFeesSection.jsx","FALLBACK_CONSTANT","INTERNAL_TECHNICAL_OR_SAFE_UI","SAFE","L2_FILTERED"
"NUM_15540","3","3","count","iv className=""te-icon"">💰</div> <h3 className=""te-title"">Official fee data unavailabl","Component","frontend\src\components\college\TruthFeesSection.jsx","FALLBACK_CONSTANT","INTERNAL_TECHNICAL_OR_SAFE_UI","SAFE","L2_FILTERED"
"NUM_15541","3","3","count","ssName=""te-title"">Official fee data unavailable</h3> <p className=""te-desc"">No curren","Component","frontend\src\components\college\TruthFeesSection.jsx","FALLBACK_CONSTANT","INTERNAL_TECHNICAL_OR_SAFE_UI","SAFE","L2_FILTERED"
"NUM_15648","404","404","count",") { if (err.response?.status !== 404) { console.error(""Failed to ","Component","frontend\src\components\college\TruthPlacementsSection.jsx","FALLBACK_CONSTANT","INTERNAL_TECHNICAL_OR_SAFE_UI","SAFE","L2_FILTERED"
"NUM_15797","0,","0","count","itle: programKey, totalSeats: 0, quotas: new Set(), ","Component","frontend\src\components\college\TruthSeatMatrixSection.jsx","FALLBACK_CONSTANT","HARDCODED_UNVERIFIED","REVIEW","L3_FACTUAL"
"NUM_15800","0","0","count","rogramSummaries); if (programs.length === 0) return null; return { total","Component","frontend\src\components\college\TruthSeatMatrixSection.jsx","FALLBACK_CONSTANT","INTERNAL_TECHNICAL_OR_SAFE_UI","SAFE","L2_FILTERED"
"NUM_15803","500","500","count","chName || collegeName, limit: 500 }; const result ","Component","frontend\src\components\college\TruthSeatMatrixSection.jsx","FALLBACK_CONSTANT","INTERNAL_TECHNICAL_OR_SAFE_UI","SAFE","L2_FILTERED"
"NUM_15810","3","3","count","iv className=""te-icon"">🪑</div> <h3 className=""te-title"">No Seat Matrix available</h3","Component","frontend\src\components\college\TruthSeatMatrixSection.jsx","FALLBACK_CONSTANT","INTERNAL_TECHNICAL_OR_SAFE_UI","SAFE","L2_FILTERED"
"NUM_15811","3","3","count","3 className=""te-title"">No Seat Matrix available</h3> <p className=""te-desc"">Official ","Component","frontend\src\components\college\TruthSeatMatrixSection.jsx","FALLBACK_CONSTANT","INTERNAL_TECHNICAL_OR_SAFE_UI","SAFE","L2_FILTERED"
"NUM_15812","3","3","count","Name=""su-info""> <h3 className=""su-title"">{title}</h3> ","Component","frontend\src\components\college\TruthSeatMatrixSection.jsx","COMPUTED_FRONTEND","INTERNAL_TECHNICAL_OR_SAFE_UI","SAFE","L2_FILTERED"
"NUM_15813","3","3","count"," <h3 className=""su-title"">{title}</h3> <div className=""","Component","frontend\src\components\college\TruthSeatMatrixSection.jsx","COMPUTED_FRONTEND","INTERNAL_TECHNICAL_OR_SAFE_UI","SAFE","L2_FILTERED"
"NUM_15962","404","404","count"," } catch (err) { // Ignore 404s as they are handled by the response state now (o","Component","frontend\src\components\college\TruthSeatsSection.jsx","FALLBACK_CONSTANT","INTERNAL_TECHNICAL_OR_SAFE_UI","SAFE","L2_FILTERED"
"NUM_15963","200","200","count","as they are handled by the response state now (or 200 soft-missing) if (err.response?.","Component","frontend\src\components\college\TruthSeatsSection.jsx","FALLBACK_CONSTANT","INTERNAL_TECHNICAL_OR_SAFE_UI","SAFE","L2_FILTERED"
"NUM_15964","404","404","count","ng) if (err.response?.status !== 404) { console.error(""Failed to ","Component","frontend\src\components\college\TruthSeatsSection.jsx","FALLBACK_CONSTANT","INTERNAL_TECHNICAL_OR_SAFE_UI","SAFE","L2_FILTERED"
"NUM_15967","0,","0","count"," totalIntake, degrees: degrees.slice(0, 3) }; }, [data]); if (isLoad","Component","frontend\src\components\college\TruthSeatsSection.jsx","FALLBACK_CONSTANT","INTERNAL_TECHNICAL_OR_SAFE_UI","SAFE","L2_FILTERED"
"NUM_15968","3","3","count","talIntake, degrees: degrees.slice(0, 3) }; }, [data]); if (isLoadin","Component","frontend\src\components\college\TruthSeatsSection.jsx","FALLBACK_CONSTANT","INTERNAL_TECHNICAL_OR_SAFE_UI","SAFE","L2_FILTERED"
"NUM_15970","3","3","count","v className=""te-icon"">🚫</div> <h3 className=""te-title"">Official data unavailable</h","Component","frontend\src\components\college\TruthSeatsSection.jsx","FALLBACK_CONSTANT","INTERNAL_TECHNICAL_OR_SAFE_UI","SAFE","L2_FILTERED"
"NUM_15971","3","3","count"," className=""te-title"">Official data unavailable</h3> <p className=""te-desc"">No curre","Component","frontend\src\components\college\TruthSeatsSection.jsx","FALLBACK_CONSTANT","INTERNAL_TECHNICAL_OR_SAFE_UI","SAFE","L2_FILTERED"
"NUM_16359","0","0","count"," const [liveViewers, setLiveViewers] = useState(0); useEffect(() => { if (!college?","Component","frontend\src\components\CollegeHero.jsx","FALLBACK_CONSTANT","INTERNAL_TECHNICAL_OR_SAFE_UI","SAFE","L2_FILTERED"
"NUM_16360","0","0","count",") .then(data => { if (data.viewers > 0) setLiveViewers(data.viewers); }) .c","Component","frontend\src\components\CollegeHero.jsx","API_DERIVED","INTERNAL_TECHNICAL_OR_SAFE_UI","SAFE","L2_FILTERED"
"NUM_16379","0","0","count"," {college.courses?.length > 0 && ( <span class","Component","frontend\src\components\CollegeHero.jsx","FALLBACK_CONSTANT","INTERNAL_TECHNICAL_OR_SAFE_UI","SAFE","L2_FILTERED"
"NUM_16384","0","0","count"," {college.ceiScore && college.ceiScore > 0 ? ( <Link href=""/methodo","Component","frontend\src\components\CollegeHero.jsx","FALLBACK_CONSTANT","HARDCODED_UNVERIFIED","REVIEW","L3_FACTUAL"
"NUM_16404","0","0","count"," )} {liveViewers > 0 && ( <div className=""liv","Component","frontend\src\components\CollegeHero.jsx","FALLBACK_CONSTANT","INTERNAL_TECHNICAL_OR_SAFE_UI","SAFE","L2_FILTERED"
"NUM_16408","1","1","count"," 60; if (college?.rankingTier?.includes('1')) baseScore = 90; else if (college?.ran","Component","frontend\src\components\CollegeRadarChart.jsx","FALLBACK_CONSTANT","HARDCODED_UNVERIFIED","REVIEW","L3_FACTUAL"
"NUM_16409","90","90","count","(college?.rankingTier?.includes('1')) baseScore = 90; else if (college?.rankingTier?.includes","Component","frontend\src\components\CollegeRadarChart.jsx","FALLBACK_CONSTANT","HARDCODED_UNVERIFIED","REVIEW","L3_FACTUAL"
"NUM_16410","2","2","count"," else if (college?.rankingTier?.includes('2')) baseScore = 75; // Slight randomiza","Component","frontend\src\components\CollegeRadarChart.jsx","FALLBACK_CONSTANT","INTERNAL_TECHNICAL_OR_SAFE_UI","SAFE","L2_FILTERED"
"NUM_16411","75","75","count","(college?.rankingTier?.includes('2')) baseScore = 75; // Slight randomization for visual va","Component","frontend\src\components\CollegeRadarChart.jsx","FALLBACK_CONSTANT","INTERNAL_TECHNICAL_OR_SAFE_UI","SAFE","L2_FILTERED"
"NUM_16424","100","100","count","{ subject: 'Value / ROI', A: adjust(2), fullMark: 100 }, { subject: 'Campus Life', A: adju","Component","frontend\src\components\CollegeRadarChart.jsx","COMPUTED_FRONTEND","INTERNAL_TECHNICAL_OR_SAFE_UI","SAFE","L2_FILTERED"
"NUM_16425","5","5","count"," { subject: 'Campus Life', A: adjust(5), fullMark: 100 }, { subject: 'Innov","Component","frontend\src\components\CollegeRadarChart.jsx","COMPUTED_FRONTEND","INTERNAL_TECHNICAL_OR_SAFE_UI","SAFE","L2_FILTERED"
"NUM_16426","100","100","count","{ subject: 'Campus Life', A: adjust(5), fullMark: 100 }, { subject: 'Innovation', A: adjus","Component","frontend\src\components\CollegeRadarChart.jsx","COMPUTED_FRONTEND","INTERNAL_TECHNICAL_OR_SAFE_UI","SAFE","L2_FILTERED"
"NUM_16428","100","100","count"," { subject: 'Innovation', A: adjust(4), fullMark: 100 }, ]; }, [college]); const C","Component","frontend\src\components\CollegeRadarChart.jsx","COMPUTED_FRONTEND","INTERNAL_TECHNICAL_OR_SAFE_UI","SAFE","L2_FILTERED"
"NUM_16804","8","8","count","ulator""), { loading: () => <div className=""p-8 text-center text-slate-500"">Loading Calculator...","Component","frontend\src\components\CollegeTabs.jsx","FALLBACK_CONSTANT","INTERNAL_TECHNICAL_OR_SAFE_UI","SAFE","L2_FILTERED"
"NUM_16805","500","500","count"," () => <div className=""p-8 text-center text-slate-500"">Loading Calculator...</div> }); const Colleg","Component","frontend\src\components\CollegeTabs.jsx","FALLBACK_CONSTANT","INTERNAL_TECHNICAL_OR_SAFE_UI","SAFE","L2_FILTERED"
"NUM_16806","8","8","count","rChart""), { loading: () => <div className=""p-8 text-center text-slate-500"">Loading Intelligence ","Component","frontend\src\components\CollegeTabs.jsx","FALLBACK_CONSTANT","INTERNAL_TECHNICAL_OR_SAFE_UI","SAFE","L2_FILTERED"
"NUM_16807","500","500","count"," () => <div className=""p-8 text-center text-slate-500"">Loading Intelligence Map...</div> }); const ","Component","frontend\src\components\CollegeTabs.jsx","FALLBACK_CONSTANT","INTERNAL_TECHNICAL_OR_SAFE_UI","SAFE","L2_FILTERED"
"NUM_16808","0","0","count"," if (!str || typeof str !== 'string') return 0; // Normalize string let clean = ","Component","frontend\src\components\CollegeTabs.jsx","FALLBACK_CONSTANT","INTERNAL_TECHNICAL_OR_SAFE_UI","SAFE","L2_FILTERED"
"NUM_16809","1","1","count","place(/rs\.?/g, '').trim(); let multiplier = 1; // Detect multipliers if (clean.incl","Component","frontend\src\components\CollegeTabs.jsx","FALLBACK_CONSTANT","INTERNAL_TECHNICAL_OR_SAFE_UI","SAFE","L2_FILTERED"
"NUM_16810","10000000","10000000","count"," clean.includes('crore')) { multiplier = 10000000; clean = clean.replace(/crores?/g, '').r","Component","frontend\src\components\CollegeTabs.jsx","FALLBACK_CONSTANT","HARDCODED_UNVERIFIED","REVIEW","L3_FACTUAL"
"NUM_16811","100000","100000","count","|| clean.includes('lpa')) { multiplier = 100000; clean = clean.replace(/lakhs?/g, '').re","Component","frontend\src\components\CollegeTabs.jsx","FALLBACK_CONSTANT","HARDCODED_UNVERIFIED","REVIEW","L3_FACTUAL"
"NUM_16813",".,",".","count","ace(/k/g, ''); } // Handle ranges (e.g., ""15-25"") const ranges = clean.match(/[\d\.]+","Component","frontend\src\components\CollegeTabs.jsx","FALLBACK_CONSTANT","INTERNAL_TECHNICAL_OR_SAFE_UI","SAFE","L2_FILTERED"
"NUM_16814","15","15","count","/k/g, ''); } // Handle ranges (e.g., ""15-25"") const ranges = clean.match(/[\d\.]+/g);","Component","frontend\src\components\CollegeTabs.jsx","FALLBACK_CONSTANT","INTERNAL_TECHNICAL_OR_SAFE_UI","SAFE","L2_FILTERED"
"NUM_16815","25","25","count","g, ''); } // Handle ranges (e.g., ""15-25"") const ranges = clean.match(/[\d\.]+/g); ","Component","frontend\src\components\CollegeTabs.jsx","FALLBACK_CONSTANT","INTERNAL_TECHNICAL_OR_SAFE_UI","SAFE","L2_FILTERED"
"NUM_16816","0","0","count","[\d\.]+/g); if (!ranges || ranges.length === 0) return 0; // If it's a range, take the av","Component","frontend\src\components\CollegeTabs.jsx","FALLBACK_CONSTANT","INTERNAL_TECHNICAL_OR_SAFE_UI","SAFE","L2_FILTERED"
"NUM_16817","0","0","count","; if (!ranges || ranges.length === 0) return 0; // If it's a range, take the average ","Component","frontend\src\components\CollegeTabs.jsx","FALLBACK_CONSTANT","INTERNAL_TECHNICAL_OR_SAFE_UI","SAFE","L2_FILTERED"
"NUM_16818","0","0","count"," If it's a range, take the average let val = 0; if (ranges.length >= 2) { val = (p","Component","frontend\src\components\CollegeTabs.jsx","FALLBACK_CONSTANT","INTERNAL_TECHNICAL_OR_SAFE_UI","SAFE","L2_FILTERED"
"NUM_16825","500,","500","count","Intelligent heuristic for unit-less numbers (if < 500, assume Lakhs for salaries) if (multiplier ==","Component","frontend\src\components\CollegeTabs.jsx","FALLBACK_CONSTANT","INTERNAL_TECHNICAL_OR_SAFE_UI","SAFE","L2_FILTERED"
"NUM_16826","1","1","count","ssume Lakhs for salaries) if (multiplier === 1 && val > 0 && val < 500) { multiplier = ","Component","frontend\src\components\CollegeTabs.jsx","FALLBACK_CONSTANT","INTERNAL_TECHNICAL_OR_SAFE_UI","SAFE","L2_FILTERED"
"NUM_16827","0","0","count"," for salaries) if (multiplier === 1 && val > 0 && val < 500) { multiplier = 100000; ","Component","frontend\src\components\CollegeTabs.jsx","FALLBACK_CONSTANT","INTERNAL_TECHNICAL_OR_SAFE_UI","SAFE","L2_FILTERED"
"NUM_16828","500","500","count","es) if (multiplier === 1 && val > 0 && val < 500) { multiplier = 100000; } re","Component","frontend\src\components\CollegeTabs.jsx","COMPUTED_FRONTEND","INTERNAL_TECHNICAL_OR_SAFE_UI","SAFE","L2_FILTERED"
"NUM_16829","100000","100000","count"," && val > 0 && val < 500) { multiplier = 100000; } return val * multiplier; }; ex","Component","frontend\src\components\CollegeTabs.jsx","COMPUTED_FRONTEND","INTERNAL_TECHNICAL_OR_SAFE_UI","SAFE","L2_FILTERED"
"NUM_16830","0,","0","count","ReviewsData] = useState({ reviews: [], avgRating: 0, totalReviews: 0 }); const [isReviewModalOpen","Component","frontend\src\components\CollegeTabs.jsx","COMPUTED_FRONTEND","INTERNAL_TECHNICAL_OR_SAFE_UI","SAFE","L2_FILTERED"
"NUM_16831","0","0","count","eState({ reviews: [], avgRating: 0, totalReviews: 0 }); const [isReviewModalOpen, setIsReviewMod","Component","frontend\src\components\CollegeTabs.jsx","COMPUTED_FRONTEND","INTERNAL_TECHNICAL_OR_SAFE_UI","SAFE","L2_FILTERED"
"NUM_16832","8","8","count"," // Convert to string and replace mangled UTF-8 bytes (E2 82 B9 interpreted as ISO-8859-1) or lit","Component","frontend\src\components\CollegeTabs.jsx","FALLBACK_CONSTANT","INTERNAL_TECHNICAL_OR_SAFE_UI","SAFE","L2_FILTERED"
"NUM_16833","2","2","count","nvert to string and replace mangled UTF-8 bytes (E2 82 B9 interpreted as ISO-8859-1) or literal ₹ ","Component","frontend\src\components\CollegeTabs.jsx","FALLBACK_CONSTANT","INTERNAL_TECHNICAL_OR_SAFE_UI","SAFE","L2_FILTERED"
"NUM_16834","82","82","count","ert to string and replace mangled UTF-8 bytes (E2 82 B9 interpreted as ISO-8859-1) or literal ₹ ","Component","frontend\src\components\CollegeTabs.jsx","FALLBACK_CONSTANT","INTERNAL_TECHNICAL_OR_SAFE_UI","SAFE","L2_FILTERED"
"NUM_16835","9","9","count","to string and replace mangled UTF-8 bytes (E2 82 B9 interpreted as ISO-8859-1) or literal ₹ ","Component","frontend\src\components\CollegeTabs.jsx","FALLBACK_CONSTANT","INTERNAL_TECHNICAL_OR_SAFE_UI","SAFE","L2_FILTERED"
"NUM_16836","8859","8859","count"," mangled UTF-8 bytes (E2 82 B9 interpreted as ISO-8859-1) or literal ₹ return val.toString().re","Component","frontend\src\components\CollegeTabs.jsx","FALLBACK_CONSTANT","INTERNAL_TECHNICAL_OR_SAFE_UI","SAFE","L2_FILTERED"
"NUM_16837","1","1","count","led UTF-8 bytes (E2 82 B9 interpreted as ISO-8859-1) or literal ₹ return val.toString().repl","Component","frontend\src\components\CollegeTabs.jsx","FALLBACK_CONSTANT","INTERNAL_TECHNICAL_OR_SAFE_UI","SAFE","L2_FILTERED"
"NUM_16838","20","20","count","ral ₹ return val.toString().replace(/[^\x20-\x7E₹]/g, '').replace(/₹/g, 'INR ').replace(/â‚¹/","Component","frontend\src\components\CollegeTabs.jsx","FALLBACK_CONSTANT","INTERNAL_TECHNICAL_OR_SAFE_UI","SAFE","L2_FILTERED"
"NUM_16839","7","7","count"," return val.toString().replace(/[^\x20-\x7E₹]/g, '').replace(/₹/g, 'INR ').replace(/â‚¹/g, '","Component","frontend\src\components\CollegeTabs.jsx","FALLBACK_CONSTANT","INTERNAL_TECHNICAL_OR_SAFE_UI","SAFE","L2_FILTERED"
"NUM_16842","3","3","count","""> <h3 className=""tab-heading"">Institutional Identity</h","Component","frontend\src\components\CollegeTabs.jsx","FALLBACK_CONSTANT","INTERNAL_TECHNICAL_OR_SAFE_UI","SAFE","L2_FILTERED"
"NUM_16843","3","3","count"," className=""tab-heading"">Institutional Identity</h3> <p ","Component","frontend\src\components\CollegeTabs.jsx","FALLBACK_CONSTANT","INTERNAL_TECHNICAL_OR_SAFE_UI","SAFE","L2_FILTERED"
"NUM_16850","3","3","count"," <h3 className=""tab-heading"">Program Inventory</h3> ","Component","frontend\src\components\CollegeTabs.jsx","FALLBACK_CONSTANT","INTERNAL_TECHNICAL_OR_SAFE_UI","SAFE","L2_FILTERED"
"NUM_16851","3","3","count"," <h3 className=""tab-heading"">Program Inventory</h3> ","Component","frontend\src\components\CollegeTabs.jsx","FALLBACK_CONSTANT","INTERNAL_TECHNICAL_OR_SAFE_UI","SAFE","L2_FILTERED"
"NUM_16854","0,","0","count"," {(college.courses || []).slice(0, showAllPrograms ? undefined : 8).map((course, idx","Component","frontend\src\components\CollegeTabs.jsx","FALLBACK_CONSTANT","INTERNAL_TECHNICAL_OR_SAFE_UI","SAFE","L2_FILTERED"
"NUM_16855","8","8","count","ses || []).slice(0, showAllPrograms ? undefined : 8).map((course, idx) => ( ","Component","frontend\src\components\CollegeTabs.jsx","FALLBACK_CONSTANT","INTERNAL_TECHNICAL_OR_SAFE_UI","SAFE","L2_FILTERED"
"NUM_16856","2","2","count"," <div className=""pmc-footer mb-2""> ","Component","frontend\src\components\CollegeTabs.jsx","FALLBACK_CONSTANT","INTERNAL_TECHNICAL_OR_SAFE_UI","SAFE","L2_FILTERED"
"NUM_16864","0","0","count"," {course.seatMatrix.sc > 0 && <span className=""text-blue-400"">SC: {course.se","Component","frontend\src\components\CollegeTabs.jsx","FALLBACK_CONSTANT","INTERNAL_TECHNICAL_OR_SAFE_UI","SAFE","L2_FILTERED"
"NUM_16865","400","400","count","e.seatMatrix.sc > 0 && <span className=""text-blue-400"">SC: {course.seatMatrix.sc}</span>} ","Component","frontend\src\components\CollegeTabs.jsx","COMPUTED_FRONTEND","INTERNAL_TECHNICAL_OR_SAFE_UI","SAFE","L2_FILTERED"
"NUM_16866","0","0","count"," {course.seatMatrix.st > 0 && <span className=""text-violet-400"">ST: {course.","Component","frontend\src\components\CollegeTabs.jsx","FALLBACK_CONSTANT","INTERNAL_TECHNICAL_OR_SAFE_UI","SAFE","L2_FILTERED"
"NUM_16867","400","400","count","seatMatrix.st > 0 && <span className=""text-violet-400"">ST: {course.seatMatrix.st}</span>} ","Component","frontend\src\components\CollegeTabs.jsx","COMPUTED_FRONTEND","INTERNAL_TECHNICAL_OR_SAFE_UI","SAFE","L2_FILTERED"
"NUM_16868","0","0","count"," {course.seatMatrix.obc > 0 && <span className=""text-orange-400"">OBC: {course","Component","frontend\src\components\CollegeTabs.jsx","FALLBACK_CONSTANT","INTERNAL_TECHNICAL_OR_SAFE_UI","SAFE","L2_FILTERED"
"NUM_16869","400","400","count","eatMatrix.obc > 0 && <span className=""text-orange-400"">OBC: {course.seatMatrix.obc}</span>} ","Component","frontend\src\components\CollegeTabs.jsx","COMPUTED_FRONTEND","INTERNAL_TECHNICAL_OR_SAFE_UI","SAFE","L2_FILTERED"
"NUM_16870","0","0","count"," {course.seatMatrix.ews > 0 && <span className=""text-rose-400"">EWS: {course.s","Component","frontend\src\components\CollegeTabs.jsx","FALLBACK_CONSTANT","INTERNAL_TECHNICAL_OR_SAFE_UI","SAFE","L2_FILTERED"
"NUM_16871","400","400","count",".seatMatrix.ews > 0 && <span className=""text-rose-400"">EWS: {course.seatMatrix.ews}</span>} ","Component","frontend\src\components\CollegeTabs.jsx","COMPUTED_FRONTEND","INTERNAL_TECHNICAL_OR_SAFE_UI","SAFE","L2_FILTERED"
"NUM_16872","8","8","count"," {college.courses?.length > 8 && ( ","Component","frontend\src\components\CollegeTabs.jsx","FALLBACK_CONSTANT","INTERNAL_TECHNICAL_OR_SAFE_UI","SAFE","L2_FILTERED"
"NUM_16873","6","6","count"," className=""intel-action-btn mt-6"" ","Component","frontend\src\components\CollegeTabs.jsx","FALLBACK_CONSTANT","INTERNAL_TECHNICAL_OR_SAFE_UI","SAFE","L2_FILTERED"
"NUM_16874","8","8","count"," <div className=""intel-header mb-8""> <div className","Component","frontend\src\components\CollegeTabs.jsx","FALLBACK_CONSTANT","INTERNAL_TECHNICAL_OR_SAFE_UI","SAFE","L2_FILTERED"
"NUM_16875","3","3","count","der-info""> <h3 className=""tab-heading"">Performance Vector</h3> ","Component","frontend\src\components\CollegeTabs.jsx","FALLBACK_CONSTANT","INTERNAL_TECHNICAL_OR_SAFE_UI","SAFE","L2_FILTERED"
"NUM_16876","3","3","count"," <h3 className=""tab-heading"">Performance Vector</h3> <p classNam","Component","frontend\src\components\CollegeTabs.jsx","FALLBACK_CONSTANT","INTERNAL_TECHNICAL_OR_SAFE_UI","SAFE","L2_FILTERED"
"NUM_16878","3","3","count"," <h3 className=""tab-heading"">Seats & Intake</h3> <p className=""overv","Component","frontend\src\components\CollegeTabs.jsx","FALLBACK_CONSTANT","INTERNAL_TECHNICAL_OR_SAFE_UI","SAFE","L2_FILTERED"
"NUM_16879","6","6","count"," <p className=""overview-text mb-6""> Evaluated inta","Component","frontend\src\components\CollegeTabs.jsx","FALLBACK_CONSTANT","INTERNAL_TECHNICAL_OR_SAFE_UI","SAFE","L2_FILTERED"
"NUM_16881","3","3","count","h3 className=""tab-heading"">Cutoffs & Thresholds</h3> <p className=""overv","Component","frontend\src\components\CollegeTabs.jsx","FALLBACK_CONSTANT","INTERNAL_TECHNICAL_OR_SAFE_UI","SAFE","L2_FILTERED"
"NUM_16882","6","6","count"," <p className=""overview-text mb-6""> Evaluated admi","Component","frontend\src\components\CollegeTabs.jsx","FALLBACK_CONSTANT","INTERNAL_TECHNICAL_OR_SAFE_UI","SAFE","L2_FILTERED"
"NUM_16885","6","6","count"," <p className=""overview-text mb-6""> Evaluated inst","Component","frontend\src\components\CollegeTabs.jsx","FALLBACK_CONSTANT","INTERNAL_TECHNICAL_OR_SAFE_UI","SAFE","L2_FILTERED"
"NUM_16887","3","3","count"," <h3 className=""tab-heading"">Fee Structure</h3> <p className=""overv","Component","frontend\src\components\CollegeTabs.jsx","FALLBACK_CONSTANT","INTERNAL_TECHNICAL_OR_SAFE_UI","SAFE","L2_FILTERED"
"NUM_16888","6","6","count"," <p className=""overview-text mb-6""> Official insti","Component","frontend\src\components\CollegeTabs.jsx","FALLBACK_CONSTANT","INTERNAL_TECHNICAL_OR_SAFE_UI","SAFE","L2_FILTERED"
"NUM_16899","3","3","count","}}> A real-world 3D volumetric projection of {college.shortName}'s s","Component","frontend\src\components\CollegeTabs.jsx","API_DERIVED","INTERNAL_TECHNICAL_OR_SAFE_UI","SAFE","L2_FILTERED"
"NUM_16900","3","3","count"," </p> <Nexus3DCore college={college} /> ","Component","frontend\src\components\CollegeTabs.jsx","COMPUTED_FRONTEND","INTERNAL_TECHNICAL_OR_SAFE_UI","SAFE","L2_FILTERED"
"NUM_16901","150000,","150000","count"," tuition: parseCurrency(college.tuition) || 150000, avgPackage: pars","Component","frontend\src\components\CollegeTabs.jsx","FALLBACK_CONSTANT","INTERNAL_TECHNICAL_OR_SAFE_UI","SAFE","L2_FILTERED"
"NUM_16904","3","3","count"," <div> <h3 className=""tab-heading mb-1"">Student Reviews</h3>","Component","frontend\src\components\CollegeTabs.jsx","FALLBACK_CONSTANT","INTERNAL_TECHNICAL_OR_SAFE_UI","SAFE","L2_FILTERED"
"NUM_16905","1","1","count"," <h3 className=""tab-heading mb-1"">Student Reviews</h3> ","Component","frontend\src\components\CollegeTabs.jsx","FALLBACK_CONSTANT","INTERNAL_TECHNICAL_OR_SAFE_UI","SAFE","L2_FILTERED"
"NUM_16906","3","3","count","h3 className=""tab-heading mb-1"">Student Reviews</h3> <div classN","Component","frontend\src\components\CollegeTabs.jsx","FALLBACK_CONSTANT","INTERNAL_TECHNICAL_OR_SAFE_UI","SAFE","L2_FILTERED"
"NUM_16908","2","2","count","-bold uppercase tracking-widest text-slate-400 mb-2"">{label}</label>} <div className=""","Component","frontend\src\components\Combobox.jsx","COMPUTED_FRONTEND","INTERNAL_TECHNICAL_OR_SAFE_UI","SAFE","L2_FILTERED"
"NUM_16916","300","300","count","${selectedOption ? 'text-slate-900' : 'text-slate-300 group-hover:text-slate-400'}`}> ","Component","frontend\src\components\Combobox.jsx","COMPUTED_FRONTEND","INTERNAL_TECHNICAL_OR_SAFE_UI","SAFE","L2_FILTERED"
"NUM_16917","400","400","count","ate-900' : 'text-slate-300 group-hover:text-slate-400'}`}> {selectedOption ? s","Component","frontend\src\components\Combobox.jsx","FALLBACK_CONSTANT","INTERNAL_TECHNICAL_OR_SAFE_UI","SAFE","L2_FILTERED"
"NUM_16920","180","180","count","slate-400 transition-transform ${isOpen ? 'rotate-180' : ''}`} /> </button> ","Component","frontend\src\components\Combobox.jsx","COMPUTED_FRONTEND","INTERNAL_TECHNICAL_OR_SAFE_UI","SAFE","L2_FILTERED"
"NUM_16921","50","50","count","( <div className=""absolute z-50 w-full mt-2 bg-white rounded-2xl shadow-2xl borde","Component","frontend\src\components\Combobox.jsx","FALLBACK_CONSTANT","INTERNAL_TECHNICAL_OR_SAFE_UI","SAFE","L2_FILTERED"
"NUM_16947","0","0","count"," {filteredOptions.length === 0 ? ( <div classNa","Component","frontend\src\components\Combobox.jsx","FALLBACK_CONSTANT","INTERNAL_TECHNICAL_OR_SAFE_UI","SAFE","L2_FILTERED"
"NUM_16954","900","900","count"," ? 'bg-slate-900 text-white' ","Component","frontend\src\components\Combobox.jsx","FALLBACK_CONSTANT","INTERNAL_TECHNICAL_OR_SAFE_UI","SAFE","L2_FILTERED"
"NUM_16955","600","600","count"," : 'text-slate-600 hover:bg-slate-100 hover:text-slate-900' ","Component","frontend\src\components\Combobox.jsx","FALLBACK_CONSTANT","INTERNAL_TECHNICAL_OR_SAFE_UI","SAFE","L2_FILTERED"
"NUM_16956","100","100","count"," : 'text-slate-600 hover:bg-slate-100 hover:text-slate-900' ","Component","frontend\src\components\Combobox.jsx","FALLBACK_CONSTANT","INTERNAL_TECHNICAL_OR_SAFE_UI","SAFE","L2_FILTERED"
"NUM_16957","900","900","count","ext-slate-600 hover:bg-slate-100 hover:text-slate-900' }`}","Component","frontend\src\components\Combobox.jsx","FALLBACK_CONSTANT","INTERNAL_TECHNICAL_OR_SAFE_UI","SAFE","L2_FILTERED"
"NUM_16960","10","10","count","d: 1, title: ""Data Harvesting"", value: ""10M+"", label: ""DATA POINTS"", description: ","Component","frontend\src\components\CommunityExtras.jsx","FALLBACK_CONSTANT","INTERNAL_TECHNICAL_OR_SAFE_UI","SAFE","L2_FILTERED"
"NUM_16961","5","5","count","luated nodes."", icon: <Database className=""w-5 h-5"" />, accent: ""blue"" }, { id: ","Component","frontend\src\components\CommunityExtras.jsx","FALLBACK_CONSTANT","INTERNAL_TECHNICAL_OR_SAFE_UI","SAFE","L2_FILTERED"
"NUM_16963","2,","2","count"," h-5"" />, accent: ""blue"" }, { id: 2, title: ""Signal Extraction"", value: ""99.","Component","frontend\src\components\CommunityExtras.jsx","FALLBACK_CONSTANT","INTERNAL_TECHNICAL_OR_SAFE_UI","SAFE","L2_FILTERED"
"NUM_16964","99.9%","99.9","%"," 2, title: ""Signal Extraction"", value: ""99.9%"", label: ""NOISE FILTER"", description: ""","Component","frontend\src\components\CommunityExtras.jsx","FALLBACK_CONSTANT","INTERNAL_TECHNICAL_OR_SAFE_UI","SAFE","L2_FILTERED"
"NUM_16965","5","5","count"," the raw truth."", icon: <Filter className=""w-5 h-5"" />, accent: ""purple"" }, { id","Component","frontend\src\components\CommunityExtras.jsx","FALLBACK_CONSTANT","INTERNAL_TECHNICAL_OR_SAFE_UI","SAFE","L2_FILTERED"
"NUM_16967","3,","3","count","-5"" />, accent: ""purple"" }, { id: 3, title: ""Profile Alignment"", value: ""MAT","Component","frontend\src\components\CommunityExtras.jsx","FALLBACK_CONSTANT","INTERNAL_TECHNICAL_OR_SAFE_UI","SAFE","L2_FILTERED"
"NUM_16975","2","2","count","erif-accent"">perfect choice</span>. </h2> <p className=""nexus-subtitle fadeIn d","Component","frontend\src\components\CommunityExtras.jsx","FALLBACK_CONSTANT","INTERNAL_TECHNICAL_OR_SAFE_UI","SAFE","L2_FILTERED"
"NUM_17101","0","0","count","?"")) return null; if (compareList.length === 0) return null; return ( <div cla","Component","frontend\src\components\CompareFloatingBar.jsx","FALLBACK_CONSTANT","INTERNAL_TECHNICAL_OR_SAFE_UI","SAFE","L2_FILTERED"
"NUM_17102","3","3","count"," className=""compare-count"">{compareList.length} / 3</span> <button className","Component","frontend\src\components\CompareFloatingBar.jsx","COMPUTED_FRONTEND","INTERNAL_TECHNICAL_OR_SAFE_UI","SAFE","L2_FILTERED"
"NUM_17107","100+","100","count+","ms"", description: ""Understand how 100+ entrance exams connect to real seats, not just sc","Component","frontend\src\components\CorePaths.jsx","FALLBACK_CONSTANT","INTERNAL_TECHNICAL_OR_SAFE_UI","SAFE","L2_FILTERED"
"NUM_17255","100","100","count"," <span className=""dcb-score"">{score}/100</span> )} </span> ","Component","frontend\src\components\DataConfidenceBadge.jsx","API_DERIVED","API_DERIVED_UNVERIFIED","SAFE","L3_FACTUAL"
"NUM_17256","100","100","count"," <strong>{cfg.label}{score !== null ? ` (${score}/100)` : """"}</strong> <p>{cfg.des","Component","frontend\src\components\DataConfidenceBadge.jsx","API_DERIVED","INTERNAL_TECHNICAL_OR_SAFE_UI","SAFE","L2_FILTERED"
"NUM_17522","90","90","count","rder-white/50 shadow-2xl overflow-hidden bg-white/90""> {/* Header Decorative */} ","Component","frontend\src\components\DeadlineModal.jsx","COMPUTED_FRONTEND","INTERNAL_TECHNICAL_OR_SAFE_UI","SAFE","L2_FILTERED"
"NUM_17528","500","500","count","0 h-1.5 bg-gradient-to-r from-blue-500 via-indigo-500 to-purple-500"" /> <div cla","Component","frontend\src\components\DeadlineModal.jsx","FALLBACK_CONSTANT","INTERNAL_TECHNICAL_OR_SAFE_UI","SAFE","L2_FILTERED"
"NUM_17534","2","2","count","ck text-slate-900 tracking-tight"">Add Milestone</h2> <p className=""text-","Component","frontend\src\components\DeadlineModal.jsx","FALLBACK_CONSTANT","INTERNAL_TECHNICAL_OR_SAFE_UI","SAFE","L2_FILTERED"
"NUM_17541","4","4","count"," <form onSubmit={handleSubmit} className=""space-y-4""> <div className=""space-","Component","frontend\src\components\DeadlineModal.jsx","COMPUTED_FRONTEND","INTERNAL_TECHNICAL_OR_SAFE_UI","SAFE","L2_FILTERED"
"NUM_17542","1.5","1.5","count"," <div className=""space-y-1.5""> <label className=""","Component","frontend\src\components\DeadlineModal.jsx","FALLBACK_CONSTANT","INTERNAL_TECHNICAL_OR_SAFE_UI","SAFE","L2_FILTERED"
"NUM_17557","1.5","1.5","count"," <div className=""space-y-1.5""> <label classNa","Component","frontend\src\components\DeadlineModal.jsx","FALLBACK_CONSTANT","INTERNAL_TECHNICAL_OR_SAFE_UI","SAFE","L2_FILTERED"
"NUM_17570","1.5","1.5","count"," <div className=""space-y-1.5""> <label classNa","Component","frontend\src\components\DeadlineModal.jsx","FALLBACK_CONSTANT","INTERNAL_TECHNICAL_OR_SAFE_UI","SAFE","L2_FILTERED"
"NUM_17583","1.5","1.5","count"," <div className=""space-y-1.5""> <label className=""","Component","frontend\src\components\DeadlineModal.jsx","FALLBACK_CONSTANT","INTERNAL_TECHNICAL_OR_SAFE_UI","SAFE","L2_FILTERED"
"NUM_17602","2","2","count"," )} <div className=""pt-2""> <Button variant=""p","Component","frontend\src\components\DeadlineModal.jsx","FALLBACK_CONSTANT","INTERNAL_TECHNICAL_OR_SAFE_UI","SAFE","L2_FILTERED"
"NUM_17607","0","0","count","onst [selectedCount, setSelectedCount] = useState(0); useEffect(() => { const loadTim","Component","frontend\src\components\DeadlineWatchtower.jsx","FALLBACK_CONSTANT","INTERNAL_TECHNICAL_OR_SAFE_UI","SAFE","L2_FILTERED"
"NUM_17608","1.","1.","count"," = () => { try { // 1. Get User's My List from LocalStorage ","Component","frontend\src\components\DeadlineWatchtower.jsx","FALLBACK_CONSTANT","INTERNAL_TECHNICAL_OR_SAFE_UI","SAFE","L2_FILTERED"
"NUM_17609","0","0","count","length); if (myList.length === 0) { setLoading(false); ","Component","frontend\src\components\DeadlineWatchtower.jsx","FALLBACK_CONSTANT","INTERNAL_TECHNICAL_OR_SAFE_UI","SAFE","L2_FILTERED"
"NUM_17610","2.","2.","count"," return; } // 2. Extract Unique Exam IDs from My List ","Component","frontend\src\components\DeadlineWatchtower.jsx","FALLBACK_CONSTANT","INTERNAL_TECHNICAL_OR_SAFE_UI","SAFE","L2_FILTERED"
"NUM_17611","3.","3.","count"," } }); // 3. Match with Master Exam Data & Extract Dates ","Component","frontend\src\components\DeadlineWatchtower.jsx","FALLBACK_CONSTANT","INTERNAL_TECHNICAL_OR_SAFE_UI","SAFE","L2_FILTERED"
"NUM_17612","4.","4.","count"," } }); // 4. Sort Chronologically const sorte","Component","frontend\src\components\DeadlineWatchtower.jsx","FALLBACK_CONSTANT","INTERNAL_TECHNICAL_OR_SAFE_UI","SAFE","L2_FILTERED"
"NUM_17613","0","0","count","telligence...</div>; if (selectedCount === 0) { return ( <div className=","Component","frontend\src\components\DeadlineWatchtower.jsx","FALLBACK_CONSTANT","INTERNAL_TECHNICAL_OR_SAFE_UI","SAFE","L2_FILTERED"
"NUM_17622","0","0","count","vents.filter(e => e.parsedDate.isUrgent).length > 0 ? `${events.filter(e => ","Component","frontend\src\components\DeadlineWatchtower.jsx","FALLBACK_CONSTANT","INTERNAL_TECHNICAL_OR_SAFE_UI","SAFE","L2_FILTERED"
"NUM_17624","600","600","count","e={`month ${event.parsedDate.isUrgent ? 'text-red-600' : ''}`}> {e","Component","frontend\src\components\DeadlineWatchtower.jsx","COMPUTED_FRONTEND","INTERNAL_TECHNICAL_OR_SAFE_UI","SAFE","L2_FILTERED"
"NUM_17625","0,","0","count"," {event.parsedDate.monthName.substring(0, 3)} </span> ","Component","frontend\src\components\DeadlineWatchtower.jsx","COMPUTED_FRONTEND","INTERNAL_TECHNICAL_OR_SAFE_UI","SAFE","L2_FILTERED"
"NUM_17626","3","3","count"," {event.parsedDate.monthName.substring(0, 3)} </span> ","Component","frontend\src\components\DeadlineWatchtower.jsx","COMPUTED_FRONTEND","INTERNAL_TECHNICAL_OR_SAFE_UI","SAFE","L2_FILTERED"
"NUM_17628","4","4","count","d-header""> <h4>{event.title}</h4> ","Component","frontend\src\components\DeadlineWatchtower.jsx","COMPUTED_FRONTEND","INTERNAL_TECHNICAL_OR_SAFE_UI","SAFE","L2_FILTERED"
"NUM_17629","4","4","count"," <h4>{event.title}</h4> {event.pars","Component","frontend\src\components\DeadlineWatchtower.jsx","COMPUTED_FRONTEND","INTERNAL_TECHNICAL_OR_SAFE_UI","SAFE","L2_FILTERED"
"NUM_17632","6","6","count"," ) : ( <div className=""p-6 text-center text-slate-500 text-sm""> ","Component","frontend\src\components\DeadlineWatchtower.jsx","FALLBACK_CONSTANT","INTERNAL_TECHNICAL_OR_SAFE_UI","SAFE","L2_FILTERED"
"NUM_17633","500","500","count"," <div className=""p-6 text-center text-slate-500 text-sm""> No specific da","Component","frontend\src\components\DeadlineWatchtower.jsx","FALLBACK_CONSTANT","INTERNAL_TECHNICAL_OR_SAFE_UI","SAFE","L2_FILTERED"
"NUM_17725","0,","0","count"," animation: ping 1.5s cubic-bezier(0, 0, 0.2, 1) infinite; } ","Component","frontend\src\components\DeadlineWatchtower.jsx","FALLBACK_CONSTANT","INTERNAL_TECHNICAL_OR_SAFE_UI","SAFE","L2_FILTERED"
"NUM_17726","0,","0","count"," animation: ping 1.5s cubic-bezier(0, 0, 0.2, 1) infinite; } ","Component","frontend\src\components\DeadlineWatchtower.jsx","FALLBACK_CONSTANT","INTERNAL_TECHNICAL_OR_SAFE_UI","SAFE","L2_FILTERED"
"NUM_17727","0.2,","0.2","count"," animation: ping 1.5s cubic-bezier(0, 0, 0.2, 1) infinite; } ","Component","frontend\src\components\DeadlineWatchtower.jsx","FALLBACK_CONSTANT","INTERNAL_TECHNICAL_OR_SAFE_UI","SAFE","L2_FILTERED"
"NUM_17728","1","1","count"," animation: ping 1.5s cubic-bezier(0, 0, 0.2, 1) infinite; } @k","Component","frontend\src\components\DeadlineWatchtower.jsx","FALLBACK_CONSTANT","INTERNAL_TECHNICAL_OR_SAFE_UI","SAFE","L2_FILTERED"
"NUM_17815",".,",".","count","ue); // Sync if external query changes (e.g., from URL or clearing filters) // Using the ""","Component","frontend\src\components\DebouncedSearchInput.jsx","FALLBACK_CONSTANT","INTERNAL_TECHNICAL_OR_SAFE_UI","SAFE","L2_FILTERED"
"NUM_17816","500","500","count"," onChange(value); } }, 500); // 500ms professional debounce ","Component","frontend\src\components\DebouncedSearchInput.jsx","FALLBACK_CONSTANT","INTERNAL_TECHNICAL_OR_SAFE_UI","SAFE","L2_FILTERED"
"NUM_17817","500","500","count","hange(value); } }, 500); // 500ms professional debounce return","Component","frontend\src\components\DebouncedSearchInput.jsx","FALLBACK_CONSTANT","INTERNAL_TECHNICAL_OR_SAFE_UI","SAFE","L2_FILTERED"
"NUM_18092","4","4","count","arh"" ]; const BUDGETS = [ { label: ""Under ₹4 Lakhs"", value: ""0-400000"", hint: ""Affordable / Va","Component","frontend\src\components\DecisionEngine.jsx","FALLBACK_CONSTANT","INTERNAL_TECHNICAL_OR_SAFE_UI","SAFE","L2_FILTERED"
"NUM_18093","0","0","count","DGETS = [ { label: ""Under ₹4 Lakhs"", value: ""0-400000"", hint: ""Affordable / Value"" }, { lab","Component","frontend\src\components\DecisionEngine.jsx","COMPUTED_FRONTEND","INTERNAL_TECHNICAL_OR_SAFE_UI","SAFE","L2_FILTERED"
"NUM_18094","400000","400000","count","ETS = [ { label: ""Under ₹4 Lakhs"", value: ""0-400000"", hint: ""Affordable / Value"" }, { label: ""₹4","Component","frontend\src\components\DecisionEngine.jsx","COMPUTED_FRONTEND","INTERNAL_TECHNICAL_OR_SAFE_UI","SAFE","L2_FILTERED"
"NUM_18095","4","4","count","0"", hint: ""Affordable / Value"" }, { label: ""₹4 - ₹10 Lakhs"", value: ""400000-1000000"", hint: ""Sta","Component","frontend\src\components\DecisionEngine.jsx","FALLBACK_CONSTANT","HARDCODED_UNVERIFIED","REVIEW","L3_FACTUAL"
"NUM_18096","10","10","count","int: ""Affordable / Value"" }, { label: ""₹4 - ₹10 Lakhs"", value: ""400000-1000000"", hint: ""Standard ","Component","frontend\src\components\DecisionEngine.jsx","FALLBACK_CONSTANT","HARDCODED_UNVERIFIED","REVIEW","L3_FACTUAL"
"NUM_18097","400000","400000","count","Value"" }, { label: ""₹4 - ₹10 Lakhs"", value: ""400000-1000000"", hint: ""Standard Pvt"" }, { label: ""","Component","frontend\src\components\DecisionEngine.jsx","COMPUTED_FRONTEND","API_DERIVED_UNVERIFIED","SAFE","L3_FACTUAL"
"NUM_18098","1000000","1000000","count","}, { label: ""₹4 - ₹10 Lakhs"", value: ""400000-1000000"", hint: ""Standard Pvt"" }, { label: ""Above ₹1","Component","frontend\src\components\DecisionEngine.jsx","COMPUTED_FRONTEND","API_DERIVED_UNVERIFIED","SAFE","L3_FACTUAL"
"NUM_18099","10","10","count","0"", hint: ""Standard Pvt"" }, { label: ""Above ₹10 Lakhs"", value: ""1000000-10000000"", hint: ""Elite /","Component","frontend\src\components\DecisionEngine.jsx","FALLBACK_CONSTANT","HARDCODED_UNVERIFIED","REVIEW","L3_FACTUAL"
"NUM_18107","1,","1","count"," <div className=""mentor-progress""> {[1, 2, 3, 4].map(i => ( <div key={i}","Component","frontend\src\components\DecisionEngine.jsx","COMPUTED_FRONTEND","INTERNAL_TECHNICAL_OR_SAFE_UI","SAFE","L2_FILTERED"
"NUM_18108","2,","2","count","iv className=""mentor-progress""> {[1, 2, 3, 4].map(i => ( <div key={i} cl","Component","frontend\src\components\DecisionEngine.jsx","COMPUTED_FRONTEND","INTERNAL_TECHNICAL_OR_SAFE_UI","SAFE","L2_FILTERED"
"NUM_18109","3,","3","count","className=""mentor-progress""> {[1, 2, 3, 4].map(i => ( <div key={i} class","Component","frontend\src\components\DecisionEngine.jsx","COMPUTED_FRONTEND","INTERNAL_TECHNICAL_OR_SAFE_UI","SAFE","L2_FILTERED"
"NUM_18110","4","4","count","ssName=""mentor-progress""> {[1, 2, 3, 4].map(i => ( <div key={i} classNa","Component","frontend\src\components\DecisionEngine.jsx","COMPUTED_FRONTEND","INTERNAL_TECHNICAL_OR_SAFE_UI","SAFE","L2_FILTERED"
"NUM_18111","3","3","count"," className=""mentor-intro""> <h3>College Matching Engine</h3> ","Component","frontend\src\components\DecisionEngine.jsx","FALLBACK_CONSTANT","INTERNAL_TECHNICAL_OR_SAFE_UI","SAFE","L2_FILTERED"
"NUM_18117","2","2","count"," <h2>What's your stream?</h2> <div className=""mentor-","Component","frontend\src\components\DecisionEngine.jsx","FALLBACK_CONSTANT","INTERNAL_TECHNICAL_OR_SAFE_UI","SAFE","L2_FILTERED"
"NUM_18123","0","0","count"," {getFilteredExams().length > 0 ? ( getFilteredE","Component","frontend\src\components\DecisionEngine.jsx","FALLBACK_CONSTANT","INTERNAL_TECHNICAL_OR_SAFE_UI","SAFE","L2_FILTERED"
"NUM_18129","2","2","count"," <h2>Score in {selectedExam || ""Exam""}</h2> <div className=""mento","Component","frontend\src\components\DecisionEngine.jsx","API_DERIVED","INTERNAL_TECHNICAL_OR_SAFE_UI","SAFE","L2_FILTERED"
"NUM_18130","98.5","98.5","count"," placeholder={scoreType === 'percentile' ? ""e.g. 98.5"" : ""e.g. 5000""} ","Component","frontend\src\components\DecisionEngine.jsx","API_DERIVED","API_DERIVED_UNVERIFIED","SAFE","L3_FACTUAL"
"NUM_18131","5000","5000","count","{scoreType === 'percentile' ? ""e.g. 98.5"" : ""e.g. 5000""} value={sco","Component","frontend\src\components\DecisionEngine.jsx","API_DERIVED","API_DERIVED_UNVERIFIED","SAFE","L3_FACTUAL"
"NUM_18136","2","2","count","> <h2>Your Preferences</h2> <div className=""prefe","Component","frontend\src\components\DecisionEngine.jsx","FALLBACK_CONSTANT","INTERNAL_TECHNICAL_OR_SAFE_UI","SAFE","L2_FILTERED"
"NUM_18137","12","12","count"," <div className=""mentor-nav-row mt-12""> <button className=","Component","frontend\src\components\DecisionEngine.jsx","FALLBACK_CONSTANT","INTERNAL_TECHNICAL_OR_SAFE_UI","SAFE","L2_FILTERED"
"NUM_18163","3","3","count",""" aria-hidden=""true"">{icon}</span> <h3>{title}</h3> <p>{description}</p> ","Component","frontend\src\components\EmptyState.jsx","COMPUTED_FRONTEND","INTERNAL_TECHNICAL_OR_SAFE_UI","SAFE","L2_FILTERED"
"NUM_18164","3","3","count","n=""true"">{icon}</span> <h3>{title}</h3> <p>{description}</p> {","Component","frontend\src\components\EmptyState.jsx","COMPUTED_FRONTEND","INTERNAL_TECHNICAL_OR_SAFE_UI","SAFE","L2_FILTERED"
"NUM_18166","3","3","count"," <div className=""chromatic-band-3""></div> <div className=""","Component","frontend\src\components\ErrorBoundary.jsx","FALLBACK_CONSTANT","INTERNAL_TECHNICAL_OR_SAFE_UI","SAFE","L2_FILTERED"
"NUM_18167","4","4","count"," <div className=""chromatic-band-4""></div> </div> ","Component","frontend\src\components\ErrorBoundary.jsx","FALLBACK_CONSTANT","INTERNAL_TECHNICAL_OR_SAFE_UI","SAFE","L2_FILTERED"
"NUM_18182","8","8","count","iv className=""mb-8 p-6 rounded-2xl"" ","Component","frontend\src\components\ErrorBoundary.jsx","FALLBACK_CONSTANT","INTERNAL_TECHNICAL_OR_SAFE_UI","SAFE","L2_FILTERED"
"NUM_18192","94,","94","count","ent(135deg, rgba(239, 68, 68, 0.1), rgba(244, 63, 94, 0.05))', ani","Component","frontend\src\components\ErrorBoundary.jsx","FALLBACK_CONSTANT","HARDCODED_UNVERIFIED","REVIEW","L3_FACTUAL"
"NUM_18194","4","4","count"," animation: 'floatSlow 4s ease-in-out infinite' ","Component","frontend\src\components\ErrorBoundary.jsx","FALLBACK_CONSTANT","INTERNAL_TECHNICAL_OR_SAFE_UI","SAFE","L2_FILTERED"
"NUM_18895","1,2","12","count"," const fullMatch = str.match(/([A-Za-z]+ \d{1,2}, \d{4})/); if (fullMatch) return ne","Component","frontend\src\components\ExamHero.jsx","COMPUTED_FRONTEND","INTERNAL_TECHNICAL_OR_SAFE_UI","SAFE","L2_FILTERED"
"NUM_18896","4","4","count","nst fullMatch = str.match(/([A-Za-z]+ \d{1,2}, \d{4})/); if (fullMatch) return new Date(","Component","frontend\src\components\ExamHero.jsx","COMPUTED_FRONTEND","INTERNAL_TECHNICAL_OR_SAFE_UI","SAFE","L2_FILTERED"
"NUM_18898","4","4","count"," const monthYearMatch = str.match(/([A-Za-z]+ \d{4})/); if (monthYearMatch) { ","Component","frontend\src\components\ExamHero.jsx","COMPUTED_FRONTEND","INTERNAL_TECHNICAL_OR_SAFE_UI","SAFE","L2_FILTERED"
"NUM_18902","1000","1000","count"," const days = Math.floor(diff / (1000 * 60 * 60 * 24)); const hours = ","Component","frontend\src\components\ExamHero.jsx","FALLBACK_CONSTANT","INTERNAL_TECHNICAL_OR_SAFE_UI","SAFE","L2_FILTERED"
"NUM_18903","60","60","count"," const days = Math.floor(diff / (1000 * 60 * 60 * 24)); const hours = Math.","Component","frontend\src\components\ExamHero.jsx","FALLBACK_CONSTANT","INTERNAL_TECHNICAL_OR_SAFE_UI","SAFE","L2_FILTERED"
"NUM_18904","60","60","count"," const days = Math.floor(diff / (1000 * 60 * 60 * 24)); const hours = Math.floor","Component","frontend\src\components\ExamHero.jsx","FALLBACK_CONSTANT","INTERNAL_TECHNICAL_OR_SAFE_UI","SAFE","L2_FILTERED"
"NUM_18905","24","24","count"," const days = Math.floor(diff / (1000 * 60 * 60 * 24)); const hours = Math.floor((dif","Component","frontend\src\components\ExamHero.jsx","FALLBACK_CONSTANT","INTERNAL_TECHNICAL_OR_SAFE_UI","SAFE","L2_FILTERED"
"NUM_18917","1","1","count"," <div className=""hud-corner-tl animate-hud-1""></div> <div className=""hud-","Component","frontend\src\components\ExamHero.jsx","FALLBACK_CONSTANT","INTERNAL_TECHNICAL_OR_SAFE_UI","SAFE","L2_FILTERED"
"NUM_18918","2","2","count"," <div className=""hud-corner-tr animate-hud-2""></div> <div className=""hud-","Component","frontend\src\components\ExamHero.jsx","FALLBACK_CONSTANT","INTERNAL_TECHNICAL_OR_SAFE_UI","SAFE","L2_FILTERED"
"NUM_18919","3","3","count"," <div className=""hud-corner-bl animate-hud-3""></div> <div className=""hud-","Component","frontend\src\components\ExamHero.jsx","FALLBACK_CONSTANT","INTERNAL_TECHNICAL_OR_SAFE_UI","SAFE","L2_FILTERED"
"NUM_18920","4","4","count"," <div className=""hud-corner-br animate-hud-4""></div> <div className=""mi","Component","frontend\src\components\ExamHero.jsx","FALLBACK_CONSTANT","INTERNAL_TECHNICAL_OR_SAFE_UI","SAFE","L2_FILTERED"
"NUM_18922","1","1","count"," {exam.name} </h1> <div className=""mis","Component","frontend\src\components\ExamHero.jsx","COMPUTED_FRONTEND","INTERNAL_TECHNICAL_OR_SAFE_UI","SAFE","L2_FILTERED"
"NUM_18934","10","10","count","ame=""node-value mono"">{exam.stats?.applicants || ""10 Lakh+""}</span> <","Component","frontend\src\components\ExamHero.jsx","COMPUTED_FRONTEND","INTERNAL_TECHNICAL_OR_SAFE_UI","SAFE","L2_FILTERED"
"NUM_18959","1,000","1000","count","ts?.fee ? exam.stats.fee.split('(')[0].trim() : ""₹1,000""} </span> ","Component","frontend\src\components\ExamHero.jsx","FALLBACK_CONSTANT","INTERNAL_TECHNICAL_OR_SAFE_UI","SAFE","L2_FILTERED"
"NUM_19014","1","1","count","t'} framework for the {new Date().getFullYear() + 1} session. </p> ","Component","frontend\src\components\ExamPrestigeHero.jsx","COMPUTED_FRONTEND","API_DERIVED_UNVERIFIED","SAFE","L3_FACTUAL"
"NUM_19398","2,","2","count"," { Calendar, BookOpen, FileText, CheckCircle2, Target, Layout, Award, Shield, Clock, Exter","Component","frontend\src\components\ExamTabs.jsx","FALLBACK_CONSTANT","INTERNAL_TECHNICAL_OR_SAFE_UI","SAFE","L2_FILTERED"
"NUM_19399","2,","2","count"," Award, Shield, Clock, ExternalLink, Building2, BarChart3, Globe, Zap, GraduationCap, History, ","Component","frontend\src\components\ExamTabs.jsx","FALLBACK_CONSTANT","INTERNAL_TECHNICAL_OR_SAFE_UI","SAFE","L2_FILTERED"
"NUM_19400","3,","3","count","eld, Clock, ExternalLink, Building2, BarChart3, Globe, Zap, GraduationCap, History, ShieldCh","Component","frontend\src\components\ExamTabs.jsx","FALLBACK_CONSTANT","INTERNAL_TECHNICAL_OR_SAFE_UI","SAFE","L2_FILTERED"
"NUM_19403","12","12","count","blePapersCount, setVisiblePapersCount] = useState(12); const handleTabChange = (tabId) => { ","Component","frontend\src\components\ExamTabs.jsx","FALLBACK_CONSTANT","INTERNAL_TECHNICAL_OR_SAFE_UI","SAFE","L2_FILTERED"
"NUM_19404","12","12","count"," if (tabId !== ""resources"") setVisiblePapersCount(12); }; if (!exam) return null; /","Component","frontend\src\components\ExamTabs.jsx","FALLBACK_CONSTANT","INTERNAL_TECHNICAL_OR_SAFE_UI","SAFE","L2_FILTERED"
"NUM_19412","3","3","count","<h3 className=""tab-heading"">Execution Framework</h3> <p className=""tab-d","Component","frontend\src\components\ExamTabs.jsx","FALLBACK_CONSTANT","INTERNAL_TECHNICAL_OR_SAFE_UI","SAFE","L2_FILTERED"
"NUM_19441","3","3","count"," <h3 className=""tab-heading"">Quick Protocol</h3> <div className=","Component","frontend\src\components\ExamTabs.jsx","FALLBACK_CONSTANT","INTERNAL_TECHNICAL_OR_SAFE_UI","SAFE","L2_FILTERED"
"NUM_19455","700","700","count","t-black uppercase tracking-widest hover:bg-indigo-700 transition-all mt-2""> ","Component","frontend\src\components\ExamTabs.jsx","FALLBACK_CONSTANT","INTERNAL_TECHNICAL_OR_SAFE_UI","SAFE","L2_FILTERED"
"NUM_19456","2","2","count","king-widest hover:bg-indigo-700 transition-all mt-2""> <Globe siz","Component","frontend\src\components\ExamTabs.jsx","FALLBACK_CONSTANT","INTERNAL_TECHNICAL_OR_SAFE_UI","SAFE","L2_FILTERED"
"NUM_19461","3","3","count"," <div> <h3 className=""tab-heading"">Syllabus & Core Protocol<","Component","frontend\src\components\ExamTabs.jsx","FALLBACK_CONSTANT","INTERNAL_TECHNICAL_OR_SAFE_UI","SAFE","L2_FILTERED"
"NUM_19462","3","3","count","lassName=""tab-heading"">Syllabus & Core Protocol</h3> <p className=""t","Component","frontend\src\components\ExamTabs.jsx","FALLBACK_CONSTANT","INTERNAL_TECHNICAL_OR_SAFE_UI","SAFE","L2_FILTERED"
"NUM_19489","12","12","count","&& ( <div className=""space-y-12""> <h3 className=""tab-hea","Component","frontend\src\components\ExamTabs.jsx","FALLBACK_CONSTANT","INTERNAL_TECHNICAL_OR_SAFE_UI","SAFE","L2_FILTERED"
"NUM_19490","3","3","count","lassName=""space-y-12""> <h3 className=""tab-heading"">Historical & Future Bench","Component","frontend\src\components\ExamTabs.jsx","FALLBACK_CONSTANT","INTERNAL_TECHNICAL_OR_SAFE_UI","SAFE","L2_FILTERED"
"NUM_19509","2","2","count"," <span className=""fb-label mb-2"">Last Year Reference (2025)</span> ","Component","frontend\src\components\ExamTabs.jsx","FALLBACK_CONSTANT","INTERNAL_TECHNICAL_OR_SAFE_UI","SAFE","L2_FILTERED"
"NUM_19510","2025","2025","count","an className=""fb-label mb-2"">Last Year Reference (2025)</span> <div cla","Component","frontend\src\components\ExamTabs.jsx","FALLBACK_CONSTANT","INTERNAL_TECHNICAL_OR_SAFE_UI","SAFE","L2_FILTERED"
"NUM_19517","16","16","count","&& ( <div className=""space-y-16""> ","Component","frontend\src\components\ExamTabs.jsx","FALLBACK_CONSTANT","INTERNAL_TECHNICAL_OR_SAFE_UI","SAFE","L2_FILTERED"
"NUM_19520","3","3","count"," <div> <h3 className=""tab-heading"">Elite Pedagogy</h3> ","Component","frontend\src\components\ExamTabs.jsx","FALLBACK_CONSTANT","INTERNAL_TECHNICAL_OR_SAFE_UI","SAFE","L2_FILTERED"
"NUM_19521","3","3","count"," <h3 className=""tab-heading"">Elite Pedagogy</h3> <p classNam","Component","frontend\src\components\ExamTabs.jsx","FALLBACK_CONSTANT","INTERNAL_TECHNICAL_OR_SAFE_UI","SAFE","L2_FILTERED"
"NUM_19534","4","4","count","ont-black text-red-600 uppercase tracking-widest"">4K Playback</span> ","Component","frontend\src\components\ExamTabs.jsx","FALLBACK_CONSTANT","INTERNAL_TECHNICAL_OR_SAFE_UI","SAFE","L2_FILTERED"
"NUM_19542","4","4","count"," <div className=""p-4""> <h","Component","frontend\src\components\ExamTabs.jsx","FALLBACK_CONSTANT","INTERNAL_TECHNICAL_OR_SAFE_UI","SAFE","L2_FILTERED"
"NUM_19560","2.","2.","count"," </div> {/* 2. Intelligence archives (Papers) */} ","Component","frontend\src\components\ExamTabs.jsx","COMPUTED_FRONTEND","INTERNAL_TECHNICAL_OR_SAFE_UI","SAFE","L2_FILTERED"
"NUM_19562","3","3","count"," <div> <h3 className=""tab-heading"">Intelligence Archives</h3","Component","frontend\src\components\ExamTabs.jsx","FALLBACK_CONSTANT","INTERNAL_TECHNICAL_OR_SAFE_UI","SAFE","L2_FILTERED"
"NUM_19563","3","3","count","3 className=""tab-heading"">Intelligence Archives</h3> <p classNam","Component","frontend\src\components\ExamTabs.jsx","FALLBACK_CONSTANT","INTERNAL_TECHNICAL_OR_SAFE_UI","SAFE","L2_FILTERED"
"NUM_19577","0","0","count","t allPapers = exam.papers && exam.papers.length > 0 ? exam.papers : (registryData?.papers || []); ","Component","frontend\src\components\ExamTabs.jsx","FALLBACK_CONSTANT","INTERNAL_TECHNICAL_OR_SAFE_UI","SAFE","L2_FILTERED"
"NUM_19578","0,","0","count"," const visiblePapers = allPapers.slice(0, visiblePapersCount); ","Component","frontend\src\components\ExamTabs.jsx","FALLBACK_CONSTANT","INTERNAL_TECHNICAL_OR_SAFE_UI","SAFE","L2_FILTERED"
"NUM_19603","1","1","count","black text-slate-400 uppercase tracking-widest mt-1""> ","Component","frontend\src\components\ExamTabs.jsx","FALLBACK_CONSTANT","INTERNAL_TECHNICAL_OR_SAFE_UI","SAFE","L2_FILTERED"
"NUM_19616","12","12","count","Click={() => setVisiblePapersCount(prev => prev + 12)} ","Component","frontend\src\components\ExamTabs.jsx","COMPUTED_FRONTEND","INTERNAL_TECHNICAL_OR_SAFE_UI","SAFE","L2_FILTERED"
"NUM_19624","0","0","count"," {allPapers.length === 0 && ( ","Component","frontend\src\components\ExamTabs.jsx","FALLBACK_CONSTANT","INTERNAL_TECHNICAL_OR_SAFE_UI","SAFE","L2_FILTERED"
"NUM_19634","3","3","count"," className=""tab-heading"">Accepting Institutions</h3> <div className=""pi-","Component","frontend\src\components\ExamTabs.jsx","FALLBACK_CONSTANT","INTERNAL_TECHNICAL_OR_SAFE_UI","SAFE","L2_FILTERED"
"NUM_19639","0","0","count","> {colleges.length > 0 ? colleges.map((col) => ( ","Component","frontend\src\components\ExamTabs.jsx","FALLBACK_CONSTANT","INTERNAL_TECHNICAL_OR_SAFE_UI","SAFE","L2_FILTERED"
"NUM_19643","9.2","9.2","count"," {col.ceiScore || 9.2} CEI </s","Component","frontend\src\components\ExamTabs.jsx","API_DERIVED","INTERNAL_TECHNICAL_OR_SAFE_UI","SAFE","L2_FILTERED"
"NUM_19650","100","100","count","handleScroll = () => setScrolled(window.scrollY > 100); window.addEventListener('scroll', handleSc","Component","frontend\src\components\ExamTacticalHUD.jsx","FALLBACK_CONSTANT","INTERNAL_TECHNICAL_OR_SAFE_UI","SAFE","L2_FILTERED"
"NUM_20119","75","75","count","culating reliability score...""; if (index >= 75) return ""✅ This score is highly stable and evalua","Component","frontend\src\components\ExplainabilityCard.jsx","FALLBACK_CONSTANT","INTERNAL_TECHNICAL_OR_SAFE_UI","SAFE","L2_FILTERED"
"NUM_20120","45","45","count"," against internal benchmarks.""; if (index >= 45) return ""⚠️ Moderate stability. Recommended to ve","Component","frontend\src\components\ExplainabilityCard.jsx","FALLBACK_CONSTANT","INTERNAL_TECHNICAL_OR_SAFE_UI","SAFE","L2_FILTERED"
"NUM_20121","100","100","count"," <span className=""explain-score-denom"">/100</span> </div> ","Component","frontend\src\components\ExplainabilityCard.jsx","FALLBACK_CONSTANT","HARDCODED_UNVERIFIED","REVIEW","L3_FACTUAL"
"NUM_20124","1.","1.","count"," </div> </div> {/* ── 1. What Makes Up This Score ────────────────────────","Component","frontend\src\components\ExplainabilityCard.jsx","FALLBACK_CONSTANT","INTERNAL_TECHNICAL_OR_SAFE_UI","SAFE","L2_FILTERED"
"NUM_20125","6","6","count"," We analyze {college.name} across 6 dimensions to calculate an unbiased value. ","Component","frontend\src\components\ExplainabilityCard.jsx","API_DERIVED","INTERNAL_TECHNICAL_OR_SAFE_UI","SAFE","L2_FILTERED"
"NUM_20141","0","0","count","ence Index (CEI)</strong> is a data-driven score (0-100) that measures how good a college actually is","Component","frontend\src\components\ExplainabilityCard.jsx","FALLBACK_CONSTANT","INTERNAL_TECHNICAL_OR_SAFE_UI","SAFE","L2_FILTERED"
"NUM_20142","100","100","count","ce Index (CEI)</strong> is a data-driven score (0-100) that measures how good a college actually is for","Component","frontend\src\components\ExplainabilityCard.jsx","FALLBACK_CONSTANT","INTERNAL_TECHNICAL_OR_SAFE_UI","SAFE","L2_FILTERED"
"NUM_20147","15%","15","%"," { title: ""Entrance Standard (15%)"", desc: ""The quality of peers (based on CAT/XAT/","Component","frontend\src\components\ExplainabilityCard.jsx","FALLBACK_CONSTANT","INTERNAL_TECHNICAL_OR_SAFE_UI","SAFE","L2_FILTERED"
"NUM_20340","5.5","5.5","count","0.84 4.61a5.5 5.5 0 0 0-7.78 0L12 5.67l-1.06-1.06a5.5 5.5 0 0 0-7.78 7.78l1.06 1.06L12 21.23l7.78-7.78 ","Component","frontend\src\components\FavoriteButton.jsx","FALLBACK_CONSTANT","INTERNAL_TECHNICAL_OR_SAFE_UI","SAFE","L2_FILTERED"
"NUM_20341","5.5","5.5","count"," 4.61a5.5 5.5 0 0 0-7.78 0L12 5.67l-1.06-1.06a5.5 5.5 0 0 0-7.78 7.78l1.06 1.06L12 21.23l7.78-7.78 1.06","Component","frontend\src\components\FavoriteButton.jsx","FALLBACK_CONSTANT","INTERNAL_TECHNICAL_OR_SAFE_UI","SAFE","L2_FILTERED"
"NUM_20342","0","0","count","1a5.5 5.5 0 0 0-7.78 0L12 5.67l-1.06-1.06a5.5 5.5 0 0 0-7.78 7.78l1.06 1.06L12 21.23l7.78-7.78 1.06-1","Component","frontend\src\components\FavoriteButton.jsx","FALLBACK_CONSTANT","INTERNAL_TECHNICAL_OR_SAFE_UI","SAFE","L2_FILTERED"
"NUM_20343","0","0","count","5.5 5.5 0 0 0-7.78 0L12 5.67l-1.06-1.06a5.5 5.5 0 0 0-7.78 7.78l1.06 1.06L12 21.23l7.78-7.78 1.06-1.0","Component","frontend\src\components\FavoriteButton.jsx","FALLBACK_CONSTANT","INTERNAL_TECHNICAL_OR_SAFE_UI","SAFE","L2_FILTERED"
"NUM_20344","0","0","count","5 5.5 0 0 0-7.78 0L12 5.67l-1.06-1.06a5.5 5.5 0 0 0-7.78 7.78l1.06 1.06L12 21.23l7.78-7.78 1.06-1.06a","Component","frontend\src\components\FavoriteButton.jsx","FALLBACK_CONSTANT","INTERNAL_TECHNICAL_OR_SAFE_UI","SAFE","L2_FILTERED"
"NUM_20345","7.78","7.78","count","5.5 0 0 0-7.78 0L12 5.67l-1.06-1.06a5.5 5.5 0 0 0-7.78 7.78l1.06 1.06L12 21.23l7.78-7.78 1.06-1.06a5.5 5","Component","frontend\src\components\FavoriteButton.jsx","FALLBACK_CONSTANT","INTERNAL_TECHNICAL_OR_SAFE_UI","SAFE","L2_FILTERED"
"NUM_20346","7.78","7.78","count"," 0 0-7.78 0L12 5.67l-1.06-1.06a5.5 5.5 0 0 0-7.78 7.78l1.06 1.06L12 21.23l7.78-7.78 1.06-1.06a5.5 5.5 0 ","Component","frontend\src\components\FavoriteButton.jsx","FALLBACK_CONSTANT","INTERNAL_TECHNICAL_OR_SAFE_UI","SAFE","L2_FILTERED"
"NUM_20347","1.06","1.06","count","7.78 0L12 5.67l-1.06-1.06a5.5 5.5 0 0 0-7.78 7.78l1.06 1.06L12 21.23l7.78-7.78 1.06-1.06a5.5 5.5 0 0 0 0","Component","frontend\src\components\FavoriteButton.jsx","FALLBACK_CONSTANT","INTERNAL_TECHNICAL_OR_SAFE_UI","SAFE","L2_FILTERED"
"NUM_20348","1.06","1.06","count","0L12 5.67l-1.06-1.06a5.5 5.5 0 0 0-7.78 7.78l1.06 1.06L12 21.23l7.78-7.78 1.06-1.06a5.5 5.5 0 0 0 0-7.78","Component","frontend\src\components\FavoriteButton.jsx","FALLBACK_CONSTANT","INTERNAL_TECHNICAL_OR_SAFE_UI","SAFE","L2_FILTERED"
"NUM_20349","12","12","count","5.67l-1.06-1.06a5.5 5.5 0 0 0-7.78 7.78l1.06 1.06L12 21.23l7.78-7.78 1.06-1.06a5.5 5.5 0 0 0 0-7.78z"" ","Component","frontend\src\components\FavoriteButton.jsx","FALLBACK_CONSTANT","INTERNAL_TECHNICAL_OR_SAFE_UI","SAFE","L2_FILTERED"
"NUM_20350","21.23","21.23","count","7l-1.06-1.06a5.5 5.5 0 0 0-7.78 7.78l1.06 1.06L12 21.23l7.78-7.78 1.06-1.06a5.5 5.5 0 0 0 0-7.78z"" /> ","Component","frontend\src\components\FavoriteButton.jsx","FALLBACK_CONSTANT","INTERNAL_TECHNICAL_OR_SAFE_UI","SAFE","L2_FILTERED"
"NUM_20351","7.78","7.78","count","6-1.06a5.5 5.5 0 0 0-7.78 7.78l1.06 1.06L12 21.23l7.78-7.78 1.06-1.06a5.5 5.5 0 0 0 0-7.78z"" /> ","Component","frontend\src\components\FavoriteButton.jsx","FALLBACK_CONSTANT","INTERNAL_TECHNICAL_OR_SAFE_UI","SAFE","L2_FILTERED"
"NUM_20352","7.78","7.78","count","6a5.5 5.5 0 0 0-7.78 7.78l1.06 1.06L12 21.23l7.78-7.78 1.06-1.06a5.5 5.5 0 0 0 0-7.78z"" /> ","Component","frontend\src\components\FavoriteButton.jsx","FALLBACK_CONSTANT","INTERNAL_TECHNICAL_OR_SAFE_UI","SAFE","L2_FILTERED"
"NUM_20353","1.06","1.06","count"," 5.5 0 0 0-7.78 7.78l1.06 1.06L12 21.23l7.78-7.78 1.06-1.06a5.5 5.5 0 0 0 0-7.78z"" /> </svg","Component","frontend\src\components\FavoriteButton.jsx","FALLBACK_CONSTANT","INTERNAL_TECHNICAL_OR_SAFE_UI","SAFE","L2_FILTERED"
"NUM_20354","1.06","1.06","count","0 0 0-7.78 7.78l1.06 1.06L12 21.23l7.78-7.78 1.06-1.06a5.5 5.5 0 0 0 0-7.78z"" /> </svg> ","Component","frontend\src\components\FavoriteButton.jsx","FALLBACK_CONSTANT","INTERNAL_TECHNICAL_OR_SAFE_UI","SAFE","L2_FILTERED"
"NUM_20355","5.5","5.5","count","-7.78 7.78l1.06 1.06L12 21.23l7.78-7.78 1.06-1.06a5.5 5.5 0 0 0 0-7.78z"" /> </svg> ","Component","frontend\src\components\FavoriteButton.jsx","FALLBACK_CONSTANT","INTERNAL_TECHNICAL_OR_SAFE_UI","SAFE","L2_FILTERED"
"NUM_20356","5.5","5.5","count","8 7.78l1.06 1.06L12 21.23l7.78-7.78 1.06-1.06a5.5 5.5 0 0 0 0-7.78z"" /> </svg> </","Component","frontend\src\components\FavoriteButton.jsx","FALLBACK_CONSTANT","INTERNAL_TECHNICAL_OR_SAFE_UI","SAFE","L2_FILTERED"
"NUM_20357","0","0","count","78l1.06 1.06L12 21.23l7.78-7.78 1.06-1.06a5.5 5.5 0 0 0 0-7.78z"" /> </svg> </bu","Component","frontend\src\components\FavoriteButton.jsx","FALLBACK_CONSTANT","INTERNAL_TECHNICAL_OR_SAFE_UI","SAFE","L2_FILTERED"
"NUM_20358","0","0","count","l1.06 1.06L12 21.23l7.78-7.78 1.06-1.06a5.5 5.5 0 0 0 0-7.78z"" /> </svg> </butt","Component","frontend\src\components\FavoriteButton.jsx","FALLBACK_CONSTANT","INTERNAL_TECHNICAL_OR_SAFE_UI","SAFE","L2_FILTERED"
"NUM_20359","0","0","count",".06 1.06L12 21.23l7.78-7.78 1.06-1.06a5.5 5.5 0 0 0 0-7.78z"" /> </svg> </button","Component","frontend\src\components\FavoriteButton.jsx","FALLBACK_CONSTANT","INTERNAL_TECHNICAL_OR_SAFE_UI","SAFE","L2_FILTERED"
"NUM_20360","0","0","count","6 1.06L12 21.23l7.78-7.78 1.06-1.06a5.5 5.5 0 0 0 0-7.78z"" /> </svg> </button> ","Component","frontend\src\components\FavoriteButton.jsx","FALLBACK_CONSTANT","INTERNAL_TECHNICAL_OR_SAFE_UI","SAFE","L2_FILTERED"
"NUM_20361","7.78","7.78","count","1.06L12 21.23l7.78-7.78 1.06-1.06a5.5 5.5 0 0 0 0-7.78z"" /> </svg> </button> ","Component","frontend\src\components\FavoriteButton.jsx","FALLBACK_CONSTANT","INTERNAL_TECHNICAL_OR_SAFE_UI","SAFE","L2_FILTERED"
"NUM_20393","0","0","count"," </div> {reasons.length > 0 && ( <div className=""fit-reasons","Component","frontend\src\components\FitBadge.jsx","FALLBACK_CONSTANT","INTERNAL_TECHNICAL_OR_SAFE_UI","SAFE","L2_FILTERED"
"NUM_20394","0,","0","count","fit-reasons""> {reasons.slice(0, 2).map((r, i) => ( <div ","Component","frontend\src\components\FitBadge.jsx","FALLBACK_CONSTANT","INTERNAL_TECHNICAL_OR_SAFE_UI","SAFE","L2_FILTERED"
"NUM_20395","2","2","count","-reasons""> {reasons.slice(0, 2).map((r, i) => ( <div ke","Component","frontend\src\components\FitBadge.jsx","FALLBACK_CONSTANT","INTERNAL_TECHNICAL_OR_SAFE_UI","SAFE","L2_FILTERED"
"NUM_20397","0","0","count"," )} {warnings.length > 0 && ( <div className=""fit-warning","Component","frontend\src\components\FitBadge.jsx","FALLBACK_CONSTANT","INTERNAL_TECHNICAL_OR_SAFE_UI","SAFE","L2_FILTERED"
"NUM_20398","0,","0","count","t-warnings""> {warnings.slice(0, 1).map((w, i) => ( <div ","Component","frontend\src\components\FitBadge.jsx","FALLBACK_CONSTANT","INTERNAL_TECHNICAL_OR_SAFE_UI","SAFE","L2_FILTERED"
"NUM_20399","1","1","count","arnings""> {warnings.slice(0, 1).map((w, i) => ( <div ke","Component","frontend\src\components\FitBadge.jsx","FALLBACK_CONSTANT","INTERNAL_TECHNICAL_OR_SAFE_UI","SAFE","L2_FILTERED"
"NUM_20630","2","2","count"," className=""footer-col brand-col""> <h2 className=""footer-logo-text"">CEI</h2> ","Component","frontend\src\components\Footer.jsx","FALLBACK_CONSTANT","INTERNAL_TECHNICAL_OR_SAFE_UI","SAFE","L2_FILTERED"
"NUM_20635","3","3","count"," className=""footer-col links-col""> <h3 className=""footer-heading"">Platform</h3> ","Component","frontend\src\components\Footer.jsx","FALLBACK_CONSTANT","INTERNAL_TECHNICAL_OR_SAFE_UI","SAFE","L2_FILTERED"
"NUM_20636","3","3","count"," <h3 className=""footer-heading"">Platform</h3> <ul className=""footer-links""> ","Component","frontend\src\components\Footer.jsx","FALLBACK_CONSTANT","INTERNAL_TECHNICAL_OR_SAFE_UI","SAFE","L2_FILTERED"
"NUM_20637","3","3","count"," className=""footer-col tools-col""> <h3 className=""footer-heading"">Account & API</h3> ","Component","frontend\src\components\Footer.jsx","FALLBACK_CONSTANT","INTERNAL_TECHNICAL_OR_SAFE_UI","SAFE","L2_FILTERED"
"NUM_20638","3","3","count"," <h3 className=""footer-heading"">Account & API</h3> <ul className=""footer-links""> ","Component","frontend\src\components\Footer.jsx","FALLBACK_CONSTANT","INTERNAL_TECHNICAL_OR_SAFE_UI","SAFE","L2_FILTERED"
"NUM_20639","3","3","count","className=""footer-col status-col""> <h3 className=""footer-heading"">Status</h3> ","Component","frontend\src\components\Footer.jsx","FALLBACK_CONSTANT","INTERNAL_TECHNICAL_OR_SAFE_UI","SAFE","L2_FILTERED"
"NUM_21398","0","0","count"," const [choiceCount, setChoiceCount] = useState(0); const [isSearchOpen, setIsSearchOpen] = useS","Component","frontend\src\components\Header.jsx","FALLBACK_CONSTANT","INTERNAL_TECHNICAL_OR_SAFE_UI","SAFE","L2_FILTERED"
"NUM_21399","20","20","count","handleScroll = () => setScrolled(window.scrollY > 20); window.addEventListener(""scroll"", handleSc","Component","frontend\src\components\Header.jsx","FALLBACK_CONSTANT","INTERNAL_TECHNICAL_OR_SAFE_UI","SAFE","L2_FILTERED"
"NUM_21400","0","0","count","tChoiceCount(stored ? JSON.parse(stored).length : 0); } }; updateCount(); windo","Component","frontend\src\components\Header.jsx","FALLBACK_CONSTANT","INTERNAL_TECHNICAL_OR_SAFE_UI","SAFE","L2_FILTERED"
"NUM_21405","0","0","count"," {link.name === ""Compare"" && pinnedIds?.length > 0 && ( <span className=""badge-co","Component","frontend\src\components\Header.jsx","FALLBACK_CONSTANT","INTERNAL_TECHNICAL_OR_SAFE_UI","SAFE","L2_FILTERED"
"NUM_21408","0","0","count"," My List {choiceCount > 0 && <span className=""badge-count"">{choiceCount}</s","Component","frontend\src\components\Header.jsx","COMPUTED_FRONTEND","INTERNAL_TECHNICAL_OR_SAFE_UI","SAFE","L2_FILTERED"
"NUM_21443","85%","85","%"," <div className=""mobile-score-badge"">85%</div> </div> <d","Component","frontend\src\components\Header.jsx","FALLBACK_CONSTANT","INTERNAL_TECHNICAL_OR_SAFE_UI","SAFE","L2_FILTERED"
"NUM_21444","3","3","count","lassName=""mobile-user-info""> <h3>{user.displayName || ""Student Pioneer""}</h3> ","Component","frontend\src\components\Header.jsx","COMPUTED_FRONTEND","INTERNAL_TECHNICAL_OR_SAFE_UI","SAFE","L2_FILTERED"
"NUM_21448","3","3","count","assName=""mobile-guest-text""> <h3>Unlock Your Potential</h3> <p>","Component","frontend\src\components\Header.jsx","FALLBACK_CONSTANT","INTERNAL_TECHNICAL_OR_SAFE_UI","SAFE","L2_FILTERED"
"NUM_21449","3","3","count","""> <h3>Unlock Your Potential</h3> <p>Save colleges, track exams","Component","frontend\src\components\Header.jsx","FALLBACK_CONSTANT","INTERNAL_TECHNICAL_OR_SAFE_UI","SAFE","L2_FILTERED"
"NUM_21471","0","0","count"," {link.name === ""Compare"" && pinnedIds?.length > 0 && ( <span className=""","Component","frontend\src\components\Header.jsx","FALLBACK_CONSTANT","INTERNAL_TECHNICAL_OR_SAFE_UI","SAFE","L2_FILTERED"
"NUM_21480","1,","1","count","xt/link""; const signals = [ { id: 1, type: ""critical"", text: ""JoSAA 20","Component","frontend\src\components\home\HeaderSignal.jsx","FALLBACK_CONSTANT","INTERNAL_TECHNICAL_OR_SAFE_UI","SAFE","L2_FILTERED"
"NUM_21481","2026","2026","count","1, type: ""critical"", text: ""JoSAA 2026: Registration begins June 10"", tag: ""SCHE","Component","frontend\src\components\home\HeaderSignal.jsx","FALLBACK_CONSTANT","INTERNAL_TECHNICAL_OR_SAFE_UI","SAFE","L2_FILTERED"
"NUM_21482","10","10","count"," text: ""JoSAA 2026: Registration begins June 10"", tag: ""SCHEDULE"", link: ""/college","Component","frontend\src\components\home\HeaderSignal.jsx","FALLBACK_CONSTANT","INTERNAL_TECHNICAL_OR_SAFE_UI","SAFE","L2_FILTERED"
"NUM_21483","2,","2","count"," link: ""/colleges"" }, { id: 2, type: ""warning"", text: ""Truth-Gra","Component","frontend\src\components\home\HeaderSignal.jsx","FALLBACK_CONSTANT","INTERNAL_TECHNICAL_OR_SAFE_UI","SAFE","L2_FILTERED"
"NUM_21485","3,","3","count",", link: ""/news"" }, { id: 3, type: ""info"", text: ""New 'Truth-R","Component","frontend\src\components\home\HeaderSignal.jsx","FALLBACK_CONSTANT","INTERNAL_TECHNICAL_OR_SAFE_UI","SAFE","L2_FILTERED"
"NUM_21486","4,","4","count","ink: ""/roi-calculator"" }, { id: 4, type: ""critical"", text: ""IIT Madr","Component","frontend\src\components\home\HeaderSignal.jsx","FALLBACK_CONSTANT","INTERNAL_TECHNICAL_OR_SAFE_UI","SAFE","L2_FILTERED"
"NUM_21487","0","0","count","ignal() { const [index, setIndex] = useState(0); const [isVisible, setIsVisible] = useState","Component","frontend\src\components\home\HeaderSignal.jsx","FALLBACK_CONSTANT","INTERNAL_TECHNICAL_OR_SAFE_UI","SAFE","L2_FILTERED"
"NUM_21488","1","1","count"," => { setIndex((prev) => (prev + 1) % signals.length); setIsVisible","Component","frontend\src\components\home\HeaderSignal.jsx","FALLBACK_CONSTANT","INTERNAL_TECHNICAL_OR_SAFE_UI","SAFE","L2_FILTERED"
"NUM_21490","3000","3000","count","sVisible(true); }, 500); }, 3000); return () => clearInterval(interval); ","Component","frontend\src\components\home\HeaderSignal.jsx","FALLBACK_CONSTANT","INTERNAL_TECHNICAL_OR_SAFE_UI","SAFE","L2_FILTERED"
"NUM_21492","1,","1","count"," = () => { const alerts = [ { id: 1, type: ""critical"", text: ""JoSAA 20","Component","frontend\src\components\home\LiveboardTicker.jsx","FALLBACK_CONSTANT","INTERNAL_TECHNICAL_OR_SAFE_UI","SAFE","L2_FILTERED"
"NUM_21493","2026","2026","count","1, type: ""critical"", text: ""JoSAA 2026 Tentative Schedule released: Registration begins ","Component","frontend\src\components\home\LiveboardTicker.jsx","FALLBACK_CONSTANT","INTERNAL_TECHNICAL_OR_SAFE_UI","SAFE","L2_FILTERED"
"NUM_21494","10.","10.","count","ative Schedule released: Registration begins June 10."", tag: ""SCHEDULE 2026"", link: ""/co","Component","frontend\src\components\home\LiveboardTicker.jsx","FALLBACK_CONSTANT","INTERNAL_TECHNICAL_OR_SAFE_UI","SAFE","L2_FILTERED"
"NUM_21495","2026","2026","count","stration begins June 10."", tag: ""SCHEDULE 2026"", link: ""/colleges"" }, { ","Component","frontend\src\components\home\LiveboardTicker.jsx","FALLBACK_CONSTANT","INTERNAL_TECHNICAL_OR_SAFE_UI","SAFE","L2_FILTERED"
"NUM_21497","3,","3","count",", link: ""/news"" }, { id: 3, type: ""info"", text: ""New 'Truth-R","Component","frontend\src\components\home\LiveboardTicker.jsx","FALLBACK_CONSTANT","INTERNAL_TECHNICAL_OR_SAFE_UI","SAFE","L2_FILTERED"
"NUM_21499","2026","2026","count"," text: ""Institute Cutoff volatility detected in 2026 session: Monitor official seat allotments."", ","Component","frontend\src\components\home\LiveboardTicker.jsx","FALLBACK_CONSTANT","INTERNAL_TECHNICAL_OR_SAFE_UI","SAFE","L2_FILTERED"
"NUM_21500","5,","5","count","/admission-calculator"" }, { id: 5, type: ""info"", text: ""50+ News upd","Component","frontend\src\components\home\LiveboardTicker.jsx","FALLBACK_CONSTANT","INTERNAL_TECHNICAL_OR_SAFE_UI","SAFE","L2_FILTERED"
"NUM_21501","50+","50","count+"," id: 5, type: ""info"", text: ""50+ News updates added to the Registry today: Real-ti","Component","frontend\src\components\home\LiveboardTicker.jsx","FALLBACK_CONSTANT","INTERNAL_TECHNICAL_OR_SAFE_UI","SAFE","L2_FILTERED"
"NUM_21538","0%","0","%","` @keyframes marquee-slower { 0% { transform: translateX(0); } 100% { t","Component","frontend\src\components\home\LiveboardTicker.jsx","COMPUTED_FRONTEND","INTERNAL_TECHNICAL_OR_SAFE_UI","SAFE","L2_FILTERED"
"NUM_21733","0","0","count","ard({ data }) { if (!data || data.length === 0) return <div className=""text-center text-slate-50","Component","frontend\src\components\HypeLeaderboard.jsx","API_DERIVED","INTERNAL_TECHNICAL_OR_SAFE_UI","SAFE","L2_FILTERED"
"NUM_21734","500","500","count"," 0) return <div className=""text-center text-slate-500 py-8"">No votes yet. Be the first!</div>; /","Component","frontend\src\components\HypeLeaderboard.jsx","FALLBACK_CONSTANT","INTERNAL_TECHNICAL_OR_SAFE_UI","SAFE","L2_FILTERED"
"NUM_21735","8","8","count","urn <div className=""text-center text-slate-500 py-8"">No votes yet. Be the first!</div>; // Cal","Component","frontend\src\components\HypeLeaderboard.jsx","FALLBACK_CONSTANT","INTERNAL_TECHNICAL_OR_SAFE_UI","SAFE","L2_FILTERED"
"NUM_21745","1","1","count"," * 100; const rank = index + 1; // Simulate trend ","Component","frontend\src\components\HypeLeaderboard.jsx","FALLBACK_CONSTANT","INTERNAL_TECHNICAL_OR_SAFE_UI","SAFE","L2_FILTERED"
"NUM_21792","400","400","count","e-out ${rank === 1 ? 'bg-gradient-to-r from-amber-400 to-yellow-500' : ","Component","frontend\src\components\HypeLeaderboard.jsx","FALLBACK_CONSTANT","INTERNAL_TECHNICAL_OR_SAFE_UI","SAFE","L2_FILTERED"
"NUM_21793","500","500","count","== 1 ? 'bg-gradient-to-r from-amber-400 to-yellow-500' : ","Component","frontend\src\components\HypeLeaderboard.jsx","FALLBACK_CONSTANT","INTERNAL_TECHNICAL_OR_SAFE_UI","SAFE","L2_FILTERED"
"NUM_21794","2","2","count"," rank === 2 ? 'bg-gradient-to-r from-slate-400 to-slate-500' ","Component","frontend\src\components\HypeLeaderboard.jsx","FALLBACK_CONSTANT","INTERNAL_TECHNICAL_OR_SAFE_UI","SAFE","L2_FILTERED"
"NUM_21795","400","400","count"," rank === 2 ? 'bg-gradient-to-r from-slate-400 to-slate-500' : ","Component","frontend\src\components\HypeLeaderboard.jsx","FALLBACK_CONSTANT","INTERNAL_TECHNICAL_OR_SAFE_UI","SAFE","L2_FILTERED"
"NUM_21796","500","500","count","=== 2 ? 'bg-gradient-to-r from-slate-400 to-slate-500' : ","Component","frontend\src\components\HypeLeaderboard.jsx","FALLBACK_CONSTANT","INTERNAL_TECHNICAL_OR_SAFE_UI","SAFE","L2_FILTERED"
"NUM_21797","3","3","count"," rank === 3 ? 'bg-gradient-to-r from-orange-400 to-orange-500","Component","frontend\src\components\HypeLeaderboard.jsx","FALLBACK_CONSTANT","INTERNAL_TECHNICAL_OR_SAFE_UI","SAFE","L2_FILTERED"
"NUM_21798","400","400","count"," rank === 3 ? 'bg-gradient-to-r from-orange-400 to-orange-500' : ","Component","frontend\src\components\HypeLeaderboard.jsx","FALLBACK_CONSTANT","INTERNAL_TECHNICAL_OR_SAFE_UI","SAFE","L2_FILTERED"
"NUM_21799","500","500","count","= 3 ? 'bg-gradient-to-r from-orange-400 to-orange-500' : ","Component","frontend\src\components\HypeLeaderboard.jsx","FALLBACK_CONSTANT","INTERNAL_TECHNICAL_OR_SAFE_UI","SAFE","L2_FILTERED"
"NUM_21800","400","400","count"," 'bg-gradient-to-r from-indigo-400 to-indigo-500' ","Component","frontend\src\components\HypeLeaderboard.jsx","FALLBACK_CONSTANT","INTERNAL_TECHNICAL_OR_SAFE_UI","SAFE","L2_FILTERED"
"NUM_21801","500","500","count"," 'bg-gradient-to-r from-indigo-400 to-indigo-500' }`}","Component","frontend\src\components\HypeLeaderboard.jsx","FALLBACK_CONSTANT","INTERNAL_TECHNICAL_OR_SAFE_UI","SAFE","L2_FILTERED"
"NUM_21802","0","0","count","ss = intelligence?.identityPulse?.completeness || 0; const isEvaluated = true; // Hardcoded for ","Component","frontend\src\components\IdentityPulseCard.jsx","FALLBACK_CONSTANT","INTERNAL_TECHNICAL_OR_SAFE_UI","SAFE","L2_FILTERED"
"NUM_21806","2","2","count","me=""profile-text""> <h2>{user?.displayName || 'Student'}</h2> ","Component","frontend\src\components\IdentityPulseCard.jsx","COMPUTED_FRONTEND","INTERNAL_TECHNICAL_OR_SAFE_UI","SAFE","L2_FILTERED"
"NUM_21807","2","2","count"," <h2>{user?.displayName || 'Student'}</h2> <div className=""eli","Component","frontend\src\components\IdentityPulseCard.jsx","COMPUTED_FRONTEND","INTERNAL_TECHNICAL_OR_SAFE_UI","SAFE","L2_FILTERED"
"NUM_21808","2026","2026","count"," <span className=""elite-batch"">Batch 2026</span> </div> ","Component","frontend\src\components\IdentityPulseCard.jsx","FALLBACK_CONSTANT","INTERNAL_TECHNICAL_OR_SAFE_UI","SAFE","L2_FILTERED"
"NUM_21811","100","100","count","ht""> {completeness < 100 ? ""Complete you","Component","frontend\src\components\IdentityPulseCard.jsx","FALLBACK_CONSTANT","INTERNAL_TECHNICAL_OR_SAFE_UI","SAFE","L2_FILTERED"
"NUM_21834","1.5","1.5","count","imary); animation: pulse-dot 1.5s infinite; } @k","Component","frontend\src\components\IdentityPulseCard.jsx","FALLBACK_CONSTANT","INTERNAL_TECHNICAL_OR_SAFE_UI","SAFE","L2_FILTERED"
"NUM_22310","1","1","count","""B++"", ""B+"", ""B"", ""C"", """"]; const TIERS = [""Tier 1"", ""Tier 2"", ""Tier 3"", ""University"", ""Stand Alone""","Component","frontend\src\components\ImprovementSimulator.jsx","FALLBACK_CONSTANT","INTERNAL_TECHNICAL_OR_SAFE_UI","SAFE","L2_FILTERED"
"NUM_22311","2","2","count",""", ""B"", ""C"", """"]; const TIERS = [""Tier 1"", ""Tier 2"", ""Tier 3"", ""University"", ""Stand Alone""]; cons","Component","frontend\src\components\ImprovementSimulator.jsx","FALLBACK_CONSTANT","INTERNAL_TECHNICAL_OR_SAFE_UI","SAFE","L2_FILTERED"
"NUM_22312","3","3","count",""", """"]; const TIERS = [""Tier 1"", ""Tier 2"", ""Tier 3"", ""University"", ""Stand Alone""]; const BAND_COL","Component","frontend\src\components\ImprovementSimulator.jsx","FALLBACK_CONSTANT","INTERNAL_TECHNICAL_OR_SAFE_UI","SAFE","L2_FILTERED"
"NUM_22366","3","3","count","ingTier] = useState(college?.rankingTier || ""Tier 3""); const [result, setResult] = useState(nu","Component","frontend\src\components\ImprovementSimulator.jsx","FALLBACK_CONSTANT","INTERNAL_TECHNICAL_OR_SAFE_UI","SAFE","L2_FILTERED"
"NUM_22368","3","3","count"," className=""sim-controls""> <h3 className=""sim-heading"">Score Simulator</h3> ","Component","frontend\src\components\ImprovementSimulator.jsx","FALLBACK_CONSTANT","INTERNAL_TECHNICAL_OR_SAFE_UI","SAFE","L2_FILTERED"
"NUM_22369","3","3","count"," <h3 className=""sim-heading"">Score Simulator</h3> <p className=""sim-subtext"">","Component","frontend\src\components\ImprovementSimulator.jsx","FALLBACK_CONSTANT","INTERNAL_TECHNICAL_OR_SAFE_UI","SAFE","L2_FILTERED"
"NUM_22373","1","1","count","ame=""sim-score-val"">{result.currentScore?.toFixed(1)}</div> <div ","Component","frontend\src\components\ImprovementSimulator.jsx","API_DERIVED","INTERNAL_TECHNICAL_OR_SAFE_UI","SAFE","L2_FILTERED"
"NUM_22374","0","0","count","lassName={`sim-delta-arrow ${result.scoreDelta >= 0 ? ""positive"" : ""negative""}`}> ","Component","frontend\src\components\ImprovementSimulator.jsx","API_DERIVED","INTERNAL_TECHNICAL_OR_SAFE_UI","SAFE","L2_FILTERED"
"NUM_22375","0","0","count"," {result.scoreDelta >= 0 ? ""↗"" : ""↘""} <sp","Component","frontend\src\components\ImprovementSimulator.jsx","API_DERIVED","INTERNAL_TECHNICAL_OR_SAFE_UI","SAFE","L2_FILTERED"
"NUM_22376","0","0","count"," <span>{result.scoreDelta > 0 ? ""+"" : """"}{result.scoreDelta?.toFixed(1)} pts</s","Component","frontend\src\components\ImprovementSimulator.jsx","API_DERIVED","INTERNAL_TECHNICAL_OR_SAFE_UI","SAFE","L2_FILTERED"
"NUM_22377","1","1","count","eDelta > 0 ? ""+"" : """"}{result.scoreDelta?.toFixed(1)} pts</span> </div> ","Component","frontend\src\components\ImprovementSimulator.jsx","API_DERIVED","INTERNAL_TECHNICAL_OR_SAFE_UI","SAFE","L2_FILTERED"
"NUM_22378","1","1","count","al highlight-val"">{result.simulatedScore?.toFixed(1)}</div> <div ","Component","frontend\src\components\ImprovementSimulator.jsx","API_DERIVED","INTERNAL_TECHNICAL_OR_SAFE_UI","SAFE","L2_FILTERED"
"NUM_22379","40+","40","count+","ed formula. The real CEI algorithm considers over 40+ dynamic data points to generate the final rank. ","Component","frontend\src\components\ImprovementSimulator.jsx","FALLBACK_CONSTANT","INTERNAL_TECHNICAL_OR_SAFE_UI","SAFE","L2_FILTERED"
"NUM_22494","0,","0","count","const [tooltipPos, setTooltipPos] = useState({ x: 0, y: 0 }); const [geoData, setGeoData] = useSt","Component","frontend\src\components\IndiaMap.jsx","COMPUTED_FRONTEND","INTERNAL_TECHNICAL_OR_SAFE_UI","SAFE","L2_FILTERED"
"NUM_22495","0","0","count","[tooltipPos, setTooltipPos] = useState({ x: 0, y: 0 }); const [geoData, setGeoData] = useState(n","Component","frontend\src\components\IndiaMap.jsx","COMPUTED_FRONTEND","INTERNAL_TECHNICAL_OR_SAFE_UI","SAFE","L2_FILTERED"
"NUM_22506","1","1","count"," { const stateName = geo.properties.NAME_1 || geo.properties.name; if (!stateName) ","Component","frontend\src\components\IndiaMap.jsx","FALLBACK_CONSTANT","INTERNAL_TECHNICAL_OR_SAFE_UI","SAFE","L2_FILTERED"
"NUM_22507","1","1","count"," { const stateName = geo.properties.NAME_1 || geo.properties.name; const st = getSt","Component","frontend\src\components\IndiaMap.jsx","FALLBACK_CONSTANT","INTERNAL_TECHNICAL_OR_SAFE_UI","SAFE","L2_FILTERED"
"NUM_22518","1","1","count"," const stateName = geo.properties.NAME_1 || geo.properties.name; ","Component","frontend\src\components\IndiaMap.jsx","FALLBACK_CONSTANT","INTERNAL_TECHNICAL_OR_SAFE_UI","SAFE","L2_FILTERED"
"NUM_22519","1","1","count"," key={geo.rsmKey || geo.properties.ID_1} geograp","Component","frontend\src\components\IndiaMap.jsx","COMPUTED_FRONTEND","INTERNAL_TECHNICAL_OR_SAFE_UI","SAFE","L2_FILTERED"
"NUM_22525","0.3","0.3","count"," transition: ""all 0.3s ease"", ","Component","frontend\src\components\IndiaMap.jsx","FALLBACK_CONSTANT","INTERNAL_TECHNICAL_OR_SAFE_UI","SAFE","L2_FILTERED"
"NUM_22542","3","3","count"," {hoveredState.count > 3 && ( <div cl","Component","frontend\src\components\IndiaMap.jsx","FALLBACK_CONSTANT","INTERNAL_TECHNICAL_OR_SAFE_UI","SAFE","L2_FILTERED"
"NUM_22543","3","3","count","v className=""tooltip-more"">+{hoveredState.count - 3} more</div> )} ","Component","frontend\src\components\IndiaMap.jsx","COMPUTED_FRONTEND","INTERNAL_TECHNICAL_OR_SAFE_UI","SAFE","L2_FILTERED"
"NUM_22691","2,","2","count","Trophy, Map, TrendingUp, Users, Calendar, Building2, Rocket, Award, Globe, Briefcase, Clock, Micr","Component","frontend\src\components\IntelligenceFacts.jsx","FALLBACK_CONSTANT","INTERNAL_TECHNICAL_OR_SAFE_UI","SAFE","L2_FILTERED"
"NUM_22692","1,","1","count","Facts.css""; const AMAZING_FACTS = [ { id: 1, value: ""1 in 150"", label: ""SELECTIVITY"", descript","Component","frontend\src\components\IntelligenceFacts.jsx","FALLBACK_CONSTANT","INTERNAL_TECHNICAL_OR_SAFE_UI","SAFE","L2_FILTERED"
"NUM_22694","150","150","count","onst AMAZING_FACTS = [ { id: 1, value: ""1 in 150"", label: ""SELECTIVITY"", description: ""Getting int","Component","frontend\src\components\IntelligenceFacts.jsx","FALLBACK_CONSTANT","INTERNAL_TECHNICAL_OR_SAFE_UI","SAFE","L2_FILTERED"
"NUM_22702","6,","6","count",""", icon: <Rocket />, accent: ""blue"" }, { id: 6, value: ""1847"", label: ""OLDEST CAMPUS"", descriptio","Component","frontend\src\components\IntelligenceFacts.jsx","FALLBACK_CONSTANT","INTERNAL_TECHNICAL_OR_SAFE_UI","SAFE","L2_FILTERED"
"NUM_22703","1847","1847","count","ocket />, accent: ""blue"" }, { id: 6, value: ""1847"", label: ""OLDEST CAMPUS"", description: ""Indian In","Component","frontend\src\components\IntelligenceFacts.jsx","FALLBACK_CONSTANT","INTERNAL_TECHNICAL_OR_SAFE_UI","SAFE","L2_FILTERED"
"NUM_22716","12,","12","count","on: <Building2 />, accent: ""purple"" }, { id: 12, value: ""1st SATELLITE"", label: ""SRM UNIVERSITY"", ","Component","frontend\src\components\IntelligenceFacts.jsx","FALLBACK_CONSTANT","INTERNAL_TECHNICAL_OR_SAFE_UI","SAFE","L2_FILTERED"
"NUM_22718","13,","13","count",", icon: <Rocket />, accent: ""slate"" }, { id: 13, value: ""UNESCO"", label: ""NALANDA"", description: ""","Component","frontend\src\components\IntelligenceFacts.jsx","FALLBACK_CONSTANT","INTERNAL_TECHNICAL_OR_SAFE_UI","SAFE","L2_FILTERED"
"NUM_22725","17,","17","count","on: <TrendingUp />, accent: ""slate"" }, { id: 17, value: ""DEEP TECH"", label: ""INDIAN INSTITUTE OF T","Component","frontend\src\components\IntelligenceFacts.jsx","FALLBACK_CONSTANT","INTERNAL_TECHNICAL_OR_SAFE_UI","SAFE","L2_FILTERED"
"NUM_22726","200","200","count","me to India's largest research park, housing over 200 deep-tech labs."", icon: <Microscope />, accent: ""","Component","frontend\src\components\IntelligenceFacts.jsx","FALLBACK_CONSTANT","INTERNAL_TECHNICAL_OR_SAFE_UI","SAFE","L2_FILTERED"
"NUM_22727","18,","18","count","con: <Microscope />, accent: ""blue"" }, { id: 18, value: ""100% CUTOFF"", label: ""SRCC PRESTIGE"", des","Component","frontend\src\components\IntelligenceFacts.jsx","FALLBACK_CONSTANT","INTERNAL_TECHNICAL_OR_SAFE_UI","SAFE","L2_FILTERED"
"NUM_22728","100%","100","%","cope />, accent: ""blue"" }, { id: 18, value: ""100% CUTOFF"", label: ""SRCC PRESTIGE"", description: ""En","Component","frontend\src\components\IntelligenceFacts.jsx","FALLBACK_CONSTANT","INTERNAL_TECHNICAL_OR_SAFE_UI","SAFE","L2_FILTERED"
"NUM_22730","20,","20","count"," icon: <Rocket />, accent: ""purple"" }, { id: 20, value: ""SILICON VALLEY"", label: ""BITS PILANI"", de","Component","frontend\src\components\IntelligenceFacts.jsx","FALLBACK_CONSTANT","INTERNAL_TECHNICAL_OR_SAFE_UI","SAFE","L2_FILTERED"
"NUM_22731","21,","21","count",""", icon: <Globe />, accent: ""slate"" }, { id: 21, value: ""ELITE MED"", label: ""AFMC PUNE"", descripti","Component","frontend\src\components\IntelligenceFacts.jsx","FALLBACK_CONSTANT","INTERNAL_TECHNICAL_OR_SAFE_UI","SAFE","L2_FILTERED"
"NUM_22732","22,","22","count",""", icon: <Shield />, accent: ""blue"" }, { id: 22, value: ""MASSIVE"", label: ""INDIAN INSTITUTE OF TEC","Component","frontend\src\components\IntelligenceFacts.jsx","FALLBACK_CONSTANT","INTERNAL_TECHNICAL_OR_SAFE_UI","SAFE","L2_FILTERED"
"NUM_22734","24,","24","count","on: <Briefcase />, accent: ""purple"" }, { id: 24, value: ""TECH HUB"", label: ""IIIT HYDERABAD"", descr","Component","frontend\src\components\IntelligenceFacts.jsx","FALLBACK_CONSTANT","INTERNAL_TECHNICAL_OR_SAFE_UI","SAFE","L2_FILTERED"
"NUM_22736","150","150","count","Cpu />, accent: ""slate"" }, { id: 25, value: ""150 YRS"", label: ""LEGACY"", description: ""Several Indi","Component","frontend\src\components\IntelligenceFacts.jsx","FALLBACK_CONSTANT","INTERNAL_TECHNICAL_OR_SAFE_UI","SAFE","L2_FILTERED"
"NUM_22739","0.5","0.5","count"," const shuffled = [...AMAZING_FACTS].sort(() => 0.5 - Math.random()); setRandomPoints(shuffl","Component","frontend\src\components\IntelligenceFacts.jsx","FALLBACK_CONSTANT","INTERNAL_TECHNICAL_OR_SAFE_UI","SAFE","L2_FILTERED"
"NUM_22740","0,","0","count","andom()); setRandomPoints(shuffled.slice(0, 4)); const banner = AMAZING_BANNERS[Ma","Component","frontend\src\components\IntelligenceFacts.jsx","FALLBACK_CONSTANT","INTERNAL_TECHNICAL_OR_SAFE_UI","SAFE","L2_FILTERED"
"NUM_22741","4","4","count","om()); setRandomPoints(shuffled.slice(0, 4)); const banner = AMAZING_BANNERS[Math","Component","frontend\src\components\IntelligenceFacts.jsx","FALLBACK_CONSTANT","INTERNAL_TECHNICAL_OR_SAFE_UI","SAFE","L2_FILTERED"
"NUM_22742","0","0","count","; }, []); if (randomPoints.length === 0) return null; return ( <section c","Component","frontend\src\components\IntelligenceFacts.jsx","FALLBACK_CONSTANT","INTERNAL_TECHNICAL_OR_SAFE_UI","SAFE","L2_FILTERED"
"NUM_22743","2","2","count","TS</span> <ScrollReveal as=""h2"" containerClassName=""intel-main-title fadeIn dela","Component","frontend\src\components\IntelligenceFacts.jsx","FALLBACK_CONSTANT","INTERNAL_TECHNICAL_OR_SAFE_UI","SAFE","L2_FILTERED"
"NUM_22748","0","0","count","edStr, index, baseScore) => { let hash = 0; const str = `${seedStr}-${index}`; ","Component","frontend\src\components\IntelligenceRadar.jsx","API_DERIVED","INTERNAL_TECHNICAL_OR_SAFE_UI","SAFE","L2_FILTERED"
"NUM_22749","0","0","count","tr = `${seedStr}-${index}`; for (let i = 0; i < str.length; i++) { const char =","Component","frontend\src\components\IntelligenceRadar.jsx","COMPUTED_FRONTEND","INTERNAL_TECHNICAL_OR_SAFE_UI","SAFE","L2_FILTERED"
"NUM_22750","5","5","count","= str.charCodeAt(i); hash = (hash << 5) - hash + char; hash = hash & hash; ","Component","frontend\src\components\IntelligenceRadar.jsx","FALLBACK_CONSTANT","INTERNAL_TECHNICAL_OR_SAFE_UI","SAFE","L2_FILTERED"
"NUM_22751","0","0","count"," const safeHash = isNaN(Math.abs(hash)) ? 0 : Math.abs(hash); const variance = (safe","Component","frontend\src\components\IntelligenceRadar.jsx","FALLBACK_CONSTANT","INTERNAL_TECHNICAL_OR_SAFE_UI","SAFE","L2_FILTERED"
"NUM_22752","20","20","count",".abs(hash); const variance = (safeHash % 20) - 10; let final = baseScore + variance;","Component","frontend\src\components\IntelligenceRadar.jsx","FALLBACK_CONSTANT","INTERNAL_TECHNICAL_OR_SAFE_UI","SAFE","L2_FILTERED"
"NUM_22753","10","10","count","ash); const variance = (safeHash % 20) - 10; let final = baseScore + variance; ","Component","frontend\src\components\IntelligenceRadar.jsx","FALLBACK_CONSTANT","INTERNAL_TECHNICAL_OR_SAFE_UI","SAFE","L2_FILTERED"
"NUM_22772","60","60","count","tateBase = benchmarks.stateBenchmarks.ceiScore || 60; data.forEach((d, i) => { d.B = generate","Component","frontend\src\components\IntelligenceRadar.jsx","FALLBACK_CONSTANT","INTERNAL_TECHNICAL_OR_SAFE_UI","SAFE","L2_FILTERED"
"NUM_22773","70","70","count"," tierBase = benchmarks.tierBenchmarks.ceiScore || 70; data.forEach((d, i) => { d.C = generate","Component","frontend\src\components\IntelligenceRadar.jsx","FALLBACK_CONSTANT","INTERNAL_TECHNICAL_OR_SAFE_UI","SAFE","L2_FILTERED"
"NUM_22779","600","600","count","ligence: Comparing <strong className=""text-indigo-600"">{college.shortName || 'this college'}</strong> a","Component","frontend\src\components\IntelligenceRadar.jsx","API_DERIVED","INTERNAL_TECHNICAL_OR_SAFE_UI","SAFE","L2_FILTERED"
"NUM_22781","600","600","count","state}</strong> and <strong className=""text-amber-600"">{benchmarks.metadata.band} Peers</strong>.</> ","Component","frontend\src\components\IntelligenceRadar.jsx","API_DERIVED","INTERNAL_TECHNICAL_OR_SAFE_UI","SAFE","L2_FILTERED"
"NUM_22791","99,","99","count","kground: 'radial-gradient(ellipse at center, rgba(99, 102, 241, 0.08) 0%, transparent 70%)', ","Component","frontend\src\components\IntelligenceRadar.jsx","FALLBACK_CONSTANT","INTERNAL_TECHNICAL_OR_SAFE_UI","SAFE","L2_FILTERED"
"NUM_22792","102,","102","count","und: 'radial-gradient(ellipse at center, rgba(99, 102, 241, 0.08) 0%, transparent 70%)', ","Component","frontend\src\components\IntelligenceRadar.jsx","FALLBACK_CONSTANT","INTERNAL_TECHNICAL_OR_SAFE_UI","SAFE","L2_FILTERED"
"NUM_22793","241,","241","count","'radial-gradient(ellipse at center, rgba(99, 102, 241, 0.08) 0%, transparent 70%)', ","Component","frontend\src\components\IntelligenceRadar.jsx","FALLBACK_CONSTANT","INTERNAL_TECHNICAL_OR_SAFE_UI","SAFE","L2_FILTERED"
"NUM_22794","0.08","0.08","count","al-gradient(ellipse at center, rgba(99, 102, 241, 0.08) 0%, transparent 70%)', tran","Component","frontend\src\components\IntelligenceRadar.jsx","FALLBACK_CONSTANT","INTERNAL_TECHNICAL_OR_SAFE_UI","SAFE","L2_FILTERED"
"NUM_22795","0%","0","%","dient(ellipse at center, rgba(99, 102, 241, 0.08) 0%, transparent 70%)', transfor","Component","frontend\src\components\IntelligenceRadar.jsx","FALLBACK_CONSTANT","INTERNAL_TECHNICAL_OR_SAFE_UI","SAFE","L2_FILTERED"
"NUM_22796","70%","70","%"," center, rgba(99, 102, 241, 0.08) 0%, transparent 70%)', transform: 'rotateX(75deg","Component","frontend\src\components\IntelligenceRadar.jsx","FALLBACK_CONSTANT","INTERNAL_TECHNICAL_OR_SAFE_UI","SAFE","L2_FILTERED"
"NUM_22901","2","2","count","kle-icon { animation: shimmy 2s infinite ease-in-out; } ","Component","frontend\src\components\IntelligenceTicker.jsx","COMPUTED_FRONTEND","INTERNAL_TECHNICAL_OR_SAFE_UI","SAFE","L2_FILTERED"
"NUM_22912","0.16,","0.16","count"," animation: slideFadeIn 0.5s cubic-bezier(0.16, 1, 0.3, 1); } ","Component","frontend\src\components\IntelligenceTicker.jsx","FALLBACK_CONSTANT","INTERNAL_TECHNICAL_OR_SAFE_UI","SAFE","L2_FILTERED"
"NUM_22913","1,","1","count"," animation: slideFadeIn 0.5s cubic-bezier(0.16, 1, 0.3, 1); } @k","Component","frontend\src\components\IntelligenceTicker.jsx","FALLBACK_CONSTANT","INTERNAL_TECHNICAL_OR_SAFE_UI","SAFE","L2_FILTERED"
"NUM_22914","0.3,","0.3","count","animation: slideFadeIn 0.5s cubic-bezier(0.16, 1, 0.3, 1); } @keyfra","Component","frontend\src\components\IntelligenceTicker.jsx","FALLBACK_CONSTANT","INTERNAL_TECHNICAL_OR_SAFE_UI","SAFE","L2_FILTERED"
"NUM_22915","1","1","count","tion: slideFadeIn 0.5s cubic-bezier(0.16, 1, 0.3, 1); } @keyframe","Component","frontend\src\components\IntelligenceTicker.jsx","FALLBACK_CONSTANT","INTERNAL_TECHNICAL_OR_SAFE_UI","SAFE","L2_FILTERED"
"NUM_22931","0.2","0.2","count","x-shrink: 0; transition: all 0.2s; } .ticker-a","Component","frontend\src\components\IntelligenceTicker.jsx","FALLBACK_CONSTANT","INTERNAL_TECHNICAL_OR_SAFE_UI","SAFE","L2_FILTERED"
"NUM_22936","0.1","0.1","count","tion = 600, className = """", threshold = 0.1 }) { const [isVisible, setIsVisible] = useS","Component","frontend\src\components\MotionReveal.jsx","FALLBACK_CONSTANT","INTERNAL_TECHNICAL_OR_SAFE_UI","SAFE","L2_FILTERED"
"NUM_22983","2026","2026","count"," <div className=""dossier-stamp"">Status: 2026 Curriculum Evaluated</div> </header> ","Component","frontend\src\components\NarrativeBranches.jsx","FALLBACK_CONSTANT","INTERNAL_TECHNICAL_OR_SAFE_UI","SAFE","L2_FILTERED"
"NUM_23069","2","2","count","-subheading"">Seats & Intake</span> <h2 className=""prestige-heading"">Institutional Capaci","Component","frontend\src\components\NarrativeCampus.jsx","FALLBACK_CONSTANT","INTERNAL_TECHNICAL_OR_SAFE_UI","SAFE","L2_FILTERED"
"NUM_23070","2","2","count","sName=""prestige-heading"">Institutional Capacity</h2> <div className=""dossier-stamp"">Sour","Component","frontend\src\components\NarrativeCampus.jsx","FALLBACK_CONSTANT","INTERNAL_TECHNICAL_OR_SAFE_UI","SAFE","L2_FILTERED"
"NUM_23071","2026","2026","count"," <div className=""dossier-stamp"">Source: 2026 Seat Matrix</div> </header> ","Component","frontend\src\components\NarrativeCampus.jsx","FALLBACK_CONSTANT","INTERNAL_TECHNICAL_OR_SAFE_UI","SAFE","L2_FILTERED"
"NUM_23072","28.6139","28.6139","count","al Latitude: {college.raw?.location?.latitude || '28.6139'}</div> <div className=""metric-tag"">","Component","frontend\src\components\NarrativeCampus.jsx","API_DERIVED","INTERNAL_TECHNICAL_OR_SAFE_UI","SAFE","L2_FILTERED"
"NUM_23115","2","2","count","heading"">Strategic Outcomes</span> <h2 className=""prestige-heading"">Institutional Edge</","Component","frontend\src\components\NarrativeEdge.jsx","FALLBACK_CONSTANT","INTERNAL_TECHNICAL_OR_SAFE_UI","SAFE","L2_FILTERED"
"NUM_23116","2","2","count","className=""prestige-heading"">Institutional Edge</h2> </header> <div className","Component","frontend\src\components\NarrativeEdge.jsx","FALLBACK_CONSTANT","INTERNAL_TECHNICAL_OR_SAFE_UI","SAFE","L2_FILTERED"
"NUM_23119","3","3","count","""prestige-heading small"">Return on Intelligence</h3> </div> ","Component","frontend\src\components\NarrativeEdge.jsx","FALLBACK_CONSTANT","INTERNAL_TECHNICAL_OR_SAFE_UI","SAFE","L2_FILTERED"
"NUM_23169","2","2","count","on.css'; /** * NarrativeFoundation - Section 2 * Presents the ""Institutional Identity"" in an e","Component","frontend\src\components\NarrativeFoundation.jsx","FALLBACK_CONSTANT","INTERNAL_TECHNICAL_OR_SAFE_UI","SAFE","L2_FILTERED"
"NUM_23170","2","2","count","ge-subheading"">The Foundation</span> <h2 className=""prestige-heading section-title"">Instit","Component","frontend\src\components\NarrativeFoundation.jsx","FALLBACK_CONSTANT","INTERNAL_TECHNICAL_OR_SAFE_UI","SAFE","L2_FILTERED"
"NUM_23171","2","2","count","e-heading section-title"">Institutional Identity</h2> </header> <div className=""fo","Component","frontend\src\components\NarrativeFoundation.jsx","FALLBACK_CONSTANT","INTERNAL_TECHNICAL_OR_SAFE_UI","SAFE","L2_FILTERED"
"NUM_23177","1800","1800","count",".establishedYear || college?.establishmentYear) > 1800 && Number(college?.establishedYear || college?.es","Component","frontend\src\components\NarrativeFoundation.jsx","FALLBACK_CONSTANT","HARDCODED_UNVERIFIED","REVIEW","L3_FACTUAL"
"NUM_23179","1800","1800","count",".establishedYear || college?.establishmentYear) > 1800 && Number(college?.establishedYear || college?.es","Component","frontend\src\components\NarrativeFoundation.jsx","FALLBACK_CONSTANT","HARDCODED_UNVERIFIED","REVIEW","L3_FACTUAL"
"NUM_23208","4","4","count","teway.css'; /** * NarrativeGateway - Section 4 * The final barrier to entry: Seats, Admissions","Component","frontend\src\components\NarrativeGateway.jsx","FALLBACK_CONSTANT","INTERNAL_TECHNICAL_OR_SAFE_UI","SAFE","L2_FILTERED"
"NUM_23209","2","2","count","subheading"">Strategic Entry</span> <h2 className=""prestige-heading"">Admission Thresholds","Component","frontend\src\components\NarrativeGateway.jsx","FALLBACK_CONSTANT","INTERNAL_TECHNICAL_OR_SAFE_UI","SAFE","L2_FILTERED"
"NUM_23210","2","2","count","assName=""prestige-heading"">Admission Thresholds</h2> <div className=""dossier-stamp"">Stat","Component","frontend\src\components\NarrativeGateway.jsx","FALLBACK_CONSTANT","INTERNAL_TECHNICAL_OR_SAFE_UI","SAFE","L2_FILTERED"
"NUM_23211","2025","2025","count"," <div className=""dossier-stamp"">Status: 2025 Cutoffs Evaluated</div> </header> ","Component","frontend\src\components\NarrativeGateway.jsx","FALLBACK_CONSTANT","INTERNAL_TECHNICAL_OR_SAFE_UI","SAFE","L2_FILTERED"
"NUM_23215","3","3","count","=""prestige-heading small"">Institutional Cutoffs</h3> </div> <div classN","Component","frontend\src\components\NarrativeGateway.jsx","FALLBACK_CONSTANT","INTERNAL_TECHNICAL_OR_SAFE_UI","SAFE","L2_FILTERED"
"NUM_23307","2","2","count","ubheading"">Geographic Pulse</span> <h2 className=""prestige-heading"">Regional Context</h2","Component","frontend\src\components\NarrativeGeography.jsx","FALLBACK_CONSTANT","INTERNAL_TECHNICAL_OR_SAFE_UI","SAFE","L2_FILTERED"
"NUM_23308","2","2","count","2 className=""prestige-heading"">Regional Context</h2> <div className=""dossi","Component","frontend\src\components\NarrativeGeography.jsx","FALLBACK_CONSTANT","INTERNAL_TECHNICAL_OR_SAFE_UI","SAFE","L2_FILTERED"
"NUM_23406","0","0","count"," = (college.rankings && college.rankings.length > 0) ? college.rankings : []; const ","Component","frontend\src\components\NarrativeIntel.jsx","FALLBACK_CONSTANT","INTERNAL_TECHNICAL_OR_SAFE_UI","SAFE","L2_FILTERED"
"NUM_23407","0","0","count","ts = (college.courses && college.courses.length > 0) ? [...new Set(college.courses.map(c => c.d","Component","frontend\src\components\NarrativeIntel.jsx","FALLBACK_CONSTANT","INTERNAL_TECHNICAL_OR_SAFE_UI","SAFE","L2_FILTERED"
"NUM_23412","1","1","count"," {ceiScore !== null ? ceiScore.toFixed(1) : 'Score pending verification'} ","Component","frontend\src\components\NarrativeIntel.jsx","API_DERIVED","INTERNAL_TECHNICAL_OR_SAFE_UI","SAFE","L2_FILTERED"
"NUM_23413","2","2","count","ding"">Institutional Score</span> <h2 className=""prestige-heading"">CEI Intelligence Ana","Component","frontend\src\components\NarrativeIntel.jsx","FALLBACK_CONSTANT","INTERNAL_TECHNICAL_OR_SAFE_UI","SAFE","L2_FILTERED"
"NUM_23414","2","2","count","me=""prestige-heading"">CEI Intelligence Analysis</h2> <p className=""prestige-body-text""","Component","frontend\src\components\NarrativeIntel.jsx","FALLBACK_CONSTANT","INTERNAL_TECHNICAL_OR_SAFE_UI","SAFE","L2_FILTERED"
"NUM_23416","0","0","count"," <tbody> {rankings.length > 0 ? rankings.map((rank, i) => ( ","Component","frontend\src\components\NarrativeIntel.jsx","FALLBACK_CONSTANT","INTERNAL_TECHNICAL_OR_SAFE_UI","SAFE","L2_FILTERED"
"NUM_23499","2","2","count","ollege.name} Excellence Blueprint </h2> <p className=""prestige-body-text""> ","Component","frontend\src\components\NarrativeOverview.jsx","FALLBACK_CONSTANT","INTERNAL_TECHNICAL_OR_SAFE_UI","SAFE","L2_FILTERED"
"NUM_23501","2","2","count","ege.ceiScore)) ? Number(college.ceiScore).toFixed(2) : '---'}</span> <span className=""","Component","frontend\src\components\NarrativeOverview.jsx","FALLBACK_CONSTANT","HARDCODED_UNVERIFIED","REVIEW","L3_FACTUAL"
"NUM_23560","2024","2024","count","egory || 'Institutional'} Category | ${r.year || '2024'}`, icon: Award })) : [ ","Component","frontend\src\components\NarrativePedigree.jsx","COMPUTED_FRONTEND","API_DERIVED_UNVERIFIED","SAFE","L3_FACTUAL"
"NUM_23562","2","2","count"," className=""prestige-heading"">Research Pedigree</h2> <div className=""dossier-stamp""> ","Component","frontend\src\components\NarrativePedigree.jsx","FALLBACK_CONSTANT","INTERNAL_TECHNICAL_OR_SAFE_UI","SAFE","L2_FILTERED"
"NUM_23603","2","2","count","llege.ceiScore ? Number(college.ceiScore).toFixed(2) : 0; return ( <section className=""pres","Component","frontend\src\components\NarrativeSentiment.jsx","FALLBACK_CONSTANT","HARDCODED_UNVERIFIED","REVIEW","L3_FACTUAL"
"NUM_23604","0","0","count",".ceiScore ? Number(college.ceiScore).toFixed(2) : 0; return ( <section className=""prestige-","Component","frontend\src\components\NarrativeSentiment.jsx","FALLBACK_CONSTANT","HARDCODED_UNVERIFIED","REVIEW","L3_FACTUAL"
"NUM_23609","2","2","count"," Transparency </span> <h2 className=""prestige-heading"">CEI Score Calculatio","Component","frontend\src\components\NarrativeSentiment.jsx","FALLBACK_CONSTANT","INTERNAL_TECHNICAL_OR_SAFE_UI","SAFE","L2_FILTERED"
"NUM_23637","70%","70","%","> {/* Institution Base Strength (70%) */} <div className=""space-y-4"">","Component","frontend\src\components\NarrativeSentiment.jsx","COMPUTED_FRONTEND","INTERNAL_TECHNICAL_OR_SAFE_UI","SAFE","L2_FILTERED"
"NUM_23647","4","4","count"," Base Strength (70% Weight) </h4> <div className=""p-5 rounded-2","Component","frontend\src\components\NarrativeSentiment.jsx","FALLBACK_CONSTANT","INTERNAL_TECHNICAL_OR_SAFE_UI","SAFE","L2_FILTERED"
"NUM_23657","2","2","count"," Number(college.institutionStrengthScore).toFixed(2) : Number(college.ceiScore || 0).toFixed(2)}</spa","Component","frontend\src\components\NarrativeSentiment.jsx","FALLBACK_CONSTANT","HARDCODED_UNVERIFIED","REVIEW","L3_FACTUAL"
"NUM_23658","0","0","count","gthScore).toFixed(2) : Number(college.ceiScore || 0).toFixed(2)}</span> <span","Component","frontend\src\components\NarrativeSentiment.jsx","FALLBACK_CONSTANT","HARDCODED_UNVERIFIED","REVIEW","L3_FACTUAL"
"NUM_23659","2","2","count","oFixed(2) : Number(college.ceiScore || 0).toFixed(2)}</span> <span className=","Component","frontend\src\components\NarrativeSentiment.jsx","FALLBACK_CONSTANT","HARDCODED_UNVERIFIED","REVIEW","L3_FACTUAL"
"NUM_23663","100.00","100.00","count","old text-blue-500/60 uppercase tracking-widest"">/ 100.00</span> </div> ","Component","frontend\src\components\NarrativeSentiment.jsx","FALLBACK_CONSTANT","INTERNAL_TECHNICAL_OR_SAFE_UI","SAFE","L2_FILTERED"
"NUM_23668","400","400","count"," <span className=""text-slate-400 uppercase tracking-wider"">Registry Status</span> ","Component","frontend\src\components\NarrativeSentiment.jsx","FALLBACK_CONSTANT","INTERNAL_TECHNICAL_OR_SAFE_UI","SAFE","L2_FILTERED"
"NUM_23669","400","400","count"," <span className={college.isCore ? ""text-green-400"" : ""text-slate-500""}>{college.isCore ? 'Elite Cor","Component","frontend\src\components\NarrativeSentiment.jsx","API_DERIVED","INTERNAL_TECHNICAL_OR_SAFE_UI","SAFE","L2_FILTERED"
"NUM_23670","500","500","count","={college.isCore ? ""text-green-400"" : ""text-slate-500""}>{college.isCore ? 'Elite Core' : 'Standard'}</s","Component","frontend\src\components\NarrativeSentiment.jsx","API_DERIVED","INTERNAL_TECHNICAL_OR_SAFE_UI","SAFE","L2_FILTERED"
"NUM_23674","400","400","count"," <span className=""text-slate-400 uppercase tracking-wider"">Ranking Tier</span> ","Component","frontend\src\components\NarrativeSentiment.jsx","FALLBACK_CONSTANT","INTERNAL_TECHNICAL_OR_SAFE_UI","SAFE","L2_FILTERED"
"NUM_23684","400","400","count"," <span className=""text-slate-400 uppercase tracking-wider"">Program Breadth</span> ","Component","frontend\src\components\NarrativeSentiment.jsx","FALLBACK_CONSTANT","INTERNAL_TECHNICAL_OR_SAFE_UI","SAFE","L2_FILTERED"
"NUM_23685","0","0","count","lassName=""text-white"">{college.courses?.length || 0} Evaluated</span> </div>","Component","frontend\src\components\NarrativeSentiment.jsx","API_DERIVED","INTERNAL_TECHNICAL_OR_SAFE_UI","SAFE","L2_FILTERED"
"NUM_23691","30%","30","%","iv> {/* Data Confidence Index (30%) */} <div className=""space-y-4"">","Component","frontend\src\components\NarrativeSentiment.jsx","COMPUTED_FRONTEND","INTERNAL_TECHNICAL_OR_SAFE_UI","SAFE","L2_FILTERED"
"NUM_23701","4","4","count","nfidence Index (30% Weight) </h4> <div className=""p-5 rounded-2","Component","frontend\src\components\NarrativeSentiment.jsx","FALLBACK_CONSTANT","INTERNAL_TECHNICAL_OR_SAFE_UI","SAFE","L2_FILTERED"
"NUM_23711","2","2","count","ore ? Number(college.dataConfidenceScore).toFixed(2) : Number(college.ceiScore || 0).toFixed(2)}</spa","Component","frontend\src\components\NarrativeSentiment.jsx","FALLBACK_CONSTANT","HARDCODED_UNVERIFIED","REVIEW","L3_FACTUAL"
"NUM_23712","0","0","count","nceScore).toFixed(2) : Number(college.ceiScore || 0).toFixed(2)}</span> <span","Component","frontend\src\components\NarrativeSentiment.jsx","FALLBACK_CONSTANT","HARDCODED_UNVERIFIED","REVIEW","L3_FACTUAL"
"NUM_23713","2","2","count","oFixed(2) : Number(college.ceiScore || 0).toFixed(2)}</span> <span className=","Component","frontend\src\components\NarrativeSentiment.jsx","FALLBACK_CONSTANT","HARDCODED_UNVERIFIED","REVIEW","L3_FACTUAL"
"NUM_23717","100.00","100.00","count","d text-indigo-500/60 uppercase tracking-widest"">/ 100.00</span> </div> ","Component","frontend\src\components\NarrativeSentiment.jsx","FALLBACK_CONSTANT","INTERNAL_TECHNICAL_OR_SAFE_UI","SAFE","L2_FILTERED"
"NUM_23723","0","0","count","=""text-white"">{college.coverage?.truthRowCount || 0} Signals</span> </div> ","Component","frontend\src\components\NarrativeSentiment.jsx","API_DERIVED","INTERNAL_TECHNICAL_OR_SAFE_UI","SAFE","L2_FILTERED"
"NUM_23727","400","400","count"," <span className=""text-slate-400 uppercase tracking-wider"">Source Diversity</span>","Component","frontend\src\components\NarrativeSentiment.jsx","FALLBACK_CONSTANT","INTERNAL_TECHNICAL_OR_SAFE_UI","SAFE","L2_FILTERED"
"NUM_23728","0","0","count","ite"">{college.coverage?.sourceFamilies?.length || 0} Families</span> </div> ","Component","frontend\src\components\NarrativeSentiment.jsx","API_DERIVED","INTERNAL_TECHNICAL_OR_SAFE_UI","SAFE","L2_FILTERED"
"NUM_23732","400","400","count"," <span className=""text-slate-400 uppercase tracking-wider"">Verification Status</sp","Component","frontend\src\components\NarrativeSentiment.jsx","FALLBACK_CONSTANT","INTERNAL_TECHNICAL_OR_SAFE_UI","SAFE","L2_FILTERED"
"NUM_23733","400","400","count","e.verificationStatus === 'VERIFIED' ? ""text-green-400"" : ""text-slate-500""}>{college.verificationStatus ","Component","frontend\src\components\NarrativeSentiment.jsx","FALLBACK_CONSTANT","INTERNAL_TECHNICAL_OR_SAFE_UI","SAFE","L2_FILTERED"
"NUM_23734","500","500","count","s === 'VERIFIED' ? ""text-green-400"" : ""text-slate-500""}>{college.verificationStatus || 'Pending'}</span","Component","frontend\src\components\NarrativeSentiment.jsx","API_DERIVED","INTERNAL_TECHNICAL_OR_SAFE_UI","SAFE","L2_FILTERED"
"NUM_23737","400","400","count"," <span className=""text-slate-400 uppercase tracking-wider"">Coverage Bucket</span> ","Component","frontend\src\components\NarrativeSentiment.jsx","FALLBACK_CONSTANT","INTERNAL_TECHNICAL_OR_SAFE_UI","SAFE","L2_FILTERED"
"NUM_23738","400","400","count","coverage?.coverageBucket === 'Rich' ? ""text-green-400"" : college.coverage?.coverageBucket === 'Partial'","Component","frontend\src\components\NarrativeSentiment.jsx","FALLBACK_CONSTANT","INTERNAL_TECHNICAL_OR_SAFE_UI","SAFE","L2_FILTERED"
"NUM_23739","400","400","count","erage?.coverageBucket === 'Partial' ? ""text-amber-400"" : ""text-slate-500""}>{college.coverage?.coverageB","Component","frontend\src\components\NarrativeSentiment.jsx","FALLBACK_CONSTANT","INTERNAL_TECHNICAL_OR_SAFE_UI","SAFE","L2_FILTERED"
"NUM_23740","500","500","count","et === 'Partial' ? ""text-amber-400"" : ""text-slate-500""}>{college.coverage?.coverageBucket || 'None'}</s","Component","frontend\src\components\NarrativeSentiment.jsx","API_DERIVED","INTERNAL_TECHNICAL_OR_SAFE_UI","SAFE","L2_FILTERED"
"NUM_23752","2","2","count"," Number(college.institutionStrengthScore).toFixed(2) : '0.00'}) and Data Confidence Index ({college.d","Component","frontend\src\components\NarrativeSentiment.jsx","FALLBACK_CONSTANT","INTERNAL_TECHNICAL_OR_SAFE_UI","SAFE","L2_FILTERED"
"NUM_23753","0.00","0.00","count","r(college.institutionStrengthScore).toFixed(2) : '0.00'}) and Data Confidence Index ({college.dataConfid","Component","frontend\src\components\NarrativeSentiment.jsx","FALLBACK_CONSTANT","INTERNAL_TECHNICAL_OR_SAFE_UI","SAFE","L2_FILTERED"
"NUM_23754","2","2","count","ore ? Number(college.dataConfidenceScore).toFixed(2) : '0.00'}). This ensures UI simplicity while mai","Component","frontend\src\components\NarrativeSentiment.jsx","FALLBACK_CONSTANT","INTERNAL_TECHNICAL_OR_SAFE_UI","SAFE","L2_FILTERED"
"NUM_23755","0.00","0.00","count","Number(college.dataConfidenceScore).toFixed(2) : '0.00'}). This ensures UI simplicity while maintaining ","Component","frontend\src\components\NarrativeSentiment.jsx","FALLBACK_CONSTANT","INTERNAL_TECHNICAL_OR_SAFE_UI","SAFE","L2_FILTERED"
"NUM_23760","2","2","count","ing"">Financial Transparency</span> <h2 className=""prestige-heading"">Institutional Vault<","Component","frontend\src\components\NarrativeVault.jsx","FALLBACK_CONSTANT","INTERNAL_TECHNICAL_OR_SAFE_UI","SAFE","L2_FILTERED"
"NUM_23761","2","2","count","lassName=""prestige-heading"">Institutional Vault</h2> <p className=""prestige-body-text va","Component","frontend\src\components\NarrativeVault.jsx","FALLBACK_CONSTANT","INTERNAL_TECHNICAL_OR_SAFE_UI","SAFE","L2_FILTERED"
"NUM_23762","24","24","count","e); const isVeryRecent = hoursSincePublish < 24; const formattedDate = format(publishDate, '","Component","frontend\src\components\NewsCard.jsx","FALLBACK_CONSTANT","INTERNAL_TECHNICAL_OR_SAFE_UI","SAFE","L2_FILTERED"
"NUM_23838","0.2","0.2","count","ation: none; transition: all 0.2s; } .action-b","Component","frontend\src\components\NewsCard.jsx","FALLBACK_CONSTANT","INTERNAL_TECHNICAL_OR_SAFE_UI","SAFE","L2_FILTERED"
"NUM_23840","0","0","count","; }, []); if (breakingNews.length === 0) return null; return ( <div class","Component","frontend\src\components\NewsTicker.jsx","FALLBACK_CONSTANT","INTERNAL_TECHNICAL_OR_SAFE_UI","SAFE","L2_FILTERED"
"NUM_23894","0%","0","%"," @keyframes ticker-scroll { 0% { transform: translateX(0); } ","Component","frontend\src\components\NewsTicker.jsx","COMPUTED_FRONTEND","INTERNAL_TECHNICAL_OR_SAFE_UI","SAFE","L2_FILTERED"
"NUM_23910","3","3","count","v className=""action-text""> <h3>{title}</h3> <p>{description","Component","frontend\src\components\NextBestAction.jsx","COMPUTED_FRONTEND","INTERNAL_TECHNICAL_OR_SAFE_UI","SAFE","L2_FILTERED"
"NUM_23911","3","3","count","""action-text""> <h3>{title}</h3> <p>{description}</p> ","Component","frontend\src\components\NextBestAction.jsx","COMPUTED_FRONTEND","INTERNAL_TECHNICAL_OR_SAFE_UI","SAFE","L2_FILTERED"
"NUM_23962","1.5","1.5","count","66f1; animation: ready-pulse 1.5s infinite; } @k","Component","frontend\src\components\NextBestAction.jsx","FALLBACK_CONSTANT","INTERNAL_TECHNICAL_OR_SAFE_UI","SAFE","L2_FILTERED"
"NUM_24200","3","3","count","ore.css'; /** * Nexus3DCore — True Isometric 3D Data Visualization * Renders scoring factors a","Component","frontend\src\components\Nexus3DCore.jsx","FALLBACK_CONSTANT","INTERNAL_TECHNICAL_OR_SAFE_UI","SAFE","L2_FILTERED"
"NUM_24202","65","65","count","; const base = Number(college.ceiScore) || 65; const safeBase = isNaN(base) ? 65 : base; ","Component","frontend\src\components\Nexus3DCore.jsx","FALLBACK_CONSTANT","INTERNAL_TECHNICAL_OR_SAFE_UI","SAFE","L2_FILTERED"
"NUM_24203","65","65","count","Score) || 65; const safeBase = isNaN(base) ? 65 : base; const canonical = college.canonicalI","Component","frontend\src\components\Nexus3DCore.jsx","FALLBACK_CONSTANT","INTERNAL_TECHNICAL_OR_SAFE_UI","SAFE","L2_FILTERED"
"NUM_24204","0","0","count","edStr, index, baseScore) => { let hash = 0; const str = `${seedStr}-${index}`; ","Component","frontend\src\components\Nexus3DCore.jsx","API_DERIVED","INTERNAL_TECHNICAL_OR_SAFE_UI","SAFE","L2_FILTERED"
"NUM_24205","0","0","count","tr = `${seedStr}-${index}`; for (let i = 0; i < str.length; i++) { const char =","Component","frontend\src\components\Nexus3DCore.jsx","COMPUTED_FRONTEND","INTERNAL_TECHNICAL_OR_SAFE_UI","SAFE","L2_FILTERED"
"NUM_24206","5","5","count","= str.charCodeAt(i); hash = (hash << 5) - hash + char; hash = hash & hash; ","Component","frontend\src\components\Nexus3DCore.jsx","FALLBACK_CONSTANT","INTERNAL_TECHNICAL_OR_SAFE_UI","SAFE","L2_FILTERED"
"NUM_24230","3","3","count","); return ( <div className=""nexus-3d-wrapper""> <div className=""nexus-3d-","Component","frontend\src\components\Nexus3DCore.jsx","FALLBACK_CONSTANT","INTERNAL_TECHNICAL_OR_SAFE_UI","SAFE","L2_FILTERED"
"NUM_24341","1","1","count"," return pages; }; if (totalPages <= 1) return null; const pageNumbers = getPageN","Component","frontend\src\components\Pagination.jsx","FALLBACK_CONSTANT","INTERNAL_TECHNICAL_OR_SAFE_UI","SAFE","L2_FILTERED"
"NUM_24358","1","1","count","ame=""pagination-page"" onClick={() => onPageChange(1)}>1</button> {pageNumber","Component","frontend\src\components\Pagination.jsx","COMPUTED_FRONTEND","INTERNAL_TECHNICAL_OR_SAFE_UI","SAFE","L2_FILTERED"
"NUM_24362","1","1","count"," {pageNumbers[pageNumbers.length - 1] < totalPages && ( <> ","Component","frontend\src\components\Pagination.jsx","FALLBACK_CONSTANT","INTERNAL_TECHNICAL_OR_SAFE_UI","SAFE","L2_FILTERED"
"NUM_24363","1","1","count"," {pageNumbers[pageNumbers.length - 1] < totalPages - 1 && ( ","Component","frontend\src\components\Pagination.jsx","FALLBACK_CONSTANT","INTERNAL_TECHNICAL_OR_SAFE_UI","SAFE","L2_FILTERED"
"NUM_24364","1","1","count","ageNumbers[pageNumbers.length - 1] < totalPages - 1 && ( <span className","Component","frontend\src\components\Pagination.jsx","FALLBACK_CONSTANT","INTERNAL_TECHNICAL_OR_SAFE_UI","SAFE","L2_FILTERED"
"NUM_24384","100","100","count"," ""Target 🎯"": { bg: ""bg-amber-100"", text: ""text-amber-700"", ","Component","frontend\src\components\PredictionBadge.jsx","FALLBACK_CONSTANT","INTERNAL_TECHNICAL_OR_SAFE_UI","SAFE","L2_FILTERED"
"NUM_24388","100","100","count"," ""Dream ✨"": { bg: ""bg-indigo-100"", text: ""text-indigo-700"", ","Component","frontend\src\components\PredictionBadge.jsx","FALLBACK_CONSTANT","INTERNAL_TECHNICAL_OR_SAFE_UI","SAFE","L2_FILTERED"
"NUM_24779","1","1","count","/> Official Intelligence </div> <h1 className=""hero-title""> Know what is ","Component","frontend\src\components\predictor\UnifiedPredictorDashboard.jsx","FALLBACK_CONSTANT","INTERNAL_TECHNICAL_OR_SAFE_UI","SAFE","L2_FILTERED"
"NUM_24780","1","1","count","real</span>, risky, and worth chasing. </h1> <p className=""hero-sub""> CEI","Component","frontend\src\components\predictor\UnifiedPredictorDashboard.jsx","FALLBACK_CONSTANT","INTERNAL_TECHNICAL_OR_SAFE_UI","SAFE","L2_FILTERED"
"NUM_24788","2","2","count","omain === 'engineering' ? 'CRL' : 'NEET'} rank?</h2> <div className=""rank-inp","Component","frontend\src\components\predictor\UnifiedPredictorDashboard.jsx","FALLBACK_CONSTANT","INTERNAL_TECHNICAL_OR_SAFE_UI","SAFE","L2_FILTERED"
"NUM_24789","45000","45000","count"," placeholder=""e.g. 45000"" value={rank} ","Component","frontend\src\components\predictor\UnifiedPredictorDashboard.jsx","API_DERIVED","API_DERIVED_UNVERIFIED","SAFE","L3_FACTUAL"
"NUM_24803","1,","1","count","iv className=""wizard-progress""> {[1, 2, 3, 4].map(s => <div key={s} className={`progre","Component","frontend\src\components\predictor\UnifiedPredictorDashboard.jsx","COMPUTED_FRONTEND","INTERNAL_TECHNICAL_OR_SAFE_UI","SAFE","L2_FILTERED"
"NUM_24804","2,","2","count","className=""wizard-progress""> {[1, 2, 3, 4].map(s => <div key={s} className={`progress-","Component","frontend\src\components\predictor\UnifiedPredictorDashboard.jsx","COMPUTED_FRONTEND","INTERNAL_TECHNICAL_OR_SAFE_UI","SAFE","L2_FILTERED"
"NUM_24805","3,","3","count","ssName=""wizard-progress""> {[1, 2, 3, 4].map(s => <div key={s} className={`progress-ste","Component","frontend\src\components\predictor\UnifiedPredictorDashboard.jsx","COMPUTED_FRONTEND","INTERNAL_TECHNICAL_OR_SAFE_UI","SAFE","L2_FILTERED"
"NUM_24822","20","20","count","IC; const meterPos = riskProfile === 'SAFE' ? 20 : riskProfile === 'REALISTIC' ? 50 : 80; ret","Component","frontend\src\components\predictor\UnifiedPredictorDashboard.jsx","FALLBACK_CONSTANT","INTERNAL_TECHNICAL_OR_SAFE_UI","SAFE","L2_FILTERED"
"NUM_24823","50","50","count","e === 'SAFE' ? 20 : riskProfile === 'REALISTIC' ? 50 : 80; return ( <div className=""verdi","Component","frontend\src\components\predictor\UnifiedPredictorDashboard.jsx","FALLBACK_CONSTANT","INTERNAL_TECHNICAL_OR_SAFE_UI","SAFE","L2_FILTERED"
"NUM_24824","80","80","count"," 'SAFE' ? 20 : riskProfile === 'REALISTIC' ? 50 : 80; return ( <div className=""verdict-he","Component","frontend\src\components\predictor\UnifiedPredictorDashboard.jsx","FALLBACK_CONSTANT","INTERNAL_TECHNICAL_OR_SAFE_UI","SAFE","L2_FILTERED"
"NUM_24825","1","1","count","-badge ${p.class}`}>{p.label}</div> <h1 className=""verdict-title"">{p.desc}</h1> ","Component","frontend\src\components\predictor\UnifiedPredictorDashboard.jsx","COMPUTED_FRONTEND","INTERNAL_TECHNICAL_OR_SAFE_UI","SAFE","L2_FILTERED"
"NUM_24826","1","1","count"," <h1 className=""verdict-title"">{p.desc}</h1> <div className=""admission-meter""> ","Component","frontend\src\components\predictor\UnifiedPredictorDashboard.jsx","COMPUTED_FRONTEND","INTERNAL_TECHNICAL_OR_SAFE_UI","SAFE","L2_FILTERED"
"NUM_24848","0","0","count","ts?.decisionSignals?.[b.toLowerCase()]?.length || 0}) </button> ","Component","frontend\src\components\predictor\UnifiedPredictorDashboard.jsx","FALLBACK_CONSTANT","INTERNAL_TECHNICAL_OR_SAFE_UI","SAFE","L2_FILTERED"
"NUM_24860","0","0","count","re, router }) => { if (compareList.length === 0) return null; return ( <motion.div cl","Component","frontend\src\components\predictor\UnifiedPredictorDashboard.jsx","FALLBACK_CONSTANT","INTERNAL_TECHNICAL_OR_SAFE_UI","SAFE","L2_FILTERED"
"NUM_24861","100","100","count","motion.div className=""compare-tray"" initial={{ y: 100 }} animate={{ y: 0 }}> <div className","Component","frontend\src\components\predictor\UnifiedPredictorDashboard.jsx","COMPUTED_FRONTEND","INTERNAL_TECHNICAL_OR_SAFE_UI","SAFE","L2_FILTERED"
"NUM_24862","0","0","count","""compare-tray"" initial={{ y: 100 }} animate={{ y: 0 }}> <div className=""compare-count""><B","Component","frontend\src\components\predictor\UnifiedPredictorDashboard.jsx","COMPUTED_FRONTEND","INTERNAL_TECHNICAL_OR_SAFE_UI","SAFE","L2_FILTERED"
"NUM_24877","2","2","count"," <div className=""drawer-header""><h2 className=""drawer-title"">Admission Intelligence B","Component","frontend\src\components\predictor\UnifiedPredictorDashboard.jsx","FALLBACK_CONSTANT","INTERNAL_TECHNICAL_OR_SAFE_UI","SAFE","L2_FILTERED"
"NUM_24878","2","2","count","ame=""drawer-title"">Admission Intelligence Basis</h2><button className=""drawer-close"" onClick={onClose","Component","frontend\src\components\predictor\UnifiedPredictorDashboard.jsx","FALLBACK_CONSTANT","INTERNAL_TECHNICAL_OR_SAFE_UI","SAFE","L2_FILTERED"
"NUM_24880","2024","2024","count","ection-body"">This prediction is based on official 2024 cutoff data released by {domain === 'engineering'","Component","frontend\src\components\predictor\UnifiedPredictorDashboard.jsx","FALLBACK_CONSTANT","INTERNAL_TECHNICAL_OR_SAFE_UI","SAFE","L2_FILTERED"
"NUM_24888","0,","0","count"," async (ids) => { const batch = ids.slice(0, 10); setHydratingIds(prev => new Set([...","Component","frontend\src\components\predictor\UnifiedPredictorDashboard.jsx","FALLBACK_CONSTANT","INTERNAL_TECHNICAL_OR_SAFE_UI","SAFE","L2_FILTERED"
"NUM_24889","10","10","count","ync (ids) => { const batch = ids.slice(0, 10); setHydratingIds(prev => new Set([...pre","Component","frontend\src\components\predictor\UnifiedPredictorDashboard.jsx","FALLBACK_CONSTANT","INTERNAL_TECHNICAL_OR_SAFE_UI","SAFE","L2_FILTERED"
"NUM_24891","600","600","count"," await new Promise(r => setTimeout(r, 600)); } try { let respon","Component","frontend\src\components\predictor\UnifiedPredictorDashboard.jsx","FALLBACK_CONSTANT","INTERNAL_TECHNICAL_OR_SAFE_UI","SAFE","L2_FILTERED"
"NUM_24893","0","0","count"," if (response.data.decisionSignals.safe?.length > 0) setActiveBand('SAFE'); else if (resp","Component","frontend\src\components\predictor\UnifiedPredictorDashboard.jsx","FALLBACK_CONSTANT","INTERNAL_TECHNICAL_OR_SAFE_UI","SAFE","L2_FILTERED"
"NUM_24894","0","0","count","response.data.decisionSignals.realistic?.length > 0) setActiveBand('REALISTIC'); else set","Component","frontend\src\components\predictor\UnifiedPredictorDashboard.jsx","FALLBACK_CONSTANT","INTERNAL_TECHNICAL_OR_SAFE_UI","SAFE","L2_FILTERED"
"NUM_24895","3","3","count","er(i => i !== id); if (prev.length >= 3) return prev; return [...prev, id]; ","Component","frontend\src\components\predictor\UnifiedPredictorDashboard.jsx","FALLBACK_CONSTANT","INTERNAL_TECHNICAL_OR_SAFE_UI","SAFE","L2_FILTERED"
"NUM_24896","3","3","count","""> <div className=""chromatic-band-3"" /> <div className=""chromatic-ban","Component","frontend\src\components\predictor\UnifiedPredictorDashboard.jsx","FALLBACK_CONSTANT","INTERNAL_TECHNICAL_OR_SAFE_UI","SAFE","L2_FILTERED"
"NUM_24897","4","4","count","/> <div className=""chromatic-band-4"" /> </div> <div classNam","Component","frontend\src\components\predictor\UnifiedPredictorDashboard.jsx","FALLBACK_CONSTANT","INTERNAL_TECHNICAL_OR_SAFE_UI","SAFE","L2_FILTERED"
"NUM_24914","2024","2024","count"," This strategy uses 2024 official cutoff history from {domain === 'enginee","Component","frontend\src\components\predictor\UnifiedPredictorDashboard.jsx","FALLBACK_CONSTANT","INTERNAL_TECHNICAL_OR_SAFE_UI","SAFE","L2_FILTERED"
"NUM_25242","0","0","count","st [scrollProgress, setScrollProgress] = useState(0); const [stats, setStats] = useState({ ","Component","frontend\src\components\PremiumHome.jsx","FALLBACK_CONSTANT","INTERNAL_TECHNICAL_OR_SAFE_UI","SAFE","L2_FILTERED"
"NUM_25244","100","100","count","ata && data.totalColleges && data.totalColleges > 100) { setStats({ ","Component","frontend\src\components\PremiumHome.jsx","FALLBACK_CONSTANT","INTERNAL_TECHNICAL_OR_SAFE_UI","SAFE","L2_FILTERED"
"NUM_25245","1000","1000","count"," scannedInstitutes: `${(data.totalColleges / 1000).toFixed(1)}k`, totalCol","Component","frontend\src\components\PremiumHome.jsx","API_DERIVED","INTERNAL_TECHNICAL_OR_SAFE_UI","SAFE","L2_FILTERED"
"NUM_25246","1","1","count","nstitutes: `${(data.totalColleges / 1000).toFixed(1)}k`, totalColleges: data","Component","frontend\src\components\PremiumHome.jsx","API_DERIVED","INTERNAL_TECHNICAL_OR_SAFE_UI","SAFE","L2_FILTERED"
"NUM_25247","1000000","1000000","count","data.integrityPoints ? `${(data.integrityPoints / 1000000).toFixed(1)}M+` : ""Pending..."" ","Component","frontend\src\components\PremiumHome.jsx","API_DERIVED","INTERNAL_TECHNICAL_OR_SAFE_UI","SAFE","L2_FILTERED"
"NUM_25248","1","1","count","nts ? `${(data.integrityPoints / 1000000).toFixed(1)}M+` : ""Pending..."" }); ","Component","frontend\src\components\PremiumHome.jsx","API_DERIVED","INTERNAL_TECHNICAL_OR_SAFE_UI","SAFE","L2_FILTERED"
"NUM_25249","0","0","count"," } else if (data && data.totalColleges === 0) { setStats(prev => ({ ...pr","Component","frontend\src\components\PremiumHome.jsx","FALLBACK_CONSTANT","INTERNAL_TECHNICAL_OR_SAFE_UI","SAFE","L2_FILTERED"
"NUM_25603","0","0","count","false); const [rating, setRating] = useState(0); const [hoverRating, setHoverRating] = useS","Component","frontend\src\components\PremiumReviews.jsx","FALLBACK_CONSTANT","INTERNAL_TECHNICAL_OR_SAFE_UI","SAFE","L2_FILTERED"
"NUM_25604","0","0","count"," const [hoverRating, setHoverRating] = useState(0); const [reviewText, setReviewText] = useSta","Component","frontend\src\components\PremiumReviews.jsx","FALLBACK_CONSTANT","INTERNAL_TECHNICAL_OR_SAFE_UI","SAFE","L2_FILTERED"
"NUM_25605","0","0","count"," e.preventDefault(); if (rating === 0) return alert(""Please select a rating!""); ","Component","frontend\src\components\PremiumReviews.jsx","FALLBACK_CONSTANT","INTERNAL_TECHNICAL_OR_SAFE_UI","SAFE","L2_FILTERED"
"NUM_25606","800","800","count"," await new Promise(resolve => setTimeout(resolve, 800)); if (onAddReview) { awa","Component","frontend\src\components\PremiumReviews.jsx","FALLBACK_CONSTANT","INTERNAL_TECHNICAL_OR_SAFE_UI","SAFE","L2_FILTERED"
"NUM_25608","2","2","count","r""> <div> <h2 className=""reviews-title"">Student Voices</h2> ","Component","frontend\src\components\PremiumReviews.jsx","FALLBACK_CONSTANT","INTERNAL_TECHNICAL_OR_SAFE_UI","SAFE","L2_FILTERED"
"NUM_25609","2","2","count"," <h2 className=""reviews-title"">Student Voices</h2> <p className=""reviews-subti","Component","frontend\src\components\PremiumReviews.jsx","FALLBACK_CONSTANT","INTERNAL_TECHNICAL_OR_SAFE_UI","SAFE","L2_FILTERED"
"NUM_25613","3","3","count"," </div> <h3>Be the First</h3> <p>Share y","Component","frontend\src\components\PremiumReviews.jsx","FALLBACK_CONSTANT","INTERNAL_TECHNICAL_OR_SAFE_UI","SAFE","L2_FILTERED"
"NUM_25614","3","3","count"," </div> <h3>Be the First</h3> <p>Share your insights and ","Component","frontend\src\components\PremiumReviews.jsx","FALLBACK_CONSTANT","INTERNAL_TECHNICAL_OR_SAFE_UI","SAFE","L2_FILTERED"
"NUM_25619","10","10","count"," <span>Helpful ({Math.floor(Math.random() * 10)})</span> </butt","Component","frontend\src\components\PremiumReviews.jsx","COMPUTED_FRONTEND","INTERNAL_TECHNICAL_OR_SAFE_UI","SAFE","L2_FILTERED"
"NUM_25621","3","3","count","sName=""modal-content""> <h3>Rate your experience</h3> ","Component","frontend\src\components\PremiumReviews.jsx","FALLBACK_CONSTANT","INTERNAL_TECHNICAL_OR_SAFE_UI","SAFE","L2_FILTERED"
"NUM_25622","3","3","count"," <h3>Rate your experience</h3> <p className=""modal-sub","Component","frontend\src\components\PremiumReviews.jsx","FALLBACK_CONSTANT","INTERNAL_TECHNICAL_OR_SAFE_UI","SAFE","L2_FILTERED"
"NUM_25634","1","1","count"," rating === 1 ? ""Terrible 😡"" : ""Select a rating""} ","Component","frontend\src\components\PremiumReviews.jsx","FALLBACK_CONSTANT","INTERNAL_TECHNICAL_OR_SAFE_UI","SAFE","L2_FILTERED"
"NUM_25641","3","3","count","nd: 'transparent', zIndex: 1 }} > {/* 3rd Spectral Layer (Lavender) */} <div class","Component","frontend\src\components\PrestigeDetailLayout.jsx","COMPUTED_FRONTEND","INTERNAL_TECHNICAL_OR_SAFE_UI","SAFE","L2_FILTERED"
"NUM_25887","0","0","count","> { const [scrollPos, setScrollPos] = useState(0); useEffect(() => { const handleScroll ","Component","frontend\src\components\PrestigeHero.jsx","FALLBACK_CONSTANT","INTERNAL_TECHNICAL_OR_SAFE_UI","SAFE","L2_FILTERED"
"NUM_25889","1.","1.","count"," className=""hero-content-container""> {/* 1. BACK BUTTON */} <Link href=""/colleges"" c","Component","frontend\src\components\PrestigeHero.jsx","COMPUTED_FRONTEND","INTERNAL_TECHNICAL_OR_SAFE_UI","SAFE","L2_FILTERED"
"NUM_25891","2.","2.","count"," <div className=""aura-identity""> {/* 2. TRUST PILLS */} <div className=""hero-t","Component","frontend\src\components\PrestigeHero.jsx","COMPUTED_FRONTEND","INTERNAL_TECHNICAL_OR_SAFE_UI","SAFE","L2_FILTERED"
"NUM_25892","1","1","count","stitution</span> </div> <h1 className=""prestige-heading hero-title""> ","Component","frontend\src\components\PrestigeHero.jsx","FALLBACK_CONSTANT","INTERNAL_TECHNICAL_OR_SAFE_UI","SAFE","L2_FILTERED"
"NUM_25893","1","1","count","itle""> {college?.name} </h1> <div className=""hero-meta","Component","frontend\src\components\PrestigeHero.jsx","COMPUTED_FRONTEND","INTERNAL_TECHNICAL_OR_SAFE_UI","SAFE","L2_FILTERED"
"NUM_25897","3.","3.","count"," )} </div> {/* 3. PERFORMANCE ACCENT (Score) */} <div cl","Component","frontend\src\components\PrestigeHero.jsx","API_DERIVED","INTERNAL_TECHNICAL_OR_SAFE_UI","SAFE","L2_FILTERED"
"NUM_25898","2","2","count","lege?.ceiScore ? Number(college.ceiScore).toFixed(2) : 'Evaluating'}</span> </div> ","Component","frontend\src\components\PrestigeHero.jsx","FALLBACK_CONSTANT","HARDCODED_UNVERIFIED","REVIEW","L3_FACTUAL"
"NUM_26123","2","2","count"," 235, 0.1); animation: pulse 2s infinite; } ","Component","frontend\src\components\PriorityUpdate.jsx","FALLBACK_CONSTANT","INTERNAL_TECHNICAL_OR_SAFE_UI","SAFE","L2_FILTERED"
"NUM_26167","0.2","0.2","count","or: pointer; transition: all 0.2s; } .icon-btn","Component","frontend\src\components\PriorityUpdate.jsx","FALLBACK_CONSTANT","INTERNAL_TECHNICAL_OR_SAFE_UI","SAFE","L2_FILTERED"
"NUM_26220","0.3","0.3","count"," 0, 0, 0.1); transition: all 0.3s cubic-bezier(0.175, 0.885, 0.32, 1.275); ","Component","frontend\src\components\PriorityUpdate.jsx","FALLBACK_CONSTANT","INTERNAL_TECHNICAL_OR_SAFE_UI","SAFE","L2_FILTERED"
"NUM_26221","0.175,","0.175","count"," transition: all 0.3s cubic-bezier(0.175, 0.885, 0.32, 1.275); } ","Component","frontend\src\components\PriorityUpdate.jsx","FALLBACK_CONSTANT","INTERNAL_TECHNICAL_OR_SAFE_UI","SAFE","L2_FILTERED"
"NUM_26222","0.885,","0.885","count"," transition: all 0.3s cubic-bezier(0.175, 0.885, 0.32, 1.275); } ","Component","frontend\src\components\PriorityUpdate.jsx","FALLBACK_CONSTANT","INTERNAL_TECHNICAL_OR_SAFE_UI","SAFE","L2_FILTERED"
"NUM_26223","0.32,","0.32","count"," transition: all 0.3s cubic-bezier(0.175, 0.885, 0.32, 1.275); } .pr","Component","frontend\src\components\PriorityUpdate.jsx","FALLBACK_CONSTANT","INTERNAL_TECHNICAL_OR_SAFE_UI","SAFE","L2_FILTERED"
"NUM_26224","1.275","1.275","count","sition: all 0.3s cubic-bezier(0.175, 0.885, 0.32, 1.275); } .primary-","Component","frontend\src\components\PriorityUpdate.jsx","FALLBACK_CONSTANT","INTERNAL_TECHNICAL_OR_SAFE_UI","SAFE","L2_FILTERED"
"NUM_26240","0","0","count","mpleteness = intelligence?.completeness?.score || 0; const isReady = intelligence?.completeness?","Component","frontend\src\components\ProfileTab.jsx","FALLBACK_CONSTANT","INTERNAL_TECHNICAL_OR_SAFE_UI","SAFE","L2_FILTERED"
"NUM_26253","8","8","count"," <GlassPanel className=""identity-hud mb-8""> <div className=""hud-content""> ","Component","frontend\src\components\ProfileTab.jsx","FALLBACK_CONSTANT","INTERNAL_TECHNICAL_OR_SAFE_UI","SAFE","L2_FILTERED"
"NUM_26262","50","50","count","00""> <circle cx=""50"" cy=""50"" r=""45"" className=""dial-bg"" /> ","Component","frontend\src\components\ProfileTab.jsx","FALLBACK_CONSTANT","INTERNAL_TECHNICAL_OR_SAFE_UI","SAFE","L2_FILTERED"
"NUM_26263","50","50","count"," <circle cx=""50"" cy=""50"" r=""45"" className=""dial-bg"" /> ","Component","frontend\src\components\ProfileTab.jsx","FALLBACK_CONSTANT","INTERNAL_TECHNICAL_OR_SAFE_UI","SAFE","L2_FILTERED"
"NUM_26264","45","45","count"," <circle cx=""50"" cy=""50"" r=""45"" className=""dial-bg"" /> ","Component","frontend\src\components\ProfileTab.jsx","FALLBACK_CONSTANT","INTERNAL_TECHNICAL_OR_SAFE_UI","SAFE","L2_FILTERED"
"NUM_26272","3","3","count","ompleteness-text""> <h3>Identity Pulse</h3> ","Component","frontend\src\components\ProfileTab.jsx","FALLBACK_CONSTANT","INTERNAL_TECHNICAL_OR_SAFE_UI","SAFE","L2_FILTERED"
"NUM_26273","3","3","count"," <h3>Identity Pulse</h3> <p>{isReady ? ""Deci","Component","frontend\src\components\ProfileTab.jsx","FALLBACK_CONSTANT","INTERNAL_TECHNICAL_OR_SAFE_UI","SAFE","L2_FILTERED"
"NUM_26274","3","3","count"," {section.icon} <h3>{section.title}</h3> </d","Component","frontend\src\components\ProfileTab.jsx","COMPUTED_FRONTEND","INTERNAL_TECHNICAL_OR_SAFE_UI","SAFE","L2_FILTERED"
"NUM_26275","3","3","count"," <h3>{section.title}</h3> </div> ","Component","frontend\src\components\ProfileTab.jsx","COMPUTED_FRONTEND","INTERNAL_TECHNICAL_OR_SAFE_UI","SAFE","L2_FILTERED"
"NUM_26280","4","4","count","sName=""alert-content""> <h4>Intelligence Sparsity Detected</h4> ","Component","frontend\src\components\ProfileTab.jsx","FALLBACK_CONSTANT","INTERNAL_TECHNICAL_OR_SAFE_UI","SAFE","L2_FILTERED"
"NUM_26281","4","4","count"," <h4>Intelligence Sparsity Detected</h4> <p>We need more informa","Component","frontend\src\components\ProfileTab.jsx","FALLBACK_CONSTANT","INTERNAL_TECHNICAL_OR_SAFE_UI","SAFE","L2_FILTERED"
"NUM_26288","4","4","count","sName=""alert-content""> <h4>Identity Calibrated</h4> ","Component","frontend\src\components\ProfileTab.jsx","FALLBACK_CONSTANT","INTERNAL_TECHNICAL_OR_SAFE_UI","SAFE","L2_FILTERED"
"NUM_26289","4","4","count"," <h4>Identity Calibrated</h4> <p>Your profile is 100%","Component","frontend\src\components\ProfileTab.jsx","FALLBACK_CONSTANT","INTERNAL_TECHNICAL_OR_SAFE_UI","SAFE","L2_FILTERED"
"NUM_26290","100%","100","%","</h4> <p>Your profile is 100% complete. All precision intelligence modules are ","Component","frontend\src\components\ProfileTab.jsx","FALLBACK_CONSTANT","INTERNAL_TECHNICAL_OR_SAFE_UI","SAFE","L2_FILTERED"
"NUM_26291","0.4","0.4","count","file-tab { animation: fadeIn 0.4s ease; } .pro","Component","frontend\src\components\ProfileTab.jsx","COMPUTED_FRONTEND","INTERNAL_TECHNICAL_OR_SAFE_UI","SAFE","L2_FILTERED"
"NUM_26365","90","90","count","p: round; transform: rotate(-90deg); transform-origin: cente","Component","frontend\src\components\ProfileTab.jsx","FALLBACK_CONSTANT","INTERNAL_TECHNICAL_OR_SAFE_UI","SAFE","L2_FILTERED"
"NUM_26413","0.2","0.2","count","or: pointer; transition: all 0.2s; } .alert-ac","Component","frontend\src\components\ProfileTab.jsx","FALLBACK_CONSTANT","INTERNAL_TECHNICAL_OR_SAFE_UI","SAFE","L2_FILTERED"
"NUM_26430","2","2","count","tep] = useState(1); // 1 = select field, 2 = detail, 3 = done const [fieldKey, setField","Component","frontend\src\components\ReportDataModal.jsx","FALLBACK_CONSTANT","INTERNAL_TECHNICAL_OR_SAFE_UI","SAFE","L2_FILTERED"
"NUM_26431","3","3","count","ate(1); // 1 = select field, 2 = detail, 3 = done const [fieldKey, setFieldKey] = useSt","Component","frontend\src\components\ReportDataModal.jsx","FALLBACK_CONSTANT","INTERNAL_TECHNICAL_OR_SAFE_UI","SAFE","L2_FILTERED"
"NUM_26433","300","300","count","); setError(""""); setResult(null); }, 300); } else { setTimeout(() =>","Component","frontend\src\components\ReportDataModal.jsx","FALLBACK_CONSTANT","INTERNAL_TECHNICAL_OR_SAFE_UI","SAFE","L2_FILTERED"
"NUM_26434","100","100","count"," setTimeout(() => firstInputRef.current?.focus(), 100); } }, [isOpen]); const hand","Component","frontend\src\components\ReportDataModal.jsx","FALLBACK_CONSTANT","INTERNAL_TECHNICAL_OR_SAFE_UI","SAFE","L2_FILTERED"
"NUM_26436","10","10","count",".length < 10) { setError(""Reason must be at least 10 characters.""); return; } if (evidenceU","Component","frontend\src\components\ReportDataModal.jsx","COMPUTED_FRONTEND","INTERNAL_TECHNICAL_OR_SAFE_UI","SAFE","L2_FILTERED"
"NUM_26438","429","429","count","(err) { if (err.response?.status === 429) { setError(""You've submitted to","Component","frontend\src\components\ReportDataModal.jsx","FALLBACK_CONSTANT","INTERNAL_TECHNICAL_OR_SAFE_UI","SAFE","L2_FILTERED"
"NUM_26462","3","3","count"," </div> <h3 className=""rdr-success-title""> ","Component","frontend\src\components\ReportDataModal.jsx","FALLBACK_CONSTANT","INTERNAL_TECHNICAL_OR_SAFE_UI","SAFE","L2_FILTERED"
"NUM_26465","0","0","count"," {result.anomalyBoostApplied > 0 && ( <div cl","Component","frontend\src\components\ReportDataModal.jsx","FALLBACK_CONSTANT","INTERNAL_TECHNICAL_OR_SAFE_UI","SAFE","L2_FILTERED"
"NUM_26507","0.25","0.25","count","0.95); animation: rdrSlideUp 0.25s cubic-bezier(.16,1,.3,1); p","Component","frontend\src\components\ReportDataModal.jsx","FALLBACK_CONSTANT","INTERNAL_TECHNICAL_OR_SAFE_UI","SAFE","L2_FILTERED"
"NUM_26508",".16,1,.3,1",".161.31","count"," animation: rdrSlideUp 0.25s cubic-bezier(.16,1,.3,1); position: relative; ","Component","frontend\src\components\ReportDataModal.jsx","FALLBACK_CONSTANT","INTERNAL_TECHNICAL_OR_SAFE_UI","SAFE","L2_FILTERED"
"NUM_26566","0.15","0.15","count","ent: center; transition: all 0.15s; } .rdr-close:","Component","frontend\src\components\ReportDataModal.jsx","FALLBACK_CONSTANT","INTERNAL_TECHNICAL_OR_SAFE_UI","SAFE","L2_FILTERED"
"NUM_26816","0.15","0.15","count","ont-weight: 600; cursor: pointer; transition: all 0.15s; } .rdr-btn-ca","Component","frontend\src\components\ReportDataModal.jsx","FALLBACK_CONSTANT","INTERNAL_TECHNICAL_OR_SAFE_UI","SAFE","L2_FILTERED"
"NUM_26875","360","360","count"," @keyframes spinRdr { to { transform: rotate(360deg) } } .rdr-error { ","Component","frontend\src\components\ReportDataModal.jsx","COMPUTED_FRONTEND","INTERNAL_TECHNICAL_OR_SAFE_UI","SAFE","L2_FILTERED"
"NUM_27114","4","4","count","-author-info""> <h4 className=""review-name"">{review.userName}</h4> ","Component","frontend\src\components\ReviewList.jsx","COMPUTED_FRONTEND","INTERNAL_TECHNICAL_OR_SAFE_UI","SAFE","L2_FILTERED"
"NUM_27115","4","4","count"," <h4 className=""review-name"">{review.userName}</h4> <div className=","Component","frontend\src\components\ReviewList.jsx","COMPUTED_FRONTEND","INTERNAL_TECHNICAL_OR_SAFE_UI","SAFE","L2_FILTERED"
"NUM_27118","1","1","count","om ""@/lib/sanitize""; const SENTIMENTS = { 1: ""Terrible 😡"", 2: ""Bad 😞"", 3: ""Okay �","Component","frontend\src\components\ReviewModal.jsx","FALLBACK_CONSTANT","INTERNAL_TECHNICAL_OR_SAFE_UI","SAFE","L2_FILTERED"
"NUM_27119","2","2","count"," const SENTIMENTS = { 1: ""Terrible 😡"", 2: ""Bad 😞"", 3: ""Okay 😐"", 4: ""Good 🙂"", ","Component","frontend\src\components\ReviewModal.jsx","FALLBACK_CONSTANT","INTERNAL_TECHNICAL_OR_SAFE_UI","SAFE","L2_FILTERED"
"NUM_27123","0","0","count","oast(); const [rating, setRating] = useState(0); const [hoverRating, setHoverRating] = useS","Component","frontend\src\components\ReviewModal.jsx","FALLBACK_CONSTANT","INTERNAL_TECHNICAL_OR_SAFE_UI","SAFE","L2_FILTERED"
"NUM_27124","0","0","count"," const [hoverRating, setHoverRating] = useState(0); const [comment, setComment] = useState("""")","Component","frontend\src\components\ReviewModal.jsx","FALLBACK_CONSTANT","INTERNAL_TECHNICAL_OR_SAFE_UI","SAFE","L2_FILTERED"
"NUM_27125","0","0","count"," return; } if (rating === 0) { addToast(""Please select a rating""","Component","frontend\src\components\ReviewModal.jsx","FALLBACK_CONSTANT","INTERNAL_TECHNICAL_OR_SAFE_UI","SAFE","L2_FILTERED"
"NUM_27129","0","0","count","p-4""> <div className=""absolute inset-0 bg-slate-900/60 backdrop-blur-md transition-opaci","Component","frontend\src\components\ReviewModal.jsx","FALLBACK_CONSTANT","INTERNAL_TECHNICAL_OR_SAFE_UI","SAFE","L2_FILTERED"
"NUM_27141","3","3","count","k text-slate-800 tracking-tight"">Write a Review</h3> <p className=""text-","Component","frontend\src\components\ReviewModal.jsx","FALLBACK_CONSTANT","INTERNAL_TECHNICAL_OR_SAFE_UI","SAFE","L2_FILTERED"
"NUM_27152","1,","1","count","-3 relative z-10""> {[1, 2, 3, 4, 5].map((star) => ( ","Component","frontend\src\components\ReviewModal.jsx","FALLBACK_CONSTANT","INTERNAL_TECHNICAL_OR_SAFE_UI","SAFE","L2_FILTERED"
"NUM_27153","2,","2","count","relative z-10""> {[1, 2, 3, 4, 5].map((star) => ( ","Component","frontend\src\components\ReviewModal.jsx","FALLBACK_CONSTANT","INTERNAL_TECHNICAL_OR_SAFE_UI","SAFE","L2_FILTERED"
"NUM_27154","3,","3","count","ative z-10""> {[1, 2, 3, 4, 5].map((star) => ( ","Component","frontend\src\components\ReviewModal.jsx","FALLBACK_CONSTANT","INTERNAL_TECHNICAL_OR_SAFE_UI","SAFE","L2_FILTERED"
"NUM_27155","4,","4","count","ve z-10""> {[1, 2, 3, 4, 5].map((star) => ( ","Component","frontend\src\components\ReviewModal.jsx","FALLBACK_CONSTANT","INTERNAL_TECHNICAL_OR_SAFE_UI","SAFE","L2_FILTERED"
"NUM_27156","5","5","count","z-10""> {[1, 2, 3, 4, 5].map((star) => ( ","Component","frontend\src\components\ReviewModal.jsx","FALLBACK_CONSTANT","INTERNAL_TECHNICAL_OR_SAFE_UI","SAFE","L2_FILTERED"
"NUM_27175","4","4","count","v> <div className=""space-y-4""> <div className=""relati","Component","frontend\src\components\ReviewModal.jsx","FALLBACK_CONSTANT","INTERNAL_TECHNICAL_OR_SAFE_UI","SAFE","L2_FILTERED"
"NUM_27177","2","2","count","-black text-slate-400 uppercase tracking-wider mb-2 block ml-1"">Your detailed review</label> ","Component","frontend\src\components\ReviewModal.jsx","FALLBACK_CONSTANT","INTERNAL_TECHNICAL_OR_SAFE_UI","SAFE","L2_FILTERED"
"NUM_27178","1","1","count","-slate-400 uppercase tracking-wider mb-2 block ml-1"">Your detailed review</label> ","Component","frontend\src\components\ReviewModal.jsx","FALLBACK_CONSTANT","INTERNAL_TECHNICAL_OR_SAFE_UI","SAFE","L2_FILTERED"
"NUM_27198","200","200","count","y-center py-3.5 text-base shadow-xl shadow-indigo-200"" onClick={handleSubm","Component","frontend\src\components\ReviewModal.jsx","FALLBACK_CONSTANT","INTERNAL_TECHNICAL_OR_SAFE_UI","SAFE","L2_FILTERED"
"NUM_27466","10","10","count"," [projectionYears, setProjectionYears] = useState(10); // Default to 10 for better chart // Act","Component","frontend\src\components\ROICalculator.jsx","FALLBACK_CONSTANT","INTERNAL_TECHNICAL_OR_SAFE_UI","SAFE","L2_FILTERED"
"NUM_27467","10","10","count","setProjectionYears] = useState(10); // Default to 10 for better chart // Active Inputs con","Component","frontend\src\components\ROICalculator.jsx","FALLBACK_CONSTANT","INTERNAL_TECHNICAL_OR_SAFE_UI","SAFE","L2_FILTERED"
"NUM_27468","0","0","count","TuitionPerYear] = useState(initialData.tuition || 0); const [livingPerMonth, setLivingPerMonth] ","Component","frontend\src\components\ROICalculator.jsx","FALLBACK_CONSTANT","INTERNAL_TECHNICAL_OR_SAFE_UI","SAFE","L2_FILTERED"
"NUM_27469","0","0","count","st [livingPerMonth, setLivingPerMonth] = useState(0); const [avgPackage, setAvgPackage] = useSta","Component","frontend\src\components\ROICalculator.jsx","FALLBACK_CONSTANT","INTERNAL_TECHNICAL_OR_SAFE_UI","SAFE","L2_FILTERED"
"NUM_27470","0","0","count","tAvgPackage] = useState(initialData.avgPackage || 0); const [stats, setStats] = useState(null)","Component","frontend\src\components\ROICalculator.jsx","FALLBACK_CONSTANT","INTERNAL_TECHNICAL_OR_SAFE_UI","SAFE","L2_FILTERED"
"NUM_27471","0","0","count","umber.isFinite(tuitionPerYear) ? tuitionPerYear : 0; const safeLiving = Number.isFinite(livi","Component","frontend\src\components\ROICalculator.jsx","FALLBACK_CONSTANT","INTERNAL_TECHNICAL_OR_SAFE_UI","SAFE","L2_FILTERED"
"NUM_27472","0","0","count","umber.isFinite(livingPerMonth) ? livingPerMonth : 0; const safePkg = Number.isFinite(avgPack","Component","frontend\src\components\ROICalculator.jsx","FALLBACK_CONSTANT","INTERNAL_TECHNICAL_OR_SAFE_UI","SAFE","L2_FILTERED"
"NUM_27477","500000","500000","count","InHand = (annual) => { if (annual <= 500000) return annual; // No tax if (annual","Component","frontend\src\components\ROICalculator.jsx","FALLBACK_CONSTANT","INTERNAL_TECHNICAL_OR_SAFE_UI","SAFE","L2_FILTERED"
"NUM_27478","1000000","1000000","count","turn annual; // No tax if (annual <= 1000000) return annual * 0.90; // 10% approx ","Component","frontend\src\components\ROICalculator.jsx","FALLBACK_CONSTANT","INTERNAL_TECHNICAL_OR_SAFE_UI","SAFE","L2_FILTERED"
"NUM_27479","0.90","0.90","count"," if (annual <= 1000000) return annual * 0.90; // 10% approx if (annual <= 2000000","Component","frontend\src\components\ROICalculator.jsx","FALLBACK_CONSTANT","INTERNAL_TECHNICAL_OR_SAFE_UI","SAFE","L2_FILTERED"
"NUM_27480","10%","10","%"," if (annual <= 1000000) return annual * 0.90; // 10% approx if (annual <= 2000000) return","Component","frontend\src\components\ROICalculator.jsx","FALLBACK_CONSTANT","INTERNAL_TECHNICAL_OR_SAFE_UI","SAFE","L2_FILTERED"
"NUM_27481","2000000","2000000","count"," * 0.90; // 10% approx if (annual <= 2000000) return annual * 0.80; // 20% return","Component","frontend\src\components\ROICalculator.jsx","FALLBACK_CONSTANT","INTERNAL_TECHNICAL_OR_SAFE_UI","SAFE","L2_FILTERED"
"NUM_27482","0.80","0.80","count"," if (annual <= 2000000) return annual * 0.80; // 20% return annual * 0.70; // 30%","Component","frontend\src\components\ROICalculator.jsx","FALLBACK_CONSTANT","INTERNAL_TECHNICAL_OR_SAFE_UI","SAFE","L2_FILTERED"
"NUM_27483","20%","20","%"," if (annual <= 2000000) return annual * 0.80; // 20% return annual * 0.70; // 30% for hig","Component","frontend\src\components\ROICalculator.jsx","FALLBACK_CONSTANT","INTERNAL_TECHNICAL_OR_SAFE_UI","SAFE","L2_FILTERED"
"NUM_27484","0.70","0.70","count","nnual * 0.80; // 20% return annual * 0.70; // 30% for high earners }; c","Component","frontend\src\components\ROICalculator.jsx","FALLBACK_CONSTANT","INTERNAL_TECHNICAL_OR_SAFE_UI","SAFE","L2_FILTERED"
"NUM_27485","30%","30","%",".80; // 20% return annual * 0.70; // 30% for high earners }; const ann","Component","frontend\src\components\ROICalculator.jsx","FALLBACK_CONSTANT","INTERNAL_TECHNICAL_OR_SAFE_UI","SAFE","L2_FILTERED"
"NUM_27486","12","12","count","g); const monthlyInHand = annualInHand / 12; // Dynamic Horizon with Inflation Dis","Component","frontend\src\components\ROICalculator.jsx","FALLBACK_CONSTANT","INTERNAL_TECHNICAL_OR_SAFE_UI","SAFE","L2_FILTERED"
"NUM_27488","10","10","count","ber.isFinite(projectionYears) ? projectionYears : 10; const inflationRate = 0.06; co","Component","frontend\src\components\ROICalculator.jsx","FALLBACK_CONSTANT","INTERNAL_TECHNICAL_OR_SAFE_UI","SAFE","L2_FILTERED"
"NUM_27489","0.06","0.06","count","jectionYears : 10; const inflationRate = 0.06; const hikeRate = 0.10; let t","Component","frontend\src\components\ROICalculator.jsx","FALLBACK_CONSTANT","INTERNAL_TECHNICAL_OR_SAFE_UI","SAFE","L2_FILTERED"
"NUM_27490","0.10","0.10","count","t inflationRate = 0.06; const hikeRate = 0.10; let totalEarnings = 0; let n","Component","frontend\src\components\ROICalculator.jsx","FALLBACK_CONSTANT","INTERNAL_TECHNICAL_OR_SAFE_UI","SAFE","L2_FILTERED"
"NUM_27497","1","1","count","artData.push({ year: `Year ${i + 1}`, Investment: totalInvest || 1,","Component","frontend\src\components\ROICalculator.jsx","API_DERIVED","INTERNAL_TECHNICAL_OR_SAFE_UI","SAFE","L2_FILTERED"
"NUM_27498","1,","1","count"," 1}`, Investment: totalInvest || 1, // Prevent zero division if possible, though Rech","Component","frontend\src\components\ROICalculator.jsx","FALLBACK_CONSTANT","INTERNAL_TECHNICAL_OR_SAFE_UI","SAFE","L2_FILTERED"
"NUM_27504","0,","0","count","tStats({ totalInvest: totalInvest || 0, totalFees: totalFees || 0, ","Component","frontend\src\components\ROICalculator.jsx","FALLBACK_CONSTANT","INTERNAL_TECHNICAL_OR_SAFE_UI","SAFE","L2_FILTERED"
"NUM_27505","0,","0","count","Invest || 0, totalFees: totalFees || 0, totalLiving: totalLiving || 0, ","Component","frontend\src\components\ROICalculator.jsx","FALLBACK_CONSTANT","INTERNAL_TECHNICAL_OR_SAFE_UI","SAFE","L2_FILTERED"
"NUM_27506","0,","0","count","es || 0, totalLiving: totalLiving || 0, monthlyInHand: monthlyInHand || 0, ","Component","frontend\src\components\ROICalculator.jsx","FALLBACK_CONSTANT","INTERNAL_TECHNICAL_OR_SAFE_UI","SAFE","L2_FILTERED"
"NUM_27509","0.0","0.0","count","and || 0, multiplier: multiplier || ""0.0"", score: score || 0, to","Component","frontend\src\components\ROICalculator.jsx","FALLBACK_CONSTANT","HARDCODED_UNVERIFIED","REVIEW","L3_FACTUAL"
"NUM_27510","0,","0","count","multiplier || ""0.0"", score: score || 0, totalEarnings: Math.round(totalEarni","Component","frontend\src\components\ROICalculator.jsx","FALLBACK_CONSTANT","INTERNAL_TECHNICAL_OR_SAFE_UI","SAFE","L2_FILTERED"
"NUM_27513","0","0","count","alEarnings) || 0, taxRate: safePkg > 0 ? Math.round((1 - (annualInHand / safePkg)) * 100","Component","frontend\src\components\ROICalculator.jsx","FALLBACK_CONSTANT","INTERNAL_TECHNICAL_OR_SAFE_UI","SAFE","L2_FILTERED"
"NUM_27514","1","1","count",", taxRate: safePkg > 0 ? Math.round((1 - (annualInHand / safePkg)) * 100) : 0 }","Component","frontend\src\components\ROICalculator.jsx","FALLBACK_CONSTANT","INTERNAL_TECHNICAL_OR_SAFE_UI","SAFE","L2_FILTERED"
"NUM_27515","100","100","count","> 0 ? Math.round((1 - (annualInHand / safePkg)) * 100) : 0 }); }; const formatMone","Component","frontend\src\components\ROICalculator.jsx","FALLBACK_CONSTANT","INTERNAL_TECHNICAL_OR_SAFE_UI","SAFE","L2_FILTERED"
"NUM_27516","0","0","count","ath.round((1 - (annualInHand / safePkg)) * 100) : 0 }); }; const formatMoney = (","Component","frontend\src\components\ROICalculator.jsx","FALLBACK_CONSTANT","INTERNAL_TECHNICAL_OR_SAFE_UI","SAFE","L2_FILTERED"
"NUM_27517","0","0","count","| amount === undefined || isNaN(amount)) return ""₹0""; if (amount >= 10000000) return `₹${(am","Component","frontend\src\components\ROICalculator.jsx","FALLBACK_CONSTANT","INTERNAL_TECHNICAL_OR_SAFE_UI","SAFE","L2_FILTERED"
"NUM_27518","10000000","10000000","count","sNaN(amount)) return ""₹0""; if (amount >= 10000000) return `₹${(amount / 10000000).toFixed(2)} Cr`; ","Component","frontend\src\components\ROICalculator.jsx","COMPUTED_FRONTEND","INTERNAL_TECHNICAL_OR_SAFE_UI","SAFE","L2_FILTERED"
"NUM_27519","10000000","10000000","count"," if (amount >= 10000000) return `₹${(amount / 10000000).toFixed(2)} Cr`; if (amount >= 100000) ","Component","frontend\src\components\ROICalculator.jsx","COMPUTED_FRONTEND","INTERNAL_TECHNICAL_OR_SAFE_UI","SAFE","L2_FILTERED"
"NUM_27520","2","2","count"," 10000000) return `₹${(amount / 10000000).toFixed(2)} Cr`; if (amount >= 100000) return `₹${","Component","frontend\src\components\ROICalculator.jsx","COMPUTED_FRONTEND","INTERNAL_TECHNICAL_OR_SAFE_UI","SAFE","L2_FILTERED"
"NUM_27521","100000","100000","count","10000000).toFixed(2)} Cr`; if (amount >= 100000) return `₹${(amount / 100000).toFixed(2)} L`; ","Component","frontend\src\components\ROICalculator.jsx","COMPUTED_FRONTEND","INTERNAL_TECHNICAL_OR_SAFE_UI","SAFE","L2_FILTERED"
"NUM_27522","100000","100000","count"," if (amount >= 100000) return `₹${(amount / 100000).toFixed(2)} L`; return `₹${Math.round(a","Component","frontend\src\components\ROICalculator.jsx","COMPUTED_FRONTEND","INTERNAL_TECHNICAL_OR_SAFE_UI","SAFE","L2_FILTERED"
"NUM_27523","2","2","count","t >= 100000) return `₹${(amount / 100000).toFixed(2)} L`; return `₹${Math.round(amount).toLo","Component","frontend\src\components\ROICalculator.jsx","COMPUTED_FRONTEND","INTERNAL_TECHNICAL_OR_SAFE_UI","SAFE","L2_FILTERED"
"NUM_27524","0","0","count"," const basePkg = initialData.avgPackage || 0; if (type === 'opt') setAvgPackage(baseP","Component","frontend\src\components\ROICalculator.jsx","FALLBACK_CONSTANT","INTERNAL_TECHNICAL_OR_SAFE_UI","SAFE","L2_FILTERED"
"NUM_27525","1.3","1.3","count"," if (type === 'opt') setAvgPackage(basePkg * 1.3); else if (type === 'pes') setAvgPackage","Component","frontend\src\components\ROICalculator.jsx","FALLBACK_CONSTANT","HARDCODED_UNVERIFIED","REVIEW","L3_FACTUAL"
"NUM_27526","0.8","0.8","count"," else if (type === 'pes') setAvgPackage(basePkg * 0.8); else setAvgPackage(basePkg); }; ","Component","frontend\src\components\ROICalculator.jsx","FALLBACK_CONSTANT","HARDCODED_UNVERIFIED","REVIEW","L3_FACTUAL"
"NUM_27556","3","3","count","r""> <div> <h3>{title}</h3> <p className=""r","Component","frontend\src\components\ROICalculator.jsx","COMPUTED_FRONTEND","INTERNAL_TECHNICAL_OR_SAFE_UI","SAFE","L2_FILTERED"
"NUM_27557","3","3","count"," <div> <h3>{title}</h3> <p className=""roi-subtitle""","Component","frontend\src\components\ROICalculator.jsx","COMPUTED_FRONTEND","INTERNAL_TECHNICAL_OR_SAFE_UI","SAFE","L2_FILTERED"
"NUM_27558","0.0","0.0","count","div className=""mult-value"">{stats?.multiplier || ""0.0""}x</div> <span className","Component","frontend\src\components\ROICalculator.jsx","COMPUTED_FRONTEND","INTERNAL_TECHNICAL_OR_SAFE_UI","SAFE","L2_FILTERED"
"NUM_27614","0","0","count","ssName=""s-val"">{formatMoney(stats?.totalInvest || 0)}</span> </div> ","Component","frontend\src\components\ROICalculator.jsx","COMPUTED_FRONTEND","INTERNAL_TECHNICAL_OR_SAFE_UI","SAFE","L2_FILTERED"
"NUM_27615","0","0","count","Name=""s-val"">{formatMoney(stats?.totalEarnings || 0)}</span> </div> ","Component","frontend\src\components\ROICalculator.jsx","COMPUTED_FRONTEND","INTERNAL_TECHNICAL_OR_SAFE_UI","SAFE","L2_FILTERED"
"NUM_27633","10%","10","%","e""> *Projection includes 10% annual salary hike and inflation adjustments. ","Component","frontend\src\components\ROICalculator.jsx","FALLBACK_CONSTANT","INTERNAL_TECHNICAL_OR_SAFE_UI","SAFE","L2_FILTERED"
"NUM_27634","4","4","count","div className=""roi-breakdown""> <h4>Calculation Analysis 📊</h4> <di","Component","frontend\src\components\ROICalculator.jsx","FALLBACK_CONSTANT","INTERNAL_TECHNICAL_OR_SAFE_UI","SAFE","L2_FILTERED"
"NUM_27636","5","5","count","sName=""breakdown-col""> <h5>Investment (Cost)</h5> <","Component","frontend\src\components\ROICalculator.jsx","FALLBACK_CONSTANT","INTERNAL_TECHNICAL_OR_SAFE_UI","SAFE","L2_FILTERED"
"NUM_27637","5","5","count"," <h5>Investment (Cost)</h5> <ul className=""math-lis","Component","frontend\src\components\ROICalculator.jsx","FALLBACK_CONSTANT","INTERNAL_TECHNICAL_OR_SAFE_UI","SAFE","L2_FILTERED"
"NUM_27639","0","0","count"," <li>Living: {formatMoney(stats?.totalLiving || 0)} <span className=""math-op"">(Monthly x 12 x {dura","Component","frontend\src\components\ROICalculator.jsx","COMPUTED_FRONTEND","INTERNAL_TECHNICAL_OR_SAFE_UI","SAFE","L2_FILTERED"
"NUM_27641","0","0","count","otal Invested: {formatMoney(stats?.totalInvest || 0)}</li> </ul> ","Component","frontend\src\components\ROICalculator.jsx","COMPUTED_FRONTEND","INTERNAL_TECHNICAL_OR_SAFE_UI","SAFE","L2_FILTERED"
"NUM_27642","5","5","count","sName=""breakdown-col""> <h5>Earnings (Real Return)</h5> ","Component","frontend\src\components\ROICalculator.jsx","FALLBACK_CONSTANT","INTERNAL_TECHNICAL_OR_SAFE_UI","SAFE","L2_FILTERED"
"NUM_27643","5","5","count"," <h5>Earnings (Real Return)</h5> <ul className=""math-lis","Component","frontend\src\components\ROICalculator.jsx","FALLBACK_CONSTANT","INTERNAL_TECHNICAL_OR_SAFE_UI","SAFE","L2_FILTERED"
"NUM_27644","6%","6","%","i>Inflation Discount: <span className=""negative"">-6%</span> <span className=""math-op"">(Compounded)</sp","Component","frontend\src\components\ROICalculator.jsx","FALLBACK_CONSTANT","INTERNAL_TECHNICAL_OR_SAFE_UI","SAFE","L2_FILTERED"
"NUM_27645","0","0","count","Asset Value: {formatMoney(stats?.totalEarnings || 0)}</li> </ul> ","Component","frontend\src\components\ROICalculator.jsx","COMPUTED_FRONTEND","INTERNAL_TECHNICAL_OR_SAFE_UI","SAFE","L2_FILTERED"
"NUM_27648","6%","6","%","s || 0)}), but adjust it for 6% inflation to show you the <strong>Real value</str","Component","frontend\src\components\ROICalculator.jsx","FALLBACK_CONSTANT","INTERNAL_TECHNICAL_OR_SAFE_UI","SAFE","L2_FILTERED"
"NUM_27649","4","4","count","div className=""roi-education""> <h4>Why this matters?</h4> <p classN","Component","frontend\src\components\ROICalculator.jsx","FALLBACK_CONSTANT","INTERNAL_TECHNICAL_OR_SAFE_UI","SAFE","L2_FILTERED"
"NUM_27650","4","4","count","cation""> <h4>Why this matters?</h4> <p className=""roi-edu-intro""> ","Component","frontend\src\components\ROICalculator.jsx","FALLBACK_CONSTANT","INTERNAL_TECHNICAL_OR_SAFE_UI","SAFE","L2_FILTERED"
"NUM_27657","1.","1.","count","ip"" data-type=""scholarship""> {/* 1. Category Badge */} <div classNam","Component","frontend\src\components\ScholarshipCard.jsx","COMPUTED_FRONTEND","INTERNAL_TECHNICAL_OR_SAFE_UI","SAFE","L2_FILTERED"
"NUM_27663","3","3","count","rd-heading-group""> <h3 className=""card-full-name"">{scholarship.name}</h3","Component","frontend\src\components\ScholarshipCard.jsx","COMPUTED_FRONTEND","INTERNAL_TECHNICAL_OR_SAFE_UI","SAFE","L2_FILTERED"
"NUM_27664","3","3","count","3 className=""card-full-name"">{scholarship.name}</h3> <span className=""ca","Component","frontend\src\components\ScholarshipCard.jsx","COMPUTED_FRONTEND","INTERNAL_TECHNICAL_OR_SAFE_UI","SAFE","L2_FILTERED"
"NUM_27936","0","0","count","ch(k => { if (currentScores[k] > 0) initial.add(k); }); } ","Component","frontend\src\components\ScoreInputModal.jsx","API_DERIVED","INTERNAL_TECHNICAL_OR_SAFE_UI","SAFE","L2_FILTERED"
"NUM_27937","100","100","count"," if (isNaN(val)) val = """"; if (val > 100) val = 100; if (val < 0) val = 0; ","Component","frontend\src\components\ScoreInputModal.jsx","FALLBACK_CONSTANT","INTERNAL_TECHNICAL_OR_SAFE_UI","SAFE","L2_FILTERED"
"NUM_27938","100","100","count","NaN(val)) val = """"; if (val > 100) val = 100; if (val < 0) val = 0; setScore","Component","frontend\src\components\ScoreInputModal.jsx","FALLBACK_CONSTANT","INTERNAL_TECHNICAL_OR_SAFE_UI","SAFE","L2_FILTERED"
"NUM_27939","0","0","count"," if (val > 100) val = 100; if (val < 0) val = 0; setScores(prev => ({ ...prev, ","Component","frontend\src\components\ScoreInputModal.jsx","FALLBACK_CONSTANT","INTERNAL_TECHNICAL_OR_SAFE_UI","SAFE","L2_FILTERED"
"NUM_27940","0","0","count","val > 100) val = 100; if (val < 0) val = 0; setScores(prev => ({ ...prev, [exam]: v","Component","frontend\src\components\ScoreInputModal.jsx","FALLBACK_CONSTANT","INTERNAL_TECHNICAL_OR_SAFE_UI","SAFE","L2_FILTERED"
"NUM_27944","3","3","count"," <div> <h3 className=""score-modal-title"">Your Exam Scores</h","Component","frontend\src\components\ScoreInputModal.jsx","FALLBACK_CONSTANT","INTERNAL_TECHNICAL_OR_SAFE_UI","SAFE","L2_FILTERED"
"NUM_27945","3","3","count"," className=""score-modal-title"">Your Exam Scores</h3> <p className=""score-mod","Component","frontend\src\components\ScoreInputModal.jsx","FALLBACK_CONSTANT","INTERNAL_TECHNICAL_OR_SAFE_UI","SAFE","L2_FILTERED"
"NUM_28101","2","2","count","====== * Side-by-side scoring decomposition for 2–5 institutions. * Data fetched from POST /api/e","Component","frontend\src\components\ScoringComparisonMatrix.jsx","FALLBACK_CONSTANT","INTERNAL_TECHNICAL_OR_SAFE_UI","SAFE","L2_FILTERED"
"NUM_28102","5","5","count","==== * Side-by-side scoring decomposition for 2–5 institutions. * Data fetched from POST /api/exp","Component","frontend\src\components\ScoringComparisonMatrix.jsx","FALLBACK_CONSTANT","INTERNAL_TECHNICAL_OR_SAFE_UI","SAFE","L2_FILTERED"
"NUM_28103","1.","1.","count","m POST /api/explain/batch. * * Sections: * 1. CEI Score header row * 2. Vector decomposition","Component","frontend\src\components\ScoringComparisonMatrix.jsx","FALLBACK_CONSTANT","INTERNAL_TECHNICAL_OR_SAFE_UI","SAFE","L2_FILTERED"
"NUM_28104","2.","2.","count","* * Sections: * 1. CEI Score header row * 2. Vector decomposition table (A, F, I, S, D, U per ","Component","frontend\src\components\ScoringComparisonMatrix.jsx","FALLBACK_CONSTANT","INTERNAL_TECHNICAL_OR_SAFE_UI","SAFE","L2_FILTERED"
"NUM_28105","3.","3.","count","ion table (A, F, I, S, D, U per institution) * 3. Strength Differential — auto-computed ""College A ","Component","frontend\src\components\ScoringComparisonMatrix.jsx","FALLBACK_CONSTANT","INTERNAL_TECHNICAL_OR_SAFE_UI","SAFE","L2_FILTERED"
"NUM_28106","4.","4.","count","ntial — auto-computed ""College A leads in X"" * 4. Monte Carlo variance toggle * 5. Version misma","Component","frontend\src\components\ScoringComparisonMatrix.jsx","FALLBACK_CONSTANT","INTERNAL_TECHNICAL_OR_SAFE_UI","SAFE","L2_FILTERED"
"NUM_28132","1","1","count","""leader"" : """"}`}> {value.toFixed(1)} </span> </div> ); }","Component","frontend\src\components\ScoringComparisonMatrix.jsx","COMPUTED_FRONTEND","INTERNAL_TECHNICAL_OR_SAFE_UI","SAFE","L2_FILTERED"
"NUM_28133","1","1","count","eCallback(async () => { if (ids.length < 1) return; setLoading(true); setE","Component","frontend\src\components\ScoringComparisonMatrix.jsx","FALLBACK_CONSTANT","INTERNAL_TECHNICAL_OR_SAFE_UI","SAFE","L2_FILTERED"
"NUM_28134","2","2","count","const differentials = []; if (exps.length >= 2) { const [a, b] = exps; const a","Component","frontend\src\components\ScoringComparisonMatrix.jsx","FALLBACK_CONSTANT","INTERNAL_TECHNICAL_OR_SAFE_UI","SAFE","L2_FILTERED"
"NUM_28135","0.5","0.5","count","ion - bRow.contribution; if (delta > 0.5) aLeads.push({ code, label: VECTOR_FULL[code], de","Component","frontend\src\components\ScoringComparisonMatrix.jsx","FALLBACK_CONSTANT","INTERNAL_TECHNICAL_OR_SAFE_UI","SAFE","L2_FILTERED"
"NUM_28136","1","1","count",", label: VECTOR_FULL[code], delta: +delta.toFixed(1) }); if (delta < -0.5) bLeads.push({","Component","frontend\src\components\ScoringComparisonMatrix.jsx","FALLBACK_CONSTANT","INTERNAL_TECHNICAL_OR_SAFE_UI","SAFE","L2_FILTERED"
"NUM_28137","0.5","0.5","count",": +delta.toFixed(1) }); if (delta < -0.5) bLeads.push({ code, label: VECTOR_FULL[code], de","Component","frontend\src\components\ScoringComparisonMatrix.jsx","FALLBACK_CONSTANT","INTERNAL_TECHNICAL_OR_SAFE_UI","SAFE","L2_FILTERED"
"NUM_28138","1","1","count","ECTOR_FULL[code], delta: +Math.abs(delta).toFixed(1) }); }); if (aLeads.length) dif","Component","frontend\src\components\ScoringComparisonMatrix.jsx","FALLBACK_CONSTANT","INTERNAL_TECHNICAL_OR_SAFE_UI","SAFE","L2_FILTERED"
"NUM_28139","0,","0","count","""scm-hash"">{data.activeVersion.datasetHash?.slice(0, 12)}…</span> </div> ","Component","frontend\src\components\ScoringComparisonMatrix.jsx","API_DERIVED","INTERNAL_TECHNICAL_OR_SAFE_UI","SAFE","L2_FILTERED"
"NUM_28140","12","12","count","m-hash"">{data.activeVersion.datasetHash?.slice(0, 12)}…</span> </div> )}","Component","frontend\src\components\ScoringComparisonMatrix.jsx","API_DERIVED","INTERNAL_TECHNICAL_OR_SAFE_UI","SAFE","L2_FILTERED"
"NUM_28145","100","100","count","Stability: {exps[i].stabilityMeta.stabilityIndex}/100 ","Component","frontend\src\components\ScoringComparisonMatrix.jsx","COMPUTED_FRONTEND","INTERNAL_TECHNICAL_OR_SAFE_UI","SAFE","L2_FILTERED"
"NUM_28149","0","0","count","──────── */} {differentials.length > 0 && ( <div className=""scm-differe","Component","frontend\src\components\ScoringComparisonMatrix.jsx","FALLBACK_CONSTANT","INTERNAL_TECHNICAL_OR_SAFE_UI","SAFE","L2_FILTERED"
"NUM_28263","1","1","count"," const [activeIndex, setActiveIndex] = useState(-1); const inputRef = useRef(null); const list","Component","frontend\src\components\SearchWithSuggestions.jsx","FALLBACK_CONSTANT","INTERNAL_TECHNICAL_OR_SAFE_UI","SAFE","L2_FILTERED"
"NUM_28264","0","0","count","ata : []); setIsOpen((data || []).length > 0); } catch (err) { if (err.name === 'C","Component","frontend\src\components\SearchWithSuggestions.jsx","FALLBACK_CONSTANT","INTERNAL_TECHNICAL_OR_SAFE_UI","SAFE","L2_FILTERED"
"NUM_28265","1","1","count","value; setQuery(value); setActiveIndex(-1); if (debounceRef.current) { clearT","Component","frontend\src\components\SearchWithSuggestions.jsx","FALLBACK_CONSTANT","INTERNAL_TECHNICAL_OR_SAFE_UI","SAFE","L2_FILTERED"
"NUM_28266","400","400","count","nge) { onChange(value); } }, 400); }; const handleScopeChange = (newScope)","Component","frontend\src\components\SearchWithSuggestions.jsx","COMPUTED_FRONTEND","INTERNAL_TECHNICAL_OR_SAFE_UI","SAFE","L2_FILTERED"
"NUM_28267","0","0","count",") => { if (!isOpen || suggestions.length === 0) return; switch (e.key) { case ""Arr","Component","frontend\src\components\SearchWithSuggestions.jsx","FALLBACK_CONSTANT","INTERNAL_TECHNICAL_OR_SAFE_UI","SAFE","L2_FILTERED"
"NUM_28268","1","1","count","ctiveIndex((prev) => (prev < suggestions.length - 1 ? prev + 1 : 0)); break; case ""Ar","Component","frontend\src\components\SearchWithSuggestions.jsx","FALLBACK_CONSTANT","INTERNAL_TECHNICAL_OR_SAFE_UI","SAFE","L2_FILTERED"
"NUM_28269","1","1","count","(prev) => (prev < suggestions.length - 1 ? prev + 1 : 0)); break; case ""ArrowUp"": ","Component","frontend\src\components\SearchWithSuggestions.jsx","FALLBACK_CONSTANT","INTERNAL_TECHNICAL_OR_SAFE_UI","SAFE","L2_FILTERED"
"NUM_28270","0","0","count","v) => (prev < suggestions.length - 1 ? prev + 1 : 0)); break; case ""ArrowUp"": ","Component","frontend\src\components\SearchWithSuggestions.jsx","FALLBACK_CONSTANT","INTERNAL_TECHNICAL_OR_SAFE_UI","SAFE","L2_FILTERED"
"NUM_28271","0","0","count","ault(); setActiveIndex((prev) => (prev > 0 ? prev - 1 : suggestions.length - 1)); b","Component","frontend\src\components\SearchWithSuggestions.jsx","FALLBACK_CONSTANT","INTERNAL_TECHNICAL_OR_SAFE_UI","SAFE","L2_FILTERED"
"NUM_28272","1","1","count"," setActiveIndex((prev) => (prev > 0 ? prev - 1 : suggestions.length - 1)); break; ","Component","frontend\src\components\SearchWithSuggestions.jsx","FALLBACK_CONSTANT","INTERNAL_TECHNICAL_OR_SAFE_UI","SAFE","L2_FILTERED"
"NUM_28273","1","1","count","v) => (prev > 0 ? prev - 1 : suggestions.length - 1)); break; case ""Enter"": ","Component","frontend\src\components\SearchWithSuggestions.jsx","FALLBACK_CONSTANT","INTERNAL_TECHNICAL_OR_SAFE_UI","SAFE","L2_FILTERED"
"NUM_28274","1","1","count"," setIsOpen(false); setActiveIndex(-1); inputRef.current?.blur(); bre","Component","frontend\src\components\SearchWithSuggestions.jsx","FALLBACK_CONSTANT","INTERNAL_TECHNICAL_OR_SAFE_UI","SAFE","L2_FILTERED"
"NUM_28290","0","0","count","Focus={() => query.trim() && suggestions.length > 0 && setIsOpen(true)} placeholder={pla","Component","frontend\src\components\SearchWithSuggestions.jsx","COMPUTED_FRONTEND","INTERNAL_TECHNICAL_OR_SAFE_UI","SAFE","L2_FILTERED"
"NUM_28291","0","0","count"," </form> {isOpen && suggestions.length > 0 && ( <ul ref={listRef} ","Component","frontend\src\components\SearchWithSuggestions.jsx","COMPUTED_FRONTEND","INTERNAL_TECHNICAL_OR_SAFE_UI","SAFE","L2_FILTERED"
"NUM_28299","100","100","count","distribution.dream / health.distribution.count) * 100}%` }}> <span classNa","Component","frontend\src\components\ShortlistHealth.jsx","FALLBACK_CONSTANT","INTERNAL_TECHNICAL_OR_SAFE_UI","SAFE","L2_FILTERED"
"NUM_28300","100","100","count","istribution.target / health.distribution.count) * 100}%` }}> <span classNa","Component","frontend\src\components\ShortlistHealth.jsx","FALLBACK_CONSTANT","INTERNAL_TECHNICAL_OR_SAFE_UI","SAFE","L2_FILTERED"
"NUM_28301","100","100","count","(distribution.safe / health.distribution.count) * 100}%` }}> <span classNa","Component","frontend\src\components\ShortlistHealth.jsx","FALLBACK_CONSTANT","INTERNAL_TECHNICAL_OR_SAFE_UI","SAFE","L2_FILTERED"
"NUM_28302","0","0","count","h-details""> {issues.length > 0 && ( <div className=""hea","Component","frontend\src\components\ShortlistHealth.jsx","FALLBACK_CONSTANT","INTERNAL_TECHNICAL_OR_SAFE_UI","SAFE","L2_FILTERED"
"NUM_28303","0,","0","count","sues""> {issues.slice(0, 1).map((issue, idx) => ( ","Component","frontend\src\components\ShortlistHealth.jsx","FALLBACK_CONSTANT","INTERNAL_TECHNICAL_OR_SAFE_UI","SAFE","L2_FILTERED"
"NUM_28304","1","1","count","s""> {issues.slice(0, 1).map((issue, idx) => ( ","Component","frontend\src\components\ShortlistHealth.jsx","FALLBACK_CONSTANT","INTERNAL_TECHNICAL_OR_SAFE_UI","SAFE","L2_FILTERED"
"NUM_28307","0","0","count"," {suggestions.length > 0 && ( <div className=""hea","Component","frontend\src\components\ShortlistHealth.jsx","FALLBACK_CONSTANT","INTERNAL_TECHNICAL_OR_SAFE_UI","SAFE","L2_FILTERED"
"NUM_28308","0,","0","count","> {suggestions.slice(0, 1).map((sug, idx) => ( ","Component","frontend\src\components\ShortlistHealth.jsx","FALLBACK_CONSTANT","INTERNAL_TECHNICAL_OR_SAFE_UI","SAFE","L2_FILTERED"
"NUM_28309","1","1","count"," {suggestions.slice(0, 1).map((sug, idx) => ( ","Component","frontend\src\components\ShortlistHealth.jsx","FALLBACK_CONSTANT","INTERNAL_TECHNICAL_OR_SAFE_UI","SAFE","L2_FILTERED"
"NUM_28556","8","8","count","asses = { sm: 'w-4 h-4', md: 'w-8 h-8', lg: 'w-12 h-12', xl: 'w-1","Component","frontend\src\components\Spinner.jsx","FALLBACK_CONSTANT","INTERNAL_TECHNICAL_OR_SAFE_UI","SAFE","L2_FILTERED"
"NUM_28557","8","8","count","s = { sm: 'w-4 h-4', md: 'w-8 h-8', lg: 'w-12 h-12', xl: 'w-16 h-","Component","frontend\src\components\Spinner.jsx","FALLBACK_CONSTANT","INTERNAL_TECHNICAL_OR_SAFE_UI","SAFE","L2_FILTERED"
"NUM_28558","12","12","count","w-4 h-4', md: 'w-8 h-8', lg: 'w-12 h-12', xl: 'w-16 h-16' }; re","Component","frontend\src\components\Spinner.jsx","FALLBACK_CONSTANT","INTERNAL_TECHNICAL_OR_SAFE_UI","SAFE","L2_FILTERED"
"NUM_28559","12","12","count","-4', md: 'w-8 h-8', lg: 'w-12 h-12', xl: 'w-16 h-16' }; return ","Component","frontend\src\components\Spinner.jsx","FALLBACK_CONSTANT","INTERNAL_TECHNICAL_OR_SAFE_UI","SAFE","L2_FILTERED"
"NUM_28560","16","16","count","8 h-8', lg: 'w-12 h-12', xl: 'w-16 h-16' }; return ( <div class","Component","frontend\src\components\Spinner.jsx","FALLBACK_CONSTANT","INTERNAL_TECHNICAL_OR_SAFE_UI","SAFE","L2_FILTERED"
"NUM_28561","16","16","count","', lg: 'w-12 h-12', xl: 'w-16 h-16' }; return ( <div className=","Component","frontend\src\components\Spinner.jsx","FALLBACK_CONSTANT","INTERNAL_TECHNICAL_OR_SAFE_UI","SAFE","L2_FILTERED"
"NUM_28641","1","1","count","liveStats, setLiveStats] = useState({ active_now: 1 }); useEffect(() => { const handleScrol","Component","frontend\src\components\TacticalHUD.jsx","COMPUTED_FRONTEND","INTERNAL_TECHNICAL_OR_SAFE_UI","SAFE","L2_FILTERED"
"NUM_28642","100","100","count","handleScroll = () => setScrolled(window.scrollY > 100); window.addEventListener('scroll', handleSc","Component","frontend\src\components\TacticalHUD.jsx","FALLBACK_CONSTANT","INTERNAL_TECHNICAL_OR_SAFE_UI","SAFE","L2_FILTERED"
"NUM_28717","36","36","count",") => { const id = Math.random().toString(36).substr(2, 9); const autoDelete = action","Component","frontend\src\components\Toast.jsx","FALLBACK_CONSTANT","INTERNAL_TECHNICAL_OR_SAFE_UI","SAFE","L2_FILTERED"
"NUM_28718","2,","2","count"," const id = Math.random().toString(36).substr(2, 9); const autoDelete = action ? 8000 : (","Component","frontend\src\components\Toast.jsx","FALLBACK_CONSTANT","INTERNAL_TECHNICAL_OR_SAFE_UI","SAFE","L2_FILTERED"
"NUM_28719","9","9","count"," const id = Math.random().toString(36).substr(2, 9); const autoDelete = action ? 8000 : (ty","Component","frontend\src\components\Toast.jsx","FALLBACK_CONSTANT","INTERNAL_TECHNICAL_OR_SAFE_UI","SAFE","L2_FILTERED"
"NUM_28720","8000","8000","count","ubstr(2, 9); const autoDelete = action ? 8000 : (type === 'success' ? 4000 : 7000); // Give use","Component","frontend\src\components\Toast.jsx","FALLBACK_CONSTANT","INTERNAL_TECHNICAL_OR_SAFE_UI","SAFE","L2_FILTERED"
"NUM_28721","4000","4000","count","utoDelete = action ? 8000 : (type === 'success' ? 4000 : 7000); // Give users more time if there's an ac","Component","frontend\src\components\Toast.jsx","FALLBACK_CONSTANT","INTERNAL_TECHNICAL_OR_SAFE_UI","SAFE","L2_FILTERED"
"NUM_28722","7000","7000","count","te = action ? 8000 : (type === 'success' ? 4000 : 7000); // Give users more time if there's an action ","Component","frontend\src\components\Toast.jsx","FALLBACK_CONSTANT","INTERNAL_TECHNICAL_OR_SAFE_UI","SAFE","L2_FILTERED"
"NUM_28733","4","4","count","`${toast.action ? 8 : (toast.type === 'success' ? 4 : 7)}s` }} /> </div> ","Component","frontend\src\components\Toast.jsx","COMPUTED_FRONTEND","INTERNAL_TECHNICAL_OR_SAFE_UI","SAFE","L2_FILTERED"
"NUM_28734","7","7","count","oast.action ? 8 : (toast.type === 'success' ? 4 : 7)}s` }} /> </div> ","Component","frontend\src\components\Toast.jsx","FALLBACK_CONSTANT","INTERNAL_TECHNICAL_OR_SAFE_UI","SAFE","L2_FILTERED"
"NUM_28992","2","2","count","= 'percentile' ? rec.closingVal.toFixed(2) : rec.closingVal.toLocaleString(); ","Component","frontend\src\components\tools\AdmissionCalculator.jsx","FALLBACK_CONSTANT","INTERNAL_TECHNICAL_OR_SAFE_UI","SAFE","L2_FILTERED"
"NUM_28993","0.3","0.3","count","className=""dec-card"" style={{ animation: `slideUp 0.3s ease ${rank * 0.05}s both` }}> <div","Component","frontend\src\components\tools\AdmissionCalculator.jsx","API_DERIVED","INTERNAL_TECHNICAL_OR_SAFE_UI","SAFE","L2_FILTERED"
"NUM_28994","0.05","0.05","count",""" style={{ animation: `slideUp 0.3s ease ${rank * 0.05}s both` }}> <div className=""dec-card","Component","frontend\src\components\tools\AdmissionCalculator.jsx","API_DERIVED","INTERNAL_TECHNICAL_OR_SAFE_UI","SAFE","L2_FILTERED"
"NUM_29068","2","2","count","ssName=""calculator-card-title"">Select your exam</h2> <p className=""calculator-ca","Component","frontend\src\components\tools\AdmissionCalculator.jsx","FALLBACK_CONSTANT","INTERNAL_TECHNICAL_OR_SAFE_UI","SAFE","L2_FILTERED"
"NUM_29073","2","2","count","versity & Reservation"" : ""Reservation & Quota""}</h2> <p className=""calculator-ca","Component","frontend\src\components\tools\AdmissionCalculator.jsx","FALLBACK_CONSTANT","INTERNAL_TECHNICAL_OR_SAFE_UI","SAFE","L2_FILTERED"
"NUM_29081","2","2","count","assName=""calculator-card-title"">Profile Context</h2> <p className=""calculator-ca","Component","frontend\src\components\tools\AdmissionCalculator.jsx","FALLBACK_CONSTANT","INTERNAL_TECHNICAL_OR_SAFE_UI","SAFE","L2_FILTERED"
"NUM_29095","2","2","count","=""calc-loading-spinner"" /> <h2 className=""calculator-card-title"">Analyzing Offic","Component","frontend\src\components\tools\AdmissionCalculator.jsx","FALLBACK_CONSTANT","INTERNAL_TECHNICAL_OR_SAFE_UI","SAFE","L2_FILTERED"
"NUM_29096","2","2","count","or-card-title"">Analyzing Official Registries...</h2> <p className=""calculator-ca","Component","frontend\src\components\tools\AdmissionCalculator.jsx","FALLBACK_CONSTANT","INTERNAL_TECHNICAL_OR_SAFE_UI","SAFE","L2_FILTERED"
"NUM_29101","2","2","count","e=""results-title""> <h2>Strategic Admission Roadmap</h2> ","Component","frontend\src\components\tools\AdmissionCalculator.jsx","FALLBACK_CONSTANT","INTERNAL_TECHNICAL_OR_SAFE_UI","SAFE","L2_FILTERED"
"NUM_29102","2","2","count"," <h2>Strategic Admission Roadmap</h2> <p className=""resul","Component","frontend\src\components\tools\AdmissionCalculator.jsx","FALLBACK_CONSTANT","INTERNAL_TECHNICAL_OR_SAFE_UI","SAFE","L2_FILTERED"
"NUM_29116","10","10","count"," <Trophy className=""w-10 h-10 text-yellow-500 mb-4"" /> ","Component","frontend\src\components\tools\AdmissionCalculator.jsx","FALLBACK_CONSTANT","INTERNAL_TECHNICAL_OR_SAFE_UI","SAFE","L2_FILTERED"
"NUM_29117","10","10","count"," <Trophy className=""w-10 h-10 text-yellow-500 mb-4"" /> ","Component","frontend\src\components\tools\AdmissionCalculator.jsx","FALLBACK_CONSTANT","INTERNAL_TECHNICAL_OR_SAFE_UI","SAFE","L2_FILTERED"
"NUM_29118","500","500","count"," <Trophy className=""w-10 h-10 text-yellow-500 mb-4"" /> <h4 classNa","Component","frontend\src\components\tools\AdmissionCalculator.jsx","FALLBACK_CONSTANT","INTERNAL_TECHNICAL_OR_SAFE_UI","SAFE","L2_FILTERED"
"NUM_29119","4","4","count"," <Trophy className=""w-10 h-10 text-yellow-500 mb-4"" /> <h4 className=""f","Component","frontend\src\components\tools\AdmissionCalculator.jsx","FALLBACK_CONSTANT","INTERNAL_TECHNICAL_OR_SAFE_UI","SAFE","L2_FILTERED"
"NUM_29122","1","1","count","xt-slate-800 uppercase tracking-widest text-xs mb-1"">Truth-Score</h4> <d","Component","frontend\src\components\tools\AdmissionCalculator.jsx","FALLBACK_CONSTANT","INTERNAL_TECHNICAL_OR_SAFE_UI","SAFE","L2_FILTERED"
"NUM_29123","4","4","count","rcase tracking-widest text-xs mb-1"">Truth-Score</h4> <div className=""tex","Component","frontend\src\components\tools\AdmissionCalculator.jsx","FALLBACK_CONSTANT","INTERNAL_TECHNICAL_OR_SAFE_UI","SAFE","L2_FILTERED"
"NUM_29152","12","12","count","v> <div className=""space-y-12""> {results.safe.length =","Component","frontend\src\components\tools\AdmissionCalculator.jsx","FALLBACK_CONSTANT","INTERNAL_TECHNICAL_OR_SAFE_UI","SAFE","L2_FILTERED"
"NUM_29153","0","0","count"," {results.safe.length === 0 && results.target.length === 0 && results.dream.l","Component","frontend\src\components\tools\AdmissionCalculator.jsx","FALLBACK_CONSTANT","INTERNAL_TECHNICAL_OR_SAFE_UI","SAFE","L2_FILTERED"
"NUM_29154","0","0","count","ts.safe.length === 0 && results.target.length === 0 && results.dream.length === 0 ? ( ","Component","frontend\src\components\tools\AdmissionCalculator.jsx","FALLBACK_CONSTANT","INTERNAL_TECHNICAL_OR_SAFE_UI","SAFE","L2_FILTERED"
"NUM_29155","0","0","count","s.target.length === 0 && results.dream.length === 0 ? ( <div className=""","Component","frontend\src\components\tools\AdmissionCalculator.jsx","FALLBACK_CONSTANT","INTERNAL_TECHNICAL_OR_SAFE_UI","SAFE","L2_FILTERED"
"NUM_29160","12","12","count"," <AlertCircle className=""w-12 h-12 text-slate-400 mx-auto mb-4"" /> ","Component","frontend\src\components\tools\AdmissionCalculator.jsx","FALLBACK_CONSTANT","INTERNAL_TECHNICAL_OR_SAFE_UI","SAFE","L2_FILTERED"
"NUM_29161","12","12","count"," <AlertCircle className=""w-12 h-12 text-slate-400 mx-auto mb-4"" /> ","Component","frontend\src\components\tools\AdmissionCalculator.jsx","FALLBACK_CONSTANT","INTERNAL_TECHNICAL_OR_SAFE_UI","SAFE","L2_FILTERED"
"NUM_29162","400","400","count"," <AlertCircle className=""w-12 h-12 text-slate-400 mx-auto mb-4"" /> ","Component","frontend\src\components\tools\AdmissionCalculator.jsx","FALLBACK_CONSTANT","INTERNAL_TECHNICAL_OR_SAFE_UI","SAFE","L2_FILTERED"
"NUM_29163","4","4","count","le className=""w-12 h-12 text-slate-400 mx-auto mb-4"" /> <h3 classNam","Component","frontend\src\components\tools\AdmissionCalculator.jsx","FALLBACK_CONSTANT","INTERNAL_TECHNICAL_OR_SAFE_UI","SAFE","L2_FILTERED"
"NUM_29166","3","3","count","nt-bold text-slate-700"">No Direct Matches Found</h3> <p className=""t","Component","frontend\src\components\tools\AdmissionCalculator.jsx","FALLBACK_CONSTANT","INTERNAL_TECHNICAL_OR_SAFE_UI","SAFE","L2_FILTERED"
"NUM_29181","0","0","count"," {results.safe.length > 0 && ( <div cl","Component","frontend\src\components\tools\AdmissionCalculator.jsx","FALLBACK_CONSTANT","INTERNAL_TECHNICAL_OR_SAFE_UI","SAFE","L2_FILTERED"
"NUM_29182","5","5","count"," <ShieldCheck className=""w-5 h-5 text-green-500"" /> ","Component","frontend\src\components\tools\AdmissionCalculator.jsx","FALLBACK_CONSTANT","INTERNAL_TECHNICAL_OR_SAFE_UI","SAFE","L2_FILTERED"
"NUM_29183","5","5","count"," <ShieldCheck className=""w-5 h-5 text-green-500"" /> ","Component","frontend\src\components\tools\AdmissionCalculator.jsx","FALLBACK_CONSTANT","INTERNAL_TECHNICAL_OR_SAFE_UI","SAFE","L2_FILTERED"
"NUM_29184","500","500","count"," <ShieldCheck className=""w-5 h-5 text-green-500"" /> ","Component","frontend\src\components\tools\AdmissionCalculator.jsx","FALLBACK_CONSTANT","INTERNAL_TECHNICAL_OR_SAFE_UI","SAFE","L2_FILTERED"
"NUM_29185","3","3","count","/> <h3>Safe Options</h3> ","Component","frontend\src\components\tools\AdmissionCalculator.jsx","FALLBACK_CONSTANT","INTERNAL_TECHNICAL_OR_SAFE_UI","SAFE","L2_FILTERED"
"NUM_29186","3","3","count"," <h3>Safe Options</h3> </div> ","Component","frontend\src\components\tools\AdmissionCalculator.jsx","FALLBACK_CONSTANT","INTERNAL_TECHNICAL_OR_SAFE_UI","SAFE","L2_FILTERED"
"NUM_29187","1","1","count","(rec, i) => <ResultCard key={i} rec={rec} rank={i+1} />)} </","Component","frontend\src\components\tools\AdmissionCalculator.jsx","API_DERIVED","INTERNAL_TECHNICAL_OR_SAFE_UI","SAFE","L2_FILTERED"
"NUM_29188","0","0","count"," {results.target.length > 0 && ( <div cl","Component","frontend\src\components\tools\AdmissionCalculator.jsx","FALLBACK_CONSTANT","INTERNAL_TECHNICAL_OR_SAFE_UI","SAFE","L2_FILTERED"
"NUM_29189","5","5","count"," <Target className=""w-5 h-5 text-yellow-500"" /> ","Component","frontend\src\components\tools\AdmissionCalculator.jsx","FALLBACK_CONSTANT","INTERNAL_TECHNICAL_OR_SAFE_UI","SAFE","L2_FILTERED"
"NUM_29190","5","5","count"," <Target className=""w-5 h-5 text-yellow-500"" /> ","Component","frontend\src\components\tools\AdmissionCalculator.jsx","FALLBACK_CONSTANT","INTERNAL_TECHNICAL_OR_SAFE_UI","SAFE","L2_FILTERED"
"NUM_29191","500","500","count"," <Target className=""w-5 h-5 text-yellow-500"" /> ","Component","frontend\src\components\tools\AdmissionCalculator.jsx","FALLBACK_CONSTANT","INTERNAL_TECHNICAL_OR_SAFE_UI","SAFE","L2_FILTERED"
"NUM_29192","3","3","count","/> <h3>Target Reach</h3> ","Component","frontend\src\components\tools\AdmissionCalculator.jsx","FALLBACK_CONSTANT","INTERNAL_TECHNICAL_OR_SAFE_UI","SAFE","L2_FILTERED"
"NUM_29193","3","3","count"," <h3>Target Reach</h3> </div> ","Component","frontend\src\components\tools\AdmissionCalculator.jsx","FALLBACK_CONSTANT","INTERNAL_TECHNICAL_OR_SAFE_UI","SAFE","L2_FILTERED"
"NUM_29194","1","1","count","(rec, i) => <ResultCard key={i} rec={rec} rank={i+1} />)} </","Component","frontend\src\components\tools\AdmissionCalculator.jsx","API_DERIVED","INTERNAL_TECHNICAL_OR_SAFE_UI","SAFE","L2_FILTERED"
"NUM_29195","0","0","count"," {results.dream.length > 0 && ( <div cl","Component","frontend\src\components\tools\AdmissionCalculator.jsx","FALLBACK_CONSTANT","INTERNAL_TECHNICAL_OR_SAFE_UI","SAFE","L2_FILTERED"
"NUM_29196","5","5","count"," <Sparkles className=""w-5 h-5 text-purple-500"" /> ","Component","frontend\src\components\tools\AdmissionCalculator.jsx","FALLBACK_CONSTANT","INTERNAL_TECHNICAL_OR_SAFE_UI","SAFE","L2_FILTERED"
"NUM_29197","5","5","count"," <Sparkles className=""w-5 h-5 text-purple-500"" /> ","Component","frontend\src\components\tools\AdmissionCalculator.jsx","FALLBACK_CONSTANT","INTERNAL_TECHNICAL_OR_SAFE_UI","SAFE","L2_FILTERED"
"NUM_29198","500","500","count"," <Sparkles className=""w-5 h-5 text-purple-500"" /> ","Component","frontend\src\components\tools\AdmissionCalculator.jsx","FALLBACK_CONSTANT","INTERNAL_TECHNICAL_OR_SAFE_UI","SAFE","L2_FILTERED"
"NUM_29199","3","3","count","/> <h3>Dream Targets</h3> ","Component","frontend\src\components\tools\AdmissionCalculator.jsx","FALLBACK_CONSTANT","INTERNAL_TECHNICAL_OR_SAFE_UI","SAFE","L2_FILTERED"
"NUM_29200","3","3","count"," <h3>Dream Targets</h3> </div> ","Component","frontend\src\components\tools\AdmissionCalculator.jsx","FALLBACK_CONSTANT","INTERNAL_TECHNICAL_OR_SAFE_UI","SAFE","L2_FILTERED"
"NUM_29201","1","1","count","(rec, i) => <ResultCard key={i} rec={rec} rank={i+1} />)} </","Component","frontend\src\components\tools\AdmissionCalculator.jsx","API_DERIVED","INTERNAL_TECHNICAL_OR_SAFE_UI","SAFE","L2_FILTERED"
"NUM_29274","25%","25","%"," React Bits Pro is live — <strong>25% off</strong> launch special (limited time) ","Component","frontend\src\components\TopBanner.jsx","FALLBACK_CONSTANT","INTERNAL_TECHNICAL_OR_SAFE_UI","SAFE","L2_FILTERED"
"NUM_29466","3,","3","count","t { Database, ShieldCheck, BarChart3, Users, GraduationCap, MapPin, ","Component","frontend\src\components\TransparencyPulse.jsx","FALLBACK_CONSTANT","INTERNAL_TECHNICAL_OR_SAFE_UI","SAFE","L2_FILTERED"
"NUM_29470","2","2","count"," </div> <ScrollReveal as=""h2"" containerClassName=""pulse-title"" baseRotation={0","Component","frontend\src\components\TransparencyPulse.jsx","FALLBACK_CONSTANT","INTERNAL_TECHNICAL_OR_SAFE_UI","SAFE","L2_FILTERED"
"NUM_29474","3","3","count"," <StatCard icon={BarChart3} label=""Historical Cutof","Component","frontend\src\components\TransparencyPulse.jsx","COMPUTED_FRONTEND","INTERNAL_TECHNICAL_OR_SAFE_UI","SAFE","L2_FILTERED"
"NUM_29528","1","1","count","=""M10 18a8 8 0 100-16 8 8 0 000 16zm3.707-9.293a1 1 0 00-1.414-1.414L9 10.586 7.707 9.293a1 1 0 00-1.","Component","frontend\src\components\TrustBadge.jsx","FALLBACK_CONSTANT","INTERNAL_TECHNICAL_OR_SAFE_UI","SAFE","L2_FILTERED"
"NUM_29529","0","0","count","M10 18a8 8 0 100-16 8 8 0 000 16zm3.707-9.293a1 1 0 00-1.414-1.414L9 10.586 7.707 9.293a1 1 0 00-1.41","Component","frontend\src\components\TrustBadge.jsx","FALLBACK_CONSTANT","INTERNAL_TECHNICAL_OR_SAFE_UI","SAFE","L2_FILTERED"
"NUM_29530","00","00","count","0 18a8 8 0 100-16 8 8 0 000 16zm3.707-9.293a1 1 0 00-1.414-1.414L9 10.586 7.707 9.293a1 1 0 00-1.414 1","Component","frontend\src\components\TrustBadge.jsx","FALLBACK_CONSTANT","INTERNAL_TECHNICAL_OR_SAFE_UI","SAFE","L2_FILTERED"
"NUM_29531","1.414","1.414","count","8a8 8 0 100-16 8 8 0 000 16zm3.707-9.293a1 1 0 00-1.414-1.414L9 10.586 7.707 9.293a1 1 0 00-1.414 1.414l2","Component","frontend\src\components\TrustBadge.jsx","FALLBACK_CONSTANT","INTERNAL_TECHNICAL_OR_SAFE_UI","SAFE","L2_FILTERED"
"NUM_29532","1.414","1.414","count","0 100-16 8 8 0 000 16zm3.707-9.293a1 1 0 00-1.414-1.414L9 10.586 7.707 9.293a1 1 0 00-1.414 1.414l2 2a1 1","Component","frontend\src\components\TrustBadge.jsx","FALLBACK_CONSTANT","INTERNAL_TECHNICAL_OR_SAFE_UI","SAFE","L2_FILTERED"
"NUM_29533","9","9","count","16 8 8 0 000 16zm3.707-9.293a1 1 0 00-1.414-1.414L9 10.586 7.707 9.293a1 1 0 00-1.414 1.414l2 2a1 1 0","Component","frontend\src\components\TrustBadge.jsx","FALLBACK_CONSTANT","INTERNAL_TECHNICAL_OR_SAFE_UI","SAFE","L2_FILTERED"
"NUM_29534","10.586","10.586","count"," 8 8 0 000 16zm3.707-9.293a1 1 0 00-1.414-1.414L9 10.586 7.707 9.293a1 1 0 00-1.414 1.414l2 2a1 1 0 001.41","Component","frontend\src\components\TrustBadge.jsx","FALLBACK_CONSTANT","INTERNAL_TECHNICAL_OR_SAFE_UI","SAFE","L2_FILTERED"
"NUM_29535","7.707","7.707","count","000 16zm3.707-9.293a1 1 0 00-1.414-1.414L9 10.586 7.707 9.293a1 1 0 00-1.414 1.414l2 2a1 1 0 001.414 0l4-","Component","frontend\src\components\TrustBadge.jsx","FALLBACK_CONSTANT","INTERNAL_TECHNICAL_OR_SAFE_UI","SAFE","L2_FILTERED"
"NUM_29536","9.293","9.293","count","zm3.707-9.293a1 1 0 00-1.414-1.414L9 10.586 7.707 9.293a1 1 0 00-1.414 1.414l2 2a1 1 0 001.414 0l4-4z"" cl","Component","frontend\src\components\TrustBadge.jsx","FALLBACK_CONSTANT","INTERNAL_TECHNICAL_OR_SAFE_UI","SAFE","L2_FILTERED"
"NUM_29537","1","1","count","7-9.293a1 1 0 00-1.414-1.414L9 10.586 7.707 9.293a1 1 0 00-1.414 1.414l2 2a1 1 0 001.414 0l4-4z"" clip","Component","frontend\src\components\TrustBadge.jsx","FALLBACK_CONSTANT","INTERNAL_TECHNICAL_OR_SAFE_UI","SAFE","L2_FILTERED"
"NUM_29538","1","1","count","9.293a1 1 0 00-1.414-1.414L9 10.586 7.707 9.293a1 1 0 00-1.414 1.414l2 2a1 1 0 001.414 0l4-4z"" clipRu","Component","frontend\src\components\TrustBadge.jsx","FALLBACK_CONSTANT","INTERNAL_TECHNICAL_OR_SAFE_UI","SAFE","L2_FILTERED"
"NUM_29539","0","0","count","293a1 1 0 00-1.414-1.414L9 10.586 7.707 9.293a1 1 0 00-1.414 1.414l2 2a1 1 0 001.414 0l4-4z"" clipRule","Component","frontend\src\components\TrustBadge.jsx","FALLBACK_CONSTANT","INTERNAL_TECHNICAL_OR_SAFE_UI","SAFE","L2_FILTERED"
"NUM_29540","00","00","count","3a1 1 0 00-1.414-1.414L9 10.586 7.707 9.293a1 1 0 00-1.414 1.414l2 2a1 1 0 001.414 0l4-4z"" clipRule=""e","Component","frontend\src\components\TrustBadge.jsx","FALLBACK_CONSTANT","INTERNAL_TECHNICAL_OR_SAFE_UI","SAFE","L2_FILTERED"
"NUM_29541","1.414","1.414","count"," 1 0 00-1.414-1.414L9 10.586 7.707 9.293a1 1 0 00-1.414 1.414l2 2a1 1 0 001.414 0l4-4z"" clipRule=""evenodd","Component","frontend\src\components\TrustBadge.jsx","FALLBACK_CONSTANT","INTERNAL_TECHNICAL_OR_SAFE_UI","SAFE","L2_FILTERED"
"NUM_29542","1.414","1.414","count","0-1.414-1.414L9 10.586 7.707 9.293a1 1 0 00-1.414 1.414l2 2a1 1 0 001.414 0l4-4z"" clipRule=""evenodd"" /> ","Component","frontend\src\components\TrustBadge.jsx","FALLBACK_CONSTANT","INTERNAL_TECHNICAL_OR_SAFE_UI","SAFE","L2_FILTERED"
"NUM_29543","2","2","count","4-1.414L9 10.586 7.707 9.293a1 1 0 00-1.414 1.414l2 2a1 1 0 001.414 0l4-4z"" clipRule=""evenodd"" /> ","Component","frontend\src\components\TrustBadge.jsx","FALLBACK_CONSTANT","INTERNAL_TECHNICAL_OR_SAFE_UI","SAFE","L2_FILTERED"
"NUM_29544","2","2","count","1.414L9 10.586 7.707 9.293a1 1 0 00-1.414 1.414l2 2a1 1 0 001.414 0l4-4z"" clipRule=""evenodd"" /> ","Component","frontend\src\components\TrustBadge.jsx","FALLBACK_CONSTANT","INTERNAL_TECHNICAL_OR_SAFE_UI","SAFE","L2_FILTERED"
"NUM_29545","1","1","count","414L9 10.586 7.707 9.293a1 1 0 00-1.414 1.414l2 2a1 1 0 001.414 0l4-4z"" clipRule=""evenodd"" /> </","Component","frontend\src\components\TrustBadge.jsx","FALLBACK_CONSTANT","INTERNAL_TECHNICAL_OR_SAFE_UI","SAFE","L2_FILTERED"
"NUM_29546","1","1","count","4L9 10.586 7.707 9.293a1 1 0 00-1.414 1.414l2 2a1 1 0 001.414 0l4-4z"" clipRule=""evenodd"" /> </sv","Component","frontend\src\components\TrustBadge.jsx","FALLBACK_CONSTANT","INTERNAL_TECHNICAL_OR_SAFE_UI","SAFE","L2_FILTERED"
"NUM_29547","0","0","count","9 10.586 7.707 9.293a1 1 0 00-1.414 1.414l2 2a1 1 0 001.414 0l4-4z"" clipRule=""evenodd"" /> </svg>","Component","frontend\src\components\TrustBadge.jsx","FALLBACK_CONSTANT","INTERNAL_TECHNICAL_OR_SAFE_UI","SAFE","L2_FILTERED"
"NUM_29548","001.414","001.414","count","10.586 7.707 9.293a1 1 0 00-1.414 1.414l2 2a1 1 0 001.414 0l4-4z"" clipRule=""evenodd"" /> </svg> ); ","Component","frontend\src\components\TrustBadge.jsx","FALLBACK_CONSTANT","INTERNAL_TECHNICAL_OR_SAFE_UI","SAFE","L2_FILTERED"
"NUM_29549","0","0","count",".707 9.293a1 1 0 00-1.414 1.414l2 2a1 1 0 001.414 0l4-4z"" clipRule=""evenodd"" /> </svg> ); co","Component","frontend\src\components\TrustBadge.jsx","FALLBACK_CONSTANT","INTERNAL_TECHNICAL_OR_SAFE_UI","SAFE","L2_FILTERED"
"NUM_29550","4","4","count","07 9.293a1 1 0 00-1.414 1.414l2 2a1 1 0 001.414 0l4-4z"" clipRule=""evenodd"" /> </svg> ); cons","Component","frontend\src\components\TrustBadge.jsx","FALLBACK_CONSTANT","INTERNAL_TECHNICAL_OR_SAFE_UI","SAFE","L2_FILTERED"
"NUM_29551","4","4","count"," 9.293a1 1 0 00-1.414 1.414l2 2a1 1 0 001.414 0l4-4z"" clipRule=""evenodd"" /> </svg> ); const ","Component","frontend\src\components\TrustBadge.jsx","FALLBACK_CONSTANT","INTERNAL_TECHNICAL_OR_SAFE_UI","SAFE","L2_FILTERED"
"NUM_29586","86","86","count"," <DataConfidenceBadge label=""high"" score={86} compact={false} /> </div> ","Component","frontend\src\components\TrustTransparency.jsx","API_DERIVED","API_DERIVED_UNVERIFIED","SAFE","L3_FACTUAL"
"NUM_29589","3","3","count"," <h3>Explainable, factor by factor</h3> <p> The scoring mode","Component","frontend\src\components\TrustTransparency.jsx","FALLBACK_CONSTANT","INTERNAL_TECHNICAL_OR_SAFE_UI","SAFE","L2_FILTERED"
"NUM_29700","4","4","count","v className=""sc-body""> <h4 className=""sc-title"">{source.title}</h4> ","Component","frontend\src\components\Truth\SourcePopover.jsx","COMPUTED_FRONTEND","INTERNAL_TECHNICAL_OR_SAFE_UI","SAFE","L2_FILTERED"
"NUM_29701","4","4","count"," <h4 className=""sc-title"">{source.title}</h4> {pageReference && ( ","Component","frontend\src\components\Truth\SourcePopover.jsx","COMPUTED_FRONTEND","INTERNAL_TECHNICAL_OR_SAFE_UI","SAFE","L2_FILTERED"
"NUM_29871","0","0","count","| ""User""; const initial = displayName.charAt(0).toUpperCase(); const handleLogout = async","Component","frontend\src\components\UserDropdown.jsx","FALLBACK_CONSTANT","INTERNAL_TECHNICAL_OR_SAFE_UI","SAFE","L2_FILTERED"
"NUM_29956","3","3","count","ay-${index + 2}`} > <h3>{p.title}</h3> <p>{p.body}</p> ","Component","frontend\src\components\WhyCei.jsx","COMPUTED_FRONTEND","INTERNAL_TECHNICAL_OR_SAFE_UI","SAFE","L2_FILTERED"
"NUM_29957","3","3","count","}`} > <h3>{p.title}</h3> <p>{p.body}</p> </Gl","Component","frontend\src\components\WhyCei.jsx","COMPUTED_FRONTEND","INTERNAL_TECHNICAL_OR_SAFE_UI","SAFE","L2_FILTERED"
"NUM_29958","2026","2026","count"," ""dates"": { ""notification"": ""2026-02-15"", ""registration"": ""2026-03-15""","Component","frontend\src\data\exams.json","FALLBACK_CONSTANT","HARDCODED_UNVERIFIED","REVIEW","L3_FACTUAL"
"NUM_29961","2026","2026","count","ion"": ""2026-02-15"", ""registration"": ""2026-03-15"", ""admitCard"": ""2026-04-25"", ","Component","frontend\src\data\exams.json","FALLBACK_CONSTANT","HARDCODED_UNVERIFIED","REVIEW","L3_FACTUAL"
"NUM_29964","2026","2026","count","ration"": ""2026-03-15"", ""admitCard"": ""2026-04-25"", ""examWindow"": ""2026-05-05"", ","Component","frontend\src\data\exams.json","FALLBACK_CONSTANT","HARDCODED_UNVERIFIED","REVIEW","L3_FACTUAL"
"NUM_29967","2026","2026","count","tCard"": ""2026-04-25"", ""examWindow"": ""2026-05-05"", ""result"": ""2026-05-25"" ","Component","frontend\src\data\exams.json","FALLBACK_CONSTANT","HARDCODED_UNVERIFIED","REVIEW","L3_FACTUAL"
"NUM_29968","05","05","count",""": ""2026-04-25"", ""examWindow"": ""2026-05-05"", ""result"": ""2026-05-25"" ","Component","frontend\src\data\exams.json","FALLBACK_CONSTANT","INTERNAL_TECHNICAL_OR_SAFE_UI","SAFE","L2_FILTERED"
"NUM_29969","05","05","count","""2026-04-25"", ""examWindow"": ""2026-05-05"", ""result"": ""2026-05-25"" } ","Component","frontend\src\data\exams.json","FALLBACK_CONSTANT","INTERNAL_TECHNICAL_OR_SAFE_UI","SAFE","L2_FILTERED"
"NUM_29970","2026","2026","count","xamWindow"": ""2026-05-05"", ""result"": ""2026-05-25"" } }, { ""id"": ""","Component","frontend\src\data\exams.json","FALLBACK_CONSTANT","HARDCODED_UNVERIFIED","REVIEW","L3_FACTUAL"
"NUM_29971","05","05","count","ndow"": ""2026-05-05"", ""result"": ""2026-05-25"" } }, { ""id"": ""cat","Component","frontend\src\data\exams.json","FALLBACK_CONSTANT","INTERNAL_TECHNICAL_OR_SAFE_UI","SAFE","L2_FILTERED"
"NUM_29972","25","25","count","w"": ""2026-05-05"", ""result"": ""2026-05-25"" } }, { ""id"": ""cat"", ","Component","frontend\src\data\exams.json","FALLBACK_CONSTANT","INTERNAL_TECHNICAL_OR_SAFE_UI","SAFE","L2_FILTERED"
"NUM_29982","2024","2024","count","tCard"": ""2024-11-05"", ""examWindow"": ""2024-11-24"", ""result"": ""2026-01-05"" ","Component","frontend\src\data\exams.json","FALLBACK_CONSTANT","INTERNAL_TECHNICAL_OR_SAFE_UI","SAFE","L2_FILTERED"
"NUM_29983","11","11","count",""": ""2024-11-05"", ""examWindow"": ""2024-11-24"", ""result"": ""2026-01-05"" ","Component","frontend\src\data\exams.json","FALLBACK_CONSTANT","INTERNAL_TECHNICAL_OR_SAFE_UI","SAFE","L2_FILTERED"
"NUM_29984","24","24","count","""2024-11-05"", ""examWindow"": ""2024-11-24"", ""result"": ""2026-01-05"" } ","Component","frontend\src\data\exams.json","FALLBACK_CONSTANT","INTERNAL_TECHNICAL_OR_SAFE_UI","SAFE","L2_FILTERED"
"NUM_29985","2026","2026","count","xamWindow"": ""2024-11-24"", ""result"": ""2026-01-05"" } }, { ""id"": ""","Component","frontend\src\data\exams.json","FALLBACK_CONSTANT","HARDCODED_UNVERIFIED","REVIEW","L3_FACTUAL"
"NUM_29986","01","01","count","ndow"": ""2024-11-24"", ""result"": ""2026-01-05"" } }, { ""id"": ""mat","Component","frontend\src\data\exams.json","FALLBACK_CONSTANT","INTERNAL_TECHNICAL_OR_SAFE_UI","SAFE","L2_FILTERED"
"NUM_29987","05","05","count","w"": ""2024-11-24"", ""result"": ""2026-01-05"" } }, { ""id"": ""mat"", ","Component","frontend\src\data\exams.json","FALLBACK_CONSTANT","INTERNAL_TECHNICAL_OR_SAFE_UI","SAFE","L2_FILTERED"
"NUM_29988","2026","2026","count"," ""dates"": { ""notification"": ""2026-01-01"", ""registration"": ""2026-02-20""","Component","frontend\src\data\exams.json","FALLBACK_CONSTANT","HARDCODED_UNVERIFIED","REVIEW","L3_FACTUAL"
"NUM_29991","2026","2026","count","ion"": ""2026-01-01"", ""registration"": ""2026-02-20"", ""admitCard"": ""2026-02-25"", ","Component","frontend\src\data\exams.json","FALLBACK_CONSTANT","HARDCODED_UNVERIFIED","REVIEW","L3_FACTUAL"
"NUM_29994","2026","2026","count","ration"": ""2026-02-20"", ""admitCard"": ""2026-02-25"", ""examWindow"": ""2026-03-02"", ","Component","frontend\src\data\exams.json","FALLBACK_CONSTANT","HARDCODED_UNVERIFIED","REVIEW","L3_FACTUAL"
"NUM_29997","2026","2026","count","tCard"": ""2026-02-25"", ""examWindow"": ""2026-03-02"", ""result"": ""2026-03-20"" ","Component","frontend\src\data\exams.json","FALLBACK_CONSTANT","HARDCODED_UNVERIFIED","REVIEW","L3_FACTUAL"
"NUM_29998","03","03","count",""": ""2026-02-25"", ""examWindow"": ""2026-03-02"", ""result"": ""2026-03-20"" ","Component","frontend\src\data\exams.json","FALLBACK_CONSTANT","INTERNAL_TECHNICAL_OR_SAFE_UI","SAFE","L2_FILTERED"
"NUM_29999","02","02","count","""2026-02-25"", ""examWindow"": ""2026-03-02"", ""result"": ""2026-03-20"" } ","Component","frontend\src\data\exams.json","FALLBACK_CONSTANT","INTERNAL_TECHNICAL_OR_SAFE_UI","SAFE","L2_FILTERED"
"NUM_30000","2026","2026","count","xamWindow"": ""2026-03-02"", ""result"": ""2026-03-20"" } }, { ""id"": ""","Component","frontend\src\data\exams.json","FALLBACK_CONSTANT","HARDCODED_UNVERIFIED","REVIEW","L3_FACTUAL"
"NUM_30001","03","03","count","ndow"": ""2026-03-02"", ""result"": ""2026-03-20"" } }, { ""id"": ""xat","Component","frontend\src\data\exams.json","FALLBACK_CONSTANT","INTERNAL_TECHNICAL_OR_SAFE_UI","SAFE","L2_FILTERED"
"NUM_30002","20","20","count","w"": ""2026-03-02"", ""result"": ""2026-03-20"" } }, { ""id"": ""xat"", ","Component","frontend\src\data\exams.json","FALLBACK_CONSTANT","INTERNAL_TECHNICAL_OR_SAFE_UI","SAFE","L2_FILTERED"
"NUM_30012","2026","2026","count","tCard"": ""2024-12-20"", ""examWindow"": ""2026-01-05"", ""result"": ""2026-01-20"" ","Component","frontend\src\data\exams.json","FALLBACK_CONSTANT","HARDCODED_UNVERIFIED","REVIEW","L3_FACTUAL"
"NUM_30013","01","01","count",""": ""2024-12-20"", ""examWindow"": ""2026-01-05"", ""result"": ""2026-01-20"" ","Component","frontend\src\data\exams.json","FALLBACK_CONSTANT","INTERNAL_TECHNICAL_OR_SAFE_UI","SAFE","L2_FILTERED"
"NUM_30014","05","05","count","""2024-12-20"", ""examWindow"": ""2026-01-05"", ""result"": ""2026-01-20"" } ","Component","frontend\src\data\exams.json","FALLBACK_CONSTANT","INTERNAL_TECHNICAL_OR_SAFE_UI","SAFE","L2_FILTERED"
"NUM_30015","2026","2026","count","xamWindow"": ""2026-01-05"", ""result"": ""2026-01-20"" } }, { ""id"": ""","Component","frontend\src\data\exams.json","FALLBACK_CONSTANT","HARDCODED_UNVERIFIED","REVIEW","L3_FACTUAL"
"NUM_30016","01","01","count","ndow"": ""2026-01-05"", ""result"": ""2026-01-20"" } }, { ""id"": ""sna","Component","frontend\src\data\exams.json","FALLBACK_CONSTANT","INTERNAL_TECHNICAL_OR_SAFE_UI","SAFE","L2_FILTERED"
"NUM_30017","20","20","count","w"": ""2026-01-05"", ""result"": ""2026-01-20"" } }, { ""id"": ""snap"",","Component","frontend\src\data\exams.json","FALLBACK_CONSTANT","INTERNAL_TECHNICAL_OR_SAFE_UI","SAFE","L2_FILTERED"
"NUM_30027","2024","2024","count","tCard"": ""2024-12-04"", ""examWindow"": ""2024-12-10"", ""result"": ""2026-01-08"" ","Component","frontend\src\data\exams.json","FALLBACK_CONSTANT","INTERNAL_TECHNICAL_OR_SAFE_UI","SAFE","L2_FILTERED"
"NUM_30028","12","12","count",""": ""2024-12-04"", ""examWindow"": ""2024-12-10"", ""result"": ""2026-01-08"" ","Component","frontend\src\data\exams.json","FALLBACK_CONSTANT","INTERNAL_TECHNICAL_OR_SAFE_UI","SAFE","L2_FILTERED"
"NUM_30029","10","10","count","""2024-12-04"", ""examWindow"": ""2024-12-10"", ""result"": ""2026-01-08"" } ","Component","frontend\src\data\exams.json","FALLBACK_CONSTANT","INTERNAL_TECHNICAL_OR_SAFE_UI","SAFE","L2_FILTERED"
"NUM_30030","2026","2026","count","xamWindow"": ""2024-12-10"", ""result"": ""2026-01-08"" } }, { ""id"": ""","Component","frontend\src\data\exams.json","FALLBACK_CONSTANT","HARDCODED_UNVERIFIED","REVIEW","L3_FACTUAL"
"NUM_30031","01","01","count","ndow"": ""2024-12-10"", ""result"": ""2026-01-08"" } }, { ""id"": ""nma","Component","frontend\src\data\exams.json","FALLBACK_CONSTANT","INTERNAL_TECHNICAL_OR_SAFE_UI","SAFE","L2_FILTERED"
"NUM_30032","08","08","count","w"": ""2024-12-10"", ""result"": ""2026-01-08"" } }, { ""id"": ""nmat"",","Component","frontend\src\data\exams.json","FALLBACK_CONSTANT","INTERNAL_TECHNICAL_OR_SAFE_UI","SAFE","L2_FILTERED"
"NUM_30042","2024","2024","count","tCard"": ""2024-10-10"", ""examWindow"": ""2024-12-19"", ""result"": ""2026-01-15"" ","Component","frontend\src\data\exams.json","FALLBACK_CONSTANT","INTERNAL_TECHNICAL_OR_SAFE_UI","SAFE","L2_FILTERED"
"NUM_30043","12","12","count",""": ""2024-10-10"", ""examWindow"": ""2024-12-19"", ""result"": ""2026-01-15"" ","Component","frontend\src\data\exams.json","FALLBACK_CONSTANT","INTERNAL_TECHNICAL_OR_SAFE_UI","SAFE","L2_FILTERED"
"NUM_30044","19","19","count","""2024-10-10"", ""examWindow"": ""2024-12-19"", ""result"": ""2026-01-15"" } ","Component","frontend\src\data\exams.json","FALLBACK_CONSTANT","INTERNAL_TECHNICAL_OR_SAFE_UI","SAFE","L2_FILTERED"
"NUM_30045","2026","2026","count","xamWindow"": ""2024-12-19"", ""result"": ""2026-01-15"" } }, { ""id"": ""","Component","frontend\src\data\exams.json","FALLBACK_CONSTANT","HARDCODED_UNVERIFIED","REVIEW","L3_FACTUAL"
"NUM_30046","01","01","count","ndow"": ""2024-12-19"", ""result"": ""2026-01-15"" } }, { ""id"": ""mah","Component","frontend\src\data\exams.json","FALLBACK_CONSTANT","INTERNAL_TECHNICAL_OR_SAFE_UI","SAFE","L2_FILTERED"
"NUM_30047","15","15","count","w"": ""2024-12-19"", ""result"": ""2026-01-15"" } }, { ""id"": ""mah-ce","Component","frontend\src\data\exams.json","FALLBACK_CONSTANT","INTERNAL_TECHNICAL_OR_SAFE_UI","SAFE","L2_FILTERED"
"NUM_30048","2026","2026","count"," ""dates"": { ""notification"": ""2026-01-10"", ""registration"": ""2026-02-12""","Component","frontend\src\data\exams.json","FALLBACK_CONSTANT","HARDCODED_UNVERIFIED","REVIEW","L3_FACTUAL"
"NUM_30051","2026","2026","count","ion"": ""2026-01-10"", ""registration"": ""2026-02-12"", ""admitCard"": ""2026-03-01"", ","Component","frontend\src\data\exams.json","FALLBACK_CONSTANT","HARDCODED_UNVERIFIED","REVIEW","L3_FACTUAL"
"NUM_30054","2026","2026","count","ration"": ""2026-02-12"", ""admitCard"": ""2026-03-01"", ""examWindow"": ""2026-03-09"", ","Component","frontend\src\data\exams.json","FALLBACK_CONSTANT","HARDCODED_UNVERIFIED","REVIEW","L3_FACTUAL"
"NUM_30057","2026","2026","count","tCard"": ""2026-03-01"", ""examWindow"": ""2026-03-09"", ""result"": ""2026-03-30"" ","Component","frontend\src\data\exams.json","FALLBACK_CONSTANT","HARDCODED_UNVERIFIED","REVIEW","L3_FACTUAL"
"NUM_30058","03","03","count",""": ""2026-03-01"", ""examWindow"": ""2026-03-09"", ""result"": ""2026-03-30"" ","Component","frontend\src\data\exams.json","FALLBACK_CONSTANT","INTERNAL_TECHNICAL_OR_SAFE_UI","SAFE","L2_FILTERED"
"NUM_30059","09","09","count","""2026-03-01"", ""examWindow"": ""2026-03-09"", ""result"": ""2026-03-30"" } ","Component","frontend\src\data\exams.json","FALLBACK_CONSTANT","INTERNAL_TECHNICAL_OR_SAFE_UI","SAFE","L2_FILTERED"
"NUM_30060","2026","2026","count","xamWindow"": ""2026-03-09"", ""result"": ""2026-03-30"" } }, { ""id"": ""","Component","frontend\src\data\exams.json","FALLBACK_CONSTANT","HARDCODED_UNVERIFIED","REVIEW","L3_FACTUAL"
"NUM_30061","03","03","count","ndow"": ""2026-03-09"", ""result"": ""2026-03-30"" } }, { ""id"": ""tis","Component","frontend\src\data\exams.json","FALLBACK_CONSTANT","INTERNAL_TECHNICAL_OR_SAFE_UI","SAFE","L2_FILTERED"
"NUM_30062","30","30","count","w"": ""2026-03-09"", ""result"": ""2026-03-30"" } }, { ""id"": ""tissne","Component","frontend\src\data\exams.json","FALLBACK_CONSTANT","INTERNAL_TECHNICAL_OR_SAFE_UI","SAFE","L2_FILTERED"
"NUM_30066","2026","2026","count","ion"": ""2024-12-10"", ""registration"": ""2026-01-20"", ""admitCard"": ""2026-02-15"", ","Component","frontend\src\data\exams.json","FALLBACK_CONSTANT","HARDCODED_UNVERIFIED","REVIEW","L3_FACTUAL"
"NUM_30069","2026","2026","count","ration"": ""2026-01-20"", ""admitCard"": ""2026-02-15"", ""examWindow"": ""2026-02-24"", ","Component","frontend\src\data\exams.json","FALLBACK_CONSTANT","HARDCODED_UNVERIFIED","REVIEW","L3_FACTUAL"
"NUM_30072","2026","2026","count","tCard"": ""2026-02-15"", ""examWindow"": ""2026-02-24"", ""result"": ""2026-03-25"" ","Component","frontend\src\data\exams.json","FALLBACK_CONSTANT","HARDCODED_UNVERIFIED","REVIEW","L3_FACTUAL"
"NUM_30073","02","02","count",""": ""2026-02-15"", ""examWindow"": ""2026-02-24"", ""result"": ""2026-03-25"" ","Component","frontend\src\data\exams.json","FALLBACK_CONSTANT","INTERNAL_TECHNICAL_OR_SAFE_UI","SAFE","L2_FILTERED"
"NUM_30074","24","24","count","""2026-02-15"", ""examWindow"": ""2026-02-24"", ""result"": ""2026-03-25"" } ","Component","frontend\src\data\exams.json","FALLBACK_CONSTANT","INTERNAL_TECHNICAL_OR_SAFE_UI","SAFE","L2_FILTERED"
"NUM_30075","2026","2026","count","xamWindow"": ""2026-02-24"", ""result"": ""2026-03-25"" } }, { ""id"": ""","Component","frontend\src\data\exams.json","FALLBACK_CONSTANT","HARDCODED_UNVERIFIED","REVIEW","L3_FACTUAL"
"NUM_30076","03","03","count","ndow"": ""2026-02-24"", ""result"": ""2026-03-25"" } }, { ""id"": ""iif","Component","frontend\src\data\exams.json","FALLBACK_CONSTANT","INTERNAL_TECHNICAL_OR_SAFE_UI","SAFE","L2_FILTERED"
"NUM_30077","25","25","count","w"": ""2026-02-24"", ""result"": ""2026-03-25"" } }, { ""id"": ""iift"",","Component","frontend\src\data\exams.json","FALLBACK_CONSTANT","INTERNAL_TECHNICAL_OR_SAFE_UI","SAFE","L2_FILTERED"
"NUM_30087","2024","2024","count","tCard"": ""2024-12-05"", ""examWindow"": ""2024-12-18"", ""result"": ""2026-01-10"" ","Component","frontend\src\data\exams.json","FALLBACK_CONSTANT","INTERNAL_TECHNICAL_OR_SAFE_UI","SAFE","L2_FILTERED"
"NUM_30088","12","12","count",""": ""2024-12-05"", ""examWindow"": ""2024-12-18"", ""result"": ""2026-01-10"" ","Component","frontend\src\data\exams.json","FALLBACK_CONSTANT","INTERNAL_TECHNICAL_OR_SAFE_UI","SAFE","L2_FILTERED"
"NUM_30089","18","18","count","""2024-12-05"", ""examWindow"": ""2024-12-18"", ""result"": ""2026-01-10"" } ","Component","frontend\src\data\exams.json","FALLBACK_CONSTANT","INTERNAL_TECHNICAL_OR_SAFE_UI","SAFE","L2_FILTERED"
"NUM_30090","2026","2026","count","xamWindow"": ""2024-12-18"", ""result"": ""2026-01-10"" } }, { ""id"": ""","Component","frontend\src\data\exams.json","FALLBACK_CONSTANT","HARDCODED_UNVERIFIED","REVIEW","L3_FACTUAL"
"NUM_30091","01","01","count","ndow"": ""2024-12-18"", ""result"": ""2026-01-10"" } }, { ""id"": ""mic","Component","frontend\src\data\exams.json","FALLBACK_CONSTANT","INTERNAL_TECHNICAL_OR_SAFE_UI","SAFE","L2_FILTERED"
"NUM_30092","10","10","count","w"": ""2024-12-18"", ""result"": ""2026-01-10"" } }, { ""id"": ""micat""","Component","frontend\src\data\exams.json","FALLBACK_CONSTANT","INTERNAL_TECHNICAL_OR_SAFE_UI","SAFE","L2_FILTERED"
"NUM_30102","2024","2024","count","tCard"": ""2024-11-29"", ""examWindow"": ""2024-12-02"", ""result"": ""2024-12-21"" ","Component","frontend\src\data\exams.json","FALLBACK_CONSTANT","INTERNAL_TECHNICAL_OR_SAFE_UI","SAFE","L2_FILTERED"
"NUM_30103","12","12","count",""": ""2024-11-29"", ""examWindow"": ""2024-12-02"", ""result"": ""2024-12-21"" ","Component","frontend\src\data\exams.json","FALLBACK_CONSTANT","INTERNAL_TECHNICAL_OR_SAFE_UI","SAFE","L2_FILTERED"
"NUM_30104","02","02","count","""2024-11-29"", ""examWindow"": ""2024-12-02"", ""result"": ""2024-12-21"" } ","Component","frontend\src\data\exams.json","FALLBACK_CONSTANT","INTERNAL_TECHNICAL_OR_SAFE_UI","SAFE","L2_FILTERED"
"NUM_30105","2024","2024","count","xamWindow"": ""2024-12-02"", ""result"": ""2024-12-21"" } }, { ""id"": ""","Component","frontend\src\data\exams.json","FALLBACK_CONSTANT","INTERNAL_TECHNICAL_OR_SAFE_UI","SAFE","L2_FILTERED"
"NUM_30106","12","12","count","ndow"": ""2024-12-02"", ""result"": ""2024-12-21"" } }, { ""id"": ""atm","Component","frontend\src\data\exams.json","FALLBACK_CONSTANT","INTERNAL_TECHNICAL_OR_SAFE_UI","SAFE","L2_FILTERED"
"NUM_30107","21","21","count","w"": ""2024-12-02"", ""result"": ""2024-12-21"" } }, { ""id"": ""atma"",","Component","frontend\src\data\exams.json","FALLBACK_CONSTANT","INTERNAL_TECHNICAL_OR_SAFE_UI","SAFE","L2_FILTERED"
"NUM_30111","2026","2026","count","ion"": ""2024-12-25"", ""registration"": ""2026-02-11"", ""admitCard"": ""2025-02-14"", ","Component","frontend\src\data\exams.json","FALLBACK_CONSTANT","HARDCODED_UNVERIFIED","REVIEW","L3_FACTUAL"
"NUM_30117","2025","2025","count","tCard"": ""2025-02-14"", ""examWindow"": ""2025-02-18"", ""result"": ""2025-02-23"" ","Component","frontend\src\data\exams.json","FALLBACK_CONSTANT","INTERNAL_TECHNICAL_OR_SAFE_UI","SAFE","L2_FILTERED"
"NUM_30118","02","02","count",""": ""2025-02-14"", ""examWindow"": ""2025-02-18"", ""result"": ""2025-02-23"" ","Component","frontend\src\data\exams.json","FALLBACK_CONSTANT","INTERNAL_TECHNICAL_OR_SAFE_UI","SAFE","L2_FILTERED"
"NUM_30119","18","18","count","""2025-02-14"", ""examWindow"": ""2025-02-18"", ""result"": ""2025-02-23"" } ","Component","frontend\src\data\exams.json","FALLBACK_CONSTANT","INTERNAL_TECHNICAL_OR_SAFE_UI","SAFE","L2_FILTERED"
"NUM_30120","2025","2025","count","xamWindow"": ""2025-02-18"", ""result"": ""2025-02-23"" } }, { ""id"": ""","Component","frontend\src\data\exams.json","FALLBACK_CONSTANT","INTERNAL_TECHNICAL_OR_SAFE_UI","SAFE","L2_FILTERED"
"NUM_30121","02","02","count","ndow"": ""2025-02-18"", ""result"": ""2025-02-23"" } }, { ""id"": ""kma","Component","frontend\src\data\exams.json","FALLBACK_CONSTANT","INTERNAL_TECHNICAL_OR_SAFE_UI","SAFE","L2_FILTERED"
"NUM_30122","23","23","count","w"": ""2025-02-18"", ""result"": ""2025-02-23"" } }, { ""id"": ""kmat"",","Component","frontend\src\data\exams.json","FALLBACK_CONSTANT","INTERNAL_TECHNICAL_OR_SAFE_UI","SAFE","L2_FILTERED"
"NUM_30132","2025","2025","count","tCard"": ""2025-10-25"", ""examWindow"": ""2025-11-05"", ""result"": ""2025-11-20"" ","Component","frontend\src\data\exams.json","FALLBACK_CONSTANT","INTERNAL_TECHNICAL_OR_SAFE_UI","SAFE","L2_FILTERED"
"NUM_30133","11","11","count",""": ""2025-10-25"", ""examWindow"": ""2025-11-05"", ""result"": ""2025-11-20"" ","Component","frontend\src\data\exams.json","FALLBACK_CONSTANT","INTERNAL_TECHNICAL_OR_SAFE_UI","SAFE","L2_FILTERED"
"NUM_30134","05","05","count","""2025-10-25"", ""examWindow"": ""2025-11-05"", ""result"": ""2025-11-20"" } ","Component","frontend\src\data\exams.json","FALLBACK_CONSTANT","INTERNAL_TECHNICAL_OR_SAFE_UI","SAFE","L2_FILTERED"
"NUM_30135","2025","2025","count","xamWindow"": ""2025-11-05"", ""result"": ""2025-11-20"" } }, { ""id"": ""","Component","frontend\src\data\exams.json","FALLBACK_CONSTANT","INTERNAL_TECHNICAL_OR_SAFE_UI","SAFE","L2_FILTERED"
"NUM_30136","11","11","count","ndow"": ""2025-11-05"", ""result"": ""2025-11-20"" } }, { ""id"": ""ts-","Component","frontend\src\data\exams.json","FALLBACK_CONSTANT","INTERNAL_TECHNICAL_OR_SAFE_UI","SAFE","L2_FILTERED"
"NUM_30137","20","20","count","w"": ""2025-11-05"", ""result"": ""2025-11-20"" } }, { ""id"": ""ts-ice","Component","frontend\src\data\exams.json","FALLBACK_CONSTANT","INTERNAL_TECHNICAL_OR_SAFE_UI","SAFE","L2_FILTERED"
"NUM_30147","2025","2025","count","tCard"": ""2025-05-20"", ""examWindow"": ""2025-05-25"", ""result"": ""2025-06-15"" ","Component","frontend\src\data\exams.json","FALLBACK_CONSTANT","INTERNAL_TECHNICAL_OR_SAFE_UI","SAFE","L2_FILTERED"
"NUM_30148","05","05","count",""": ""2025-05-20"", ""examWindow"": ""2025-05-25"", ""result"": ""2025-06-15"" ","Component","frontend\src\data\exams.json","FALLBACK_CONSTANT","INTERNAL_TECHNICAL_OR_SAFE_UI","SAFE","L2_FILTERED"
"NUM_30149","25","25","count","""2025-05-20"", ""examWindow"": ""2025-05-25"", ""result"": ""2025-06-15"" } ","Component","frontend\src\data\exams.json","FALLBACK_CONSTANT","INTERNAL_TECHNICAL_OR_SAFE_UI","SAFE","L2_FILTERED"
"NUM_30150","2025","2025","count","xamWindow"": ""2025-05-25"", ""result"": ""2025-06-15"" } }, { ""id"": ""","Component","frontend\src\data\exams.json","FALLBACK_CONSTANT","INTERNAL_TECHNICAL_OR_SAFE_UI","SAFE","L2_FILTERED"
"NUM_30151","06","06","count","ndow"": ""2025-05-25"", ""result"": ""2025-06-15"" } }, { ""id"": ""ap-","Component","frontend\src\data\exams.json","FALLBACK_CONSTANT","INTERNAL_TECHNICAL_OR_SAFE_UI","SAFE","L2_FILTERED"
"NUM_30152","15","15","count","w"": ""2025-05-25"", ""result"": ""2025-06-15"" } }, { ""id"": ""ap-ice","Component","frontend\src\data\exams.json","FALLBACK_CONSTANT","INTERNAL_TECHNICAL_OR_SAFE_UI","SAFE","L2_FILTERED"
"NUM_30162","2025","2025","count","tCard"": ""2025-05-15"", ""examWindow"": ""2025-05-20"", ""result"": ""2025-06-10"" ","Component","frontend\src\data\exams.json","FALLBACK_CONSTANT","INTERNAL_TECHNICAL_OR_SAFE_UI","SAFE","L2_FILTERED"
"NUM_30163","05","05","count",""": ""2025-05-15"", ""examWindow"": ""2025-05-20"", ""result"": ""2025-06-10"" ","Component","frontend\src\data\exams.json","FALLBACK_CONSTANT","INTERNAL_TECHNICAL_OR_SAFE_UI","SAFE","L2_FILTERED"
"NUM_30164","20","20","count","""2025-05-15"", ""examWindow"": ""2025-05-20"", ""result"": ""2025-06-10"" } ","Component","frontend\src\data\exams.json","FALLBACK_CONSTANT","INTERNAL_TECHNICAL_OR_SAFE_UI","SAFE","L2_FILTERED"
"NUM_30165","2025","2025","count","xamWindow"": ""2025-05-20"", ""result"": ""2025-06-10"" } }, { ""id"": ""","Component","frontend\src\data\exams.json","FALLBACK_CONSTANT","INTERNAL_TECHNICAL_OR_SAFE_UI","SAFE","L2_FILTERED"
"NUM_30166","06","06","count","ndow"": ""2025-05-20"", ""result"": ""2025-06-10"" } }, { ""id"": ""tan","Component","frontend\src\data\exams.json","FALLBACK_CONSTANT","INTERNAL_TECHNICAL_OR_SAFE_UI","SAFE","L2_FILTERED"
"NUM_30167","10","10","count","w"": ""2025-05-20"", ""result"": ""2025-06-10"" } }, { ""id"": ""tancet","Component","frontend\src\data\exams.json","FALLBACK_CONSTANT","INTERNAL_TECHNICAL_OR_SAFE_UI","SAFE","L2_FILTERED"
"NUM_30177","2025","2025","count","tCard"": ""2025-03-10"", ""examWindow"": ""2025-03-25"", ""result"": ""2025-04-10"" ","Component","frontend\src\data\exams.json","FALLBACK_CONSTANT","INTERNAL_TECHNICAL_OR_SAFE_UI","SAFE","L2_FILTERED"
"NUM_30178","03","03","count",""": ""2025-03-10"", ""examWindow"": ""2025-03-25"", ""result"": ""2025-04-10"" ","Component","frontend\src\data\exams.json","FALLBACK_CONSTANT","INTERNAL_TECHNICAL_OR_SAFE_UI","SAFE","L2_FILTERED"
"NUM_30179","25","25","count","""2025-03-10"", ""examWindow"": ""2025-03-25"", ""result"": ""2025-04-10"" } ","Component","frontend\src\data\exams.json","FALLBACK_CONSTANT","INTERNAL_TECHNICAL_OR_SAFE_UI","SAFE","L2_FILTERED"
"NUM_30180","2025","2025","count","xamWindow"": ""2025-03-25"", ""result"": ""2025-04-10"" } }, { ""id"": ""","Component","frontend\src\data\exams.json","FALLBACK_CONSTANT","INTERNAL_TECHNICAL_OR_SAFE_UI","SAFE","L2_FILTERED"
"NUM_30181","04","04","count","ndow"": ""2025-03-25"", ""result"": ""2025-04-10"" } }, { ""id"": ""gma","Component","frontend\src\data\exams.json","FALLBACK_CONSTANT","INTERNAL_TECHNICAL_OR_SAFE_UI","SAFE","L2_FILTERED"
"NUM_30182","10","10","count","w"": ""2025-03-25"", ""result"": ""2025-04-10"" } }, { ""id"": ""gmat"",","Component","frontend\src\data\exams.json","FALLBACK_CONSTANT","INTERNAL_TECHNICAL_OR_SAFE_UI","SAFE","L2_FILTERED"
"NUM_30192","2024","2024","count","tCard"": ""2024-12-20"", ""examWindow"": ""2024-12-23"", ""result"": ""2024-12-27"" ","Component","frontend\src\data\exams.json","FALLBACK_CONSTANT","INTERNAL_TECHNICAL_OR_SAFE_UI","SAFE","L2_FILTERED"
"NUM_30193","12","12","count",""": ""2024-12-20"", ""examWindow"": ""2024-12-23"", ""result"": ""2024-12-27"" ","Component","frontend\src\data\exams.json","FALLBACK_CONSTANT","INTERNAL_TECHNICAL_OR_SAFE_UI","SAFE","L2_FILTERED"
"NUM_30194","23","23","count","""2024-12-20"", ""examWindow"": ""2024-12-23"", ""result"": ""2024-12-27"" } ","Component","frontend\src\data\exams.json","FALLBACK_CONSTANT","INTERNAL_TECHNICAL_OR_SAFE_UI","SAFE","L2_FILTERED"
"NUM_30195","2024","2024","count","xamWindow"": ""2024-12-23"", ""result"": ""2024-12-27"" } }, { ""id"": ""","Component","frontend\src\data\exams.json","FALLBACK_CONSTANT","INTERNAL_TECHNICAL_OR_SAFE_UI","SAFE","L2_FILTERED"
"NUM_30196","12","12","count","ndow"": ""2024-12-23"", ""result"": ""2024-12-27"" } }, { ""id"": ""srm","Component","frontend\src\data\exams.json","FALLBACK_CONSTANT","INTERNAL_TECHNICAL_OR_SAFE_UI","SAFE","L2_FILTERED"
"NUM_30197","27","27","count","w"": ""2024-12-23"", ""result"": ""2024-12-27"" } }, { ""id"": ""srmjee","Component","frontend\src\data\exams.json","FALLBACK_CONSTANT","INTERNAL_TECHNICAL_OR_SAFE_UI","SAFE","L2_FILTERED"
"NUM_30207","2025","2025","count","tCard"": ""2025-04-20"", ""examWindow"": ""2025-04-25"", ""result"": ""2025-05-01"" ","Component","frontend\src\data\exams.json","FALLBACK_CONSTANT","INTERNAL_TECHNICAL_OR_SAFE_UI","SAFE","L2_FILTERED"
"NUM_30208","04","04","count",""": ""2025-04-20"", ""examWindow"": ""2025-04-25"", ""result"": ""2025-05-01"" ","Component","frontend\src\data\exams.json","FALLBACK_CONSTANT","INTERNAL_TECHNICAL_OR_SAFE_UI","SAFE","L2_FILTERED"
"NUM_30209","25","25","count","""2025-04-20"", ""examWindow"": ""2025-04-25"", ""result"": ""2025-05-01"" } ","Component","frontend\src\data\exams.json","FALLBACK_CONSTANT","INTERNAL_TECHNICAL_OR_SAFE_UI","SAFE","L2_FILTERED"
"NUM_30210","2025","2025","count","xamWindow"": ""2025-04-25"", ""result"": ""2025-05-01"" } }, { ""id"": ""","Component","frontend\src\data\exams.json","FALLBACK_CONSTANT","INTERNAL_TECHNICAL_OR_SAFE_UI","SAFE","L2_FILTERED"
"NUM_30211","05","05","count","ndow"": ""2025-04-25"", ""result"": ""2025-05-01"" } }, { ""id"": ""oje","Component","frontend\src\data\exams.json","FALLBACK_CONSTANT","INTERNAL_TECHNICAL_OR_SAFE_UI","SAFE","L2_FILTERED"
"NUM_30212","01","01","count","w"": ""2025-04-25"", ""result"": ""2025-05-01"" } }, { ""id"": ""ojee"",","Component","frontend\src\data\exams.json","FALLBACK_CONSTANT","INTERNAL_TECHNICAL_OR_SAFE_UI","SAFE","L2_FILTERED"
"NUM_30222","2025","2025","count","tCard"": ""2025-04-20"", ""examWindow"": ""2025-05-08"", ""result"": ""2025-06-02"" ","Component","frontend\src\data\exams.json","FALLBACK_CONSTANT","INTERNAL_TECHNICAL_OR_SAFE_UI","SAFE","L2_FILTERED"
"NUM_30223","05","05","count",""": ""2025-04-20"", ""examWindow"": ""2025-05-08"", ""result"": ""2025-06-02"" ","Component","frontend\src\data\exams.json","FALLBACK_CONSTANT","INTERNAL_TECHNICAL_OR_SAFE_UI","SAFE","L2_FILTERED"
"NUM_30224","08","08","count","""2025-04-20"", ""examWindow"": ""2025-05-08"", ""result"": ""2025-06-02"" } ","Component","frontend\src\data\exams.json","FALLBACK_CONSTANT","INTERNAL_TECHNICAL_OR_SAFE_UI","SAFE","L2_FILTERED"
"NUM_30225","2025","2025","count","xamWindow"": ""2025-05-08"", ""result"": ""2025-06-02"" } } ]","Component","frontend\src\data\exams.json","FALLBACK_CONSTANT","INTERNAL_TECHNICAL_OR_SAFE_UI","SAFE","L2_FILTERED"
"NUM_30226","06","06","count","ndow"": ""2025-05-08"", ""result"": ""2025-06-02"" } } ]","Component","frontend\src\data\exams.json","FALLBACK_CONSTANT","INTERNAL_TECHNICAL_OR_SAFE_UI","SAFE","L2_FILTERED"
"NUM_30227","02","02","count","w"": ""2025-05-08"", ""result"": ""2025-06-02"" } } ]","Component","frontend\src\data\exams.json","FALLBACK_CONSTANT","INTERNAL_TECHNICAL_OR_SAFE_UI","SAFE","L2_FILTERED"
"NUM_30228","2026","2026","count","{ ""timestamp"": ""2026-04-05T09:53:29.945Z"", ""overall"": { ""totalCo","Component","frontend\src\data\metadata_pulse.json","FALLBACK_CONSTANT","INTERNAL_TECHNICAL_OR_SAFE_UI","SAFE","L2_FILTERED"
"NUM_30229","04","04","count","{ ""timestamp"": ""2026-04-05T09:53:29.945Z"", ""overall"": { ""totalColle","Component","frontend\src\data\metadata_pulse.json","FALLBACK_CONSTANT","INTERNAL_TECHNICAL_OR_SAFE_UI","SAFE","L2_FILTERED"
"NUM_30230","05","05","count","{ ""timestamp"": ""2026-04-05T09:53:29.945Z"", ""overall"": { ""totalColleges","Component","frontend\src\data\metadata_pulse.json","FALLBACK_CONSTANT","INTERNAL_TECHNICAL_OR_SAFE_UI","SAFE","L2_FILTERED"
"NUM_30231","09","09","count","{ ""timestamp"": ""2026-04-05T09:53:29.945Z"", ""overall"": { ""totalColleges"": ","Component","frontend\src\data\metadata_pulse.json","FALLBACK_CONSTANT","INTERNAL_TECHNICAL_OR_SAFE_UI","SAFE","L2_FILTERED"
"NUM_30232","53","53","count","{ ""timestamp"": ""2026-04-05T09:53:29.945Z"", ""overall"": { ""totalColleges"": 671","Component","frontend\src\data\metadata_pulse.json","FALLBACK_CONSTANT","INTERNAL_TECHNICAL_OR_SAFE_UI","SAFE","L2_FILTERED"
"NUM_30233","29.945","29.945","count","{ ""timestamp"": ""2026-04-05T09:53:29.945Z"", ""overall"": { ""totalColleges"": 67149, ","Component","frontend\src\data\metadata_pulse.json","FALLBACK_CONSTANT","INTERNAL_TECHNICAL_OR_SAFE_UI","SAFE","L2_FILTERED"
"NUM_30234","67149,","67149","count",":53:29.945Z"", ""overall"": { ""totalColleges"": 67149, ""verifiedSeats"": 4541, ""coursesListed"": 3","Component","frontend\src\data\metadata_pulse.json","FALLBACK_CONSTANT","HARDCODED_UNVERIFIED","REVIEW","L3_FACTUAL"
"NUM_30235","4541,","4541","count"," ""totalColleges"": 67149, ""verifiedSeats"": 4541, ""coursesListed"": 3413, ""cutoffsTracked"": ","Component","frontend\src\data\metadata_pulse.json","FALLBACK_CONSTANT","HARDCODED_UNVERIFIED","REVIEW","L3_FACTUAL"
"NUM_30240","2798,","2798","count","12, ""feeStructures"": 67149, ""nirfRanked"": 2798, ""websitesVerified"": 46862, ""gpsMapped"": 6","Component","frontend\src\data\metadata_pulse.json","FALLBACK_CONSTANT","HARDCODED_UNVERIFIED","REVIEW","L3_FACTUAL"
"NUM_30241","46862,","46862","count",", ""nirfRanked"": 2798, ""websitesVerified"": 46862, ""gpsMapped"": 67149 }, ""percentages"": { ","Component","frontend\src\data\metadata_pulse.json","FALLBACK_CONSTANT","HARDCODED_UNVERIFIED","REVIEW","L3_FACTUAL"
"NUM_30242","67149","67149","count",", ""websitesVerified"": 46862, ""gpsMapped"": 67149 }, ""percentages"": { ""verifiedSeats"": ""6.8","Component","frontend\src\data\metadata_pulse.json","FALLBACK_CONSTANT","HARDCODED_UNVERIFIED","REVIEW","L3_FACTUAL"
"NUM_30243","6.8","6.8","count","149 }, ""percentages"": { ""verifiedSeats"": ""6.8"", ""coursesListed"": ""5.1"", ""cutoffsTracked","Component","frontend\src\data\metadata_pulse.json","FALLBACK_CONSTANT","HARDCODED_UNVERIFIED","REVIEW","L3_FACTUAL"
"NUM_30248","4.2","4.2","count"," ""feeStructures"": ""100.0"", ""nirfRanked"": ""4.2"", ""websitesVerified"": ""69.8"", ""gpsMapped""","Component","frontend\src\data\metadata_pulse.json","FALLBACK_CONSTANT","HARDCODED_UNVERIFIED","REVIEW","L3_FACTUAL"
"NUM_30249","69.8","69.8","count"," ""nirfRanked"": ""4.2"", ""websitesVerified"": ""69.8"", ""gpsMapped"": ""100.0"" } }","Component","frontend\src\data\metadata_pulse.json","FALLBACK_CONSTANT","HARDCODED_UNVERIFIED","REVIEW","L3_FACTUAL"
"NUM_30252","0","0","count"," if (!isHydrated || pinnedIds.length === 0) { setPinnedColleges([]); ","Component","frontend\src\hooks\useComparator.jsx","FALLBACK_CONSTANT","INTERNAL_TECHNICAL_OR_SAFE_UI","SAFE","L2_FILTERED"
"NUM_30253","3","3","count","turn; } if (pinnedIds.length >= 3) { addToast(""The comparison list is ","Component","frontend\src\hooks\useComparator.jsx","FALLBACK_CONSTANT","INTERNAL_TECHNICAL_OR_SAFE_UI","SAFE","L2_FILTERED"
"NUM_30255","0.15","0.15","count"," } }); }, { threshold: 0.15 } ); nodes.forEach((n) => io.observe(","Component","frontend\src\hooks\useScrollReveal.js","COMPUTED_FRONTEND","INTERNAL_TECHNICAL_OR_SAFE_UI","SAFE","L2_FILTERED"
"NUM_30259","20000,","20000","count"," = axios.create({ baseURL: API_BASE, timeout: 20000, withCredentials: true, }); // Interceptor Laye","Component","frontend\src\lib\api.js","COMPUTED_FRONTEND","INTERNAL_TECHNICAL_OR_SAFE_UI","SAFE","L2_FILTERED"
"NUM_30260","500","500","count"," if ((error.code === 'ECONNABORTED' || status === 500) && !config._retry) { config._retry = true;","Component","frontend\src\lib\api.js","FALLBACK_CONSTANT","INTERNAL_TECHNICAL_OR_SAFE_UI","SAFE","L2_FILTERED"
"NUM_30262","403","403","count","Please sign in again.""; } else if (status === 403) { title = ""Access Restricted""; message = ""No per","Component","frontend\src\lib\api.js","FALLBACK_CONSTANT","INTERNAL_TECHNICAL_OR_SAFE_UI","SAFE","L2_FILTERED"
"NUM_30263","404","404","count","age = ""No permission.""; } else if (status === 404) { title = ""Resource Missing""; message = ""Intelli","Component","frontend\src\lib\api.js","FALLBACK_CONSTANT","INTERNAL_TECHNICAL_OR_SAFE_UI","SAFE","L2_FILTERED"
"NUM_30264","500","500","count","telligence not found.""; } else if (status === 500) { title = ""Core Failure""; message = ""Backend err","Component","frontend\src\lib\api.js","FALLBACK_CONSTANT","INTERNAL_TECHNICAL_OR_SAFE_UI","SAFE","L2_FILTERED"
"NUM_30265","0","0","count","CollegesBatch(ids) { if (!ids || ids.length === 0) return []; const { data } = await api.post(""/a","Component","frontend\src\lib\api.js","COMPUTED_FRONTEND","INTERNAL_TECHNICAL_OR_SAFE_UI","SAFE","L2_FILTERED"
"NUM_30268","6","6","count"," return ""Password should be at least 6 characters.""; case ""auth/user-not-found""","Component","frontend\src\lib\AuthContext.js","FALLBACK_CONSTANT","INTERNAL_TECHNICAL_OR_SAFE_UI","SAFE","L2_FILTERED"
"NUM_30269","2026,","2026","count","scoring and audit cycle ACTIVE_SCORING_CYCLE: 2026, // [INTERNAL] Default display year for t","Component","frontend\src\lib\ceiNumberConfig.js","FALLBACK_CONSTANT","INTERNAL_TECHNICAL_OR_SAFE_UI","SAFE","L2_FILTERED"
"NUM_30270","2024,","2024","count","or truth-table availability TRUTH_TABLE_YEAR: 2024, // [METHODOLOGY] Thresholds for anomaly ","Component","frontend\src\lib\ceiNumberConfig.js","FALLBACK_CONSTANT","INTERNAL_TECHNICAL_OR_SAFE_UI","SAFE","L2_FILTERED"
"NUM_30271","70,","70","count","y INTEGRITY_SCORE_THRESHOLDS: { HIGH: 70, MEDIUM: 35 }, // [METHODOLOGY] W","Component","frontend\src\lib\ceiNumberConfig.js","API_DERIVED","API_DERIVED_UNVERIFIED","SAFE","L3_FACTUAL"
"NUM_30272","35","35","count","E_THRESHOLDS: { HIGH: 70, MEDIUM: 35 }, // [METHODOLOGY] Weights for narrativ","Component","frontend\src\lib\ceiNumberConfig.js","COMPUTED_FRONTEND","INTERNAL_TECHNICAL_OR_SAFE_UI","SAFE","L2_FILTERED"
"NUM_30274","0.3","0.3","count","{ QUANTITATIVE: 0.7, QUALITATIVE: 0.3 }, // [DISPLAY] Tier labels for institut","Component","frontend\src\lib\ceiNumberConfig.js","COMPUTED_FRONTEND","INTERNAL_TECHNICAL_OR_SAFE_UI","SAFE","L2_FILTERED"
"NUM_30275","1","1","count","itutional ranking TIER_LABELS: { TIER_1: ""Tier 1"", TIER_2: ""Tier 2"", TIER","Component","frontend\src\lib\ceiNumberConfig.js","FALLBACK_CONSTANT","INTERNAL_TECHNICAL_OR_SAFE_UI","SAFE","L2_FILTERED"
"NUM_30276","1","1","count"," ranking TIER_LABELS: { TIER_1: ""Tier 1"", TIER_2: ""Tier 2"", TIER_3: ""Tier","Component","frontend\src\lib\ceiNumberConfig.js","FALLBACK_CONSTANT","HARDCODED_UNVERIFIED","REVIEW","L3_FACTUAL"
"NUM_30279","3","3","count"," ""Tier 1"", TIER_2: ""Tier 2"", TIER_3: ""Tier 3"" } }; /** * Metadata Notes: * - A","Component","frontend\src\lib\ceiNumberConfig.js","FALLBACK_CONSTANT","INTERNAL_TECHNICAL_OR_SAFE_UI","SAFE","L2_FILTERED"
"NUM_30280","3","3","count",", TIER_2: ""Tier 2"", TIER_3: ""Tier 3"" } }; /** * Metadata Notes: * - ACTIVE_SCO","Component","frontend\src\lib\ceiNumberConfig.js","FALLBACK_CONSTANT","INTERNAL_TECHNICAL_OR_SAFE_UI","SAFE","L2_FILTERED"
"NUM_30281","70","70","count"," * - SENTIMENT_WEIGHTS: Internal CEI methodology (70/30) for blended score results. */ ","Component","frontend\src\lib\ceiNumberConfig.js","FALLBACK_CONSTANT","INTERNAL_TECHNICAL_OR_SAFE_UI","SAFE","L2_FILTERED"
"NUM_30282","30","30","count","- SENTIMENT_WEIGHTS: Internal CEI methodology (70/30) for blended score results. */ ","Component","frontend\src\lib\ceiNumberConfig.js","FALLBACK_CONSTANT","INTERNAL_TECHNICAL_OR_SAFE_UI","SAFE","L2_FILTERED"
"NUM_30285","10","10","count","ct(new Error(""Firestore initialization timed out (10s)"")); }, 10000); try { ","Component","frontend\src\lib\firestore.js","FALLBACK_CONSTANT","INTERNAL_TECHNICAL_OR_SAFE_UI","SAFE","L2_FILTERED"
"NUM_30286","10000","10000","count","re initialization timed out (10s)"")); }, 10000); try { const [{ initiali","Component","frontend\src\lib\firestore.js","FALLBACK_CONSTANT","INTERNAL_TECHNICAL_OR_SAFE_UI","SAFE","L2_FILTERED"
"NUM_30289","0","0","count","t hasLocalData = localFavorites.colleges.length > 0 || localFavorites.exams.length > 0; if (ha","Component","frontend\src\lib\firestore.js","FALLBACK_CONSTANT","INTERNAL_TECHNICAL_OR_SAFE_UI","SAFE","L2_FILTERED"
"NUM_30290","0","0","count","leges.length > 0 || localFavorites.exams.length > 0; if (hasLocalData) { const { doc,","Component","frontend\src\lib\firestore.js","FALLBACK_CONSTANT","INTERNAL_TECHNICAL_OR_SAFE_UI","SAFE","L2_FILTERED"
"NUM_30291","0","0","count","{}; if (localFavorites.colleges.length > 0) { batch.favoriteColleges = arrayUni","Component","frontend\src\lib\firestore.js","COMPUTED_FRONTEND","INTERNAL_TECHNICAL_OR_SAFE_UI","SAFE","L2_FILTERED"
"NUM_30292","0","0","count"," } if (localFavorites.exams.length > 0) { batch.favoriteExams = arrayUnion(","Component","frontend\src\lib\firestore.js","FALLBACK_CONSTANT","INTERNAL_TECHNICAL_OR_SAFE_UI","SAFE","L2_FILTERED"
"NUM_30293","0","0","count","ege.pastCutoffs || college.pastCutoffs.length === 0) return null; // Find relevant cutoff ","Component","frontend\src\lib\ScoreContext.js","FALLBACK_CONSTANT","INTERNAL_TECHNICAL_OR_SAFE_UI","SAFE","L2_FILTERED"
"NUM_30294","20","20","count"," const examName = cutoffData.examId.replace(/20\d\d/g, '').trim().toUpperCase(); con","Component","frontend\src\lib\ScoreContext.js","FALLBACK_CONSTANT","INTERNAL_TECHNICAL_OR_SAFE_UI","SAFE","L2_FILTERED"
"NUM_30295","95.5","95.5","count","rcentile = parseFloat(scores[examName]); // e.g. ""95.5"" if (!isNaN(userPercentile)) { ","Component","frontend\src\lib\ScoreContext.js","FALLBACK_CONSTANT","HARDCODED_UNVERIFIED","REVIEW","L3_FACTUAL"
"NUM_30296","90","90","count"," // Parse cutoff string (e.g. ""General: 90"" or just ""90"") // Simple parser:","Component","frontend\src\lib\ScoreContext.js","FALLBACK_CONSTANT","INTERNAL_TECHNICAL_OR_SAFE_UI","SAFE","L2_FILTERED"
"NUM_30297","90","90","count"," Parse cutoff string (e.g. ""General: 90"" or just ""90"") // Simple parser: extract firs","Component","frontend\src\lib\ScoreContext.js","FALLBACK_CONSTANT","INTERNAL_TECHNICAL_OR_SAFE_UI","SAFE","L2_FILTERED"
"NUM_30299","2","2","count"," if (userPercentile >= cutoffVal + 2) { status = ""Safe 🛡️""; ","Component","frontend\src\lib\ScoreContext.js","FALLBACK_CONSTANT","INTERNAL_TECHNICAL_OR_SAFE_UI","SAFE","L2_FILTERED"
"NUM_30300","5","5","count"," } else if (userPercentile >= cutoffVal - 5) { status = ""Target 🎯"";","Component","frontend\src\lib\ScoreContext.js","FALLBACK_CONSTANT","INTERNAL_TECHNICAL_OR_SAFE_UI","SAFE","L2_FILTERED"
"NUM_30309","0.1","0.1","count","isVisible] = useIntersectionObserver({ threshold: 0.1 }); * return <div ref={ref} className={isVisibl","Component","frontend\src\lib\useIntersectionObserver.js","COMPUTED_FRONTEND","INTERNAL_TECHNICAL_OR_SAFE_UI","SAFE","L2_FILTERED"
"NUM_30325","2025","2025","count","ings from exams.json * Example inputs: ""Nov-Dec 2025"", ""May 2026 (Last Sunday)"", ""Feb 2026 / May 2026""","Component","frontend\src\utils\dateParser.js","FALLBACK_CONSTANT","INTERNAL_TECHNICAL_OR_SAFE_UI","SAFE","L2_FILTERED"
"NUM_30326","2026","2026","count","ams.json * Example inputs: ""Nov-Dec 2025"", ""May 2026 (Last Sunday)"", ""Feb 2026 / May 2026"" */ exp","Component","frontend\src\utils\dateParser.js","FALLBACK_CONSTANT","INTERNAL_TECHNICAL_OR_SAFE_UI","SAFE","L2_FILTERED"
"NUM_30327","2026","2026","count","s: ""Nov-Dec 2025"", ""May 2026 (Last Sunday)"", ""Feb 2026 / May 2026"" */ export const parseExamDate = ","Component","frontend\src\utils\dateParser.js","FALLBACK_CONSTANT","INTERNAL_TECHNICAL_OR_SAFE_UI","SAFE","L2_FILTERED"
"NUM_30328","2026","2026","count"," 2025"", ""May 2026 (Last Sunday)"", ""Feb 2026 / May 2026"" */ export const parseExamDate = (dateString","Component","frontend\src\utils\dateParser.js","FALLBACK_CONSTANT","INTERNAL_TECHNICAL_OR_SAFE_UI","SAFE","L2_FILTERED"
"NUM_30329","0,","0","count","urn null; const months = { ""jan"": 0, ""feb"": 1, ""mar"": 2, ""apr"": 3, ""may"": 4, ""jun"": 5,","Component","frontend\src\utils\dateParser.js","FALLBACK_CONSTANT","INTERNAL_TECHNICAL_OR_SAFE_UI","SAFE","L2_FILTERED"
"NUM_30330","1,","1","count"," const months = { ""jan"": 0, ""feb"": 1, ""mar"": 2, ""apr"": 3, ""may"": 4, ""jun"": 5, ","Component","frontend\src\utils\dateParser.js","FALLBACK_CONSTANT","INTERNAL_TECHNICAL_OR_SAFE_UI","SAFE","L2_FILTERED"
"NUM_30331","2,","2","count","st months = { ""jan"": 0, ""feb"": 1, ""mar"": 2, ""apr"": 3, ""may"": 4, ""jun"": 5, ""jul"": 6, ","Component","frontend\src\utils\dateParser.js","FALLBACK_CONSTANT","INTERNAL_TECHNICAL_OR_SAFE_UI","SAFE","L2_FILTERED"
"NUM_30353","4","4","count","(.*\)/, """").trim(); // Extract year (first 4 digit number found) const yearMatch = cleanS","Component","frontend\src\utils\dateParser.js","FALLBACK_CONSTANT","INTERNAL_TECHNICAL_OR_SAFE_UI","SAFE","L2_FILTERED"
"NUM_30354","4","4","count"," found) const yearMatch = cleanStr.match(/\d{4}/); const year = yearMatch ? parseInt(yearMa","Component","frontend\src\utils\dateParser.js","COMPUTED_FRONTEND","INTERNAL_TECHNICAL_OR_SAFE_UI","SAFE","L2_FILTERED"
"NUM_30357","1","1","count","ng // Extract month let monthIndex = -1; for (const [key, val] of Object.entries(mon","Component","frontend\src\utils\dateParser.js","FALLBACK_CONSTANT","INTERNAL_TECHNICAL_OR_SAFE_UI","SAFE","L2_FILTERED"
"NUM_30358","1","1","count","ult to future if unknown if (monthIndex === -1) monthIndex = 0; // Create a rough Date ob","Component","frontend\src\utils\dateParser.js","FALLBACK_CONSTANT","INTERNAL_TECHNICAL_OR_SAFE_UI","SAFE","L2_FILTERED"
"NUM_30359","0","0","count"," unknown if (monthIndex === -1) monthIndex = 0; // Create a rough Date object for sorting","Component","frontend\src\utils\dateParser.js","FALLBACK_CONSTANT","INTERNAL_TECHNICAL_OR_SAFE_UI","SAFE","L2_FILTERED"
"NUM_30360","1","1","count"," const estimatedDate = new Date(year, monthIndex, 1); const now = new Date(); // Status L","Component","frontend\src\utils\dateParser.js","FALLBACK_CONSTANT","INTERNAL_TECHNICAL_OR_SAFE_UI","SAFE","L2_FILTERED"
"NUM_30361","30","30","count","onst isUrgent = !isPast && (estimatedDate - now < 30 * 24 * 60 * 60 * 1000); // Less than 30 days ","Component","frontend\src\utils\dateParser.js","FALLBACK_CONSTANT","INTERNAL_TECHNICAL_OR_SAFE_UI","SAFE","L2_FILTERED"
"NUM_30362","24","24","count","isUrgent = !isPast && (estimatedDate - now < 30 * 24 * 60 * 60 * 1000); // Less than 30 days re","Component","frontend\src\utils\dateParser.js","FALLBACK_CONSTANT","INTERNAL_TECHNICAL_OR_SAFE_UI","SAFE","L2_FILTERED"
"NUM_30363","60","60","count","ent = !isPast && (estimatedDate - now < 30 * 24 * 60 * 60 * 1000); // Less than 30 days return ","Component","frontend\src\utils\dateParser.js","FALLBACK_CONSTANT","INTERNAL_TECHNICAL_OR_SAFE_UI","SAFE","L2_FILTERED"
"NUM_30364","60","60","count"," !isPast && (estimatedDate - now < 30 * 24 * 60 * 60 * 1000); // Less than 30 days return { ","Component","frontend\src\utils\dateParser.js","FALLBACK_CONSTANT","INTERNAL_TECHNICAL_OR_SAFE_UI","SAFE","L2_FILTERED"
"NUM_30365","1000","1000","count","ast && (estimatedDate - now < 30 * 24 * 60 * 60 * 1000); // Less than 30 days return { o","Component","frontend\src\utils\dateParser.js","FALLBACK_CONSTANT","INTERNAL_TECHNICAL_OR_SAFE_UI","SAFE","L2_FILTERED"
"NUM_30366","30","30","count","e - now < 30 * 24 * 60 * 60 * 1000); // Less than 30 days return { original: dateStrin","Component","frontend\src\utils\dateParser.js","FALLBACK_CONSTANT","INTERNAL_TECHNICAL_OR_SAFE_UI","SAFE","L2_FILTERED"
"NUM_30368","0","0","count","ain here. */ const CMAT_VIDS = [ { id: ""0Sqzw8_JRMg"", title: ""Comprehensive CMAT 2026 Guide","Component","frontend\src\utils\resourceRegistry.js","FALLBACK_CONSTANT","INTERNAL_TECHNICAL_OR_SAFE_UI","SAFE","L2_FILTERED"
"NUM_30369","8","8","count","ere. */ const CMAT_VIDS = [ { id: ""0Sqzw8_JRMg"", title: ""Comprehensive CMAT 2026 Guide"", ch","Component","frontend\src\utils\resourceRegistry.js","FALLBACK_CONSTANT","INTERNAL_TECHNICAL_OR_SAFE_UI","SAFE","L2_FILTERED"
"NUM_30379","8","8","count","18:20"" } ]; const CAT_VIDS = [ { id: ""hJq8i_HjQwY"", title: ""CAT 2025 Complete Syllabus & Str","Component","frontend\src\utils\resourceRegistry.js","FALLBACK_CONSTANT","INTERNAL_TECHNICAL_OR_SAFE_UI","SAFE","L2_FILTERED"
"NUM_30380","2025","2025","count","AT_VIDS = [ { id: ""hJq8i_HjQwY"", title: ""CAT 2025 Complete Syllabus & Strategy"", channel: ""Career L","Component","frontend\src\utils\resourceRegistry.js","FALLBACK_CONSTANT","INTERNAL_TECHNICAL_OR_SAFE_UI","SAFE","L2_FILTERED"
"NUM_30428","2024","2024","count","T_VIDS), papers: [ { year: ""2024"", name: ""CMAT 2024 Official (Direct)"", url: ""/pap","Component","frontend\src\utils\resourceRegistry.js","FALLBACK_CONSTANT","INTERNAL_TECHNICAL_OR_SAFE_UI","SAFE","L2_FILTERED"
"NUM_30429","2024","2024","count","apers: [ { year: ""2024"", name: ""CMAT 2024 Official (Direct)"", url: ""/papers/cmat_2024.pdf"",","Component","frontend\src\utils\resourceRegistry.js","FALLBACK_CONSTANT","INTERNAL_TECHNICAL_OR_SAFE_UI","SAFE","L2_FILTERED"
"NUM_30430","2024.","2024.","count","""CMAT 2024 Official (Direct)"", url: ""/papers/cmat_2024.pdf"", isDirect: true }, { year: ""2023","Component","frontend\src\utils\resourceRegistry.js","FALLBACK_CONSTANT","INTERNAL_TECHNICAL_OR_SAFE_UI","SAFE","L2_FILTERED"
"NUM_30431","2023","2023","count","024.pdf"", isDirect: true }, { year: ""2023"", name: ""CMAT 2023 Solved (Direct)"", url: ""/paper","Component","frontend\src\utils\resourceRegistry.js","FALLBACK_CONSTANT","INTERNAL_TECHNICAL_OR_SAFE_UI","SAFE","L2_FILTERED"
"NUM_30432","2023","2023","count"," true }, { year: ""2023"", name: ""CMAT 2023 Solved (Direct)"", url: ""/papers/cmat_2023.pdf"", i","Component","frontend\src\utils\resourceRegistry.js","FALLBACK_CONSTANT","INTERNAL_TECHNICAL_OR_SAFE_UI","SAFE","L2_FILTERED"
"NUM_30433","2023.","2023.","count",": ""CMAT 2023 Solved (Direct)"", url: ""/papers/cmat_2023.pdf"", isDirect: true }, { year: ""2022","Component","frontend\src\utils\resourceRegistry.js","FALLBACK_CONSTANT","INTERNAL_TECHNICAL_OR_SAFE_UI","SAFE","L2_FILTERED"
"NUM_30434","2022","2022","count","023.pdf"", isDirect: true }, { year: ""2022"", name: ""CMAT 2022 Slot 1 (Direct)"", url: ""/paper","Component","frontend\src\utils\resourceRegistry.js","FALLBACK_CONSTANT","INTERNAL_TECHNICAL_OR_SAFE_UI","SAFE","L2_FILTERED"
"NUM_30435","2022","2022","count"," true }, { year: ""2022"", name: ""CMAT 2022 Slot 1 (Direct)"", url: ""/papers/cmat_2022.pdf"", i","Component","frontend\src\utils\resourceRegistry.js","FALLBACK_CONSTANT","INTERNAL_TECHNICAL_OR_SAFE_UI","SAFE","L2_FILTERED"
"NUM_30436","1","1","count"," { year: ""2022"", name: ""CMAT 2022 Slot 1 (Direct)"", url: ""/papers/cmat_2022.pdf"", isDirect","Component","frontend\src\utils\resourceRegistry.js","FALLBACK_CONSTANT","INTERNAL_TECHNICAL_OR_SAFE_UI","SAFE","L2_FILTERED"
"NUM_30437","2022.","2022.","count",": ""CMAT 2022 Slot 1 (Direct)"", url: ""/papers/cmat_2022.pdf"", isDirect: true } ] }, cat","Component","frontend\src\utils\resourceRegistry.js","FALLBACK_CONSTANT","INTERNAL_TECHNICAL_OR_SAFE_UI","SAFE","L2_FILTERED"
"NUM_30438","2023","2023","count","T_VIDS), papers: [ { year: ""2023"", name: ""CAT 2023 Slot 1 (Direct)"", url: ""/papers","Component","frontend\src\utils\resourceRegistry.js","FALLBACK_CONSTANT","INTERNAL_TECHNICAL_OR_SAFE_UI","SAFE","L2_FILTERED"
"NUM_30439","2023","2023","count","papers: [ { year: ""2023"", name: ""CAT 2023 Slot 1 (Direct)"", url: ""/papers/cat_2023.pdf"", is","Component","frontend\src\utils\resourceRegistry.js","FALLBACK_CONSTANT","INTERNAL_TECHNICAL_OR_SAFE_UI","SAFE","L2_FILTERED"
"NUM_30440","1","1","count"," { year: ""2023"", name: ""CAT 2023 Slot 1 (Direct)"", url: ""/papers/cat_2023.pdf"", isDirect:","Component","frontend\src\utils\resourceRegistry.js","FALLBACK_CONSTANT","INTERNAL_TECHNICAL_OR_SAFE_UI","SAFE","L2_FILTERED"
"NUM_30441","2023.","2023.","count","me: ""CAT 2023 Slot 1 (Direct)"", url: ""/papers/cat_2023.pdf"", isDirect: true }, { year: ""2022","Component","frontend\src\utils\resourceRegistry.js","FALLBACK_CONSTANT","INTERNAL_TECHNICAL_OR_SAFE_UI","SAFE","L2_FILTERED"
"NUM_30442","2022","2022","count","023.pdf"", isDirect: true }, { year: ""2022"", name: ""CAT 2022 Archive (Direct)"", url: ""/paper","Component","frontend\src\utils\resourceRegistry.js","FALLBACK_CONSTANT","INTERNAL_TECHNICAL_OR_SAFE_UI","SAFE","L2_FILTERED"
"NUM_30443","2022","2022","count",": true }, { year: ""2022"", name: ""CAT 2022 Archive (Direct)"", url: ""/papers/cat_2022.pdf"", i","Component","frontend\src\utils\resourceRegistry.js","FALLBACK_CONSTANT","INTERNAL_TECHNICAL_OR_SAFE_UI","SAFE","L2_FILTERED"
"NUM_30444","2022.","2022.","count","e: ""CAT 2022 Archive (Direct)"", url: ""/papers/cat_2022.pdf"", isDirect: true } ] }, jee","Component","frontend\src\utils\resourceRegistry.js","FALLBACK_CONSTANT","INTERNAL_TECHNICAL_OR_SAFE_UI","SAFE","L2_FILTERED"
"NUM_30445","2024","2024","count","E_VIDS), papers: [ { year: ""2024"", name: ""JEE Main 2024 (Direct)"", url: ""/papers/j","Component","frontend\src\utils\resourceRegistry.js","FALLBACK_CONSTANT","HARDCODED_UNVERIFIED","REVIEW","L3_FACTUAL"
"NUM_30446","2024","2024","count","s: [ { year: ""2024"", name: ""JEE Main 2024 (Direct)"", url: ""/papers/jee_2024.pdf"", isDirect:","Component","frontend\src\utils\resourceRegistry.js","FALLBACK_CONSTANT","HARDCODED_UNVERIFIED","REVIEW","L3_FACTUAL"
"NUM_30448","2024","2024","count","E_VIDS), papers: [ { year: ""2024"", name: ""GATE 2024 Official (Direct)"", url: ""/pap","Component","frontend\src\utils\resourceRegistry.js","FALLBACK_CONSTANT","INTERNAL_TECHNICAL_OR_SAFE_UI","SAFE","L2_FILTERED"
"NUM_30449","2024","2024","count","apers: [ { year: ""2024"", name: ""GATE 2024 Official (Direct)"", url: ""/papers/gate_2024.pdf"",","Component","frontend\src\utils\resourceRegistry.js","FALLBACK_CONSTANT","INTERNAL_TECHNICAL_OR_SAFE_UI","SAFE","L2_FILTERED"
"NUM_30450","2024.","2024.","count","""GATE 2024 Official (Direct)"", url: ""/papers/gate_2024.pdf"", isDirect: true } ] } }; ","Component","frontend\src\utils\resourceRegistry.js","FALLBACK_CONSTANT","INTERNAL_TECHNICAL_OR_SAFE_UI","SAFE","L2_FILTERED"