college_id,college_name,section,section_rendered,value_count,source_name_visible,source_url_visible,source_type_visible,officiality_visible,extracted_at_visible,academic_year_visible,freshness_visible,stale_status,api_has_provenance,db_has_provenance,frontend_gap,backend_gap,risk_level,recommended_fix,provenance_status,freshness_status
"CORE-CORE-IIIT-CHITTOOR","CORE IIIT CHITTOOR","seats","true","6","Central Seat Allocation Board (CSAB)","N/A","N/A","N/A","2026-04-16T20:05:15.101Z","N/A","YES","N/A","true","","","","REVIEW","Convert string source to object {title, url, type}","VISIBLE_PARTIAL_STRING","VISIBLE_FRESH"
"CORE-CORE-IIIT-CHITTOOR","CORE IIIT CHITTOOR","cutoffs","","","N/A","N/A","N/A","N/A","N/A","N/A","N/A","N/A","","","","","SAFE","None","NOT_APPLICABLE","NOT_APPLICABLE"
"CORE-CORE-IIIT-CHITTOOR","CORE IIIT CHITTOOR","fees","","","N/A","N/A","N/A","N/A","N/A","N/A","N/A","N/A","","","","","SAFE","None","NOT_APPLICABLE","NOT_APPLICABLE"
"CORE-CORE-IIIT-CHITTOOR","CORE IIIT CHITTOOR","placements","","","N/A","N/A","N/A","N/A","N/A","N/A","N/A","N/A","","","","","SAFE","None","NOT_APPLICABLE","NOT_APPLICABLE"
"CORE-CORE-IIIT-CHITTOOR","CORE IIIT CHITTOOR","rankings","","","N/A","N/A","N/A","N/A","N/A","N/A","N/A","N/A","","","","","SAFE","None","NOT_APPLICABLE","NOT_APPLICABLE"
"CORE-CORE-IIIT-CHITTOOR","CORE IIIT CHITTOOR","ceiScore","","","N/A","N/A","N/A","N/A","N/A","N/A","N/A","N/A","","","","","SAFE","None","NOT_APPLICABLE","NOT_APPLICABLE"
"CORE-CORE-IIIT-GUWAHATI","CORE IIIT GUWAHATI","seats","true","4","Central Seat Allocation Board (CSAB)","N/A","N/A","N/A","2026-04-16T20:05:08.975Z","N/A","YES","N/A","true","","","","REVIEW","Convert string source to object {title, url, type}","VISIBLE_PARTIAL_STRING","VISIBLE_FRESH"
"CORE-CORE-IIIT-GUWAHATI","CORE IIIT GUWAHATI","cutoffs","","","N/A","N/A","N/A","N/A","N/A","N/A","N/A","N/A","","","","","SAFE","None","NOT_APPLICABLE","NOT_APPLICABLE"
"CORE-CORE-IIIT-GUWAHATI","CORE IIIT GUWAHATI","fees","","","N/A","N/A","N/A","N/A","N/A","N/A","N/A","N/A","","","","","SAFE","None","NOT_APPLICABLE","NOT_APPLICABLE"
"CORE-CORE-IIIT-GUWAHATI","CORE IIIT GUWAHATI","placements","","","N/A","N/A","N/A","N/A","N/A","N/A","N/A","N/A","","","","","SAFE","None","NOT_APPLICABLE","NOT_APPLICABLE"
"CORE-CORE-IIIT-GUWAHATI","CORE IIIT GUWAHATI","rankings","","","N/A","N/A","N/A","N/A","N/A","N/A","N/A","N/A","","","","","SAFE","None","NOT_APPLICABLE","NOT_APPLICABLE"
"CORE-CORE-IIIT-GUWAHATI","CORE IIIT GUWAHATI","ceiScore","","","N/A","N/A","N/A","N/A","N/A","N/A","N/A","N/A","","","","","SAFE","None","NOT_APPLICABLE","NOT_APPLICABLE"
"CORE-CORE-IIIT-KARNATAKA","CORE IIIT KARNATAKA","seats","","","N/A","N/A","N/A","N/A","N/A","N/A","N/A","N/A","","","","","SAFE","None","NOT_APPLICABLE","NOT_APPLICABLE"
"CORE-CORE-IIIT-KARNATAKA","CORE IIIT KARNATAKA","cutoffs","","","N/A","N/A","N/A","N/A","N/A","N/A","N/A","N/A","","","","","SAFE","None","NOT_APPLICABLE","NOT_APPLICABLE"
"CORE-CORE-IIIT-KARNATAKA","CORE IIIT KARNATAKA","fees","","","N/A","N/A","N/A","N/A","N/A","N/A","N/A","N/A","","","","","SAFE","None","NOT_APPLICABLE","NOT_APPLICABLE"
"CORE-CORE-IIIT-KARNATAKA","CORE IIIT KARNATAKA","placements","","","N/A","N/A","N/A","N/A","N/A","N/A","N/A","N/A","","","","","SAFE","None","NOT_APPLICABLE","NOT_APPLICABLE"
"CORE-CORE-IIIT-KARNATAKA","CORE IIIT KARNATAKA","rankings","","","N/A","N/A","N/A","N/A","N/A","N/A","N/A","N/A","","","","","SAFE","None","NOT_APPLICABLE","NOT_APPLICABLE"
"CORE-CORE-IIIT-KARNATAKA","CORE IIIT KARNATAKA","ceiScore","","","N/A","N/A","N/A","N/A","N/A","N/A","N/A","N/A","","","","","SAFE","None","NOT_APPLICABLE","NOT_APPLICABLE"
"CORE-CORE-IIIT-MANIPUR","CORE IIIT MANIPUR","seats","true","7","Central Seat Allocation Board (CSAB)","N/A","N/A","N/A","2026-04-16T20:05:25.412Z","N/A","YES","N/A","true","","","","REVIEW","Convert string source to object {title, url, type}","VISIBLE_PARTIAL_STRING","VISIBLE_FRESH"
"CORE-CORE-IIIT-MANIPUR","CORE IIIT MANIPUR","cutoffs","","","N/A","N/A","N/A","N/A","N/A","N/A","N/A","N/A","","","","","SAFE","None","NOT_APPLICABLE","NOT_APPLICABLE"
"CORE-CORE-IIIT-MANIPUR","CORE IIIT MANIPUR","fees","","","N/A","N/A","N/A","N/A","N/A","N/A","N/A","N/A","","","","","SAFE","None","NOT_APPLICABLE","NOT_APPLICABLE"
"CORE-CORE-IIIT-MANIPUR","CORE IIIT MANIPUR","placements","","","N/A","N/A","N/A","N/A","N/A","N/A","N/A","N/A","","","","","SAFE","None","NOT_APPLICABLE","NOT_APPLICABLE"
"CORE-CORE-IIIT-MANIPUR","CORE IIIT MANIPUR","rankings","","","N/A","N/A","N/A","N/A","N/A","N/A","N/A","N/A","","","","","SAFE","None","NOT_APPLICABLE","NOT_APPLICABLE"
"CORE-CORE-IIIT-MANIPUR","CORE IIIT MANIPUR","ceiScore","","","N/A","N/A","N/A","N/A","N/A","N/A","N/A","N/A","","","","","SAFE","None","NOT_APPLICABLE","NOT_APPLICABLE"
"CORE-CORE-IIIT-PRADESH","CORE IIIT PRADESH","seats","true","4","Central Seat Allocation Board (CSAB)","N/A","N/A","N/A","2026-04-16T20:05:13.598Z","N/A","YES","N/A","true","","","","REVIEW","Convert string source to object {title, url, type}","VISIBLE_PARTIAL_STRING","VISIBLE_FRESH"
"CORE-CORE-IIIT-PRADESH","CORE IIIT PRADESH","cutoffs","","","N/A","N/A","N/A","N/A","N/A","N/A","N/A","N/A","","","","","SAFE","None","NOT_APPLICABLE","NOT_APPLICABLE"
"CORE-CORE-IIIT-PRADESH","CORE IIIT PRADESH","fees","","","N/A","N/A","N/A","N/A","N/A","N/A","N/A","N/A","","","","","SAFE","None","NOT_APPLICABLE","NOT_APPLICABLE"
"CORE-CORE-IIIT-PRADESH","CORE IIIT PRADESH","placements","","","N/A","N/A","N/A","N/A","N/A","N/A","N/A","N/A","","","","","SAFE","None","NOT_APPLICABLE","NOT_APPLICABLE"
"CORE-CORE-IIIT-PRADESH","CORE IIIT PRADESH","rankings","","","N/A","N/A","N/A","N/A","N/A","N/A","N/A","N/A","","","","","SAFE","None","NOT_APPLICABLE","NOT_APPLICABLE"
"CORE-CORE-IIIT-PRADESH","CORE IIIT PRADESH","ceiScore","true","1","CEI Intelligence Analysis","N/A","N/A","N/A","N/A","N/A","N/A","N/A","","","","","REVIEW","None (Internal Calculation)","INTERNAL_METHODOLOGY_VISIBLE","MISSING"
"CORE-CORE-IIIT-RAJASTHAN","CORE IIIT RAJASTHAN","seats","","","N/A","N/A","N/A","N/A","N/A","N/A","N/A","N/A","","","","","SAFE","None","NOT_APPLICABLE","NOT_APPLICABLE"
"CORE-CORE-IIIT-RAJASTHAN","CORE IIIT RAJASTHAN","cutoffs","","","N/A","N/A","N/A","N/A","N/A","N/A","N/A","N/A","","","","","SAFE","None","NOT_APPLICABLE","NOT_APPLICABLE"
"CORE-CORE-IIIT-RAJASTHAN","CORE IIIT RAJASTHAN","fees","","","N/A","N/A","N/A","N/A","N/A","N/A","N/A","N/A","","","","","SAFE","None","NOT_APPLICABLE","NOT_APPLICABLE"
"CORE-CORE-IIIT-RAJASTHAN","CORE IIIT RAJASTHAN","placements","","","N/A","N/A","N/A","N/A","N/A","N/A","N/A","N/A","","","","","SAFE","None","NOT_APPLICABLE","NOT_APPLICABLE"
"CORE-CORE-IIIT-RAJASTHAN","CORE IIIT RAJASTHAN","rankings","","","N/A","N/A","N/A","N/A","N/A","N/A","N/A","N/A","","","","","SAFE","None","NOT_APPLICABLE","NOT_APPLICABLE"
"CORE-CORE-IIIT-RAJASTHAN","CORE IIIT RAJASTHAN","ceiScore","","","N/A","N/A","N/A","N/A","N/A","N/A","N/A","N/A","","","","","SAFE","None","NOT_APPLICABLE","NOT_APPLICABLE"
"CORE-CORE-IIIT-TIRUCHIRAPPALLI","CORE IIIT TIRUCHIRAPPALLI","seats","true","4","Central Seat Allocation Board (CSAB)","N/A","N/A","N/A","2026-04-16T20:05:26.893Z","N/A","YES","N/A","true","","","","REVIEW","Convert string source to object {title, url, type}","VISIBLE_PARTIAL_STRING","VISIBLE_FRESH"
"CORE-CORE-IIIT-TIRUCHIRAPPALLI","CORE IIIT TIRUCHIRAPPALLI","cutoffs","","","N/A","N/A","N/A","N/A","N/A","N/A","N/A","N/A","","","","","SAFE","None","NOT_APPLICABLE","NOT_APPLICABLE"
"CORE-CORE-IIIT-TIRUCHIRAPPALLI","CORE IIIT TIRUCHIRAPPALLI","fees","","","N/A","N/A","N/A","N/A","N/A","N/A","N/A","N/A","","","","","SAFE","None","NOT_APPLICABLE","NOT_APPLICABLE"
"CORE-CORE-IIIT-TIRUCHIRAPPALLI","CORE IIIT TIRUCHIRAPPALLI","placements","","","N/A","N/A","N/A","N/A","N/A","N/A","N/A","N/A","","","","","SAFE","None","NOT_APPLICABLE","NOT_APPLICABLE"
"CORE-CORE-IIIT-TIRUCHIRAPPALLI","CORE IIIT TIRUCHIRAPPALLI","rankings","","","N/A","N/A","N/A","N/A","N/A","N/A","N/A","N/A","","","","","SAFE","None","NOT_APPLICABLE","NOT_APPLICABLE"
"CORE-CORE-IIIT-TIRUCHIRAPPALLI","CORE IIIT TIRUCHIRAPPALLI","ceiScore","","","N/A","N/A","N/A","N/A","N/A","N/A","N/A","N/A","","","","","SAFE","None","NOT_APPLICABLE","NOT_APPLICABLE"
"CORE-GHANI-KHAN-CHOUDHARY-INSTITUTE-OF-ENGINEERING-AND-TECHNOLOGY-MALDA-WEST-BENGAL","Ghani Khan Choudhary Institute of Engineering and Technology, Malda, West Bengal","seats","true","18","Official Authority","N/A","N/A","N/A","2026-04-16T18:30:45.371Z","N/A","YES","N/A","true","","","","REVIEW","Convert string source to object {title, url, type}","VISIBLE_PARTIAL_STRING","VISIBLE_FRESH"
"CORE-GHANI-KHAN-CHOUDHARY-INSTITUTE-OF-ENGINEERING-AND-TECHNOLOGY-MALDA-WEST-BENGAL","Ghani Khan Choudhary Institute of Engineering and Technology, Malda, West Bengal","cutoffs","true","1","JoSAA Round 1","https://josaa.admissions.nic.in/applicant/SeatAllotmentResult/CurrentORCR.aspx","primary_authority","N/A","2026-04-16T15:55:46.846Z","N/A","YES","N/A","true","","","","SAFE","None","VISIBLE_FULL","VISIBLE_FRESH"
"CORE-GHANI-KHAN-CHOUDHARY-INSTITUTE-OF-ENGINEERING-AND-TECHNOLOGY-MALDA-WEST-BENGAL","Ghani Khan Choudhary Institute of Engineering and Technology, Malda, West Bengal","fees","","","N/A","N/A","N/A","N/A","N/A","N/A","N/A","N/A","","","","","SAFE","None","NOT_APPLICABLE","NOT_APPLICABLE"
"CORE-GHANI-KHAN-CHOUDHARY-INSTITUTE-OF-ENGINEERING-AND-TECHNOLOGY-MALDA-WEST-BENGAL","Ghani Khan Choudhary Institute of Engineering and Technology, Malda, West Bengal","placements","","","N/A","N/A","N/A","N/A","N/A","N/A","N/A","N/A","","","","","SAFE","None","NOT_APPLICABLE","NOT_APPLICABLE"
"CORE-GHANI-KHAN-CHOUDHARY-INSTITUTE-OF-ENGINEERING-AND-TECHNOLOGY-MALDA-WEST-BENGAL","Ghani Khan Choudhary Institute of Engineering and Technology, Malda, West Bengal","rankings","","","N/A","N/A","N/A","N/A","N/A","N/A","N/A","N/A","","","","","SAFE","None","NOT_APPLICABLE","NOT_APPLICABLE"
"CORE-GHANI-KHAN-CHOUDHARY-INSTITUTE-OF-ENGINEERING-AND-TECHNOLOGY-MALDA-WEST-BENGAL","Ghani Khan Choudhary Institute of Engineering and Technology, Malda, West Bengal","ceiScore","true","1","CEI Intelligence Analysis","N/A","N/A","N/A","N/A","N/A","N/A","N/A","","","","","REVIEW","None (Internal Calculation)","INTERNAL_METHODOLOGY_VISIBLE","MISSING"
"CORE-MANIPAL-INSTITUTE-OF-TECHNOLOGY-MANIPAL","Manipal Institute of Technology, Manipal","seats","","","N/A","N/A","N/A","N/A","N/A","N/A","N/A","N/A","","","","","SAFE","None","NOT_APPLICABLE","NOT_APPLICABLE"
"CORE-MANIPAL-INSTITUTE-OF-TECHNOLOGY-MANIPAL","Manipal Institute of Technology, Manipal","cutoffs","","","N/A","N/A","N/A","N/A","N/A","N/A","N/A","N/A","","","","","SAFE","None","NOT_APPLICABLE","NOT_APPLICABLE"
"CORE-MANIPAL-INSTITUTE-OF-TECHNOLOGY-MANIPAL","Manipal Institute of Technology, Manipal","fees","","","N/A","N/A","N/A","N/A","N/A","N/A","N/A","N/A","","","","","SAFE","None","NOT_APPLICABLE","NOT_APPLICABLE"
"CORE-MANIPAL-INSTITUTE-OF-TECHNOLOGY-MANIPAL","Manipal Institute of Technology, Manipal","placements","","","N/A","N/A","N/A","N/A","N/A","N/A","N/A","N/A","","","","","SAFE","None","NOT_APPLICABLE","NOT_APPLICABLE"
"CORE-MANIPAL-INSTITUTE-OF-TECHNOLOGY-MANIPAL","Manipal Institute of Technology, Manipal","rankings","","","N/A","N/A","N/A","N/A","N/A","N/A","N/A","N/A","","","","","SAFE","None","NOT_APPLICABLE","NOT_APPLICABLE"
"CORE-MANIPAL-INSTITUTE-OF-TECHNOLOGY-MANIPAL","Manipal Institute of Technology, Manipal","ceiScore","true","1","CEI Intelligence Analysis","N/A","N/A","N/A","N/A","N/A","N/A","N/A","","","","","REVIEW","None (Internal Calculation)","INTERNAL_METHODOLOGY_VISIBLE","MISSING"
"CORE-NATIONAL-INSTITUTE-OF-FOOD-TECHNOLOGY-ENTREPRENEURSHIP-AND-MANAGEMENT-THANJAVUR","NATIONAL INSTITUTE OF FOOD TECHNOLOGY, ENTREPRENEURSHIP AND MANAGEMENT -THANJAVUR","seats","true","1","Central Seat Allocation Board (CSAB)","N/A","N/A","N/A","2026-04-16T20:06:29.616Z","N/A","YES","N/A","true","","","","REVIEW","Convert string source to object {title, url, type}","VISIBLE_PARTIAL_STRING","VISIBLE_FRESH"
"CORE-NATIONAL-INSTITUTE-OF-FOOD-TECHNOLOGY-ENTREPRENEURSHIP-AND-MANAGEMENT-THANJAVUR","NATIONAL INSTITUTE OF FOOD TECHNOLOGY, ENTREPRENEURSHIP AND MANAGEMENT -THANJAVUR","cutoffs","","","N/A","N/A","N/A","N/A","N/A","N/A","N/A","N/A","","","","","SAFE","None","NOT_APPLICABLE","NOT_APPLICABLE"
"CORE-NATIONAL-INSTITUTE-OF-FOOD-TECHNOLOGY-ENTREPRENEURSHIP-AND-MANAGEMENT-THANJAVUR","NATIONAL INSTITUTE OF FOOD TECHNOLOGY, ENTREPRENEURSHIP AND MANAGEMENT -THANJAVUR","fees","","","N/A","N/A","N/A","N/A","N/A","N/A","N/A","N/A","","","","","SAFE","None","NOT_APPLICABLE","NOT_APPLICABLE"
"CORE-NATIONAL-INSTITUTE-OF-FOOD-TECHNOLOGY-ENTREPRENEURSHIP-AND-MANAGEMENT-THANJAVUR","NATIONAL INSTITUTE OF FOOD TECHNOLOGY, ENTREPRENEURSHIP AND MANAGEMENT -THANJAVUR","placements","","","N/A","N/A","N/A","N/A","N/A","N/A","N/A","N/A","","","","","SAFE","None","NOT_APPLICABLE","NOT_APPLICABLE"
"CORE-NATIONAL-INSTITUTE-OF-FOOD-TECHNOLOGY-ENTREPRENEURSHIP-AND-MANAGEMENT-THANJAVUR","NATIONAL INSTITUTE OF FOOD TECHNOLOGY, ENTREPRENEURSHIP AND MANAGEMENT -THANJAVUR","rankings","","","N/A","N/A","N/A","N/A","N/A","N/A","N/A","N/A","","","","","SAFE","None","NOT_APPLICABLE","NOT_APPLICABLE"
"CORE-NATIONAL-INSTITUTE-OF-FOOD-TECHNOLOGY-ENTREPRENEURSHIP-AND-MANAGEMENT-THANJAVUR","NATIONAL INSTITUTE OF FOOD TECHNOLOGY, ENTREPRENEURSHIP AND MANAGEMENT -THANJAVUR","ceiScore","true","1","CEI Intelligence Analysis","N/A","N/A","N/A","N/A","N/A","N/A","N/A","","","","","REVIEW","None (Internal Calculation)","INTERNAL_METHODOLOGY_VISIBLE","MISSING"
"CORE-BIRLA-INSTITUTE-OF-TECHNOLOGY-MESRA-RANCHI","Birla Institute of Technology, Mesra, Ranchi","seats","","","N/A","N/A","N/A","N/A","N/A","N/A","N/A","N/A","","","","","SAFE","None","NOT_APPLICABLE","NOT_APPLICABLE"
"CORE-BIRLA-INSTITUTE-OF-TECHNOLOGY-MESRA-RANCHI","Birla Institute of Technology, Mesra, Ranchi","cutoffs","true","1","JoSAA Round 1","https://josaa.admissions.nic.in/applicant/SeatAllotmentResult/CurrentORCR.aspx","primary_authority","N/A","2026-04-16T15:55:46.836Z","N/A","YES","N/A","true","","","","SAFE","None","VISIBLE_FULL","VISIBLE_FRESH"
"CORE-BIRLA-INSTITUTE-OF-TECHNOLOGY-MESRA-RANCHI","Birla Institute of Technology, Mesra, Ranchi","fees","","","N/A","N/A","N/A","N/A","N/A","N/A","N/A","N/A","","","","","SAFE","None","NOT_APPLICABLE","NOT_APPLICABLE"
"CORE-BIRLA-INSTITUTE-OF-TECHNOLOGY-MESRA-RANCHI","Birla Institute of Technology, Mesra, Ranchi","placements","","","N/A","N/A","N/A","N/A","N/A","N/A","N/A","N/A","","","","","SAFE","None","NOT_APPLICABLE","NOT_APPLICABLE"
"CORE-BIRLA-INSTITUTE-OF-TECHNOLOGY-MESRA-RANCHI","Birla Institute of Technology, Mesra, Ranchi","rankings","","","N/A","N/A","N/A","N/A","N/A","N/A","N/A","N/A","","","","","SAFE","None","NOT_APPLICABLE","NOT_APPLICABLE"
"CORE-BIRLA-INSTITUTE-OF-TECHNOLOGY-MESRA-RANCHI","Birla Institute of Technology, Mesra, Ranchi","ceiScore","true","1","CEI Intelligence Analysis","N/A","N/A","N/A","N/A","N/A","N/A","N/A","","","","","REVIEW","None (Internal Calculation)","INTERNAL_METHODOLOGY_VISIBLE","MISSING"
"CORE-INSTITUTE-OF-INFRASTRUCTURE-TECHNOLOGY-RESEARCH-AND-MANAGEMENT-AHMEDABAD","Institute of Infrastructure, Technology, Research and Management-Ahmedabad","seats","","","N/A","N/A","N/A","N/A","N/A","N/A","N/A","N/A","","","","","SAFE","None","NOT_APPLICABLE","NOT_APPLICABLE"
"CORE-INSTITUTE-OF-INFRASTRUCTURE-TECHNOLOGY-RESEARCH-AND-MANAGEMENT-AHMEDABAD","Institute of Infrastructure, Technology, Research and Management-Ahmedabad","cutoffs","true","1","JoSAA Round 1","https://josaa.admissions.nic.in/applicant/SeatAllotmentResult/CurrentORCR.aspx","primary_authority","N/A","2026-04-16T15:55:46.837Z","N/A","YES","N/A","true","","","","SAFE","None","VISIBLE_FULL","VISIBLE_FRESH"
"CORE-INSTITUTE-OF-INFRASTRUCTURE-TECHNOLOGY-RESEARCH-AND-MANAGEMENT-AHMEDABAD","Institute of Infrastructure, Technology, Research and Management-Ahmedabad","fees","","","N/A","N/A","N/A","N/A","N/A","N/A","N/A","N/A","","","","","SAFE","None","NOT_APPLICABLE","NOT_APPLICABLE"
"CORE-INSTITUTE-OF-INFRASTRUCTURE-TECHNOLOGY-RESEARCH-AND-MANAGEMENT-AHMEDABAD","Institute of Infrastructure, Technology, Research and Management-Ahmedabad","placements","","","N/A","N/A","N/A","N/A","N/A","N/A","N/A","N/A","","","","","SAFE","None","NOT_APPLICABLE","NOT_APPLICABLE"
"CORE-INSTITUTE-OF-INFRASTRUCTURE-TECHNOLOGY-RESEARCH-AND-MANAGEMENT-AHMEDABAD","Institute of Infrastructure, Technology, Research and Management-Ahmedabad","rankings","","","N/A","N/A","N/A","N/A","N/A","N/A","N/A","N/A","","","","","SAFE","None","NOT_APPLICABLE","NOT_APPLICABLE"
"CORE-INSTITUTE-OF-INFRASTRUCTURE-TECHNOLOGY-RESEARCH-AND-MANAGEMENT-AHMEDABAD","Institute of Infrastructure, Technology, Research and Management-Ahmedabad","ceiScore","true","1","CEI Intelligence Analysis","N/A","N/A","N/A","N/A","N/A","N/A","N/A","","","","","REVIEW","None (Internal Calculation)","INTERNAL_METHODOLOGY_VISIBLE","MISSING"
"CORE-INTERNATIONAL-INSTITUTE-OF-INFORMATION-TECHNOLOGY-BHUBANESWAR","International Institute of Information Technology, Bhubaneswar","seats","","","N/A","N/A","N/A","N/A","N/A","N/A","N/A","N/A","","","","","SAFE","None","NOT_APPLICABLE","NOT_APPLICABLE"
"CORE-INTERNATIONAL-INSTITUTE-OF-INFORMATION-TECHNOLOGY-BHUBANESWAR","International Institute of Information Technology, Bhubaneswar","cutoffs","true","1","JoSAA Round 1","https://josaa.admissions.nic.in/applicant/SeatAllotmentResult/CurrentORCR.aspx","primary_authority","N/A","2026-04-16T15:55:46.844Z","N/A","YES","N/A","true","","","","SAFE","None","VISIBLE_FULL","VISIBLE_FRESH"
"CORE-INTERNATIONAL-INSTITUTE-OF-INFORMATION-TECHNOLOGY-BHUBANESWAR","International Institute of Information Technology, Bhubaneswar","fees","","","N/A","N/A","N/A","N/A","N/A","N/A","N/A","N/A","","","","","SAFE","None","NOT_APPLICABLE","NOT_APPLICABLE"
"CORE-INTERNATIONAL-INSTITUTE-OF-INFORMATION-TECHNOLOGY-BHUBANESWAR","International Institute of Information Technology, Bhubaneswar","placements","","","N/A","N/A","N/A","N/A","N/A","N/A","N/A","N/A","","","","","SAFE","None","NOT_APPLICABLE","NOT_APPLICABLE"
"CORE-INTERNATIONAL-INSTITUTE-OF-INFORMATION-TECHNOLOGY-BHUBANESWAR","International Institute of Information Technology, Bhubaneswar","rankings","","","N/A","N/A","N/A","N/A","N/A","N/A","N/A","N/A","","","","","SAFE","None","NOT_APPLICABLE","NOT_APPLICABLE"
"CORE-INTERNATIONAL-INSTITUTE-OF-INFORMATION-TECHNOLOGY-BHUBANESWAR","International Institute of Information Technology, Bhubaneswar","ceiScore","true","1","CEI Intelligence Analysis","N/A","N/A","N/A","N/A","N/A","N/A","N/A","","","","","REVIEW","None (Internal Calculation)","INTERNAL_METHODOLOGY_VISIBLE","MISSING"
"CORE-INTERNATIONAL-INSTITUTE-OF-INFORMATION-TECHNOLOGY-NAYA-RAIPUR","International Institute of Information Technology, Naya Raipur","seats","","","N/A","N/A","N/A","N/A","N/A","N/A","N/A","N/A","","","","","SAFE","None","NOT_APPLICABLE","NOT_APPLICABLE"
"CORE-INTERNATIONAL-INSTITUTE-OF-INFORMATION-TECHNOLOGY-NAYA-RAIPUR","International Institute of Information Technology, Naya Raipur","cutoffs","true","1","JoSAA Round 1","https://josaa.admissions.nic.in/applicant/SeatAllotmentResult/CurrentORCR.aspx","primary_authority","N/A","2026-04-16T15:55:46.842Z","N/A","YES","N/A","true","","","","SAFE","None","VISIBLE_FULL","VISIBLE_FRESH"
"CORE-INTERNATIONAL-INSTITUTE-OF-INFORMATION-TECHNOLOGY-NAYA-RAIPUR","International Institute of Information Technology, Naya Raipur","fees","","","N/A","N/A","N/A","N/A","N/A","N/A","N/A","N/A","","","","","SAFE","None","NOT_APPLICABLE","NOT_APPLICABLE"
"CORE-INTERNATIONAL-INSTITUTE-OF-INFORMATION-TECHNOLOGY-NAYA-RAIPUR","International Institute of Information Technology, Naya Raipur","placements","","","N/A","N/A","N/A","N/A","N/A","N/A","N/A","N/A","","","","","SAFE","None","NOT_APPLICABLE","NOT_APPLICABLE"
"CORE-INTERNATIONAL-INSTITUTE-OF-INFORMATION-TECHNOLOGY-NAYA-RAIPUR","International Institute of Information Technology, Naya Raipur","rankings","","","N/A","N/A","N/A","N/A","N/A","N/A","N/A","N/A","","","","","SAFE","None","NOT_APPLICABLE","NOT_APPLICABLE"
"CORE-INTERNATIONAL-INSTITUTE-OF-INFORMATION-TECHNOLOGY-NAYA-RAIPUR","International Institute of Information Technology, Naya Raipur","ceiScore","true","1","CEI Intelligence Analysis","N/A","N/A","N/A","N/A","N/A","N/A","N/A","","","","","REVIEW","None (Internal Calculation)","INTERNAL_METHODOLOGY_VISIBLE","MISSING"
"CORE-AICTE-1-44637260101","AICTE Institution 1-44637260101","seats","","","N/A","N/A","N/A","N/A","N/A","N/A","N/A","N/A","","","","","SAFE","None","NOT_APPLICABLE","NOT_APPLICABLE"
"CORE-AICTE-1-44637260101","AICTE Institution 1-44637260101","cutoffs","","","N/A","N/A","N/A","N/A","N/A","N/A","N/A","N/A","","","","","SAFE","None","NOT_APPLICABLE","NOT_APPLICABLE"
"CORE-AICTE-1-44637260101","AICTE Institution 1-44637260101","fees","","","N/A","N/A","N/A","N/A","N/A","N/A","N/A","N/A","","","","","SAFE","None","NOT_APPLICABLE","NOT_APPLICABLE"
"CORE-AICTE-1-44637260101","AICTE Institution 1-44637260101","placements","","","N/A","N/A","N/A","N/A","N/A","N/A","N/A","N/A","","","","","SAFE","None","NOT_APPLICABLE","NOT_APPLICABLE"
"CORE-AICTE-1-44637260101","AICTE Institution 1-44637260101","rankings","","","N/A","N/A","N/A","N/A","N/A","N/A","N/A","N/A","","","","","SAFE","None","NOT_APPLICABLE","NOT_APPLICABLE"
"CORE-AICTE-1-44637260101","AICTE Institution 1-44637260101","ceiScore","true","1","CEI Intelligence Analysis","N/A","N/A","N/A","N/A","N/A","N/A","N/A","","","","","REVIEW","None (Internal Calculation)","INTERNAL_METHODOLOGY_VISIBLE","MISSING"
"CORE-AICTE-1-44638089876","AICTE Institution 1-44638089876","seats","","","N/A","N/A","N/A","N/A","N/A","N/A","N/A","N/A","","","","","SAFE","None","NOT_APPLICABLE","NOT_APPLICABLE"
"CORE-AICTE-1-44638089876","AICTE Institution 1-44638089876","cutoffs","","","N/A","N/A","N/A","N/A","N/A","N/A","N/A","N/A","","","","","SAFE","None","NOT_APPLICABLE","NOT_APPLICABLE"
"CORE-AICTE-1-44638089876","AICTE Institution 1-44638089876","fees","","","N/A","N/A","N/A","N/A","N/A","N/A","N/A","N/A","","","","","SAFE","None","NOT_APPLICABLE","NOT_APPLICABLE"
"CORE-AICTE-1-44638089876","AICTE Institution 1-44638089876","placements","","","N/A","N/A","N/A","N/A","N/A","N/A","N/A","N/A","","","","","SAFE","None","NOT_APPLICABLE","NOT_APPLICABLE"
"CORE-AICTE-1-44638089876","AICTE Institution 1-44638089876","rankings","","","N/A","N/A","N/A","N/A","N/A","N/A","N/A","N/A","","","","","SAFE","None","NOT_APPLICABLE","NOT_APPLICABLE"
"CORE-AICTE-1-44638089876","AICTE Institution 1-44638089876","ceiScore","true","1","CEI Intelligence Analysis","N/A","N/A","N/A","N/A","N/A","N/A","N/A","","","","","REVIEW","None (Internal Calculation)","INTERNAL_METHODOLOGY_VISIBLE","MISSING"
"CORE-AICTE-1-44638180495","AICTE Institution 1-44638180495","seats","","","N/A","N/A","N/A","N/A","N/A","N/A","N/A","N/A","","","","","SAFE","None","NOT_APPLICABLE","NOT_APPLICABLE"
"CORE-AICTE-1-44638180495","AICTE Institution 1-44638180495","cutoffs","","","N/A","N/A","N/A","N/A","N/A","N/A","N/A","N/A","","","","","SAFE","None","NOT_APPLICABLE","NOT_APPLICABLE"
"CORE-AICTE-1-44638180495","AICTE Institution 1-44638180495","fees","","","N/A","N/A","N/A","N/A","N/A","N/A","N/A","N/A","","","","","SAFE","None","NOT_APPLICABLE","NOT_APPLICABLE"
"CORE-AICTE-1-44638180495","AICTE Institution 1-44638180495","placements","","","N/A","N/A","N/A","N/A","N/A","N/A","N/A","N/A","","","","","SAFE","None","NOT_APPLICABLE","NOT_APPLICABLE"
"CORE-AICTE-1-44638180495","AICTE Institution 1-44638180495","rankings","","","N/A","N/A","N/A","N/A","N/A","N/A","N/A","N/A","","","","","SAFE","None","NOT_APPLICABLE","NOT_APPLICABLE"
"CORE-AICTE-1-44638180495","AICTE Institution 1-44638180495","ceiScore","true","1","CEI Intelligence Analysis","N/A","N/A","N/A","N/A","N/A","N/A","N/A","","","","","REVIEW","None (Internal Calculation)","INTERNAL_METHODOLOGY_VISIBLE","MISSING"
"CORE-AICTE-1-44638230051","AICTE Institution 1-44638230051","seats","","","N/A","N/A","N/A","N/A","N/A","N/A","N/A","N/A","","","","","SAFE","None","NOT_APPLICABLE","NOT_APPLICABLE"
"CORE-AICTE-1-44638230051","AICTE Institution 1-44638230051","cutoffs","","","N/A","N/A","N/A","N/A","N/A","N/A","N/A","N/A","","","","","SAFE","None","NOT_APPLICABLE","NOT_APPLICABLE"
"CORE-AICTE-1-44638230051","AICTE Institution 1-44638230051","fees","","","N/A","N/A","N/A","N/A","N/A","N/A","N/A","N/A","","","","","SAFE","None","NOT_APPLICABLE","NOT_APPLICABLE"
"CORE-AICTE-1-44638230051","AICTE Institution 1-44638230051","placements","","","N/A","N/A","N/A","N/A","N/A","N/A","N/A","N/A","","","","","SAFE","None","NOT_APPLICABLE","NOT_APPLICABLE"
"CORE-AICTE-1-44638230051","AICTE Institution 1-44638230051","rankings","","","N/A","N/A","N/A","N/A","N/A","N/A","N/A","N/A","","","","","SAFE","None","NOT_APPLICABLE","NOT_APPLICABLE"
"CORE-AICTE-1-44638230051","AICTE Institution 1-44638230051","ceiScore","true","1","CEI Intelligence Analysis","N/A","N/A","N/A","N/A","N/A","N/A","N/A","","","","","REVIEW","None (Internal Calculation)","INTERNAL_METHODOLOGY_VISIBLE","MISSING"
"CORE-AICTE-1-44638339730","AICTE Institution 1-44638339730","seats","","","N/A","N/A","N/A","N/A","N/A","N/A","N/A","N/A","","","","","SAFE","None","NOT_APPLICABLE","NOT_APPLICABLE"
"CORE-AICTE-1-44638339730","AICTE Institution 1-44638339730","cutoffs","","","N/A","N/A","N/A","N/A","N/A","N/A","N/A","N/A","","","","","SAFE","None","NOT_APPLICABLE","NOT_APPLICABLE"
"CORE-AICTE-1-44638339730","AICTE Institution 1-44638339730","fees","","","N/A","N/A","N/A","N/A","N/A","N/A","N/A","N/A","","","","","SAFE","None","NOT_APPLICABLE","NOT_APPLICABLE"
"CORE-AICTE-1-44638339730","AICTE Institution 1-44638339730","placements","","","N/A","N/A","N/A","N/A","N/A","N/A","N/A","N/A","","","","","SAFE","None","NOT_APPLICABLE","NOT_APPLICABLE"
"CORE-AICTE-1-44638339730","AICTE Institution 1-44638339730","rankings","","","N/A","N/A","N/A","N/A","N/A","N/A","N/A","N/A","","","","","SAFE","None","NOT_APPLICABLE","NOT_APPLICABLE"
"CORE-AICTE-1-44638339730","AICTE Institution 1-44638339730","ceiScore","true","1","CEI Intelligence Analysis","N/A","N/A","N/A","N/A","N/A","N/A","N/A","","","","","REVIEW","None (Internal Calculation)","INTERNAL_METHODOLOGY_VISIBLE","MISSING"
"CORE-AICTE-1-44638343530","AICTE Institution 1-44638343530","seats","","","N/A","N/A","N/A","N/A","N/A","N/A","N/A","N/A","","","","","SAFE","None","NOT_APPLICABLE","NOT_APPLICABLE"
"CORE-AICTE-1-44638343530","AICTE Institution 1-44638343530","cutoffs","","","N/A","N/A","N/A","N/A","N/A","N/A","N/A","N/A","","","","","SAFE","None","NOT_APPLICABLE","NOT_APPLICABLE"
"CORE-AICTE-1-44638343530","AICTE Institution 1-44638343530","fees","","","N/A","N/A","N/A","N/A","N/A","N/A","N/A","N/A","","","","","SAFE","None","NOT_APPLICABLE","NOT_APPLICABLE"
"CORE-AICTE-1-44638343530","AICTE Institution 1-44638343530","placements","","","N/A","N/A","N/A","N/A","N/A","N/A","N/A","N/A","","","","","SAFE","None","NOT_APPLICABLE","NOT_APPLICABLE"
"CORE-AICTE-1-44638343530","AICTE Institution 1-44638343530","rankings","","","N/A","N/A","N/A","N/A","N/A","N/A","N/A","N/A","","","","","SAFE","None","NOT_APPLICABLE","NOT_APPLICABLE"
"CORE-AICTE-1-44638343530","AICTE Institution 1-44638343530","ceiScore","true","1","CEI Intelligence Analysis","N/A","N/A","N/A","N/A","N/A","N/A","N/A","","","","","REVIEW","None (Internal Calculation)","INTERNAL_METHODOLOGY_VISIBLE","MISSING"
"CORE-AICTE-1-44638417896","AICTE Institution 1-44638417896","seats","","","N/A","N/A","N/A","N/A","N/A","N/A","N/A","N/A","","","","","SAFE","None","NOT_APPLICABLE","NOT_APPLICABLE"
"CORE-AICTE-1-44638417896","AICTE Institution 1-44638417896","cutoffs","","","N/A","N/A","N/A","N/A","N/A","N/A","N/A","N/A","","","","","SAFE","None","NOT_APPLICABLE","NOT_APPLICABLE"
"CORE-AICTE-1-44638417896","AICTE Institution 1-44638417896","fees","","","N/A","N/A","N/A","N/A","N/A","N/A","N/A","N/A","","","","","SAFE","None","NOT_APPLICABLE","NOT_APPLICABLE"
"CORE-AICTE-1-44638417896","AICTE Institution 1-44638417896","placements","","","N/A","N/A","N/A","N/A","N/A","N/A","N/A","N/A","","","","","SAFE","None","NOT_APPLICABLE","NOT_APPLICABLE"
"CORE-AICTE-1-44638417896","AICTE Institution 1-44638417896","rankings","","","N/A","N/A","N/A","N/A","N/A","N/A","N/A","N/A","","","","","SAFE","None","NOT_APPLICABLE","NOT_APPLICABLE"
"CORE-AICTE-1-44638417896","AICTE Institution 1-44638417896","ceiScore","true","1","CEI Intelligence Analysis","N/A","N/A","N/A","N/A","N/A","N/A","N/A","","","","","REVIEW","None (Internal Calculation)","INTERNAL_METHODOLOGY_VISIBLE","MISSING"
"CORE-AICTE-1-44638506195","AICTE Institution 1-44638506195","seats","","","N/A","N/A","N/A","N/A","N/A","N/A","N/A","N/A","","","","","SAFE","None","NOT_APPLICABLE","NOT_APPLICABLE"
"CORE-AICTE-1-44638506195","AICTE Institution 1-44638506195","cutoffs","","","N/A","N/A","N/A","N/A","N/A","N/A","N/A","N/A","","","","","SAFE","None","NOT_APPLICABLE","NOT_APPLICABLE"
"CORE-AICTE-1-44638506195","AICTE Institution 1-44638506195","fees","","","N/A","N/A","N/A","N/A","N/A","N/A","N/A","N/A","","","","","SAFE","None","NOT_APPLICABLE","NOT_APPLICABLE"
"CORE-AICTE-1-44638506195","AICTE Institution 1-44638506195","placements","","","N/A","N/A","N/A","N/A","N/A","N/A","N/A","N/A","","","","","SAFE","None","NOT_APPLICABLE","NOT_APPLICABLE"
"CORE-AICTE-1-44638506195","AICTE Institution 1-44638506195","rankings","","","N/A","N/A","N/A","N/A","N/A","N/A","N/A","N/A","","","","","SAFE","None","NOT_APPLICABLE","NOT_APPLICABLE"
"CORE-AICTE-1-44638506195","AICTE Institution 1-44638506195","ceiScore","true","1","CEI Intelligence Analysis","N/A","N/A","N/A","N/A","N/A","N/A","N/A","","","","","REVIEW","None (Internal Calculation)","INTERNAL_METHODOLOGY_VISIBLE","MISSING"
"CORE-AICTE-1-44638573601","AICTE Institution 1-44638573601","seats","","","N/A","N/A","N/A","N/A","N/A","N/A","N/A","N/A","","","","","SAFE","None","NOT_APPLICABLE","NOT_APPLICABLE"
"CORE-AICTE-1-44638573601","AICTE Institution 1-44638573601","cutoffs","","","N/A","N/A","N/A","N/A","N/A","N/A","N/A","N/A","","","","","SAFE","None","NOT_APPLICABLE","NOT_APPLICABLE"
"CORE-AICTE-1-44638573601","AICTE Institution 1-44638573601","fees","","","N/A","N/A","N/A","N/A","N/A","N/A","N/A","N/A","","","","","SAFE","None","NOT_APPLICABLE","NOT_APPLICABLE"
"CORE-AICTE-1-44638573601","AICTE Institution 1-44638573601","placements","","","N/A","N/A","N/A","N/A","N/A","N/A","N/A","N/A","","","","","SAFE","None","NOT_APPLICABLE","NOT_APPLICABLE"
"CORE-AICTE-1-44638573601","AICTE Institution 1-44638573601","rankings","","","N/A","N/A","N/A","N/A","N/A","N/A","N/A","N/A","","","","","SAFE","None","NOT_APPLICABLE","NOT_APPLICABLE"
"CORE-AICTE-1-44638573601","AICTE Institution 1-44638573601","ceiScore","true","1","CEI Intelligence Analysis","N/A","N/A","N/A","N/A","N/A","N/A","N/A","","","","","REVIEW","None (Internal Calculation)","INTERNAL_METHODOLOGY_VISIBLE","MISSING"
"CORE-AICTE-1-44638627247","AICTE Institution 1-44638627247","seats","","","N/A","N/A","N/A","N/A","N/A","N/A","N/A","N/A","","","","","SAFE","None","NOT_APPLICABLE","NOT_APPLICABLE"
"CORE-AICTE-1-44638627247","AICTE Institution 1-44638627247","cutoffs","","","N/A","N/A","N/A","N/A","N/A","N/A","N/A","N/A","","","","","SAFE","None","NOT_APPLICABLE","NOT_APPLICABLE"
"CORE-AICTE-1-44638627247","AICTE Institution 1-44638627247","fees","","","N/A","N/A","N/A","N/A","N/A","N/A","N/A","N/A","","","","","SAFE","None","NOT_APPLICABLE","NOT_APPLICABLE"
"CORE-AICTE-1-44638627247","AICTE Institution 1-44638627247","placements","","","N/A","N/A","N/A","N/A","N/A","N/A","N/A","N/A","","","","","SAFE","None","NOT_APPLICABLE","NOT_APPLICABLE"
"CORE-AICTE-1-44638627247","AICTE Institution 1-44638627247","rankings","","","N/A","N/A","N/A","N/A","N/A","N/A","N/A","N/A","","","","","SAFE","None","NOT_APPLICABLE","NOT_APPLICABLE"
"CORE-AICTE-1-44638627247","AICTE Institution 1-44638627247","ceiScore","true","1","CEI Intelligence Analysis","N/A","N/A","N/A","N/A","N/A","N/A","N/A","","","","","REVIEW","None (Internal Calculation)","INTERNAL_METHODOLOGY_VISIBLE","MISSING"
"CORE-AICTE-1-44638734913","AICTE Institution 1-44638734913","seats","","","N/A","N/A","N/A","N/A","N/A","N/A","N/A","N/A","","","","","SAFE","None","NOT_APPLICABLE","NOT_APPLICABLE"
"CORE-AICTE-1-44638734913","AICTE Institution 1-44638734913","cutoffs","","","N/A","N/A","N/A","N/A","N/A","N/A","N/A","N/A","","","","","SAFE","None","NOT_APPLICABLE","NOT_APPLICABLE"
"CORE-AICTE-1-44638734913","AICTE Institution 1-44638734913","fees","","","N/A","N/A","N/A","N/A","N/A","N/A","N/A","N/A","","","","","SAFE","None","NOT_APPLICABLE","NOT_APPLICABLE"
"CORE-AICTE-1-44638734913","AICTE Institution 1-44638734913","placements","","","N/A","N/A","N/A","N/A","N/A","N/A","N/A","N/A","","","","","SAFE","None","NOT_APPLICABLE","NOT_APPLICABLE"
"CORE-AICTE-1-44638734913","AICTE Institution 1-44638734913","rankings","","","N/A","N/A","N/A","N/A","N/A","N/A","N/A","N/A","","","","","SAFE","None","NOT_APPLICABLE","NOT_APPLICABLE"
"CORE-AICTE-1-44638734913","AICTE Institution 1-44638734913","ceiScore","true","1","CEI Intelligence Analysis","N/A","N/A","N/A","N/A","N/A","N/A","N/A","","","","","REVIEW","None (Internal Calculation)","INTERNAL_METHODOLOGY_VISIBLE","MISSING"
"CORE-AICTE-1-44638803128","AICTE Institution 1-44638803128","seats","","","N/A","N/A","N/A","N/A","N/A","N/A","N/A","N/A","","","","","SAFE","None","NOT_APPLICABLE","NOT_APPLICABLE"
"CORE-AICTE-1-44638803128","AICTE Institution 1-44638803128","cutoffs","","","N/A","N/A","N/A","N/A","N/A","N/A","N/A","N/A","","","","","SAFE","None","NOT_APPLICABLE","NOT_APPLICABLE"
"CORE-AICTE-1-44638803128","AICTE Institution 1-44638803128","fees","","","N/A","N/A","N/A","N/A","N/A","N/A","N/A","N/A","","","","","SAFE","None","NOT_APPLICABLE","NOT_APPLICABLE"
"CORE-AICTE-1-44638803128","AICTE Institution 1-44638803128","placements","","","N/A","N/A","N/A","N/A","N/A","N/A","N/A","N/A","","","","","SAFE","None","NOT_APPLICABLE","NOT_APPLICABLE"
"CORE-AICTE-1-44638803128","AICTE Institution 1-44638803128","rankings","","","N/A","N/A","N/A","N/A","N/A","N/A","N/A","N/A","","","","","SAFE","None","NOT_APPLICABLE","NOT_APPLICABLE"
"CORE-AICTE-1-44638803128","AICTE Institution 1-44638803128","ceiScore","true","1","CEI Intelligence Analysis","N/A","N/A","N/A","N/A","N/A","N/A","N/A","","","","","REVIEW","None (Internal Calculation)","INTERNAL_METHODOLOGY_VISIBLE","MISSING"
"CORE-AICTE-1-44638827801","AICTE Institution 1-44638827801","seats","","","N/A","N/A","N/A","N/A","N/A","N/A","N/A","N/A","","","","","SAFE","None","NOT_APPLICABLE","NOT_APPLICABLE"
"CORE-AICTE-1-44638827801","AICTE Institution 1-44638827801","cutoffs","","","N/A","N/A","N/A","N/A","N/A","N/A","N/A","N/A","","","","","SAFE","None","NOT_APPLICABLE","NOT_APPLICABLE"
"CORE-AICTE-1-44638827801","AICTE Institution 1-44638827801","fees","","","N/A","N/A","N/A","N/A","N/A","N/A","N/A","N/A","","","","","SAFE","None","NOT_APPLICABLE","NOT_APPLICABLE"
"CORE-AICTE-1-44638827801","AICTE Institution 1-44638827801","placements","","","N/A","N/A","N/A","N/A","N/A","N/A","N/A","N/A","","","","","SAFE","None","NOT_APPLICABLE","NOT_APPLICABLE"
"CORE-AICTE-1-44638827801","AICTE Institution 1-44638827801","rankings","","","N/A","N/A","N/A","N/A","N/A","N/A","N/A","N/A","","","","","SAFE","None","NOT_APPLICABLE","NOT_APPLICABLE"
"CORE-AICTE-1-44638827801","AICTE Institution 1-44638827801","ceiScore","true","1","CEI Intelligence Analysis","N/A","N/A","N/A","N/A","N/A","N/A","N/A","","","","","REVIEW","None (Internal Calculation)","INTERNAL_METHODOLOGY_VISIBLE","MISSING"
"CORE-AICTE-1-44638835077","AICTE Institution 1-44638835077","seats","","","N/A","N/A","N/A","N/A","N/A","N/A","N/A","N/A","","","","","SAFE","None","NOT_APPLICABLE","NOT_APPLICABLE"
"CORE-AICTE-1-44638835077","AICTE Institution 1-44638835077","cutoffs","","","N/A","N/A","N/A","N/A","N/A","N/A","N/A","N/A","","","","","SAFE","None","NOT_APPLICABLE","NOT_APPLICABLE"
"CORE-AICTE-1-44638835077","AICTE Institution 1-44638835077","fees","","","N/A","N/A","N/A","N/A","N/A","N/A","N/A","N/A","","","","","SAFE","None","NOT_APPLICABLE","NOT_APPLICABLE"
"CORE-AICTE-1-44638835077","AICTE Institution 1-44638835077","placements","","","N/A","N/A","N/A","N/A","N/A","N/A","N/A","N/A","","","","","SAFE","None","NOT_APPLICABLE","NOT_APPLICABLE"
"CORE-AICTE-1-44638835077","AICTE Institution 1-44638835077","rankings","","","N/A","N/A","N/A","N/A","N/A","N/A","N/A","N/A","","","","","SAFE","None","NOT_APPLICABLE","NOT_APPLICABLE"
"CORE-AICTE-1-44638835077","AICTE Institution 1-44638835077","ceiScore","true","1","CEI Intelligence Analysis","N/A","N/A","N/A","N/A","N/A","N/A","N/A","","","","","REVIEW","None (Internal Calculation)","INTERNAL_METHODOLOGY_VISIBLE","MISSING"
"CORE-AICTE-1-44638932600","AICTE Institution 1-44638932600","seats","","","N/A","N/A","N/A","N/A","N/A","N/A","N/A","N/A","","","","","SAFE","None","NOT_APPLICABLE","NOT_APPLICABLE"
"CORE-AICTE-1-44638932600","AICTE Institution 1-44638932600","cutoffs","","","N/A","N/A","N/A","N/A","N/A","N/A","N/A","N/A","","","","","SAFE","None","NOT_APPLICABLE","NOT_APPLICABLE"
"CORE-AICTE-1-44638932600","AICTE Institution 1-44638932600","fees","","","N/A","N/A","N/A","N/A","N/A","N/A","N/A","N/A","","","","","SAFE","None","NOT_APPLICABLE","NOT_APPLICABLE"
"CORE-AICTE-1-44638932600","AICTE Institution 1-44638932600","placements","","","N/A","N/A","N/A","N/A","N/A","N/A","N/A","N/A","","","","","SAFE","None","NOT_APPLICABLE","NOT_APPLICABLE"
"CORE-AICTE-1-44638932600","AICTE Institution 1-44638932600","rankings","","","N/A","N/A","N/A","N/A","N/A","N/A","N/A","N/A","","","","","SAFE","None","NOT_APPLICABLE","NOT_APPLICABLE"
"CORE-AICTE-1-44638932600","AICTE Institution 1-44638932600","ceiScore","true","1","CEI Intelligence Analysis","N/A","N/A","N/A","N/A","N/A","N/A","N/A","","","","","REVIEW","None (Internal Calculation)","INTERNAL_METHODOLOGY_VISIBLE","MISSING"
"CORE-AICTE-1-44639546931","AICTE Institution 1-44639546931","seats","","","N/A","N/A","N/A","N/A","N/A","N/A","N/A","N/A","","","","","SAFE","None","NOT_APPLICABLE","NOT_APPLICABLE"
"CORE-AICTE-1-44639546931","AICTE Institution 1-44639546931","cutoffs","","","N/A","N/A","N/A","N/A","N/A","N/A","N/A","N/A","","","","","SAFE","None","NOT_APPLICABLE","NOT_APPLICABLE"
"CORE-AICTE-1-44639546931","AICTE Institution 1-44639546931","fees","","","N/A","N/A","N/A","N/A","N/A","N/A","N/A","N/A","","","","","SAFE","None","NOT_APPLICABLE","NOT_APPLICABLE"
"CORE-AICTE-1-44639546931","AICTE Institution 1-44639546931","placements","","","N/A","N/A","N/A","N/A","N/A","N/A","N/A","N/A","","","","","SAFE","None","NOT_APPLICABLE","NOT_APPLICABLE"
"CORE-AICTE-1-44639546931","AICTE Institution 1-44639546931","rankings","","","N/A","N/A","N/A","N/A","N/A","N/A","N/A","N/A","","","","","SAFE","None","NOT_APPLICABLE","NOT_APPLICABLE"
"CORE-AICTE-1-44639546931","AICTE Institution 1-44639546931","ceiScore","true","1","CEI Intelligence Analysis","N/A","N/A","N/A","N/A","N/A","N/A","N/A","","","","","REVIEW","None (Internal Calculation)","INTERNAL_METHODOLOGY_VISIBLE","MISSING"
"CORE-AICTE-1-44639563433","AICTE Institution 1-44639563433","seats","","","N/A","N/A","N/A","N/A","N/A","N/A","N/A","N/A","","","","","SAFE","None","NOT_APPLICABLE","NOT_APPLICABLE"
"CORE-AICTE-1-44639563433","AICTE Institution 1-44639563433","cutoffs","","","N/A","N/A","N/A","N/A","N/A","N/A","N/A","N/A","","","","","SAFE","None","NOT_APPLICABLE","NOT_APPLICABLE"
"CORE-AICTE-1-44639563433","AICTE Institution 1-44639563433","fees","","","N/A","N/A","N/A","N/A","N/A","N/A","N/A","N/A","","","","","SAFE","None","NOT_APPLICABLE","NOT_APPLICABLE"
"CORE-AICTE-1-44639563433","AICTE Institution 1-44639563433","placements","","","N/A","N/A","N/A","N/A","N/A","N/A","N/A","N/A","","","","","SAFE","None","NOT_APPLICABLE","NOT_APPLICABLE"
"CORE-AICTE-1-44639563433","AICTE Institution 1-44639563433","rankings","","","N/A","N/A","N/A","N/A","N/A","N/A","N/A","N/A","","","","","SAFE","None","NOT_APPLICABLE","NOT_APPLICABLE"
"CORE-AICTE-1-44639563433","AICTE Institution 1-44639563433","ceiScore","true","1","CEI Intelligence Analysis","N/A","N/A","N/A","N/A","N/A","N/A","N/A","","","","","REVIEW","None (Internal Calculation)","INTERNAL_METHODOLOGY_VISIBLE","MISSING"
"CORE-AICTE-1-44639658589","AICTE Institution 1-44639658589","seats","","","N/A","N/A","N/A","N/A","N/A","N/A","N/A","N/A","","","","","SAFE","None","NOT_APPLICABLE","NOT_APPLICABLE"
"CORE-AICTE-1-44639658589","AICTE Institution 1-44639658589","cutoffs","","","N/A","N/A","N/A","N/A","N/A","N/A","N/A","N/A","","","","","SAFE","None","NOT_APPLICABLE","NOT_APPLICABLE"
"CORE-AICTE-1-44639658589","AICTE Institution 1-44639658589","fees","","","N/A","N/A","N/A","N/A","N/A","N/A","N/A","N/A","","","","","SAFE","None","NOT_APPLICABLE","NOT_APPLICABLE"
"CORE-AICTE-1-44639658589","AICTE Institution 1-44639658589","placements","","","N/A","N/A","N/A","N/A","N/A","N/A","N/A","N/A","","","","","SAFE","None","NOT_APPLICABLE","NOT_APPLICABLE"
"CORE-AICTE-1-44639658589","AICTE Institution 1-44639658589","rankings","","","N/A","N/A","N/A","N/A","N/A","N/A","N/A","N/A","","","","","SAFE","None","NOT_APPLICABLE","NOT_APPLICABLE"
"CORE-AICTE-1-44639658589","AICTE Institution 1-44639658589","ceiScore","true","1","CEI Intelligence Analysis","N/A","N/A","N/A","N/A","N/A","N/A","N/A","","","","","REVIEW","None (Internal Calculation)","INTERNAL_METHODOLOGY_VISIBLE","MISSING"
"CORE-AICTE-1-44639754848","AICTE Institution 1-44639754848","seats","","","N/A","N/A","N/A","N/A","N/A","N/A","N/A","N/A","","","","","SAFE","None","NOT_APPLICABLE","NOT_APPLICABLE"
"CORE-AICTE-1-44639754848","AICTE Institution 1-44639754848","cutoffs","","","N/A","N/A","N/A","N/A","N/A","N/A","N/A","N/A","","","","","SAFE","None","NOT_APPLICABLE","NOT_APPLICABLE"
"CORE-AICTE-1-44639754848","AICTE Institution 1-44639754848","fees","","","N/A","N/A","N/A","N/A","N/A","N/A","N/A","N/A","","","","","SAFE","None","NOT_APPLICABLE","NOT_APPLICABLE"
"CORE-AICTE-1-44639754848","AICTE Institution 1-44639754848","placements","","","N/A","N/A","N/A","N/A","N/A","N/A","N/A","N/A","","","","","SAFE","None","NOT_APPLICABLE","NOT_APPLICABLE"
"CORE-AICTE-1-44639754848","AICTE Institution 1-44639754848","rankings","","","N/A","N/A","N/A","N/A","N/A","N/A","N/A","N/A","","","","","SAFE","None","NOT_APPLICABLE","NOT_APPLICABLE"
"CORE-AICTE-1-44639754848","AICTE Institution 1-44639754848","ceiScore","true","1","CEI Intelligence Analysis","N/A","N/A","N/A","N/A","N/A","N/A","N/A","","","","","REVIEW","None (Internal Calculation)","INTERNAL_METHODOLOGY_VISIBLE","MISSING"
"CORE-AICTE-1-44639772141","AICTE Institution 1-44639772141","seats","","","N/A","N/A","N/A","N/A","N/A","N/A","N/A","N/A","","","","","SAFE","None","NOT_APPLICABLE","NOT_APPLICABLE"
"CORE-AICTE-1-44639772141","AICTE Institution 1-44639772141","cutoffs","","","N/A","N/A","N/A","N/A","N/A","N/A","N/A","N/A","","","","","SAFE","None","NOT_APPLICABLE","NOT_APPLICABLE"
"CORE-AICTE-1-44639772141","AICTE Institution 1-44639772141","fees","","","N/A","N/A","N/A","N/A","N/A","N/A","N/A","N/A","","","","","SAFE","None","NOT_APPLICABLE","NOT_APPLICABLE"
"CORE-AICTE-1-44639772141","AICTE Institution 1-44639772141","placements","","","N/A","N/A","N/A","N/A","N/A","N/A","N/A","N/A","","","","","SAFE","None","NOT_APPLICABLE","NOT_APPLICABLE"
"CORE-AICTE-1-44639772141","AICTE Institution 1-44639772141","rankings","","","N/A","N/A","N/A","N/A","N/A","N/A","N/A","N/A","","","","","SAFE","None","NOT_APPLICABLE","NOT_APPLICABLE"
"CORE-AICTE-1-44639772141","AICTE Institution 1-44639772141","ceiScore","true","1","CEI Intelligence Analysis","N/A","N/A","N/A","N/A","N/A","N/A","N/A","","","","","REVIEW","None (Internal Calculation)","INTERNAL_METHODOLOGY_VISIBLE","MISSING"
"CORE-AICTE-1-44639864156","AICTE Institution 1-44639864156","seats","","","N/A","N/A","N/A","N/A","N/A","N/A","N/A","N/A","","","","","SAFE","None","NOT_APPLICABLE","NOT_APPLICABLE"
"CORE-AICTE-1-44639864156","AICTE Institution 1-44639864156","cutoffs","","","N/A","N/A","N/A","N/A","N/A","N/A","N/A","N/A","","","","","SAFE","None","NOT_APPLICABLE","NOT_APPLICABLE"
"CORE-AICTE-1-44639864156","AICTE Institution 1-44639864156","fees","","","N/A","N/A","N/A","N/A","N/A","N/A","N/A","N/A","","","","","SAFE","None","NOT_APPLICABLE","NOT_APPLICABLE"
"CORE-AICTE-1-44639864156","AICTE Institution 1-44639864156","placements","","","N/A","N/A","N/A","N/A","N/A","N/A","N/A","N/A","","","","","SAFE","None","NOT_APPLICABLE","NOT_APPLICABLE"
"CORE-AICTE-1-44639864156","AICTE Institution 1-44639864156","rankings","","","N/A","N/A","N/A","N/A","N/A","N/A","N/A","N/A","","","","","SAFE","None","NOT_APPLICABLE","NOT_APPLICABLE"
"CORE-AICTE-1-44639864156","AICTE Institution 1-44639864156","ceiScore","true","1","CEI Intelligence Analysis","N/A","N/A","N/A","N/A","N/A","N/A","N/A","","","","","REVIEW","None (Internal Calculation)","INTERNAL_METHODOLOGY_VISIBLE","MISSING"
"CORE-AICTE-1-44639945530","AICTE Institution 1-44639945530","seats","","","N/A","N/A","N/A","N/A","N/A","N/A","N/A","N/A","","","","","SAFE","None","NOT_APPLICABLE","NOT_APPLICABLE"
"CORE-AICTE-1-44639945530","AICTE Institution 1-44639945530","cutoffs","","","N/A","N/A","N/A","N/A","N/A","N/A","N/A","N/A","","","","","SAFE","None","NOT_APPLICABLE","NOT_APPLICABLE"
"CORE-AICTE-1-44639945530","AICTE Institution 1-44639945530","fees","","","N/A","N/A","N/A","N/A","N/A","N/A","N/A","N/A","","","","","SAFE","None","NOT_APPLICABLE","NOT_APPLICABLE"
"CORE-AICTE-1-44639945530","AICTE Institution 1-44639945530","placements","","","N/A","N/A","N/A","N/A","N/A","N/A","N/A","N/A","","","","","SAFE","None","NOT_APPLICABLE","NOT_APPLICABLE"
"CORE-AICTE-1-44639945530","AICTE Institution 1-44639945530","rankings","","","N/A","N/A","N/A","N/A","N/A","N/A","N/A","N/A","","","","","SAFE","None","NOT_APPLICABLE","NOT_APPLICABLE"
"CORE-AICTE-1-44639945530","AICTE Institution 1-44639945530","ceiScore","true","1","CEI Intelligence Analysis","N/A","N/A","N/A","N/A","N/A","N/A","N/A","","","","","REVIEW","None (Internal Calculation)","INTERNAL_METHODOLOGY_VISIBLE","MISSING"
"CORE-AICTE-1-44640046939","AICTE Institution 1-44640046939","seats","","","N/A","N/A","N/A","N/A","N/A","N/A","N/A","N/A","","","","","SAFE","None","NOT_APPLICABLE","NOT_APPLICABLE"
"CORE-AICTE-1-44640046939","AICTE Institution 1-44640046939","cutoffs","","","N/A","N/A","N/A","N/A","N/A","N/A","N/A","N/A","","","","","SAFE","None","NOT_APPLICABLE","NOT_APPLICABLE"
"CORE-AICTE-1-44640046939","AICTE Institution 1-44640046939","fees","","","N/A","N/A","N/A","N/A","N/A","N/A","N/A","N/A","","","","","SAFE","None","NOT_APPLICABLE","NOT_APPLICABLE"
"CORE-AICTE-1-44640046939","AICTE Institution 1-44640046939","placements","","","N/A","N/A","N/A","N/A","N/A","N/A","N/A","N/A","","","","","SAFE","None","NOT_APPLICABLE","NOT_APPLICABLE"
"CORE-AICTE-1-44640046939","AICTE Institution 1-44640046939","rankings","","","N/A","N/A","N/A","N/A","N/A","N/A","N/A","N/A","","","","","SAFE","None","NOT_APPLICABLE","NOT_APPLICABLE"
"CORE-AICTE-1-44640046939","AICTE Institution 1-44640046939","ceiScore","true","1","CEI Intelligence Analysis","N/A","N/A","N/A","N/A","N/A","N/A","N/A","","","","","REVIEW","None (Internal Calculation)","INTERNAL_METHODOLOGY_VISIBLE","MISSING"
"CORE-AICTE-1-44640191315","AICTE Institution 1-44640191315","seats","","","N/A","N/A","N/A","N/A","N/A","N/A","N/A","N/A","","","","","SAFE","None","NOT_APPLICABLE","NOT_APPLICABLE"
"CORE-AICTE-1-44640191315","AICTE Institution 1-44640191315","cutoffs","","","N/A","N/A","N/A","N/A","N/A","N/A","N/A","N/A","","","","","SAFE","None","NOT_APPLICABLE","NOT_APPLICABLE"
"CORE-AICTE-1-44640191315","AICTE Institution 1-44640191315","fees","","","N/A","N/A","N/A","N/A","N/A","N/A","N/A","N/A","","","","","SAFE","None","NOT_APPLICABLE","NOT_APPLICABLE"
"CORE-AICTE-1-44640191315","AICTE Institution 1-44640191315","placements","","","N/A","N/A","N/A","N/A","N/A","N/A","N/A","N/A","","","","","SAFE","None","NOT_APPLICABLE","NOT_APPLICABLE"
"CORE-AICTE-1-44640191315","AICTE Institution 1-44640191315","rankings","","","N/A","N/A","N/A","N/A","N/A","N/A","N/A","N/A","","","","","SAFE","None","NOT_APPLICABLE","NOT_APPLICABLE"
"CORE-AICTE-1-44640191315","AICTE Institution 1-44640191315","ceiScore","true","1","CEI Intelligence Analysis","N/A","N/A","N/A","N/A","N/A","N/A","N/A","","","","","REVIEW","None (Internal Calculation)","INTERNAL_METHODOLOGY_VISIBLE","MISSING"
"CORE-AICTE-1-44640195682","AICTE Institution 1-44640195682","seats","","","N/A","N/A","N/A","N/A","N/A","N/A","N/A","N/A","","","","","SAFE","None","NOT_APPLICABLE","NOT_APPLICABLE"
"CORE-AICTE-1-44640195682","AICTE Institution 1-44640195682","cutoffs","","","N/A","N/A","N/A","N/A","N/A","N/A","N/A","N/A","","","","","SAFE","None","NOT_APPLICABLE","NOT_APPLICABLE"
"CORE-AICTE-1-44640195682","AICTE Institution 1-44640195682","fees","","","N/A","N/A","N/A","N/A","N/A","N/A","N/A","N/A","","","","","SAFE","None","NOT_APPLICABLE","NOT_APPLICABLE"
"CORE-AICTE-1-44640195682","AICTE Institution 1-44640195682","placements","","","N/A","N/A","N/A","N/A","N/A","N/A","N/A","N/A","","","","","SAFE","None","NOT_APPLICABLE","NOT_APPLICABLE"
"CORE-AICTE-1-44640195682","AICTE Institution 1-44640195682","rankings","","","N/A","N/A","N/A","N/A","N/A","N/A","N/A","N/A","","","","","SAFE","None","NOT_APPLICABLE","NOT_APPLICABLE"
"CORE-AICTE-1-44640195682","AICTE Institution 1-44640195682","ceiScore","true","1","CEI Intelligence Analysis","N/A","N/A","N/A","N/A","N/A","N/A","N/A","","","","","REVIEW","None (Internal Calculation)","INTERNAL_METHODOLOGY_VISIBLE","MISSING"
"CORE-AICTE-1-44640234814","AICTE Institution 1-44640234814","seats","","","N/A","N/A","N/A","N/A","N/A","N/A","N/A","N/A","","","","","SAFE","None","NOT_APPLICABLE","NOT_APPLICABLE"
"CORE-AICTE-1-44640234814","AICTE Institution 1-44640234814","cutoffs","","","N/A","N/A","N/A","N/A","N/A","N/A","N/A","N/A","","","","","SAFE","None","NOT_APPLICABLE","NOT_APPLICABLE"
"CORE-AICTE-1-44640234814","AICTE Institution 1-44640234814","fees","","","N/A","N/A","N/A","N/A","N/A","N/A","N/A","N/A","","","","","SAFE","None","NOT_APPLICABLE","NOT_APPLICABLE"
"CORE-AICTE-1-44640234814","AICTE Institution 1-44640234814","placements","","","N/A","N/A","N/A","N/A","N/A","N/A","N/A","N/A","","","","","SAFE","None","NOT_APPLICABLE","NOT_APPLICABLE"
"CORE-AICTE-1-44640234814","AICTE Institution 1-44640234814","rankings","","","N/A","N/A","N/A","N/A","N/A","N/A","N/A","N/A","","","","","SAFE","None","NOT_APPLICABLE","NOT_APPLICABLE"
"CORE-AICTE-1-44640234814","AICTE Institution 1-44640234814","ceiScore","true","1","CEI Intelligence Analysis","N/A","N/A","N/A","N/A","N/A","N/A","N/A","","","","","REVIEW","None (Internal Calculation)","INTERNAL_METHODOLOGY_VISIBLE","MISSING"
"CORE-AICTE-1-44640290488","AICTE Institution 1-44640290488","seats","","","N/A","N/A","N/A","N/A","N/A","N/A","N/A","N/A","","","","","SAFE","None","NOT_APPLICABLE","NOT_APPLICABLE"
"CORE-AICTE-1-44640290488","AICTE Institution 1-44640290488","cutoffs","","","N/A","N/A","N/A","N/A","N/A","N/A","N/A","N/A","","","","","SAFE","None","NOT_APPLICABLE","NOT_APPLICABLE"
"CORE-AICTE-1-44640290488","AICTE Institution 1-44640290488","fees","","","N/A","N/A","N/A","N/A","N/A","N/A","N/A","N/A","","","","","SAFE","None","NOT_APPLICABLE","NOT_APPLICABLE"
"CORE-AICTE-1-44640290488","AICTE Institution 1-44640290488","placements","","","N/A","N/A","N/A","N/A","N/A","N/A","N/A","N/A","","","","","SAFE","None","NOT_APPLICABLE","NOT_APPLICABLE"
"CORE-AICTE-1-44640290488","AICTE Institution 1-44640290488","rankings","","","N/A","N/A","N/A","N/A","N/A","N/A","N/A","N/A","","","","","SAFE","None","NOT_APPLICABLE","NOT_APPLICABLE"
"CORE-AICTE-1-44640290488","AICTE Institution 1-44640290488","ceiScore","true","1","CEI Intelligence Analysis","N/A","N/A","N/A","N/A","N/A","N/A","N/A","","","","","REVIEW","None (Internal Calculation)","INTERNAL_METHODOLOGY_VISIBLE","MISSING"
"CORE-AICTE-1-44640371659","AICTE Institution 1-44640371659","seats","","","N/A","N/A","N/A","N/A","N/A","N/A","N/A","N/A","","","","","SAFE","None","NOT_APPLICABLE","NOT_APPLICABLE"
"CORE-AICTE-1-44640371659","AICTE Institution 1-44640371659","cutoffs","","","N/A","N/A","N/A","N/A","N/A","N/A","N/A","N/A","","","","","SAFE","None","NOT_APPLICABLE","NOT_APPLICABLE"
"CORE-AICTE-1-44640371659","AICTE Institution 1-44640371659","fees","","","N/A","N/A","N/A","N/A","N/A","N/A","N/A","N/A","","","","","SAFE","None","NOT_APPLICABLE","NOT_APPLICABLE"
"CORE-AICTE-1-44640371659","AICTE Institution 1-44640371659","placements","","","N/A","N/A","N/A","N/A","N/A","N/A","N/A","N/A","","","","","SAFE","None","NOT_APPLICABLE","NOT_APPLICABLE"
"CORE-AICTE-1-44640371659","AICTE Institution 1-44640371659","rankings","","","N/A","N/A","N/A","N/A","N/A","N/A","N/A","N/A","","","","","SAFE","None","NOT_APPLICABLE","NOT_APPLICABLE"
"CORE-AICTE-1-44640371659","AICTE Institution 1-44640371659","ceiScore","true","1","CEI Intelligence Analysis","N/A","N/A","N/A","N/A","N/A","N/A","N/A","","","","","REVIEW","None (Internal Calculation)","INTERNAL_METHODOLOGY_VISIBLE","MISSING"
"CORE-AICTE-1-44640415205","AICTE Institution 1-44640415205","seats","","","N/A","N/A","N/A","N/A","N/A","N/A","N/A","N/A","","","","","SAFE","None","NOT_APPLICABLE","NOT_APPLICABLE"
"CORE-AICTE-1-44640415205","AICTE Institution 1-44640415205","cutoffs","","","N/A","N/A","N/A","N/A","N/A","N/A","N/A","N/A","","","","","SAFE","None","NOT_APPLICABLE","NOT_APPLICABLE"
"CORE-AICTE-1-44640415205","AICTE Institution 1-44640415205","fees","","","N/A","N/A","N/A","N/A","N/A","N/A","N/A","N/A","","","","","SAFE","None","NOT_APPLICABLE","NOT_APPLICABLE"
"CORE-AICTE-1-44640415205","AICTE Institution 1-44640415205","placements","","","N/A","N/A","N/A","N/A","N/A","N/A","N/A","N/A","","","","","SAFE","None","NOT_APPLICABLE","NOT_APPLICABLE"
"CORE-AICTE-1-44640415205","AICTE Institution 1-44640415205","rankings","","","N/A","N/A","N/A","N/A","N/A","N/A","N/A","N/A","","","","","SAFE","None","NOT_APPLICABLE","NOT_APPLICABLE"
"CORE-AICTE-1-44640415205","AICTE Institution 1-44640415205","ceiScore","true","1","CEI Intelligence Analysis","N/A","N/A","N/A","N/A","N/A","N/A","N/A","","","","","REVIEW","None (Internal Calculation)","INTERNAL_METHODOLOGY_VISIBLE","MISSING"
"CORE-AICTE-1-44640419040","AICTE Institution 1-44640419040","seats","","","N/A","N/A","N/A","N/A","N/A","N/A","N/A","N/A","","","","","SAFE","None","NOT_APPLICABLE","NOT_APPLICABLE"
"CORE-AICTE-1-44640419040","AICTE Institution 1-44640419040","cutoffs","","","N/A","N/A","N/A","N/A","N/A","N/A","N/A","N/A","","","","","SAFE","None","NOT_APPLICABLE","NOT_APPLICABLE"
"CORE-AICTE-1-44640419040","AICTE Institution 1-44640419040","fees","","","N/A","N/A","N/A","N/A","N/A","N/A","N/A","N/A","","","","","SAFE","None","NOT_APPLICABLE","NOT_APPLICABLE"
"CORE-AICTE-1-44640419040","AICTE Institution 1-44640419040","placements","","","N/A","N/A","N/A","N/A","N/A","N/A","N/A","N/A","","","","","SAFE","None","NOT_APPLICABLE","NOT_APPLICABLE"
"CORE-AICTE-1-44640419040","AICTE Institution 1-44640419040","rankings","","","N/A","N/A","N/A","N/A","N/A","N/A","N/A","N/A","","","","","SAFE","None","NOT_APPLICABLE","NOT_APPLICABLE"
"CORE-AICTE-1-44640419040","AICTE Institution 1-44640419040","ceiScore","true","1","CEI Intelligence Analysis","N/A","N/A","N/A","N/A","N/A","N/A","N/A","","","","","REVIEW","None (Internal Calculation)","INTERNAL_METHODOLOGY_VISIBLE","MISSING"
"CORE-AICTE-1-44640586918","AICTE Institution 1-44640586918","seats","","","N/A","N/A","N/A","N/A","N/A","N/A","N/A","N/A","","","","","SAFE","None","NOT_APPLICABLE","NOT_APPLICABLE"
"CORE-AICTE-1-44640586918","AICTE Institution 1-44640586918","cutoffs","","","N/A","N/A","N/A","N/A","N/A","N/A","N/A","N/A","","","","","SAFE","None","NOT_APPLICABLE","NOT_APPLICABLE"
"CORE-AICTE-1-44640586918","AICTE Institution 1-44640586918","fees","","","N/A","N/A","N/A","N/A","N/A","N/A","N/A","N/A","","","","","SAFE","None","NOT_APPLICABLE","NOT_APPLICABLE"
"CORE-AICTE-1-44640586918","AICTE Institution 1-44640586918","placements","","","N/A","N/A","N/A","N/A","N/A","N/A","N/A","N/A","","","","","SAFE","None","NOT_APPLICABLE","NOT_APPLICABLE"
"CORE-AICTE-1-44640586918","AICTE Institution 1-44640586918","rankings","","","N/A","N/A","N/A","N/A","N/A","N/A","N/A","N/A","","","","","SAFE","None","NOT_APPLICABLE","NOT_APPLICABLE"
"CORE-AICTE-1-44640586918","AICTE Institution 1-44640586918","ceiScore","true","1","CEI Intelligence Analysis","N/A","N/A","N/A","N/A","N/A","N/A","N/A","","","","","REVIEW","None (Internal Calculation)","INTERNAL_METHODOLOGY_VISIBLE","MISSING"
"CORE-AICTE-1-44640825251","AICTE Institution 1-44640825251","seats","","","N/A","N/A","N/A","N/A","N/A","N/A","N/A","N/A","","","","","SAFE","None","NOT_APPLICABLE","NOT_APPLICABLE"
"CORE-AICTE-1-44640825251","AICTE Institution 1-44640825251","cutoffs","","","N/A","N/A","N/A","N/A","N/A","N/A","N/A","N/A","","","","","SAFE","None","NOT_APPLICABLE","NOT_APPLICABLE"
"CORE-AICTE-1-44640825251","AICTE Institution 1-44640825251","fees","","","N/A","N/A","N/A","N/A","N/A","N/A","N/A","N/A","","","","","SAFE","None","NOT_APPLICABLE","NOT_APPLICABLE"
"CORE-AICTE-1-44640825251","AICTE Institution 1-44640825251","placements","","","N/A","N/A","N/A","N/A","N/A","N/A","N/A","N/A","","","","","SAFE","None","NOT_APPLICABLE","NOT_APPLICABLE"
"CORE-AICTE-1-44640825251","AICTE Institution 1-44640825251","rankings","","","N/A","N/A","N/A","N/A","N/A","N/A","N/A","N/A","","","","","SAFE","None","NOT_APPLICABLE","NOT_APPLICABLE"
"CORE-AICTE-1-44640825251","AICTE Institution 1-44640825251","ceiScore","true","1","CEI Intelligence Analysis","N/A","N/A","N/A","N/A","N/A","N/A","N/A","","","","","REVIEW","None (Internal Calculation)","INTERNAL_METHODOLOGY_VISIBLE","MISSING"
"CORE-AICTE-1-44640884023","AICTE Institution 1-44640884023","seats","","","N/A","N/A","N/A","N/A","N/A","N/A","N/A","N/A","","","","","SAFE","None","NOT_APPLICABLE","NOT_APPLICABLE"
"CORE-AICTE-1-44640884023","AICTE Institution 1-44640884023","cutoffs","","","N/A","N/A","N/A","N/A","N/A","N/A","N/A","N/A","","","","","SAFE","None","NOT_APPLICABLE","NOT_APPLICABLE"
"CORE-AICTE-1-44640884023","AICTE Institution 1-44640884023","fees","","","N/A","N/A","N/A","N/A","N/A","N/A","N/A","N/A","","","","","SAFE","None","NOT_APPLICABLE","NOT_APPLICABLE"
"CORE-AICTE-1-44640884023","AICTE Institution 1-44640884023","placements","","","N/A","N/A","N/A","N/A","N/A","N/A","N/A","N/A","","","","","SAFE","None","NOT_APPLICABLE","NOT_APPLICABLE"
"CORE-AICTE-1-44640884023","AICTE Institution 1-44640884023","rankings","","","N/A","N/A","N/A","N/A","N/A","N/A","N/A","N/A","","","","","SAFE","None","NOT_APPLICABLE","NOT_APPLICABLE"
"CORE-AICTE-1-44640884023","AICTE Institution 1-44640884023","ceiScore","true","1","CEI Intelligence Analysis","N/A","N/A","N/A","N/A","N/A","N/A","N/A","","","","","REVIEW","None (Internal Calculation)","INTERNAL_METHODOLOGY_VISIBLE","MISSING"
"CORE-AICTE-1-44640936781","AICTE Institution 1-44640936781","seats","","","N/A","N/A","N/A","N/A","N/A","N/A","N/A","N/A","","","","","SAFE","None","NOT_APPLICABLE","NOT_APPLICABLE"
"CORE-AICTE-1-44640936781","AICTE Institution 1-44640936781","cutoffs","","","N/A","N/A","N/A","N/A","N/A","N/A","N/A","N/A","","","","","SAFE","None","NOT_APPLICABLE","NOT_APPLICABLE"
"CORE-AICTE-1-44640936781","AICTE Institution 1-44640936781","fees","","","N/A","N/A","N/A","N/A","N/A","N/A","N/A","N/A","","","","","SAFE","None","NOT_APPLICABLE","NOT_APPLICABLE"
"CORE-AICTE-1-44640936781","AICTE Institution 1-44640936781","placements","","","N/A","N/A","N/A","N/A","N/A","N/A","N/A","N/A","","","","","SAFE","None","NOT_APPLICABLE","NOT_APPLICABLE"
"CORE-AICTE-1-44640936781","AICTE Institution 1-44640936781","rankings","","","N/A","N/A","N/A","N/A","N/A","N/A","N/A","N/A","","","","","SAFE","None","NOT_APPLICABLE","NOT_APPLICABLE"
"CORE-AICTE-1-44640936781","AICTE Institution 1-44640936781","ceiScore","true","1","CEI Intelligence Analysis","N/A","N/A","N/A","N/A","N/A","N/A","N/A","","","","","REVIEW","None (Internal Calculation)","INTERNAL_METHODOLOGY_VISIBLE","MISSING"
"CORE-AICTE-1-44641284570","AICTE Institution 1-44641284570","seats","","","N/A","N/A","N/A","N/A","N/A","N/A","N/A","N/A","","","","","SAFE","None","NOT_APPLICABLE","NOT_APPLICABLE"
"CORE-AICTE-1-44641284570","AICTE Institution 1-44641284570","cutoffs","","","N/A","N/A","N/A","N/A","N/A","N/A","N/A","N/A","","","","","SAFE","None","NOT_APPLICABLE","NOT_APPLICABLE"
"CORE-AICTE-1-44641284570","AICTE Institution 1-44641284570","fees","","","N/A","N/A","N/A","N/A","N/A","N/A","N/A","N/A","","","","","SAFE","None","NOT_APPLICABLE","NOT_APPLICABLE"
"CORE-AICTE-1-44641284570","AICTE Institution 1-44641284570","placements","","","N/A","N/A","N/A","N/A","N/A","N/A","N/A","N/A","","","","","SAFE","None","NOT_APPLICABLE","NOT_APPLICABLE"
"CORE-AICTE-1-44641284570","AICTE Institution 1-44641284570","rankings","","","N/A","N/A","N/A","N/A","N/A","N/A","N/A","N/A","","","","","SAFE","None","NOT_APPLICABLE","NOT_APPLICABLE"
"CORE-AICTE-1-44641284570","AICTE Institution 1-44641284570","ceiScore","true","1","CEI Intelligence Analysis","N/A","N/A","N/A","N/A","N/A","N/A","N/A","","","","","REVIEW","None (Internal Calculation)","INTERNAL_METHODOLOGY_VISIBLE","MISSING"
"CORE-AICTE-1-44641394123","AICTE Institution 1-44641394123","seats","","","N/A","N/A","N/A","N/A","N/A","N/A","N/A","N/A","","","","","SAFE","None","NOT_APPLICABLE","NOT_APPLICABLE"
"CORE-AICTE-1-44641394123","AICTE Institution 1-44641394123","cutoffs","","","N/A","N/A","N/A","N/A","N/A","N/A","N/A","N/A","","","","","SAFE","None","NOT_APPLICABLE","NOT_APPLICABLE"
"CORE-AICTE-1-44641394123","AICTE Institution 1-44641394123","fees","","","N/A","N/A","N/A","N/A","N/A","N/A","N/A","N/A","","","","","SAFE","None","NOT_APPLICABLE","NOT_APPLICABLE"
"CORE-AICTE-1-44641394123","AICTE Institution 1-44641394123","placements","","","N/A","N/A","N/A","N/A","N/A","N/A","N/A","N/A","","","","","SAFE","None","NOT_APPLICABLE","NOT_APPLICABLE"
"CORE-AICTE-1-44641394123","AICTE Institution 1-44641394123","rankings","","","N/A","N/A","N/A","N/A","N/A","N/A","N/A","N/A","","","","","SAFE","None","NOT_APPLICABLE","NOT_APPLICABLE"
"CORE-AICTE-1-44641394123","AICTE Institution 1-44641394123","ceiScore","true","1","CEI Intelligence Analysis","N/A","N/A","N/A","N/A","N/A","N/A","N/A","","","","","REVIEW","None (Internal Calculation)","INTERNAL_METHODOLOGY_VISIBLE","MISSING"
"CORE-AICTE-1-44641549024","AICTE Institution 1-44641549024","seats","","","N/A","N/A","N/A","N/A","N/A","N/A","N/A","N/A","","","","","SAFE","None","NOT_APPLICABLE","NOT_APPLICABLE"
"CORE-AICTE-1-44641549024","AICTE Institution 1-44641549024","cutoffs","","","N/A","N/A","N/A","N/A","N/A","N/A","N/A","N/A","","","","","SAFE","None","NOT_APPLICABLE","NOT_APPLICABLE"
"CORE-AICTE-1-44641549024","AICTE Institution 1-44641549024","fees","","","N/A","N/A","N/A","N/A","N/A","N/A","N/A","N/A","","","","","SAFE","None","NOT_APPLICABLE","NOT_APPLICABLE"
"CORE-AICTE-1-44641549024","AICTE Institution 1-44641549024","placements","","","N/A","N/A","N/A","N/A","N/A","N/A","N/A","N/A","","","","","SAFE","None","NOT_APPLICABLE","NOT_APPLICABLE"
"CORE-AICTE-1-44641549024","AICTE Institution 1-44641549024","rankings","","","N/A","N/A","N/A","N/A","N/A","N/A","N/A","N/A","","","","","SAFE","None","NOT_APPLICABLE","NOT_APPLICABLE"
"CORE-AICTE-1-44641549024","AICTE Institution 1-44641549024","ceiScore","true","1","CEI Intelligence Analysis","N/A","N/A","N/A","N/A","N/A","N/A","N/A","","","","","REVIEW","None (Internal Calculation)","INTERNAL_METHODOLOGY_VISIBLE","MISSING"
"CORE-AICTE-1-44641659758","AICTE Institution 1-44641659758","seats","","","N/A","N/A","N/A","N/A","N/A","N/A","N/A","N/A","","","","","SAFE","None","NOT_APPLICABLE","NOT_APPLICABLE"
"CORE-AICTE-1-44641659758","AICTE Institution 1-44641659758","cutoffs","","","N/A","N/A","N/A","N/A","N/A","N/A","N/A","N/A","","","","","SAFE","None","NOT_APPLICABLE","NOT_APPLICABLE"
"CORE-AICTE-1-44641659758","AICTE Institution 1-44641659758","fees","","","N/A","N/A","N/A","N/A","N/A","N/A","N/A","N/A","","","","","SAFE","None","NOT_APPLICABLE","NOT_APPLICABLE"
"CORE-AICTE-1-44641659758","AICTE Institution 1-44641659758","placements","","","N/A","N/A","N/A","N/A","N/A","N/A","N/A","N/A","","","","","SAFE","None","NOT_APPLICABLE","NOT_APPLICABLE"
"CORE-AICTE-1-44641659758","AICTE Institution 1-44641659758","rankings","","","N/A","N/A","N/A","N/A","N/A","N/A","N/A","N/A","","","","","SAFE","None","NOT_APPLICABLE","NOT_APPLICABLE"
"CORE-AICTE-1-44641659758","AICTE Institution 1-44641659758","ceiScore","true","1","CEI Intelligence Analysis","N/A","N/A","N/A","N/A","N/A","N/A","N/A","","","","","REVIEW","None (Internal Calculation)","INTERNAL_METHODOLOGY_VISIBLE","MISSING"
"CORE-AICTE-1-44641676837","AICTE Institution 1-44641676837","seats","","","N/A","N/A","N/A","N/A","N/A","N/A","N/A","N/A","","","","","SAFE","None","NOT_APPLICABLE","NOT_APPLICABLE"
"CORE-AICTE-1-44641676837","AICTE Institution 1-44641676837","cutoffs","","","N/A","N/A","N/A","N/A","N/A","N/A","N/A","N/A","","","","","SAFE","None","NOT_APPLICABLE","NOT_APPLICABLE"
"CORE-AICTE-1-44641676837","AICTE Institution 1-44641676837","fees","","","N/A","N/A","N/A","N/A","N/A","N/A","N/A","N/A","","","","","SAFE","None","NOT_APPLICABLE","NOT_APPLICABLE"
"CORE-AICTE-1-44641676837","AICTE Institution 1-44641676837","placements","","","N/A","N/A","N/A","N/A","N/A","N/A","N/A","N/A","","","","","SAFE","None","NOT_APPLICABLE","NOT_APPLICABLE"
"CORE-AICTE-1-44641676837","AICTE Institution 1-44641676837","rankings","","","N/A","N/A","N/A","N/A","N/A","N/A","N/A","N/A","","","","","SAFE","None","NOT_APPLICABLE","NOT_APPLICABLE"
"CORE-AICTE-1-44641676837","AICTE Institution 1-44641676837","ceiScore","true","1","CEI Intelligence Analysis","N/A","N/A","N/A","N/A","N/A","N/A","N/A","","","","","REVIEW","None (Internal Calculation)","INTERNAL_METHODOLOGY_VISIBLE","MISSING"
"CORE-AICTE-1-44641678195","AICTE Institution 1-44641678195","seats","","","N/A","N/A","N/A","N/A","N/A","N/A","N/A","N/A","","","","","SAFE","None","NOT_APPLICABLE","NOT_APPLICABLE"
"CORE-AICTE-1-44641678195","AICTE Institution 1-44641678195","cutoffs","","","N/A","N/A","N/A","N/A","N/A","N/A","N/A","N/A","","","","","SAFE","None","NOT_APPLICABLE","NOT_APPLICABLE"
"CORE-AICTE-1-44641678195","AICTE Institution 1-44641678195","fees","","","N/A","N/A","N/A","N/A","N/A","N/A","N/A","N/A","","","","","SAFE","None","NOT_APPLICABLE","NOT_APPLICABLE"
"CORE-AICTE-1-44641678195","AICTE Institution 1-44641678195","placements","","","N/A","N/A","N/A","N/A","N/A","N/A","N/A","N/A","","","","","SAFE","None","NOT_APPLICABLE","NOT_APPLICABLE"
"CORE-AICTE-1-44641678195","AICTE Institution 1-44641678195","rankings","","","N/A","N/A","N/A","N/A","N/A","N/A","N/A","N/A","","","","","SAFE","None","NOT_APPLICABLE","NOT_APPLICABLE"
"CORE-AICTE-1-44641678195","AICTE Institution 1-44641678195","ceiScore","true","1","CEI Intelligence Analysis","N/A","N/A","N/A","N/A","N/A","N/A","N/A","","","","","REVIEW","None (Internal Calculation)","INTERNAL_METHODOLOGY_VISIBLE","MISSING"
"CORE-AICTE-1-44641745478","AICTE Institution 1-44641745478","seats","","","N/A","N/A","N/A","N/A","N/A","N/A","N/A","N/A","","","","","SAFE","None","NOT_APPLICABLE","NOT_APPLICABLE"
"CORE-AICTE-1-44641745478","AICTE Institution 1-44641745478","cutoffs","","","N/A","N/A","N/A","N/A","N/A","N/A","N/A","N/A","","","","","SAFE","None","NOT_APPLICABLE","NOT_APPLICABLE"
"CORE-AICTE-1-44641745478","AICTE Institution 1-44641745478","fees","","","N/A","N/A","N/A","N/A","N/A","N/A","N/A","N/A","","","","","SAFE","None","NOT_APPLICABLE","NOT_APPLICABLE"
"CORE-AICTE-1-44641745478","AICTE Institution 1-44641745478","placements","","","N/A","N/A","N/A","N/A","N/A","N/A","N/A","N/A","","","","","SAFE","None","NOT_APPLICABLE","NOT_APPLICABLE"
"CORE-AICTE-1-44641745478","AICTE Institution 1-44641745478","rankings","","","N/A","N/A","N/A","N/A","N/A","N/A","N/A","N/A","","","","","SAFE","None","NOT_APPLICABLE","NOT_APPLICABLE"
"CORE-AICTE-1-44641745478","AICTE Institution 1-44641745478","ceiScore","true","1","CEI Intelligence Analysis","N/A","N/A","N/A","N/A","N/A","N/A","N/A","","","","","REVIEW","None (Internal Calculation)","INTERNAL_METHODOLOGY_VISIBLE","MISSING"
"CORE-AICTE-1-44641771420","AICTE Institution 1-44641771420","seats","","","N/A","N/A","N/A","N/A","N/A","N/A","N/A","N/A","","","","","SAFE","None","NOT_APPLICABLE","NOT_APPLICABLE"
"CORE-AICTE-1-44641771420","AICTE Institution 1-44641771420","cutoffs","","","N/A","N/A","N/A","N/A","N/A","N/A","N/A","N/A","","","","","SAFE","None","NOT_APPLICABLE","NOT_APPLICABLE"
"CORE-AICTE-1-44641771420","AICTE Institution 1-44641771420","fees","","","N/A","N/A","N/A","N/A","N/A","N/A","N/A","N/A","","","","","SAFE","None","NOT_APPLICABLE","NOT_APPLICABLE"
"CORE-AICTE-1-44641771420","AICTE Institution 1-44641771420","placements","","","N/A","N/A","N/A","N/A","N/A","N/A","N/A","N/A","","","","","SAFE","None","NOT_APPLICABLE","NOT_APPLICABLE"
"CORE-AICTE-1-44641771420","AICTE Institution 1-44641771420","rankings","","","N/A","N/A","N/A","N/A","N/A","N/A","N/A","N/A","","","","","SAFE","None","NOT_APPLICABLE","NOT_APPLICABLE"
"CORE-AICTE-1-44641771420","AICTE Institution 1-44641771420","ceiScore","true","1","CEI Intelligence Analysis","N/A","N/A","N/A","N/A","N/A","N/A","N/A","","","","","REVIEW","None (Internal Calculation)","INTERNAL_METHODOLOGY_VISIBLE","MISSING"
"CORE-AICTE-1-44641806108","AICTE Institution 1-44641806108","seats","","","N/A","N/A","N/A","N/A","N/A","N/A","N/A","N/A","","","","","SAFE","None","NOT_APPLICABLE","NOT_APPLICABLE"
"CORE-AICTE-1-44641806108","AICTE Institution 1-44641806108","cutoffs","","","N/A","N/A","N/A","N/A","N/A","N/A","N/A","N/A","","","","","SAFE","None","NOT_APPLICABLE","NOT_APPLICABLE"
"CORE-AICTE-1-44641806108","AICTE Institution 1-44641806108","fees","","","N/A","N/A","N/A","N/A","N/A","N/A","N/A","N/A","","","","","SAFE","None","NOT_APPLICABLE","NOT_APPLICABLE"
"CORE-AICTE-1-44641806108","AICTE Institution 1-44641806108","placements","","","N/A","N/A","N/A","N/A","N/A","N/A","N/A","N/A","","","","","SAFE","None","NOT_APPLICABLE","NOT_APPLICABLE"
"CORE-AICTE-1-44641806108","AICTE Institution 1-44641806108","rankings","","","N/A","N/A","N/A","N/A","N/A","N/A","N/A","N/A","","","","","SAFE","None","NOT_APPLICABLE","NOT_APPLICABLE"
"CORE-AICTE-1-44641806108","AICTE Institution 1-44641806108","ceiScore","true","1","CEI Intelligence Analysis","N/A","N/A","N/A","N/A","N/A","N/A","N/A","","","","","REVIEW","None (Internal Calculation)","INTERNAL_METHODOLOGY_VISIBLE","MISSING"
"CORE-AICTE-1-44641832195","AICTE Institution 1-44641832195","seats","","","N/A","N/A","N/A","N/A","N/A","N/A","N/A","N/A","","","","","SAFE","None","NOT_APPLICABLE","NOT_APPLICABLE"
"CORE-AICTE-1-44641832195","AICTE Institution 1-44641832195","cutoffs","","","N/A","N/A","N/A","N/A","N/A","N/A","N/A","N/A","","","","","SAFE","None","NOT_APPLICABLE","NOT_APPLICABLE"
"CORE-AICTE-1-44641832195","AICTE Institution 1-44641832195","fees","","","N/A","N/A","N/A","N/A","N/A","N/A","N/A","N/A","","","","","SAFE","None","NOT_APPLICABLE","NOT_APPLICABLE"
"CORE-AICTE-1-44641832195","AICTE Institution 1-44641832195","placements","","","N/A","N/A","N/A","N/A","N/A","N/A","N/A","N/A","","","","","SAFE","None","NOT_APPLICABLE","NOT_APPLICABLE"
"CORE-AICTE-1-44641832195","AICTE Institution 1-44641832195","rankings","","","N/A","N/A","N/A","N/A","N/A","N/A","N/A","N/A","","","","","SAFE","None","NOT_APPLICABLE","NOT_APPLICABLE"
"CORE-AICTE-1-44641832195","AICTE Institution 1-44641832195","ceiScore","true","1","CEI Intelligence Analysis","N/A","N/A","N/A","N/A","N/A","N/A","N/A","","","","","REVIEW","None (Internal Calculation)","INTERNAL_METHODOLOGY_VISIBLE","MISSING"
"CORE-AICTE-1-44641852157","AICTE Institution 1-44641852157","seats","","","N/A","N/A","N/A","N/A","N/A","N/A","N/A","N/A","","","","","SAFE","None","NOT_APPLICABLE","NOT_APPLICABLE"
"CORE-AICTE-1-44641852157","AICTE Institution 1-44641852157","cutoffs","","","N/A","N/A","N/A","N/A","N/A","N/A","N/A","N/A","","","","","SAFE","None","NOT_APPLICABLE","NOT_APPLICABLE"
"CORE-AICTE-1-44641852157","AICTE Institution 1-44641852157","fees","","","N/A","N/A","N/A","N/A","N/A","N/A","N/A","N/A","","","","","SAFE","None","NOT_APPLICABLE","NOT_APPLICABLE"
"CORE-AICTE-1-44641852157","AICTE Institution 1-44641852157","placements","","","N/A","N/A","N/A","N/A","N/A","N/A","N/A","N/A","","","","","SAFE","None","NOT_APPLICABLE","NOT_APPLICABLE"
"CORE-AICTE-1-44641852157","AICTE Institution 1-44641852157","rankings","","","N/A","N/A","N/A","N/A","N/A","N/A","N/A","N/A","","","","","SAFE","None","NOT_APPLICABLE","NOT_APPLICABLE"
"CORE-AICTE-1-44641852157","AICTE Institution 1-44641852157","ceiScore","true","1","CEI Intelligence Analysis","N/A","N/A","N/A","N/A","N/A","N/A","N/A","","","","","REVIEW","None (Internal Calculation)","INTERNAL_METHODOLOGY_VISIBLE","MISSING"
"CORE-AICTE-1-44641914888","AICTE Institution 1-44641914888","seats","","","N/A","N/A","N/A","N/A","N/A","N/A","N/A","N/A","","","","","SAFE","None","NOT_APPLICABLE","NOT_APPLICABLE"
"CORE-AICTE-1-44641914888","AICTE Institution 1-44641914888","cutoffs","","","N/A","N/A","N/A","N/A","N/A","N/A","N/A","N/A","","","","","SAFE","None","NOT_APPLICABLE","NOT_APPLICABLE"
"CORE-AICTE-1-44641914888","AICTE Institution 1-44641914888","fees","","","N/A","N/A","N/A","N/A","N/A","N/A","N/A","N/A","","","","","SAFE","None","NOT_APPLICABLE","NOT_APPLICABLE"
"CORE-AICTE-1-44641914888","AICTE Institution 1-44641914888","placements","","","N/A","N/A","N/A","N/A","N/A","N/A","N/A","N/A","","","","","SAFE","None","NOT_APPLICABLE","NOT_APPLICABLE"
"CORE-AICTE-1-44641914888","AICTE Institution 1-44641914888","rankings","","","N/A","N/A","N/A","N/A","N/A","N/A","N/A","N/A","","","","","SAFE","None","NOT_APPLICABLE","NOT_APPLICABLE"
"CORE-AICTE-1-44641914888","AICTE Institution 1-44641914888","ceiScore","true","1","CEI Intelligence Analysis","N/A","N/A","N/A","N/A","N/A","N/A","N/A","","","","","REVIEW","None (Internal Calculation)","INTERNAL_METHODOLOGY_VISIBLE","MISSING"
"CORE-AICTE-1-44641925723","AICTE Institution 1-44641925723","seats","","","N/A","N/A","N/A","N/A","N/A","N/A","N/A","N/A","","","","","SAFE","None","NOT_APPLICABLE","NOT_APPLICABLE"
"CORE-AICTE-1-44641925723","AICTE Institution 1-44641925723","cutoffs","","","N/A","N/A","N/A","N/A","N/A","N/A","N/A","N/A","","","","","SAFE","None","NOT_APPLICABLE","NOT_APPLICABLE"
"CORE-AICTE-1-44641925723","AICTE Institution 1-44641925723","fees","","","N/A","N/A","N/A","N/A","N/A","N/A","N/A","N/A","","","","","SAFE","None","NOT_APPLICABLE","NOT_APPLICABLE"
"CORE-AICTE-1-44641925723","AICTE Institution 1-44641925723","placements","","","N/A","N/A","N/A","N/A","N/A","N/A","N/A","N/A","","","","","SAFE","None","NOT_APPLICABLE","NOT_APPLICABLE"
"CORE-AICTE-1-44641925723","AICTE Institution 1-44641925723","rankings","","","N/A","N/A","N/A","N/A","N/A","N/A","N/A","N/A","","","","","SAFE","None","NOT_APPLICABLE","NOT_APPLICABLE"
"CORE-AICTE-1-44641925723","AICTE Institution 1-44641925723","ceiScore","true","1","CEI Intelligence Analysis","N/A","N/A","N/A","N/A","N/A","N/A","N/A","","","","","REVIEW","None (Internal Calculation)","INTERNAL_METHODOLOGY_VISIBLE","MISSING"
"CORE-AICTE-1-44641952602","AICTE Institution 1-44641952602","seats","","","N/A","N/A","N/A","N/A","N/A","N/A","N/A","N/A","","","","","SAFE","None","NOT_APPLICABLE","NOT_APPLICABLE"
"CORE-AICTE-1-44641952602","AICTE Institution 1-44641952602","cutoffs","","","N/A","N/A","N/A","N/A","N/A","N/A","N/A","N/A","","","","","SAFE","None","NOT_APPLICABLE","NOT_APPLICABLE"
"CORE-AICTE-1-44641952602","AICTE Institution 1-44641952602","fees","","","N/A","N/A","N/A","N/A","N/A","N/A","N/A","N/A","","","","","SAFE","None","NOT_APPLICABLE","NOT_APPLICABLE"
"CORE-AICTE-1-44641952602","AICTE Institution 1-44641952602","placements","","","N/A","N/A","N/A","N/A","N/A","N/A","N/A","N/A","","","","","SAFE","None","NOT_APPLICABLE","NOT_APPLICABLE"
"CORE-AICTE-1-44641952602","AICTE Institution 1-44641952602","rankings","","","N/A","N/A","N/A","N/A","N/A","N/A","N/A","N/A","","","","","SAFE","None","NOT_APPLICABLE","NOT_APPLICABLE"
"CORE-AICTE-1-44641952602","AICTE Institution 1-44641952602","ceiScore","true","1","CEI Intelligence Analysis","N/A","N/A","N/A","N/A","N/A","N/A","N/A","","","","","REVIEW","None (Internal Calculation)","INTERNAL_METHODOLOGY_VISIBLE","MISSING"
"CORE-AICTE-1-44642237208","AICTE Institution 1-44642237208","seats","","","N/A","N/A","N/A","N/A","N/A","N/A","N/A","N/A","","","","","SAFE","None","NOT_APPLICABLE","NOT_APPLICABLE"
"CORE-AICTE-1-44642237208","AICTE Institution 1-44642237208","cutoffs","","","N/A","N/A","N/A","N/A","N/A","N/A","N/A","N/A","","","","","SAFE","None","NOT_APPLICABLE","NOT_APPLICABLE"
"CORE-AICTE-1-44642237208","AICTE Institution 1-44642237208","fees","","","N/A","N/A","N/A","N/A","N/A","N/A","N/A","N/A","","","","","SAFE","None","NOT_APPLICABLE","NOT_APPLICABLE"
"CORE-AICTE-1-44642237208","AICTE Institution 1-44642237208","placements","","","N/A","N/A","N/A","N/A","N/A","N/A","N/A","N/A","","","","","SAFE","None","NOT_APPLICABLE","NOT_APPLICABLE"
"CORE-AICTE-1-44642237208","AICTE Institution 1-44642237208","rankings","","","N/A","N/A","N/A","N/A","N/A","N/A","N/A","N/A","","","","","SAFE","None","NOT_APPLICABLE","NOT_APPLICABLE"
"CORE-AICTE-1-44642237208","AICTE Institution 1-44642237208","ceiScore","true","1","CEI Intelligence Analysis","N/A","N/A","N/A","N/A","N/A","N/A","N/A","","","","","REVIEW","None (Internal Calculation)","INTERNAL_METHODOLOGY_VISIBLE","MISSING"
"CORE-AICTE-1-44642250885","AICTE Institution 1-44642250885","seats","","","N/A","N/A","N/A","N/A","N/A","N/A","N/A","N/A","","","","","SAFE","None","NOT_APPLICABLE","NOT_APPLICABLE"
"CORE-AICTE-1-44642250885","AICTE Institution 1-44642250885","cutoffs","","","N/A","N/A","N/A","N/A","N/A","N/A","N/A","N/A","","","","","SAFE","None","NOT_APPLICABLE","NOT_APPLICABLE"
"CORE-AICTE-1-44642250885","AICTE Institution 1-44642250885","fees","","","N/A","N/A","N/A","N/A","N/A","N/A","N/A","N/A","","","","","SAFE","None","NOT_APPLICABLE","NOT_APPLICABLE"
"CORE-AICTE-1-44642250885","AICTE Institution 1-44642250885","placements","","","N/A","N/A","N/A","N/A","N/A","N/A","N/A","N/A","","","","","SAFE","None","NOT_APPLICABLE","NOT_APPLICABLE"
"CORE-AICTE-1-44642250885","AICTE Institution 1-44642250885","rankings","","","N/A","N/A","N/A","N/A","N/A","N/A","N/A","N/A","","","","","SAFE","None","NOT_APPLICABLE","NOT_APPLICABLE"
"CORE-AICTE-1-44642250885","AICTE Institution 1-44642250885","ceiScore","true","1","CEI Intelligence Analysis","N/A","N/A","N/A","N/A","N/A","N/A","N/A","","","","","REVIEW","None (Internal Calculation)","INTERNAL_METHODOLOGY_VISIBLE","MISSING"
"CORE-AICTE-1-44642276487","AICTE Institution 1-44642276487","seats","","","N/A","N/A","N/A","N/A","N/A","N/A","N/A","N/A","","","","","SAFE","None","NOT_APPLICABLE","NOT_APPLICABLE"
"CORE-AICTE-1-44642276487","AICTE Institution 1-44642276487","cutoffs","","","N/A","N/A","N/A","N/A","N/A","N/A","N/A","N/A","","","","","SAFE","None","NOT_APPLICABLE","NOT_APPLICABLE"
"CORE-AICTE-1-44642276487","AICTE Institution 1-44642276487","fees","","","N/A","N/A","N/A","N/A","N/A","N/A","N/A","N/A","","","","","SAFE","None","NOT_APPLICABLE","NOT_APPLICABLE"
"CORE-AICTE-1-44642276487","AICTE Institution 1-44642276487","placements","","","N/A","N/A","N/A","N/A","N/A","N/A","N/A","N/A","","","","","SAFE","None","NOT_APPLICABLE","NOT_APPLICABLE"
"CORE-AICTE-1-44642276487","AICTE Institution 1-44642276487","rankings","","","N/A","N/A","N/A","N/A","N/A","N/A","N/A","N/A","","","","","SAFE","None","NOT_APPLICABLE","NOT_APPLICABLE"
"CORE-AICTE-1-44642276487","AICTE Institution 1-44642276487","ceiScore","true","1","CEI Intelligence Analysis","N/A","N/A","N/A","N/A","N/A","N/A","N/A","","","","","REVIEW","None (Internal Calculation)","INTERNAL_METHODOLOGY_VISIBLE","MISSING"
"CORE-AICTE-1-44642295707","AICTE Institution 1-44642295707","seats","","","N/A","N/A","N/A","N/A","N/A","N/A","N/A","N/A","","","","","SAFE","None","NOT_APPLICABLE","NOT_APPLICABLE"
"CORE-AICTE-1-44642295707","AICTE Institution 1-44642295707","cutoffs","","","N/A","N/A","N/A","N/A","N/A","N/A","N/A","N/A","","","","","SAFE","None","NOT_APPLICABLE","NOT_APPLICABLE"
"CORE-AICTE-1-44642295707","AICTE Institution 1-44642295707","fees","","","N/A","N/A","N/A","N/A","N/A","N/A","N/A","N/A","","","","","SAFE","None","NOT_APPLICABLE","NOT_APPLICABLE"
"CORE-AICTE-1-44642295707","AICTE Institution 1-44642295707","placements","","","N/A","N/A","N/A","N/A","N/A","N/A","N/A","N/A","","","","","SAFE","None","NOT_APPLICABLE","NOT_APPLICABLE"
"CORE-AICTE-1-44642295707","AICTE Institution 1-44642295707","rankings","","","N/A","N/A","N/A","N/A","N/A","N/A","N/A","N/A","","","","","SAFE","None","NOT_APPLICABLE","NOT_APPLICABLE"
"CORE-AICTE-1-44642295707","AICTE Institution 1-44642295707","ceiScore","true","1","CEI Intelligence Analysis","N/A","N/A","N/A","N/A","N/A","N/A","N/A","","","","","REVIEW","None (Internal Calculation)","INTERNAL_METHODOLOGY_VISIBLE","MISSING"
"CORE-AICTE-1-44642302285","AICTE Institution 1-44642302285","seats","","","N/A","N/A","N/A","N/A","N/A","N/A","N/A","N/A","","","","","SAFE","None","NOT_APPLICABLE","NOT_APPLICABLE"
"CORE-AICTE-1-44642302285","AICTE Institution 1-44642302285","cutoffs","","","N/A","N/A","N/A","N/A","N/A","N/A","N/A","N/A","","","","","SAFE","None","NOT_APPLICABLE","NOT_APPLICABLE"
"CORE-AICTE-1-44642302285","AICTE Institution 1-44642302285","fees","","","N/A","N/A","N/A","N/A","N/A","N/A","N/A","N/A","","","","","SAFE","None","NOT_APPLICABLE","NOT_APPLICABLE"
"CORE-AICTE-1-44642302285","AICTE Institution 1-44642302285","placements","","","N/A","N/A","N/A","N/A","N/A","N/A","N/A","N/A","","","","","SAFE","None","NOT_APPLICABLE","NOT_APPLICABLE"
"CORE-AICTE-1-44642302285","AICTE Institution 1-44642302285","rankings","","","N/A","N/A","N/A","N/A","N/A","N/A","N/A","N/A","","","","","SAFE","None","NOT_APPLICABLE","NOT_APPLICABLE"
"CORE-AICTE-1-44642302285","AICTE Institution 1-44642302285","ceiScore","true","1","CEI Intelligence Analysis","N/A","N/A","N/A","N/A","N/A","N/A","N/A","","","","","REVIEW","None (Internal Calculation)","INTERNAL_METHODOLOGY_VISIBLE","MISSING"
"CORE-AICTE-1-44642355580","AICTE Institution 1-44642355580","seats","","","N/A","N/A","N/A","N/A","N/A","N/A","N/A","N/A","","","","","SAFE","None","NOT_APPLICABLE","NOT_APPLICABLE"
"CORE-AICTE-1-44642355580","AICTE Institution 1-44642355580","cutoffs","","","N/A","N/A","N/A","N/A","N/A","N/A","N/A","N/A","","","","","SAFE","None","NOT_APPLICABLE","NOT_APPLICABLE"
"CORE-AICTE-1-44642355580","AICTE Institution 1-44642355580","fees","","","N/A","N/A","N/A","N/A","N/A","N/A","N/A","N/A","","","","","SAFE","None","NOT_APPLICABLE","NOT_APPLICABLE"
"CORE-AICTE-1-44642355580","AICTE Institution 1-44642355580","placements","","","N/A","N/A","N/A","N/A","N/A","N/A","N/A","N/A","","","","","SAFE","None","NOT_APPLICABLE","NOT_APPLICABLE"
"CORE-AICTE-1-44642355580","AICTE Institution 1-44642355580","rankings","","","N/A","N/A","N/A","N/A","N/A","N/A","N/A","N/A","","","","","SAFE","None","NOT_APPLICABLE","NOT_APPLICABLE"
"CORE-AICTE-1-44642355580","AICTE Institution 1-44642355580","ceiScore","true","1","CEI Intelligence Analysis","N/A","N/A","N/A","N/A","N/A","N/A","N/A","","","","","REVIEW","None (Internal Calculation)","INTERNAL_METHODOLOGY_VISIBLE","MISSING"
"CORE-AICTE-1-44642356386","AICTE Institution 1-44642356386","seats","","","N/A","N/A","N/A","N/A","N/A","N/A","N/A","N/A","","","","","SAFE","None","NOT_APPLICABLE","NOT_APPLICABLE"
"CORE-AICTE-1-44642356386","AICTE Institution 1-44642356386","cutoffs","","","N/A","N/A","N/A","N/A","N/A","N/A","N/A","N/A","","","","","SAFE","None","NOT_APPLICABLE","NOT_APPLICABLE"
"CORE-AICTE-1-44642356386","AICTE Institution 1-44642356386","fees","","","N/A","N/A","N/A","N/A","N/A","N/A","N/A","N/A","","","","","SAFE","None","NOT_APPLICABLE","NOT_APPLICABLE"
"CORE-AICTE-1-44642356386","AICTE Institution 1-44642356386","placements","","","N/A","N/A","N/A","N/A","N/A","N/A","N/A","N/A","","","","","SAFE","None","NOT_APPLICABLE","NOT_APPLICABLE"
"CORE-AICTE-1-44642356386","AICTE Institution 1-44642356386","rankings","","","N/A","N/A","N/A","N/A","N/A","N/A","N/A","N/A","","","","","SAFE","None","NOT_APPLICABLE","NOT_APPLICABLE"
"CORE-AICTE-1-44642356386","AICTE Institution 1-44642356386","ceiScore","true","1","CEI Intelligence Analysis","N/A","N/A","N/A","N/A","N/A","N/A","N/A","","","","","REVIEW","None (Internal Calculation)","INTERNAL_METHODOLOGY_VISIBLE","MISSING"
"CORE-AICTE-1-44642485642","AICTE Institution 1-44642485642","seats","","","N/A","N/A","N/A","N/A","N/A","N/A","N/A","N/A","","","","","SAFE","None","NOT_APPLICABLE","NOT_APPLICABLE"
"CORE-AICTE-1-44642485642","AICTE Institution 1-44642485642","cutoffs","","","N/A","N/A","N/A","N/A","N/A","N/A","N/A","N/A","","","","","SAFE","None","NOT_APPLICABLE","NOT_APPLICABLE"
"CORE-AICTE-1-44642485642","AICTE Institution 1-44642485642","fees","","","N/A","N/A","N/A","N/A","N/A","N/A","N/A","N/A","","","","","SAFE","None","NOT_APPLICABLE","NOT_APPLICABLE"
"CORE-AICTE-1-44642485642","AICTE Institution 1-44642485642","placements","","","N/A","N/A","N/A","N/A","N/A","N/A","N/A","N/A","","","","","SAFE","None","NOT_APPLICABLE","NOT_APPLICABLE"
"CORE-AICTE-1-44642485642","AICTE Institution 1-44642485642","rankings","","","N/A","N/A","N/A","N/A","N/A","N/A","N/A","N/A","","","","","SAFE","None","NOT_APPLICABLE","NOT_APPLICABLE"
"CORE-AICTE-1-44642485642","AICTE Institution 1-44642485642","ceiScore","true","1","CEI Intelligence Analysis","N/A","N/A","N/A","N/A","N/A","N/A","N/A","","","","","REVIEW","None (Internal Calculation)","INTERNAL_METHODOLOGY_VISIBLE","MISSING"
"CORE-AICTE-1-44642502034","AICTE Institution 1-44642502034","seats","","","N/A","N/A","N/A","N/A","N/A","N/A","N/A","N/A","","","","","SAFE","None","NOT_APPLICABLE","NOT_APPLICABLE"
"CORE-AICTE-1-44642502034","AICTE Institution 1-44642502034","cutoffs","","","N/A","N/A","N/A","N/A","N/A","N/A","N/A","N/A","","","","","SAFE","None","NOT_APPLICABLE","NOT_APPLICABLE"
"CORE-AICTE-1-44642502034","AICTE Institution 1-44642502034","fees","","","N/A","N/A","N/A","N/A","N/A","N/A","N/A","N/A","","","","","SAFE","None","NOT_APPLICABLE","NOT_APPLICABLE"
"CORE-AICTE-1-44642502034","AICTE Institution 1-44642502034","placements","","","N/A","N/A","N/A","N/A","N/A","N/A","N/A","N/A","","","","","SAFE","None","NOT_APPLICABLE","NOT_APPLICABLE"
"CORE-AICTE-1-44642502034","AICTE Institution 1-44642502034","rankings","","","N/A","N/A","N/A","N/A","N/A","N/A","N/A","N/A","","","","","SAFE","None","NOT_APPLICABLE","NOT_APPLICABLE"
"CORE-AICTE-1-44642502034","AICTE Institution 1-44642502034","ceiScore","true","1","CEI Intelligence Analysis","N/A","N/A","N/A","N/A","N/A","N/A","N/A","","","","","REVIEW","None (Internal Calculation)","INTERNAL_METHODOLOGY_VISIBLE","MISSING"
"CORE-AICTE-1-44642659248","AICTE Institution 1-44642659248","seats","","","N/A","N/A","N/A","N/A","N/A","N/A","N/A","N/A","","","","","SAFE","None","NOT_APPLICABLE","NOT_APPLICABLE"
"CORE-AICTE-1-44642659248","AICTE Institution 1-44642659248","cutoffs","","","N/A","N/A","N/A","N/A","N/A","N/A","N/A","N/A","","","","","SAFE","None","NOT_APPLICABLE","NOT_APPLICABLE"
"CORE-AICTE-1-44642659248","AICTE Institution 1-44642659248","fees","","","N/A","N/A","N/A","N/A","N/A","N/A","N/A","N/A","","","","","SAFE","None","NOT_APPLICABLE","NOT_APPLICABLE"
"CORE-AICTE-1-44642659248","AICTE Institution 1-44642659248","placements","","","N/A","N/A","N/A","N/A","N/A","N/A","N/A","N/A","","","","","SAFE","None","NOT_APPLICABLE","NOT_APPLICABLE"
"CORE-AICTE-1-44642659248","AICTE Institution 1-44642659248","rankings","","","N/A","N/A","N/A","N/A","N/A","N/A","N/A","N/A","","","","","SAFE","None","NOT_APPLICABLE","NOT_APPLICABLE"
"CORE-AICTE-1-44642659248","AICTE Institution 1-44642659248","ceiScore","true","1","CEI Intelligence Analysis","N/A","N/A","N/A","N/A","N/A","N/A","N/A","","","","","REVIEW","None (Internal Calculation)","INTERNAL_METHODOLOGY_VISIBLE","MISSING"
"CORE-AICTE-1-44642712421","AICTE Institution 1-44642712421","seats","","","N/A","N/A","N/A","N/A","N/A","N/A","N/A","N/A","","","","","SAFE","None","NOT_APPLICABLE","NOT_APPLICABLE"
"CORE-AICTE-1-44642712421","AICTE Institution 1-44642712421","cutoffs","","","N/A","N/A","N/A","N/A","N/A","N/A","N/A","N/A","","","","","SAFE","None","NOT_APPLICABLE","NOT_APPLICABLE"
"CORE-AICTE-1-44642712421","AICTE Institution 1-44642712421","fees","","","N/A","N/A","N/A","N/A","N/A","N/A","N/A","N/A","","","","","SAFE","None","NOT_APPLICABLE","NOT_APPLICABLE"
"CORE-AICTE-1-44642712421","AICTE Institution 1-44642712421","placements","","","N/A","N/A","N/A","N/A","N/A","N/A","N/A","N/A","","","","","SAFE","None","NOT_APPLICABLE","NOT_APPLICABLE"
"CORE-AICTE-1-44642712421","AICTE Institution 1-44642712421","rankings","","","N/A","N/A","N/A","N/A","N/A","N/A","N/A","N/A","","","","","SAFE","None","NOT_APPLICABLE","NOT_APPLICABLE"
"CORE-AICTE-1-44642712421","AICTE Institution 1-44642712421","ceiScore","true","1","CEI Intelligence Analysis","N/A","N/A","N/A","N/A","N/A","N/A","N/A","","","","","REVIEW","None (Internal Calculation)","INTERNAL_METHODOLOGY_VISIBLE","MISSING"
"CORE-AICTE-1-44642826943","AICTE Institution 1-44642826943","seats","","","N/A","N/A","N/A","N/A","N/A","N/A","N/A","N/A","","","","","SAFE","None","NOT_APPLICABLE","NOT_APPLICABLE"
"CORE-AICTE-1-44642826943","AICTE Institution 1-44642826943","cutoffs","","","N/A","N/A","N/A","N/A","N/A","N/A","N/A","N/A","","","","","SAFE","None","NOT_APPLICABLE","NOT_APPLICABLE"
"CORE-AICTE-1-44642826943","AICTE Institution 1-44642826943","fees","","","N/A","N/A","N/A","N/A","N/A","N/A","N/A","N/A","","","","","SAFE","None","NOT_APPLICABLE","NOT_APPLICABLE"
"CORE-AICTE-1-44642826943","AICTE Institution 1-44642826943","placements","","","N/A","N/A","N/A","N/A","N/A","N/A","N/A","N/A","","","","","SAFE","None","NOT_APPLICABLE","NOT_APPLICABLE"
"CORE-AICTE-1-44642826943","AICTE Institution 1-44642826943","rankings","","","N/A","N/A","N/A","N/A","N/A","N/A","N/A","N/A","","","","","SAFE","None","NOT_APPLICABLE","NOT_APPLICABLE"
"CORE-AICTE-1-44642826943","AICTE Institution 1-44642826943","ceiScore","true","1","CEI Intelligence Analysis","N/A","N/A","N/A","N/A","N/A","N/A","N/A","","","","","REVIEW","None (Internal Calculation)","INTERNAL_METHODOLOGY_VISIBLE","MISSING"
"CORE-AICTE-1-44642874041","AICTE Institution 1-44642874041","seats","","","N/A","N/A","N/A","N/A","N/A","N/A","N/A","N/A","","","","","SAFE","None","NOT_APPLICABLE","NOT_APPLICABLE"
"CORE-AICTE-1-44642874041","AICTE Institution 1-44642874041","cutoffs","","","N/A","N/A","N/A","N/A","N/A","N/A","N/A","N/A","","","","","SAFE","None","NOT_APPLICABLE","NOT_APPLICABLE"
"CORE-AICTE-1-44642874041","AICTE Institution 1-44642874041","fees","","","N/A","N/A","N/A","N/A","N/A","N/A","N/A","N/A","","","","","SAFE","None","NOT_APPLICABLE","NOT_APPLICABLE"
"CORE-AICTE-1-44642874041","AICTE Institution 1-44642874041","placements","","","N/A","N/A","N/A","N/A","N/A","N/A","N/A","N/A","","","","","SAFE","None","NOT_APPLICABLE","NOT_APPLICABLE"
"CORE-AICTE-1-44642874041","AICTE Institution 1-44642874041","rankings","","","N/A","N/A","N/A","N/A","N/A","N/A","N/A","N/A","","","","","SAFE","None","NOT_APPLICABLE","NOT_APPLICABLE"
"CORE-AICTE-1-44642874041","AICTE Institution 1-44642874041","ceiScore","true","1","CEI Intelligence Analysis","N/A","N/A","N/A","N/A","N/A","N/A","N/A","","","","","REVIEW","None (Internal Calculation)","INTERNAL_METHODOLOGY_VISIBLE","MISSING"
"CORE-AICTE-1-44642961216","AICTE Institution 1-44642961216","seats","","","N/A","N/A","N/A","N/A","N/A","N/A","N/A","N/A","","","","","SAFE","None","NOT_APPLICABLE","NOT_APPLICABLE"
"CORE-AICTE-1-44642961216","AICTE Institution 1-44642961216","cutoffs","","","N/A","N/A","N/A","N/A","N/A","N/A","N/A","N/A","","","","","SAFE","None","NOT_APPLICABLE","NOT_APPLICABLE"
"CORE-AICTE-1-44642961216","AICTE Institution 1-44642961216","fees","","","N/A","N/A","N/A","N/A","N/A","N/A","N/A","N/A","","","","","SAFE","None","NOT_APPLICABLE","NOT_APPLICABLE"
"CORE-AICTE-1-44642961216","AICTE Institution 1-44642961216","placements","","","N/A","N/A","N/A","N/A","N/A","N/A","N/A","N/A","","","","","SAFE","None","NOT_APPLICABLE","NOT_APPLICABLE"
"CORE-AICTE-1-44642961216","AICTE Institution 1-44642961216","rankings","","","N/A","N/A","N/A","N/A","N/A","N/A","N/A","N/A","","","","","SAFE","None","NOT_APPLICABLE","NOT_APPLICABLE"
"CORE-AICTE-1-44642961216","AICTE Institution 1-44642961216","ceiScore","true","1","CEI Intelligence Analysis","N/A","N/A","N/A","N/A","N/A","N/A","N/A","","","","","REVIEW","None (Internal Calculation)","INTERNAL_METHODOLOGY_VISIBLE","MISSING"
"CORE-AICTE-1-44642964305","AICTE Institution 1-44642964305","seats","","","N/A","N/A","N/A","N/A","N/A","N/A","N/A","N/A","","","","","SAFE","None","NOT_APPLICABLE","NOT_APPLICABLE"
"CORE-AICTE-1-44642964305","AICTE Institution 1-44642964305","cutoffs","","","N/A","N/A","N/A","N/A","N/A","N/A","N/A","N/A","","","","","SAFE","None","NOT_APPLICABLE","NOT_APPLICABLE"
"CORE-AICTE-1-44642964305","AICTE Institution 1-44642964305","fees","","","N/A","N/A","N/A","N/A","N/A","N/A","N/A","N/A","","","","","SAFE","None","NOT_APPLICABLE","NOT_APPLICABLE"
"CORE-AICTE-1-44642964305","AICTE Institution 1-44642964305","placements","","","N/A","N/A","N/A","N/A","N/A","N/A","N/A","N/A","","","","","SAFE","None","NOT_APPLICABLE","NOT_APPLICABLE"
"CORE-AICTE-1-44642964305","AICTE Institution 1-44642964305","rankings","","","N/A","N/A","N/A","N/A","N/A","N/A","N/A","N/A","","","","","SAFE","None","NOT_APPLICABLE","NOT_APPLICABLE"
"CORE-AICTE-1-44642964305","AICTE Institution 1-44642964305","ceiScore","true","1","CEI Intelligence Analysis","N/A","N/A","N/A","N/A","N/A","N/A","N/A","","","","","REVIEW","None (Internal Calculation)","INTERNAL_METHODOLOGY_VISIBLE","MISSING"
"CORE-AICTE-1-44642965002","AICTE Institution 1-44642965002","seats","","","N/A","N/A","N/A","N/A","N/A","N/A","N/A","N/A","","","","","SAFE","None","NOT_APPLICABLE","NOT_APPLICABLE"
"CORE-AICTE-1-44642965002","AICTE Institution 1-44642965002","cutoffs","","","N/A","N/A","N/A","N/A","N/A","N/A","N/A","N/A","","","","","SAFE","None","NOT_APPLICABLE","NOT_APPLICABLE"
"CORE-AICTE-1-44642965002","AICTE Institution 1-44642965002","fees","","","N/A","N/A","N/A","N/A","N/A","N/A","N/A","N/A","","","","","SAFE","None","NOT_APPLICABLE","NOT_APPLICABLE"
"CORE-AICTE-1-44642965002","AICTE Institution 1-44642965002","placements","","","N/A","N/A","N/A","N/A","N/A","N/A","N/A","N/A","","","","","SAFE","None","NOT_APPLICABLE","NOT_APPLICABLE"
"CORE-AICTE-1-44642965002","AICTE Institution 1-44642965002","rankings","","","N/A","N/A","N/A","N/A","N/A","N/A","N/A","N/A","","","","","SAFE","None","NOT_APPLICABLE","NOT_APPLICABLE"
"CORE-AICTE-1-44642965002","AICTE Institution 1-44642965002","ceiScore","true","1","CEI Intelligence Analysis","N/A","N/A","N/A","N/A","N/A","N/A","N/A","","","","","REVIEW","None (Internal Calculation)","INTERNAL_METHODOLOGY_VISIBLE","MISSING"
"CORE-AICTE-1-44642967201","AICTE Institution 1-44642967201","seats","","","N/A","N/A","N/A","N/A","N/A","N/A","N/A","N/A","","","","","SAFE","None","NOT_APPLICABLE","NOT_APPLICABLE"
"CORE-AICTE-1-44642967201","AICTE Institution 1-44642967201","cutoffs","","","N/A","N/A","N/A","N/A","N/A","N/A","N/A","N/A","","","","","SAFE","None","NOT_APPLICABLE","NOT_APPLICABLE"
"CORE-AICTE-1-44642967201","AICTE Institution 1-44642967201","fees","","","N/A","N/A","N/A","N/A","N/A","N/A","N/A","N/A","","","","","SAFE","None","NOT_APPLICABLE","NOT_APPLICABLE"
"CORE-AICTE-1-44642967201","AICTE Institution 1-44642967201","placements","","","N/A","N/A","N/A","N/A","N/A","N/A","N/A","N/A","","","","","SAFE","None","NOT_APPLICABLE","NOT_APPLICABLE"
"CORE-AICTE-1-44642967201","AICTE Institution 1-44642967201","rankings","","","N/A","N/A","N/A","N/A","N/A","N/A","N/A","N/A","","","","","SAFE","None","NOT_APPLICABLE","NOT_APPLICABLE"
"CORE-AICTE-1-44642967201","AICTE Institution 1-44642967201","ceiScore","true","1","CEI Intelligence Analysis","N/A","N/A","N/A","N/A","N/A","N/A","N/A","","","","","REVIEW","None (Internal Calculation)","INTERNAL_METHODOLOGY_VISIBLE","MISSING"
"CORE-AICTE-1-44643122522","AICTE Institution 1-44643122522","seats","","","N/A","N/A","N/A","N/A","N/A","N/A","N/A","N/A","","","","","SAFE","None","NOT_APPLICABLE","NOT_APPLICABLE"
"CORE-AICTE-1-44643122522","AICTE Institution 1-44643122522","cutoffs","","","N/A","N/A","N/A","N/A","N/A","N/A","N/A","N/A","","","","","SAFE","None","NOT_APPLICABLE","NOT_APPLICABLE"
"CORE-AICTE-1-44643122522","AICTE Institution 1-44643122522","fees","","","N/A","N/A","N/A","N/A","N/A","N/A","N/A","N/A","","","","","SAFE","None","NOT_APPLICABLE","NOT_APPLICABLE"
"CORE-AICTE-1-44643122522","AICTE Institution 1-44643122522","placements","","","N/A","N/A","N/A","N/A","N/A","N/A","N/A","N/A","","","","","SAFE","None","NOT_APPLICABLE","NOT_APPLICABLE"
"CORE-AICTE-1-44643122522","AICTE Institution 1-44643122522","rankings","","","N/A","N/A","N/A","N/A","N/A","N/A","N/A","N/A","","","","","SAFE","None","NOT_APPLICABLE","NOT_APPLICABLE"
"CORE-AICTE-1-44643122522","AICTE Institution 1-44643122522","ceiScore","true","1","CEI Intelligence Analysis","N/A","N/A","N/A","N/A","N/A","N/A","N/A","","","","","REVIEW","None (Internal Calculation)","INTERNAL_METHODOLOGY_VISIBLE","MISSING"
"CORE-AICTE-1-44643164961","AICTE Institution 1-44643164961","seats","","","N/A","N/A","N/A","N/A","N/A","N/A","N/A","N/A","","","","","SAFE","None","NOT_APPLICABLE","NOT_APPLICABLE"
"CORE-AICTE-1-44643164961","AICTE Institution 1-44643164961","cutoffs","","","N/A","N/A","N/A","N/A","N/A","N/A","N/A","N/A","","","","","SAFE","None","NOT_APPLICABLE","NOT_APPLICABLE"
"CORE-AICTE-1-44643164961","AICTE Institution 1-44643164961","fees","","","N/A","N/A","N/A","N/A","N/A","N/A","N/A","N/A","","","","","SAFE","None","NOT_APPLICABLE","NOT_APPLICABLE"
"CORE-AICTE-1-44643164961","AICTE Institution 1-44643164961","placements","","","N/A","N/A","N/A","N/A","N/A","N/A","N/A","N/A","","","","","SAFE","None","NOT_APPLICABLE","NOT_APPLICABLE"
"CORE-AICTE-1-44643164961","AICTE Institution 1-44643164961","rankings","","","N/A","N/A","N/A","N/A","N/A","N/A","N/A","N/A","","","","","SAFE","None","NOT_APPLICABLE","NOT_APPLICABLE"
"CORE-AICTE-1-44643164961","AICTE Institution 1-44643164961","ceiScore","true","1","CEI Intelligence Analysis","N/A","N/A","N/A","N/A","N/A","N/A","N/A","","","","","REVIEW","None (Internal Calculation)","INTERNAL_METHODOLOGY_VISIBLE","MISSING"
"CORE-AICTE-1-44643230639","AICTE Institution 1-44643230639","seats","","","N/A","N/A","N/A","N/A","N/A","N/A","N/A","N/A","","","","","SAFE","None","NOT_APPLICABLE","NOT_APPLICABLE"
"CORE-AICTE-1-44643230639","AICTE Institution 1-44643230639","cutoffs","","","N/A","N/A","N/A","N/A","N/A","N/A","N/A","N/A","","","","","SAFE","None","NOT_APPLICABLE","NOT_APPLICABLE"
"CORE-AICTE-1-44643230639","AICTE Institution 1-44643230639","fees","","","N/A","N/A","N/A","N/A","N/A","N/A","N/A","N/A","","","","","SAFE","None","NOT_APPLICABLE","NOT_APPLICABLE"
"CORE-AICTE-1-44643230639","AICTE Institution 1-44643230639","placements","","","N/A","N/A","N/A","N/A","N/A","N/A","N/A","N/A","","","","","SAFE","None","NOT_APPLICABLE","NOT_APPLICABLE"
"CORE-AICTE-1-44643230639","AICTE Institution 1-44643230639","rankings","","","N/A","N/A","N/A","N/A","N/A","N/A","N/A","N/A","","","","","SAFE","None","NOT_APPLICABLE","NOT_APPLICABLE"
"CORE-AICTE-1-44643230639","AICTE Institution 1-44643230639","ceiScore","true","1","CEI Intelligence Analysis","N/A","N/A","N/A","N/A","N/A","N/A","N/A","","","","","REVIEW","None (Internal Calculation)","INTERNAL_METHODOLOGY_VISIBLE","MISSING"
"CORE-AICTE-1-44643311346","AICTE Institution 1-44643311346","seats","","","N/A","N/A","N/A","N/A","N/A","N/A","N/A","N/A","","","","","SAFE","None","NOT_APPLICABLE","NOT_APPLICABLE"
"CORE-AICTE-1-44643311346","AICTE Institution 1-44643311346","cutoffs","","","N/A","N/A","N/A","N/A","N/A","N/A","N/A","N/A","","","","","SAFE","None","NOT_APPLICABLE","NOT_APPLICABLE"
"CORE-AICTE-1-44643311346","AICTE Institution 1-44643311346","fees","","","N/A","N/A","N/A","N/A","N/A","N/A","N/A","N/A","","","","","SAFE","None","NOT_APPLICABLE","NOT_APPLICABLE"
"CORE-AICTE-1-44643311346","AICTE Institution 1-44643311346","placements","","","N/A","N/A","N/A","N/A","N/A","N/A","N/A","N/A","","","","","SAFE","None","NOT_APPLICABLE","NOT_APPLICABLE"
"CORE-AICTE-1-44643311346","AICTE Institution 1-44643311346","rankings","","","N/A","N/A","N/A","N/A","N/A","N/A","N/A","N/A","","","","","SAFE","None","NOT_APPLICABLE","NOT_APPLICABLE"
"CORE-AICTE-1-44643311346","AICTE Institution 1-44643311346","ceiScore","true","1","CEI Intelligence Analysis","N/A","N/A","N/A","N/A","N/A","N/A","N/A","","","","","REVIEW","None (Internal Calculation)","INTERNAL_METHODOLOGY_VISIBLE","MISSING"
"CORE-AICTE-1-44643337669","AICTE Institution 1-44643337669","seats","","","N/A","N/A","N/A","N/A","N/A","N/A","N/A","N/A","","","","","SAFE","None","NOT_APPLICABLE","NOT_APPLICABLE"
"CORE-AICTE-1-44643337669","AICTE Institution 1-44643337669","cutoffs","","","N/A","N/A","N/A","N/A","N/A","N/A","N/A","N/A","","","","","SAFE","None","NOT_APPLICABLE","NOT_APPLICABLE"
"CORE-AICTE-1-44643337669","AICTE Institution 1-44643337669","fees","","","N/A","N/A","N/A","N/A","N/A","N/A","N/A","N/A","","","","","SAFE","None","NOT_APPLICABLE","NOT_APPLICABLE"
"CORE-AICTE-1-44643337669","AICTE Institution 1-44643337669","placements","","","N/A","N/A","N/A","N/A","N/A","N/A","N/A","N/A","","","","","SAFE","None","NOT_APPLICABLE","NOT_APPLICABLE"
"CORE-AICTE-1-44643337669","AICTE Institution 1-44643337669","rankings","","","N/A","N/A","N/A","N/A","N/A","N/A","N/A","N/A","","","","","SAFE","None","NOT_APPLICABLE","NOT_APPLICABLE"
"CORE-AICTE-1-44643337669","AICTE Institution 1-44643337669","ceiScore","true","1","CEI Intelligence Analysis","N/A","N/A","N/A","N/A","N/A","N/A","N/A","","","","","REVIEW","None (Internal Calculation)","INTERNAL_METHODOLOGY_VISIBLE","MISSING"
"CORE-AICTE-1-44643357539","AICTE Institution 1-44643357539","seats","","","N/A","N/A","N/A","N/A","N/A","N/A","N/A","N/A","","","","","SAFE","None","NOT_APPLICABLE","NOT_APPLICABLE"
"CORE-AICTE-1-44643357539","AICTE Institution 1-44643357539","cutoffs","","","N/A","N/A","N/A","N/A","N/A","N/A","N/A","N/A","","","","","SAFE","None","NOT_APPLICABLE","NOT_APPLICABLE"
"CORE-AICTE-1-44643357539","AICTE Institution 1-44643357539","fees","","","N/A","N/A","N/A","N/A","N/A","N/A","N/A","N/A","","","","","SAFE","None","NOT_APPLICABLE","NOT_APPLICABLE"
"CORE-AICTE-1-44643357539","AICTE Institution 1-44643357539","placements","","","N/A","N/A","N/A","N/A","N/A","N/A","N/A","N/A","","","","","SAFE","None","NOT_APPLICABLE","NOT_APPLICABLE"
"CORE-AICTE-1-44643357539","AICTE Institution 1-44643357539","rankings","","","N/A","N/A","N/A","N/A","N/A","N/A","N/A","N/A","","","","","SAFE","None","NOT_APPLICABLE","NOT_APPLICABLE"
"CORE-AICTE-1-44643357539","AICTE Institution 1-44643357539","ceiScore","true","1","CEI Intelligence Analysis","N/A","N/A","N/A","N/A","N/A","N/A","N/A","","","","","REVIEW","None (Internal Calculation)","INTERNAL_METHODOLOGY_VISIBLE","MISSING"
"CORE-AICTE-1-44643427751","AICTE Institution 1-44643427751","seats","","","N/A","N/A","N/A","N/A","N/A","N/A","N/A","N/A","","","","","SAFE","None","NOT_APPLICABLE","NOT_APPLICABLE"
"CORE-AICTE-1-44643427751","AICTE Institution 1-44643427751","cutoffs","","","N/A","N/A","N/A","N/A","N/A","N/A","N/A","N/A","","","","","SAFE","None","NOT_APPLICABLE","NOT_APPLICABLE"
"CORE-AICTE-1-44643427751","AICTE Institution 1-44643427751","fees","","","N/A","N/A","N/A","N/A","N/A","N/A","N/A","N/A","","","","","SAFE","None","NOT_APPLICABLE","NOT_APPLICABLE"
"CORE-AICTE-1-44643427751","AICTE Institution 1-44643427751","placements","","","N/A","N/A","N/A","N/A","N/A","N/A","N/A","N/A","","","","","SAFE","None","NOT_APPLICABLE","NOT_APPLICABLE"
"CORE-AICTE-1-44643427751","AICTE Institution 1-44643427751","rankings","","","N/A","N/A","N/A","N/A","N/A","N/A","N/A","N/A","","","","","SAFE","None","NOT_APPLICABLE","NOT_APPLICABLE"
"CORE-AICTE-1-44643427751","AICTE Institution 1-44643427751","ceiScore","true","1","CEI Intelligence Analysis","N/A","N/A","N/A","N/A","N/A","N/A","N/A","","","","","REVIEW","None (Internal Calculation)","INTERNAL_METHODOLOGY_VISIBLE","MISSING"
"CORE-AICTE-1-44643459460","AICTE Institution 1-44643459460","seats","","","N/A","N/A","N/A","N/A","N/A","N/A","N/A","N/A","","","","","SAFE","None","NOT_APPLICABLE","NOT_APPLICABLE"
"CORE-AICTE-1-44643459460","AICTE Institution 1-44643459460","cutoffs","","","N/A","N/A","N/A","N/A","N/A","N/A","N/A","N/A","","","","","SAFE","None","NOT_APPLICABLE","NOT_APPLICABLE"
"CORE-AICTE-1-44643459460","AICTE Institution 1-44643459460","fees","","","N/A","N/A","N/A","N/A","N/A","N/A","N/A","N/A","","","","","SAFE","None","NOT_APPLICABLE","NOT_APPLICABLE"
"CORE-AICTE-1-44643459460","AICTE Institution 1-44643459460","placements","","","N/A","N/A","N/A","N/A","N/A","N/A","N/A","N/A","","","","","SAFE","None","NOT_APPLICABLE","NOT_APPLICABLE"
"CORE-AICTE-1-44643459460","AICTE Institution 1-44643459460","rankings","","","N/A","N/A","N/A","N/A","N/A","N/A","N/A","N/A","","","","","SAFE","None","NOT_APPLICABLE","NOT_APPLICABLE"
"CORE-AICTE-1-44643459460","AICTE Institution 1-44643459460","ceiScore","true","1","CEI Intelligence Analysis","N/A","N/A","N/A","N/A","N/A","N/A","N/A","","","","","REVIEW","None (Internal Calculation)","INTERNAL_METHODOLOGY_VISIBLE","MISSING"
"CORE-AICTE-1-44643462613","AICTE Institution 1-44643462613","seats","","","N/A","N/A","N/A","N/A","N/A","N/A","N/A","N/A","","","","","SAFE","None","NOT_APPLICABLE","NOT_APPLICABLE"
"CORE-AICTE-1-44643462613","AICTE Institution 1-44643462613","cutoffs","","","N/A","N/A","N/A","N/A","N/A","N/A","N/A","N/A","","","","","SAFE","None","NOT_APPLICABLE","NOT_APPLICABLE"
"CORE-AICTE-1-44643462613","AICTE Institution 1-44643462613","fees","","","N/A","N/A","N/A","N/A","N/A","N/A","N/A","N/A","","","","","SAFE","None","NOT_APPLICABLE","NOT_APPLICABLE"
"CORE-AICTE-1-44643462613","AICTE Institution 1-44643462613","placements","","","N/A","N/A","N/A","N/A","N/A","N/A","N/A","N/A","","","","","SAFE","None","NOT_APPLICABLE","NOT_APPLICABLE"
"CORE-AICTE-1-44643462613","AICTE Institution 1-44643462613","rankings","","","N/A","N/A","N/A","N/A","N/A","N/A","N/A","N/A","","","","","SAFE","None","NOT_APPLICABLE","NOT_APPLICABLE"
"CORE-AICTE-1-44643462613","AICTE Institution 1-44643462613","ceiScore","true","1","CEI Intelligence Analysis","N/A","N/A","N/A","N/A","N/A","N/A","N/A","","","","","REVIEW","None (Internal Calculation)","INTERNAL_METHODOLOGY_VISIBLE","MISSING"
"CORE-AICTE-1-44643467113","AICTE Institution 1-44643467113","seats","","","N/A","N/A","N/A","N/A","N/A","N/A","N/A","N/A","","","","","SAFE","None","NOT_APPLICABLE","NOT_APPLICABLE"
"CORE-AICTE-1-44643467113","AICTE Institution 1-44643467113","cutoffs","","","N/A","N/A","N/A","N/A","N/A","N/A","N/A","N/A","","","","","SAFE","None","NOT_APPLICABLE","NOT_APPLICABLE"
"CORE-AICTE-1-44643467113","AICTE Institution 1-44643467113","fees","","","N/A","N/A","N/A","N/A","N/A","N/A","N/A","N/A","","","","","SAFE","None","NOT_APPLICABLE","NOT_APPLICABLE"
"CORE-AICTE-1-44643467113","AICTE Institution 1-44643467113","placements","","","N/A","N/A","N/A","N/A","N/A","N/A","N/A","N/A","","","","","SAFE","None","NOT_APPLICABLE","NOT_APPLICABLE"
"CORE-AICTE-1-44643467113","AICTE Institution 1-44643467113","rankings","","","N/A","N/A","N/A","N/A","N/A","N/A","N/A","N/A","","","","","SAFE","None","NOT_APPLICABLE","NOT_APPLICABLE"
"CORE-AICTE-1-44643467113","AICTE Institution 1-44643467113","ceiScore","true","1","CEI Intelligence Analysis","N/A","N/A","N/A","N/A","N/A","N/A","N/A","","","","","REVIEW","None (Internal Calculation)","INTERNAL_METHODOLOGY_VISIBLE","MISSING"
"CORE-AICTE-1-44643471242","AICTE Institution 1-44643471242","seats","","","N/A","N/A","N/A","N/A","N/A","N/A","N/A","N/A","","","","","SAFE","None","NOT_APPLICABLE","NOT_APPLICABLE"
"CORE-AICTE-1-44643471242","AICTE Institution 1-44643471242","cutoffs","","","N/A","N/A","N/A","N/A","N/A","N/A","N/A","N/A","","","","","SAFE","None","NOT_APPLICABLE","NOT_APPLICABLE"
"CORE-AICTE-1-44643471242","AICTE Institution 1-44643471242","fees","","","N/A","N/A","N/A","N/A","N/A","N/A","N/A","N/A","","","","","SAFE","None","NOT_APPLICABLE","NOT_APPLICABLE"
"CORE-AICTE-1-44643471242","AICTE Institution 1-44643471242","placements","","","N/A","N/A","N/A","N/A","N/A","N/A","N/A","N/A","","","","","SAFE","None","NOT_APPLICABLE","NOT_APPLICABLE"
"CORE-AICTE-1-44643471242","AICTE Institution 1-44643471242","rankings","","","N/A","N/A","N/A","N/A","N/A","N/A","N/A","N/A","","","","","SAFE","None","NOT_APPLICABLE","NOT_APPLICABLE"
"CORE-AICTE-1-44643471242","AICTE Institution 1-44643471242","ceiScore","true","1","CEI Intelligence Analysis","N/A","N/A","N/A","N/A","N/A","N/A","N/A","","","","","REVIEW","None (Internal Calculation)","INTERNAL_METHODOLOGY_VISIBLE","MISSING"
"CORE-AICTE-1-44643656305","AICTE Institution 1-44643656305","seats","","","N/A","N/A","N/A","N/A","N/A","N/A","N/A","N/A","","","","","SAFE","None","NOT_APPLICABLE","NOT_APPLICABLE"
"CORE-AICTE-1-44643656305","AICTE Institution 1-44643656305","cutoffs","","","N/A","N/A","N/A","N/A","N/A","N/A","N/A","N/A","","","","","SAFE","None","NOT_APPLICABLE","NOT_APPLICABLE"
"CORE-AICTE-1-44643656305","AICTE Institution 1-44643656305","fees","","","N/A","N/A","N/A","N/A","N/A","N/A","N/A","N/A","","","","","SAFE","None","NOT_APPLICABLE","NOT_APPLICABLE"
"CORE-AICTE-1-44643656305","AICTE Institution 1-44643656305","placements","","","N/A","N/A","N/A","N/A","N/A","N/A","N/A","N/A","","","","","SAFE","None","NOT_APPLICABLE","NOT_APPLICABLE"
"CORE-AICTE-1-44643656305","AICTE Institution 1-44643656305","rankings","","","N/A","N/A","N/A","N/A","N/A","N/A","N/A","N/A","","","","","SAFE","None","NOT_APPLICABLE","NOT_APPLICABLE"
"CORE-AICTE-1-44643656305","AICTE Institution 1-44643656305","ceiScore","true","1","CEI Intelligence Analysis","N/A","N/A","N/A","N/A","N/A","N/A","N/A","","","","","REVIEW","None (Internal Calculation)","INTERNAL_METHODOLOGY_VISIBLE","MISSING"
"CORE-AICTE-1-44643681436","AICTE Institution 1-44643681436","seats","","","N/A","N/A","N/A","N/A","N/A","N/A","N/A","N/A","","","","","SAFE","None","NOT_APPLICABLE","NOT_APPLICABLE"
"CORE-AICTE-1-44643681436","AICTE Institution 1-44643681436","cutoffs","","","N/A","N/A","N/A","N/A","N/A","N/A","N/A","N/A","","","","","SAFE","None","NOT_APPLICABLE","NOT_APPLICABLE"
"CORE-AICTE-1-44643681436","AICTE Institution 1-44643681436","fees","","","N/A","N/A","N/A","N/A","N/A","N/A","N/A","N/A","","","","","SAFE","None","NOT_APPLICABLE","NOT_APPLICABLE"
"CORE-AICTE-1-44643681436","AICTE Institution 1-44643681436","placements","","","N/A","N/A","N/A","N/A","N/A","N/A","N/A","N/A","","","","","SAFE","None","NOT_APPLICABLE","NOT_APPLICABLE"
"CORE-AICTE-1-44643681436","AICTE Institution 1-44643681436","rankings","","","N/A","N/A","N/A","N/A","N/A","N/A","N/A","N/A","","","","","SAFE","None","NOT_APPLICABLE","NOT_APPLICABLE"
"CORE-AICTE-1-44643681436","AICTE Institution 1-44643681436","ceiScore","true","1","CEI Intelligence Analysis","N/A","N/A","N/A","N/A","N/A","N/A","N/A","","","","","REVIEW","None (Internal Calculation)","INTERNAL_METHODOLOGY_VISIBLE","MISSING"
"CORE-AICTE-1-44643745827","AICTE Institution 1-44643745827","seats","","","N/A","N/A","N/A","N/A","N/A","N/A","N/A","N/A","","","","","SAFE","None","NOT_APPLICABLE","NOT_APPLICABLE"
"CORE-AICTE-1-44643745827","AICTE Institution 1-44643745827","cutoffs","","","N/A","N/A","N/A","N/A","N/A","N/A","N/A","N/A","","","","","SAFE","None","NOT_APPLICABLE","NOT_APPLICABLE"
"CORE-AICTE-1-44643745827","AICTE Institution 1-44643745827","fees","","","N/A","N/A","N/A","N/A","N/A","N/A","N/A","N/A","","","","","SAFE","None","NOT_APPLICABLE","NOT_APPLICABLE"
"CORE-AICTE-1-44643745827","AICTE Institution 1-44643745827","placements","","","N/A","N/A","N/A","N/A","N/A","N/A","N/A","N/A","","","","","SAFE","None","NOT_APPLICABLE","NOT_APPLICABLE"
"CORE-AICTE-1-44643745827","AICTE Institution 1-44643745827","rankings","","","N/A","N/A","N/A","N/A","N/A","N/A","N/A","N/A","","","","","SAFE","None","NOT_APPLICABLE","NOT_APPLICABLE"
"CORE-AICTE-1-44643745827","AICTE Institution 1-44643745827","ceiScore","true","1","CEI Intelligence Analysis","N/A","N/A","N/A","N/A","N/A","N/A","N/A","","","","","REVIEW","None (Internal Calculation)","INTERNAL_METHODOLOGY_VISIBLE","MISSING"
"CORE-AICTE-1-44643864170","AICTE Institution 1-44643864170","seats","","","N/A","N/A","N/A","N/A","N/A","N/A","N/A","N/A","","","","","SAFE","None","NOT_APPLICABLE","NOT_APPLICABLE"
"CORE-AICTE-1-44643864170","AICTE Institution 1-44643864170","cutoffs","","","N/A","N/A","N/A","N/A","N/A","N/A","N/A","N/A","","","","","SAFE","None","NOT_APPLICABLE","NOT_APPLICABLE"
"CORE-AICTE-1-44643864170","AICTE Institution 1-44643864170","fees","","","N/A","N/A","N/A","N/A","N/A","N/A","N/A","N/A","","","","","SAFE","None","NOT_APPLICABLE","NOT_APPLICABLE"
"CORE-AICTE-1-44643864170","AICTE Institution 1-44643864170","placements","","","N/A","N/A","N/A","N/A","N/A","N/A","N/A","N/A","","","","","SAFE","None","NOT_APPLICABLE","NOT_APPLICABLE"
"CORE-AICTE-1-44643864170","AICTE Institution 1-44643864170","rankings","","","N/A","N/A","N/A","N/A","N/A","N/A","N/A","N/A","","","","","SAFE","None","NOT_APPLICABLE","NOT_APPLICABLE"
"CORE-AICTE-1-44643864170","AICTE Institution 1-44643864170","ceiScore","true","1","CEI Intelligence Analysis","N/A","N/A","N/A","N/A","N/A","N/A","N/A","","","","","REVIEW","None (Internal Calculation)","INTERNAL_METHODOLOGY_VISIBLE","MISSING"
"CORE-ASSAM-UNIVERSITY-SILCHAR","Assam University, Silchar","seats","true","12","Official Authority","N/A","N/A","N/A","2026-04-16T18:30:45.363Z","N/A","YES","N/A","true","","","","REVIEW","Convert string source to object {title, url, type}","VISIBLE_PARTIAL_STRING","VISIBLE_FRESH"
"CORE-ASSAM-UNIVERSITY-SILCHAR","Assam University, Silchar","cutoffs","true","1","JoSAA Round 1","https://josaa.admissions.nic.in/applicant/SeatAllotmentResult/CurrentORCR.aspx","primary_authority","N/A","2026-04-16T15:55:46.836Z","N/A","YES","N/A","true","","","","SAFE","None","VISIBLE_FULL","VISIBLE_FRESH"
"CORE-ASSAM-UNIVERSITY-SILCHAR","Assam University, Silchar","fees","","","N/A","N/A","N/A","N/A","N/A","N/A","N/A","N/A","","","","","SAFE","None","NOT_APPLICABLE","NOT_APPLICABLE"
"CORE-ASSAM-UNIVERSITY-SILCHAR","Assam University, Silchar","placements","","","N/A","N/A","N/A","N/A","N/A","N/A","N/A","N/A","","","","","SAFE","None","NOT_APPLICABLE","NOT_APPLICABLE"
"CORE-ASSAM-UNIVERSITY-SILCHAR","Assam University, Silchar","rankings","","","N/A","N/A","N/A","N/A","N/A","N/A","N/A","N/A","","","","","SAFE","None","NOT_APPLICABLE","NOT_APPLICABLE"
"CORE-ASSAM-UNIVERSITY-SILCHAR","Assam University, Silchar","ceiScore","true","1","CEI Intelligence Analysis","N/A","N/A","N/A","N/A","N/A","N/A","N/A","","","","","REVIEW","None (Internal Calculation)","INTERNAL_METHODOLOGY_VISIBLE","MISSING"
"CORE-IIIT-GWALIOR","Atal Bihari Vajpayee Indian Institute of Information Technology and Management, Gwalior","seats","true","10","Official Authority","N/A","N/A","N/A","2026-04-16T18:30:45.360Z","N/A","YES","N/A","true","","","","REVIEW","Convert string source to object {title, url, type}","VISIBLE_PARTIAL_STRING","VISIBLE_FRESH"
"CORE-IIIT-GWALIOR","Atal Bihari Vajpayee Indian Institute of Information Technology and Management, Gwalior","cutoffs","true","1","JoSAA Round 1","https://josaa.admissions.nic.in/applicant/SeatAllotmentResult/CurrentORCR.aspx","primary_authority","N/A","2026-04-16T15:55:46.827Z","N/A","YES","N/A","true","","","","SAFE","None","VISIBLE_FULL","VISIBLE_FRESH"
"CORE-IIIT-GWALIOR","Atal Bihari Vajpayee Indian Institute of Information Technology and Management, Gwalior","fees","","","N/A","N/A","N/A","N/A","N/A","N/A","N/A","N/A","","","","","SAFE","None","NOT_APPLICABLE","NOT_APPLICABLE"
"CORE-IIIT-GWALIOR","Atal Bihari Vajpayee Indian Institute of Information Technology and Management, Gwalior","placements","","","N/A","N/A","N/A","N/A","N/A","N/A","N/A","N/A","","","","","SAFE","None","NOT_APPLICABLE","NOT_APPLICABLE"
"CORE-IIIT-GWALIOR","Atal Bihari Vajpayee Indian Institute of Information Technology and Management, Gwalior","rankings","","","N/A","N/A","N/A","N/A","N/A","N/A","N/A","N/A","","","","","SAFE","None","NOT_APPLICABLE","NOT_APPLICABLE"
"CORE-IIIT-GWALIOR","Atal Bihari Vajpayee Indian Institute of Information Technology and Management, Gwalior","ceiScore","true","1","CEI Intelligence Analysis","N/A","N/A","N/A","N/A","N/A","N/A","N/A","","","","","REVIEW","None (Internal Calculation)","INTERNAL_METHODOLOGY_VISIBLE","MISSING"
"CORE-BIRLA-INSTITUTE-OF-TECHNOLOGY-DEOGHAR","Birla Institute of Technology, Deoghar Off-Campus","seats","true","16","Official Authority","N/A","N/A","N/A","2026-04-16T18:30:45.373Z","N/A","YES","N/A","true","","","","REVIEW","Convert string source to object {title, url, type}","VISIBLE_PARTIAL_STRING","VISIBLE_FRESH"
"CORE-BIRLA-INSTITUTE-OF-TECHNOLOGY-DEOGHAR","Birla Institute of Technology, Deoghar Off-Campus","cutoffs","true","1","JoSAA Round 1","https://josaa.admissions.nic.in/applicant/SeatAllotmentResult/CurrentORCR.aspx","primary_authority","N/A","2026-04-16T15:55:46.848Z","N/A","YES","N/A","true","","","","SAFE","None","VISIBLE_FULL","VISIBLE_FRESH"
"CORE-BIRLA-INSTITUTE-OF-TECHNOLOGY-DEOGHAR","Birla Institute of Technology, Deoghar Off-Campus","fees","","","N/A","N/A","N/A","N/A","N/A","N/A","N/A","N/A","","","","","SAFE","None","NOT_APPLICABLE","NOT_APPLICABLE"
"CORE-BIRLA-INSTITUTE-OF-TECHNOLOGY-DEOGHAR","Birla Institute of Technology, Deoghar Off-Campus","placements","","","N/A","N/A","N/A","N/A","N/A","N/A","N/A","N/A","","","","","SAFE","None","NOT_APPLICABLE","NOT_APPLICABLE"
"CORE-BIRLA-INSTITUTE-OF-TECHNOLOGY-DEOGHAR","Birla Institute of Technology, Deoghar Off-Campus","rankings","","","N/A","N/A","N/A","N/A","N/A","N/A","N/A","N/A","","","","","SAFE","None","NOT_APPLICABLE","NOT_APPLICABLE"
"CORE-BIRLA-INSTITUTE-OF-TECHNOLOGY-DEOGHAR","Birla Institute of Technology, Deoghar Off-Campus","ceiScore","true","1","CEI Intelligence Analysis","N/A","N/A","N/A","N/A","N/A","N/A","N/A","","","","","REVIEW","None (Internal Calculation)","INTERNAL_METHODOLOGY_VISIBLE","MISSING"
"CORE-BIRLA-INSTITUTE-OF-TECHNOLOGY-PATNA","Birla Institute of Technology, Patna Off-Campus","seats","true","28","Official Authority","N/A","N/A","N/A","2026-04-16T18:30:45.373Z","N/A","YES","N/A","true","","","","REVIEW","Convert string source to object {title, url, type}","VISIBLE_PARTIAL_STRING","VISIBLE_FRESH"
"CORE-BIRLA-INSTITUTE-OF-TECHNOLOGY-PATNA","Birla Institute of Technology, Patna Off-Campus","cutoffs","true","1","JoSAA Round 1","https://josaa.admissions.nic.in/applicant/SeatAllotmentResult/CurrentORCR.aspx","primary_authority","N/A","2026-04-16T15:55:46.849Z","N/A","YES","N/A","true","","","","SAFE","None","VISIBLE_FULL","VISIBLE_FRESH"
"CORE-BIRLA-INSTITUTE-OF-TECHNOLOGY-PATNA","Birla Institute of Technology, Patna Off-Campus","fees","","","N/A","N/A","N/A","N/A","N/A","N/A","N/A","N/A","","","","","SAFE","None","NOT_APPLICABLE","NOT_APPLICABLE"
"CORE-BIRLA-INSTITUTE-OF-TECHNOLOGY-PATNA","Birla Institute of Technology, Patna Off-Campus","placements","","","N/A","N/A","N/A","N/A","N/A","N/A","N/A","N/A","","","","","SAFE","None","NOT_APPLICABLE","NOT_APPLICABLE"
"CORE-BIRLA-INSTITUTE-OF-TECHNOLOGY-PATNA","Birla Institute of Technology, Patna Off-Campus","rankings","","","N/A","N/A","N/A","N/A","N/A","N/A","N/A","N/A","","","","","SAFE","None","NOT_APPLICABLE","NOT_APPLICABLE"
"CORE-BIRLA-INSTITUTE-OF-TECHNOLOGY-PATNA","Birla Institute of Technology, Patna Off-Campus","ceiScore","true","1","CEI Intelligence Analysis","N/A","N/A","N/A","N/A","N/A","N/A","N/A","","","","","REVIEW","None (Internal Calculation)","INTERNAL_METHODOLOGY_VISIBLE","MISSING"
"CORE-BIRLA-INSTITUTE-OF-TECHNOLOGY-RANCHI","Birla Institute of Technology, Ranchi","seats","true","54","Joint Seat Allocation Authority (JoSAA)","N/A","N/A","N/A","2026-04-16T18:30:45.364Z","N/A","YES","N/A","true","","","","REVIEW","Convert string source to object {title, url, type}","VISIBLE_PARTIAL_STRING","VISIBLE_FRESH"
"CORE-BIRLA-INSTITUTE-OF-TECHNOLOGY-RANCHI","Birla Institute of Technology, Ranchi","cutoffs","","","N/A","N/A","N/A","N/A","N/A","N/A","N/A","N/A","","","","","SAFE","None","NOT_APPLICABLE","NOT_APPLICABLE"
"CORE-BIRLA-INSTITUTE-OF-TECHNOLOGY-RANCHI","Birla Institute of Technology, Ranchi","fees","","","N/A","N/A","N/A","N/A","N/A","N/A","N/A","N/A","","","","","SAFE","None","NOT_APPLICABLE","NOT_APPLICABLE"
"CORE-BIRLA-INSTITUTE-OF-TECHNOLOGY-RANCHI","Birla Institute of Technology, Ranchi","placements","","","N/A","N/A","N/A","N/A","N/A","N/A","N/A","N/A","","","","","SAFE","None","NOT_APPLICABLE","NOT_APPLICABLE"
"CORE-BIRLA-INSTITUTE-OF-TECHNOLOGY-RANCHI","Birla Institute of Technology, Ranchi","rankings","","","N/A","N/A","N/A","N/A","N/A","N/A","N/A","N/A","","","","","SAFE","None","NOT_APPLICABLE","NOT_APPLICABLE"
"CORE-BIRLA-INSTITUTE-OF-TECHNOLOGY-RANCHI","Birla Institute of Technology, Ranchi","ceiScore","true","1","CEI Intelligence Analysis","N/A","N/A","N/A","N/A","N/A","N/A","N/A","","","","","REVIEW","None (Internal Calculation)","INTERNAL_METHODOLOGY_VISIBLE","MISSING"
"CORE-CENTRAL-UNIVERSITY-OF-HARYANA","Central University of Haryana","seats","true","4","Official Authority","N/A","N/A","N/A","2026-04-16T18:30:45.373Z","N/A","YES","N/A","true","","","","REVIEW","Convert string source to object {title, url, type}","VISIBLE_PARTIAL_STRING","VISIBLE_FRESH"
"CORE-CENTRAL-UNIVERSITY-OF-HARYANA","Central University of Haryana","cutoffs","true","1","JoSAA Round 1","https://josaa.admissions.nic.in/applicant/SeatAllotmentResult/CurrentORCR.aspx","primary_authority","N/A","2026-04-16T15:55:46.848Z","N/A","YES","N/A","true","","","","SAFE","None","VISIBLE_FULL","VISIBLE_FRESH"
"CORE-CENTRAL-UNIVERSITY-OF-HARYANA","Central University of Haryana","fees","","","N/A","N/A","N/A","N/A","N/A","N/A","N/A","N/A","","","","","SAFE","None","NOT_APPLICABLE","NOT_APPLICABLE"
"CORE-CENTRAL-UNIVERSITY-OF-HARYANA","Central University of Haryana","placements","","","N/A","N/A","N/A","N/A","N/A","N/A","N/A","N/A","","","","","SAFE","None","NOT_APPLICABLE","NOT_APPLICABLE"
"CORE-CENTRAL-UNIVERSITY-OF-HARYANA","Central University of Haryana","rankings","","","N/A","N/A","N/A","N/A","N/A","N/A","N/A","N/A","","","","","SAFE","None","NOT_APPLICABLE","NOT_APPLICABLE"
"CORE-CENTRAL-UNIVERSITY-OF-HARYANA","Central University of Haryana","ceiScore","true","1","CEI Intelligence Analysis","N/A","N/A","N/A","N/A","N/A","N/A","N/A","","","","","REVIEW","None (Internal Calculation)","INTERNAL_METHODOLOGY_VISIBLE","MISSING"
"CORE-CENTRAL-UNIVERSITY-OF-JAMMU","Central University of Jammu","seats","true","5","Official Authority","N/A","N/A","N/A","2026-04-16T18:30:45.372Z","N/A","YES","N/A","true","","","","REVIEW","Convert string source to object {title, url, type}","VISIBLE_PARTIAL_STRING","VISIBLE_FRESH"
"CORE-CENTRAL-UNIVERSITY-OF-JAMMU","Central University of Jammu","cutoffs","true","1","JoSAA Round 1","https://josaa.admissions.nic.in/applicant/SeatAllotmentResult/CurrentORCR.aspx","primary_authority","N/A","2026-04-16T15:55:46.847Z","N/A","YES","N/A","true","","","","SAFE","None","VISIBLE_FULL","VISIBLE_FRESH"
"CORE-CENTRAL-UNIVERSITY-OF-JAMMU","Central University of Jammu","fees","","","N/A","N/A","N/A","N/A","N/A","N/A","N/A","N/A","","","","","SAFE","None","NOT_APPLICABLE","NOT_APPLICABLE"
"CORE-CENTRAL-UNIVERSITY-OF-JAMMU","Central University of Jammu","placements","","","N/A","N/A","N/A","N/A","N/A","N/A","N/A","N/A","","","","","SAFE","None","NOT_APPLICABLE","NOT_APPLICABLE"
"CORE-CENTRAL-UNIVERSITY-OF-JAMMU","Central University of Jammu","rankings","","","N/A","N/A","N/A","N/A","N/A","N/A","N/A","N/A","","","","","SAFE","None","NOT_APPLICABLE","NOT_APPLICABLE"
"CORE-CENTRAL-UNIVERSITY-OF-JAMMU","Central University of Jammu","ceiScore","true","1","CEI Intelligence Analysis","N/A","N/A","N/A","N/A","N/A","N/A","N/A","","","","","REVIEW","None (Internal Calculation)","INTERNAL_METHODOLOGY_VISIBLE","MISSING"
"CORE-DR-B-R-AMBEDKAR-NATIONAL-INSTITUTE-OF-TECHNOLOGY-JALANDHAR","Dr. B. R. Ambedkar National Institute of Technology, Jalandhar","seats","true","110","Joint Seat Allocation Authority (JoSAA)","N/A","N/A","N/A","2026-04-16T18:30:45.315Z","N/A","YES","N/A","true","","","","REVIEW","Convert string source to object {title, url, type}","VISIBLE_PARTIAL_STRING","VISIBLE_FRESH"
"CORE-DR-B-R-AMBEDKAR-NATIONAL-INSTITUTE-OF-TECHNOLOGY-JALANDHAR","Dr. B. R. Ambedkar National Institute of Technology, Jalandhar","cutoffs","","","N/A","N/A","N/A","N/A","N/A","N/A","N/A","N/A","","","","","SAFE","None","NOT_APPLICABLE","NOT_APPLICABLE"
"CORE-DR-B-R-AMBEDKAR-NATIONAL-INSTITUTE-OF-TECHNOLOGY-JALANDHAR","Dr. B. R. Ambedkar National Institute of Technology, Jalandhar","fees","true","1","Official Fee Structure","N/A","N/A","N/A","2026-05-01T13:14:53.200Z","N/A","YES","N/A","true","","","","REVIEW","Convert string source to object {title, url, type}","VISIBLE_PARTIAL_STRING","VISIBLE_FRESH"
"CORE-DR-B-R-AMBEDKAR-NATIONAL-INSTITUTE-OF-TECHNOLOGY-JALANDHAR","Dr. B. R. Ambedkar National Institute of Technology, Jalandhar","placements","true","3","N/A","N/A","N/A","N/A","N/A","N/A","N/A","N/A","true","","","","REVIEW","Promote item source to section-level primarySource","API_ONLY_NOT_RENDERED","MISSING"
"CORE-DR-B-R-AMBEDKAR-NATIONAL-INSTITUTE-OF-TECHNOLOGY-JALANDHAR","Dr. B. R. Ambedkar National Institute of Technology, Jalandhar","rankings","","","N/A","N/A","N/A","N/A","N/A","N/A","N/A","N/A","","","","","SAFE","None","NOT_APPLICABLE","NOT_APPLICABLE"
"CORE-DR-B-R-AMBEDKAR-NATIONAL-INSTITUTE-OF-TECHNOLOGY-JALANDHAR","Dr. B. R. Ambedkar National Institute of Technology, Jalandhar","ceiScore","true","1","CEI Intelligence Analysis","N/A","N/A","N/A","N/A","N/A","N/A","N/A","","","","","REVIEW","None (Internal Calculation)","INTERNAL_METHODOLOGY_VISIBLE","MISSING"
"CORE-GATI-SHAKTI-VISHWAVIDYALAYA-VADODARA","Gati Shakti Vishwavidyalaya, Vadodara","seats","true","10","Official Authority","N/A","N/A","N/A","2026-04-16T18:30:45.374Z","N/A","YES","N/A","true","","","","REVIEW","Convert string source to object {title, url, type}","VISIBLE_PARTIAL_STRING","VISIBLE_FRESH"
"CORE-GATI-SHAKTI-VISHWAVIDYALAYA-VADODARA","Gati Shakti Vishwavidyalaya, Vadodara","cutoffs","true","1","JoSAA Round 1","https://josaa.admissions.nic.in/applicant/SeatAllotmentResult/CurrentORCR.aspx","primary_authority","N/A","2026-04-16T15:55:46.850Z","N/A","YES","N/A","true","","","","SAFE","None","VISIBLE_FULL","VISIBLE_FRESH"
"CORE-GATI-SHAKTI-VISHWAVIDYALAYA-VADODARA","Gati Shakti Vishwavidyalaya, Vadodara","fees","","","N/A","N/A","N/A","N/A","N/A","N/A","N/A","N/A","","","","","SAFE","None","NOT_APPLICABLE","NOT_APPLICABLE"
"CORE-GATI-SHAKTI-VISHWAVIDYALAYA-VADODARA","Gati Shakti Vishwavidyalaya, Vadodara","placements","","","N/A","N/A","N/A","N/A","N/A","N/A","N/A","N/A","","","","","SAFE","None","NOT_APPLICABLE","NOT_APPLICABLE"
"CORE-GATI-SHAKTI-VISHWAVIDYALAYA-VADODARA","Gati Shakti Vishwavidyalaya, Vadodara","rankings","","","N/A","N/A","N/A","N/A","N/A","N/A","N/A","N/A","","","","","SAFE","None","NOT_APPLICABLE","NOT_APPLICABLE"
"CORE-GATI-SHAKTI-VISHWAVIDYALAYA-VADODARA","Gati Shakti Vishwavidyalaya, Vadodara","ceiScore","true","1","CEI Intelligence Analysis","N/A","N/A","N/A","N/A","N/A","N/A","N/A","","","","","REVIEW","None (Internal Calculation)","INTERNAL_METHODOLOGY_VISIBLE","MISSING"
"CORE-GHANI-KHAN-CHOUDHURY-INSTITUTE-OF-ENGINEERING-TECHNOLOGY-KOTWALI-MALDA","GHANI KHAN CHOUDHURY INSTITUTE OF ENGINEERING & TECHNOLOGY, KOTWALI, MALDA","seats","true","18","Joint Seat Allocation Authority (JoSAA)","N/A","N/A","N/A","2026-04-16T18:30:45.371Z","N/A","YES","N/A","true","","","","REVIEW","Convert string source to object {title, url, type}","VISIBLE_PARTIAL_STRING","VISIBLE_FRESH"
"CORE-GHANI-KHAN-CHOUDHURY-INSTITUTE-OF-ENGINEERING-TECHNOLOGY-KOTWALI-MALDA","GHANI KHAN CHOUDHURY INSTITUTE OF ENGINEERING & TECHNOLOGY, KOTWALI, MALDA","cutoffs","","","N/A","N/A","N/A","N/A","N/A","N/A","N/A","N/A","","","","","SAFE","None","NOT_APPLICABLE","NOT_APPLICABLE"
"CORE-GHANI-KHAN-CHOUDHURY-INSTITUTE-OF-ENGINEERING-TECHNOLOGY-KOTWALI-MALDA","GHANI KHAN CHOUDHURY INSTITUTE OF ENGINEERING & TECHNOLOGY, KOTWALI, MALDA","fees","","","N/A","N/A","N/A","N/A","N/A","N/A","N/A","N/A","","","","","SAFE","None","NOT_APPLICABLE","NOT_APPLICABLE"
"CORE-GHANI-KHAN-CHOUDHURY-INSTITUTE-OF-ENGINEERING-TECHNOLOGY-KOTWALI-MALDA","GHANI KHAN CHOUDHURY INSTITUTE OF ENGINEERING & TECHNOLOGY, KOTWALI, MALDA","placements","","","N/A","N/A","N/A","N/A","N/A","N/A","N/A","N/A","","","","","SAFE","None","NOT_APPLICABLE","NOT_APPLICABLE"
"CORE-GHANI-KHAN-CHOUDHURY-INSTITUTE-OF-ENGINEERING-TECHNOLOGY-KOTWALI-MALDA","GHANI KHAN CHOUDHURY INSTITUTE OF ENGINEERING & TECHNOLOGY, KOTWALI, MALDA","rankings","","","N/A","N/A","N/A","N/A","N/A","N/A","N/A","N/A","","","","","SAFE","None","NOT_APPLICABLE","NOT_APPLICABLE"
"CORE-GHANI-KHAN-CHOUDHURY-INSTITUTE-OF-ENGINEERING-TECHNOLOGY-KOTWALI-MALDA","GHANI KHAN CHOUDHURY INSTITUTE OF ENGINEERING & TECHNOLOGY, KOTWALI, MALDA","ceiScore","true","1","CEI Intelligence Analysis","N/A","N/A","N/A","N/A","N/A","N/A","N/A","","","","","REVIEW","None (Internal Calculation)","INTERNAL_METHODOLOGY_VISIBLE","MISSING"
"CORE-GURUKULA-KANGRI-VISHWAVIDYALAYA-HARIDWAR","Gurukula Kangri Vishwavidyalaya, Haridwar","seats","true","4","Official Authority","N/A","N/A","N/A","2026-04-16T18:30:45.365Z","N/A","YES","N/A","true","","","","REVIEW","Convert string source to object {title, url, type}","VISIBLE_PARTIAL_STRING","VISIBLE_FRESH"
"CORE-GURUKULA-KANGRI-VISHWAVIDYALAYA-HARIDWAR","Gurukula Kangri Vishwavidyalaya, Haridwar","cutoffs","true","1","JoSAA Round 1","https://josaa.admissions.nic.in/applicant/SeatAllotmentResult/CurrentORCR.aspx","primary_authority","N/A","2026-04-16T15:55:46.837Z","N/A","YES","N/A","true","","","","SAFE","None","VISIBLE_FULL","VISIBLE_FRESH"
"CORE-GURUKULA-KANGRI-VISHWAVIDYALAYA-HARIDWAR","Gurukula Kangri Vishwavidyalaya, Haridwar","fees","","","N/A","N/A","N/A","N/A","N/A","N/A","N/A","N/A","","","","","SAFE","None","NOT_APPLICABLE","NOT_APPLICABLE"
"CORE-GURUKULA-KANGRI-VISHWAVIDYALAYA-HARIDWAR","Gurukula Kangri Vishwavidyalaya, Haridwar","placements","","","N/A","N/A","N/A","N/A","N/A","N/A","N/A","N/A","","","","","SAFE","None","NOT_APPLICABLE","NOT_APPLICABLE"
"CORE-GURUKULA-KANGRI-VISHWAVIDYALAYA-HARIDWAR","Gurukula Kangri Vishwavidyalaya, Haridwar","rankings","","","N/A","N/A","N/A","N/A","N/A","N/A","N/A","N/A","","","","","SAFE","None","NOT_APPLICABLE","NOT_APPLICABLE"
"CORE-GURUKULA-KANGRI-VISHWAVIDYALAYA-HARIDWAR","Gurukula Kangri Vishwavidyalaya, Haridwar","ceiScore","true","1","CEI Intelligence Analysis","N/A","N/A","N/A","N/A","N/A","N/A","N/A","","","","","REVIEW","None (Internal Calculation)","INTERNAL_METHODOLOGY_VISIBLE","MISSING"
"CORE-INDIAN-INSTITUTE-OF-CARPET-TECHNOLOGY-BHADOHI","INDIAN INSTITUTE OF CARPET TECHNOLOGY, BHADOHI","seats","true","2","Central Seat Allocation Board (CSAB)","N/A","N/A","N/A","2026-04-16T20:05:54.875Z","N/A","YES","N/A","true","","","","REVIEW","Convert string source to object {title, url, type}","VISIBLE_PARTIAL_STRING","VISIBLE_FRESH"
"CORE-INDIAN-INSTITUTE-OF-CARPET-TECHNOLOGY-BHADOHI","INDIAN INSTITUTE OF CARPET TECHNOLOGY, BHADOHI","cutoffs","","","N/A","N/A","N/A","N/A","N/A","N/A","N/A","N/A","","","","","SAFE","None","NOT_APPLICABLE","NOT_APPLICABLE"
"CORE-INDIAN-INSTITUTE-OF-CARPET-TECHNOLOGY-BHADOHI","INDIAN INSTITUTE OF CARPET TECHNOLOGY, BHADOHI","fees","","","N/A","N/A","N/A","N/A","N/A","N/A","N/A","N/A","","","","","SAFE","None","NOT_APPLICABLE","NOT_APPLICABLE"
"CORE-INDIAN-INSTITUTE-OF-CARPET-TECHNOLOGY-BHADOHI","INDIAN INSTITUTE OF CARPET TECHNOLOGY, BHADOHI","placements","","","N/A","N/A","N/A","N/A","N/A","N/A","N/A","N/A","","","","","SAFE","None","NOT_APPLICABLE","NOT_APPLICABLE"
"CORE-INDIAN-INSTITUTE-OF-CARPET-TECHNOLOGY-BHADOHI","INDIAN INSTITUTE OF CARPET TECHNOLOGY, BHADOHI","rankings","","","N/A","N/A","N/A","N/A","N/A","N/A","N/A","N/A","","","","","SAFE","None","NOT_APPLICABLE","NOT_APPLICABLE"
"CORE-INDIAN-INSTITUTE-OF-CARPET-TECHNOLOGY-BHADOHI","INDIAN INSTITUTE OF CARPET TECHNOLOGY, BHADOHI","ceiScore","true","1","CEI Intelligence Analysis","N/A","N/A","N/A","N/A","N/A","N/A","N/A","","","","","REVIEW","None (Internal Calculation)","INTERNAL_METHODOLOGY_VISIBLE","MISSING"
"CORE-INDIAN-INSTITUTE-OF-HANDLOOM-TECHNOLOGY-SALEM","INDIAN INSTITUTE OF HANDLOOM TECHNOLOGY, SALEM","seats","true","1","Central Seat Allocation Board (CSAB)","N/A","N/A","N/A","2026-04-16T20:06:46.068Z","N/A","YES","N/A","true","","","","REVIEW","Convert string source to object {title, url, type}","VISIBLE_PARTIAL_STRING","VISIBLE_FRESH"
"CORE-INDIAN-INSTITUTE-OF-HANDLOOM-TECHNOLOGY-SALEM","INDIAN INSTITUTE OF HANDLOOM TECHNOLOGY, SALEM","cutoffs","","","N/A","N/A","N/A","N/A","N/A","N/A","N/A","N/A","","","","","SAFE","None","NOT_APPLICABLE","NOT_APPLICABLE"
"CORE-INDIAN-INSTITUTE-OF-HANDLOOM-TECHNOLOGY-SALEM","INDIAN INSTITUTE OF HANDLOOM TECHNOLOGY, SALEM","fees","","","N/A","N/A","N/A","N/A","N/A","N/A","N/A","N/A","","","","","SAFE","None","NOT_APPLICABLE","NOT_APPLICABLE"
"CORE-INDIAN-INSTITUTE-OF-HANDLOOM-TECHNOLOGY-SALEM","INDIAN INSTITUTE OF HANDLOOM TECHNOLOGY, SALEM","placements","","","N/A","N/A","N/A","N/A","N/A","N/A","N/A","N/A","","","","","SAFE","None","NOT_APPLICABLE","NOT_APPLICABLE"
"CORE-INDIAN-INSTITUTE-OF-HANDLOOM-TECHNOLOGY-SALEM","INDIAN INSTITUTE OF HANDLOOM TECHNOLOGY, SALEM","rankings","","","N/A","N/A","N/A","N/A","N/A","N/A","N/A","N/A","","","","","SAFE","None","NOT_APPLICABLE","NOT_APPLICABLE"
"CORE-INDIAN-INSTITUTE-OF-HANDLOOM-TECHNOLOGY-SALEM","INDIAN INSTITUTE OF HANDLOOM TECHNOLOGY, SALEM","ceiScore","true","1","CEI Intelligence Analysis","N/A","N/A","N/A","N/A","N/A","N/A","N/A","","","","","REVIEW","None (Internal Calculation)","INTERNAL_METHODOLOGY_VISIBLE","MISSING"
"CORE-IIIT-TECHNOLOGY","INDIAN INSTITUTE OF INFORMATION TECHNOLOGY","seats","true","9","Joint Seat Allocation Authority (JoSAA)","N/A","N/A","N/A","2026-04-16T18:30:45.363Z","N/A","YES","N/A","true","","","","REVIEW","Convert string source to object {title, url, type}","VISIBLE_PARTIAL_STRING","VISIBLE_FRESH"
"CORE-IIIT-TECHNOLOGY","INDIAN INSTITUTE OF INFORMATION TECHNOLOGY","cutoffs","","","N/A","N/A","N/A","N/A","N/A","N/A","N/A","N/A","","","","","SAFE","None","NOT_APPLICABLE","NOT_APPLICABLE"
"CORE-IIIT-TECHNOLOGY","INDIAN INSTITUTE OF INFORMATION TECHNOLOGY","fees","","","N/A","N/A","N/A","N/A","N/A","N/A","N/A","N/A","","","","","SAFE","None","NOT_APPLICABLE","NOT_APPLICABLE"
"CORE-IIIT-TECHNOLOGY","INDIAN INSTITUTE OF INFORMATION TECHNOLOGY","placements","","","N/A","N/A","N/A","N/A","N/A","N/A","N/A","N/A","","","","","SAFE","None","NOT_APPLICABLE","NOT_APPLICABLE"
"CORE-IIIT-TECHNOLOGY","INDIAN INSTITUTE OF INFORMATION TECHNOLOGY","rankings","","","N/A","N/A","N/A","N/A","N/A","N/A","N/A","N/A","","","","","SAFE","None","NOT_APPLICABLE","NOT_APPLICABLE"
"CORE-IIIT-TECHNOLOGY","INDIAN INSTITUTE OF INFORMATION TECHNOLOGY","ceiScore","true","1","CEI Intelligence Analysis","N/A","N/A","N/A","N/A","N/A","N/A","N/A","","","","","REVIEW","None (Internal Calculation)","INTERNAL_METHODOLOGY_VISIBLE","MISSING"
"CORE-INDIAN-INSTITUTE-OF-INFORMATION-TECHNOLOGY-BHAGALPUR","INDIAN INSTITUTE OF INFORMATION TECHNOLOGY BHAGALPUR","seats","true","15","Joint Seat Allocation Authority (JoSAA)","N/A","N/A","N/A","2026-04-16T18:30:45.363Z","N/A","YES","N/A","true","","","","REVIEW","Convert string source to object {title, url, type}","VISIBLE_PARTIAL_STRING","VISIBLE_FRESH"
"CORE-INDIAN-INSTITUTE-OF-INFORMATION-TECHNOLOGY-BHAGALPUR","INDIAN INSTITUTE OF INFORMATION TECHNOLOGY BHAGALPUR","cutoffs","","","N/A","N/A","N/A","N/A","N/A","N/A","N/A","N/A","","","","","SAFE","None","NOT_APPLICABLE","NOT_APPLICABLE"
"CORE-INDIAN-INSTITUTE-OF-INFORMATION-TECHNOLOGY-BHAGALPUR","INDIAN INSTITUTE OF INFORMATION TECHNOLOGY BHAGALPUR","fees","","","N/A","N/A","N/A","N/A","N/A","N/A","N/A","N/A","","","","","SAFE","None","NOT_APPLICABLE","NOT_APPLICABLE"
"CORE-INDIAN-INSTITUTE-OF-INFORMATION-TECHNOLOGY-BHAGALPUR","INDIAN INSTITUTE OF INFORMATION TECHNOLOGY BHAGALPUR","placements","","","N/A","N/A","N/A","N/A","N/A","N/A","N/A","N/A","","","","","SAFE","None","NOT_APPLICABLE","NOT_APPLICABLE"
"CORE-INDIAN-INSTITUTE-OF-INFORMATION-TECHNOLOGY-BHAGALPUR","INDIAN INSTITUTE OF INFORMATION TECHNOLOGY BHAGALPUR","rankings","","","N/A","N/A","N/A","N/A","N/A","N/A","N/A","N/A","","","","","SAFE","None","NOT_APPLICABLE","NOT_APPLICABLE"
"CORE-INDIAN-INSTITUTE-OF-INFORMATION-TECHNOLOGY-BHAGALPUR","INDIAN INSTITUTE OF INFORMATION TECHNOLOGY BHAGALPUR","ceiScore","true","1","CEI Intelligence Analysis","N/A","N/A","N/A","N/A","N/A","N/A","N/A","","","","","REVIEW","None (Internal Calculation)","INTERNAL_METHODOLOGY_VISIBLE","MISSING"
"CORE-IIIT-RAICHUR","INDIAN INSTITUTE OF INFORMATION TECHNOLOGY RAICHUR","seats","true","6","Official Authority","N/A","N/A","N/A","2026-04-16T18:30:45.363Z","N/A","YES","N/A","true","","","","REVIEW","Convert string source to object {title, url, type}","VISIBLE_PARTIAL_STRING","VISIBLE_FRESH"
"CORE-IIIT-RAICHUR","INDIAN INSTITUTE OF INFORMATION TECHNOLOGY RAICHUR","cutoffs","true","1","JoSAA Round 1","https://josaa.admissions.nic.in/applicant/SeatAllotmentResult/CurrentORCR.aspx","primary_authority","N/A","2026-04-16T15:55:46.835Z","N/A","YES","N/A","true","","","","SAFE","None","VISIBLE_FULL","VISIBLE_FRESH"
"CORE-IIIT-RAICHUR","INDIAN INSTITUTE OF INFORMATION TECHNOLOGY RAICHUR","fees","","","N/A","N/A","N/A","N/A","N/A","N/A","N/A","N/A","","","","","SAFE","None","NOT_APPLICABLE","NOT_APPLICABLE"
"CORE-IIIT-RAICHUR","INDIAN INSTITUTE OF INFORMATION TECHNOLOGY RAICHUR","placements","","","N/A","N/A","N/A","N/A","N/A","N/A","N/A","N/A","","","","","SAFE","None","NOT_APPLICABLE","NOT_APPLICABLE"
"CORE-IIIT-RAICHUR","INDIAN INSTITUTE OF INFORMATION TECHNOLOGY RAICHUR","rankings","","","N/A","N/A","N/A","N/A","N/A","N/A","N/A","N/A","","","","","SAFE","None","NOT_APPLICABLE","NOT_APPLICABLE"
"CORE-IIIT-RAICHUR","INDIAN INSTITUTE OF INFORMATION TECHNOLOGY RAICHUR","ceiScore","true","1","CEI Intelligence Analysis","N/A","N/A","N/A","N/A","N/A","N/A","N/A","","","","","REVIEW","None (Internal Calculation)","INTERNAL_METHODOLOGY_VISIBLE","MISSING"
"CORE-INDIAN-INSTITUTE-OF-INFORMATION-TECHNOLOGY-SURAT","INDIAN INSTITUTE OF INFORMATION TECHNOLOGY SURAT","seats","true","8","Joint Seat Allocation Authority (JoSAA)","N/A","N/A","N/A","2026-04-16T18:30:45.363Z","N/A","YES","N/A","true","","","","REVIEW","Convert string source to object {title, url, type}","VISIBLE_PARTIAL_STRING","VISIBLE_FRESH"
"CORE-INDIAN-INSTITUTE-OF-INFORMATION-TECHNOLOGY-SURAT","INDIAN INSTITUTE OF INFORMATION TECHNOLOGY SURAT","cutoffs","","","N/A","N/A","N/A","N/A","N/A","N/A","N/A","N/A","","","","","SAFE","None","NOT_APPLICABLE","NOT_APPLICABLE"
"CORE-INDIAN-INSTITUTE-OF-INFORMATION-TECHNOLOGY-SURAT","INDIAN INSTITUTE OF INFORMATION TECHNOLOGY SURAT","fees","","","N/A","N/A","N/A","N/A","N/A","N/A","N/A","N/A","","","","","SAFE","None","NOT_APPLICABLE","NOT_APPLICABLE"
"CORE-INDIAN-INSTITUTE-OF-INFORMATION-TECHNOLOGY-SURAT","INDIAN INSTITUTE OF INFORMATION TECHNOLOGY SURAT","placements","","","N/A","N/A","N/A","N/A","N/A","N/A","N/A","N/A","","","","","SAFE","None","NOT_APPLICABLE","NOT_APPLICABLE"
"CORE-INDIAN-INSTITUTE-OF-INFORMATION-TECHNOLOGY-SURAT","INDIAN INSTITUTE OF INFORMATION TECHNOLOGY SURAT","rankings","","","N/A","N/A","N/A","N/A","N/A","N/A","N/A","N/A","","","","","SAFE","None","NOT_APPLICABLE","NOT_APPLICABLE"
"CORE-INDIAN-INSTITUTE-OF-INFORMATION-TECHNOLOGY-SURAT","INDIAN INSTITUTE OF INFORMATION TECHNOLOGY SURAT","ceiScore","true","1","CEI Intelligence Analysis","N/A","N/A","N/A","N/A","N/A","N/A","N/A","","","","","REVIEW","None (Internal Calculation)","INTERNAL_METHODOLOGY_VISIBLE","MISSING"
"CORE-IIIT-VADODARA","INDIAN INSTITUTE OF INFORMATION TECHNOLOGY VADODARA INTERNATIONAL CAMPUS DIU","seats","true","14","Official Authority","N/A","N/A","N/A","2026-04-16T18:30:45.360Z","N/A","YES","N/A","true","","","","REVIEW","Convert string source to object {title, url, type}","VISIBLE_PARTIAL_STRING","VISIBLE_FRESH"
"CORE-IIIT-VADODARA","INDIAN INSTITUTE OF INFORMATION TECHNOLOGY VADODARA INTERNATIONAL CAMPUS DIU","cutoffs","true","1","JoSAA Round 1","https://josaa.admissions.nic.in/applicant/SeatAllotmentResult/CurrentORCR.aspx","primary_authority","N/A","2026-04-16T15:55:46.829Z","N/A","YES","N/A","true","","","","SAFE","None","VISIBLE_FULL","VISIBLE_FRESH"
"CORE-IIIT-VADODARA","INDIAN INSTITUTE OF INFORMATION TECHNOLOGY VADODARA INTERNATIONAL CAMPUS DIU","fees","","","N/A","N/A","N/A","N/A","N/A","N/A","N/A","N/A","","","","","SAFE","None","NOT_APPLICABLE","NOT_APPLICABLE"
"CORE-IIIT-VADODARA","INDIAN INSTITUTE OF INFORMATION TECHNOLOGY VADODARA INTERNATIONAL CAMPUS DIU","placements","","","N/A","N/A","N/A","N/A","N/A","N/A","N/A","N/A","","","","","SAFE","None","NOT_APPLICABLE","NOT_APPLICABLE"
"CORE-IIIT-VADODARA","INDIAN INSTITUTE OF INFORMATION TECHNOLOGY VADODARA INTERNATIONAL CAMPUS DIU","rankings","","","N/A","N/A","N/A","N/A","N/A","N/A","N/A","N/A","","","","","SAFE","None","NOT_APPLICABLE","NOT_APPLICABLE"
"CORE-IIIT-VADODARA","INDIAN INSTITUTE OF INFORMATION TECHNOLOGY VADODARA INTERNATIONAL CAMPUS DIU","ceiScore","true","1","CEI Intelligence Analysis","N/A","N/A","N/A","N/A","N/A","N/A","N/A","","","","","REVIEW","None (Internal Calculation)","INTERNAL_METHODOLOGY_VISIBLE","MISSING"
"CORE-INDIAN-INSTITUTE-OF-INFORMATION-TECHNOLOGY-GUWAHATI","INDIAN INSTITUTE OF INFORMATION TECHNOLOGY, GUWAHATI","seats","true","4","Joint Seat Allocation Authority (JoSAA)","N/A","N/A","N/A","2026-04-16T18:30:45.360Z","N/A","YES","N/A","true","","","","REVIEW","Convert string source to object {title, url, type}","VISIBLE_PARTIAL_STRING","VISIBLE_FRESH"
"CORE-INDIAN-INSTITUTE-OF-INFORMATION-TECHNOLOGY-GUWAHATI","INDIAN INSTITUTE OF INFORMATION TECHNOLOGY, GUWAHATI","cutoffs","","","N/A","N/A","N/A","N/A","N/A","N/A","N/A","N/A","","","","","SAFE","None","NOT_APPLICABLE","NOT_APPLICABLE"
"CORE-INDIAN-INSTITUTE-OF-INFORMATION-TECHNOLOGY-GUWAHATI","INDIAN INSTITUTE OF INFORMATION TECHNOLOGY, GUWAHATI","fees","","","N/A","N/A","N/A","N/A","N/A","N/A","N/A","N/A","","","","","SAFE","None","NOT_APPLICABLE","NOT_APPLICABLE"
"CORE-INDIAN-INSTITUTE-OF-INFORMATION-TECHNOLOGY-GUWAHATI","INDIAN INSTITUTE OF INFORMATION TECHNOLOGY, GUWAHATI","placements","","","N/A","N/A","N/A","N/A","N/A","N/A","N/A","N/A","","","","","SAFE","None","NOT_APPLICABLE","NOT_APPLICABLE"
"CORE-INDIAN-INSTITUTE-OF-INFORMATION-TECHNOLOGY-GUWAHATI","INDIAN INSTITUTE OF INFORMATION TECHNOLOGY, GUWAHATI","rankings","","","N/A","N/A","N/A","N/A","N/A","N/A","N/A","N/A","","","","","SAFE","None","NOT_APPLICABLE","NOT_APPLICABLE"
"CORE-INDIAN-INSTITUTE-OF-INFORMATION-TECHNOLOGY-GUWAHATI","INDIAN INSTITUTE OF INFORMATION TECHNOLOGY, GUWAHATI","ceiScore","true","1","CEI Intelligence Analysis","N/A","N/A","N/A","N/A","N/A","N/A","N/A","","","","","REVIEW","None (Internal Calculation)","INTERNAL_METHODOLOGY_VISIBLE","MISSING"
"CORE-IIIT-KALYANI","INDIAN INSTITUTE OF INFORMATION TECHNOLOGY, KALYANI","seats","true","8","Official Authority","N/A","N/A","N/A","2026-04-16T18:30:45.360Z","N/A","YES","N/A","true","","","","REVIEW","Convert string source to object {title, url, type}","VISIBLE_PARTIAL_STRING","VISIBLE_FRESH"
"CORE-IIIT-KALYANI","INDIAN INSTITUTE OF INFORMATION TECHNOLOGY, KALYANI","cutoffs","true","1","JoSAA Round 1","https://josaa.admissions.nic.in/applicant/SeatAllotmentResult/CurrentORCR.aspx","primary_authority","N/A","2026-04-16T15:55:46.828Z","N/A","YES","N/A","true","","","","SAFE","None","VISIBLE_FULL","VISIBLE_FRESH"
"CORE-IIIT-KALYANI","INDIAN INSTITUTE OF INFORMATION TECHNOLOGY, KALYANI","fees","","","N/A","N/A","N/A","N/A","N/A","N/A","N/A","N/A","","","","","SAFE","None","NOT_APPLICABLE","NOT_APPLICABLE"
"CORE-IIIT-KALYANI","INDIAN INSTITUTE OF INFORMATION TECHNOLOGY, KALYANI","placements","","","N/A","N/A","N/A","N/A","N/A","N/A","N/A","N/A","","","","","SAFE","None","NOT_APPLICABLE","NOT_APPLICABLE"
"CORE-IIIT-KALYANI","INDIAN INSTITUTE OF INFORMATION TECHNOLOGY, KALYANI","rankings","","","N/A","N/A","N/A","N/A","N/A","N/A","N/A","N/A","","","","","SAFE","None","NOT_APPLICABLE","NOT_APPLICABLE"
"CORE-IIIT-KALYANI","INDIAN INSTITUTE OF INFORMATION TECHNOLOGY, KALYANI","ceiScore","true","1","CEI Intelligence Analysis","N/A","N/A","N/A","N/A","N/A","N/A","N/A","","","","","REVIEW","None (Internal Calculation)","INTERNAL_METHODOLOGY_VISIBLE","MISSING"
"CORE-IIIT-AGARTALA","Indian Institute of Information Technology Agartala","seats","true","2","Official Authority","N/A","N/A","N/A","2026-04-16T18:30:45.363Z","N/A","YES","N/A","true","","","","REVIEW","Convert string source to object {title, url, type}","VISIBLE_PARTIAL_STRING","VISIBLE_FRESH"
"CORE-IIIT-AGARTALA","Indian Institute of Information Technology Agartala","cutoffs","true","1","JoSAA Round 1","https://josaa.admissions.nic.in/applicant/SeatAllotmentResult/CurrentORCR.aspx","primary_authority","N/A","2026-04-16T15:55:46.835Z","N/A","YES","N/A","true","","","","SAFE","None","VISIBLE_FULL","VISIBLE_FRESH"
"CORE-IIIT-AGARTALA","Indian Institute of Information Technology Agartala","fees","","","N/A","N/A","N/A","N/A","N/A","N/A","N/A","N/A","","","","","SAFE","None","NOT_APPLICABLE","NOT_APPLICABLE"
"CORE-IIIT-AGARTALA","Indian Institute of Information Technology Agartala","placements","","","N/A","N/A","N/A","N/A","N/A","N/A","N/A","N/A","","","","","SAFE","None","NOT_APPLICABLE","NOT_APPLICABLE"
"CORE-IIIT-AGARTALA","Indian Institute of Information Technology Agartala","rankings","","","N/A","N/A","N/A","N/A","N/A","N/A","N/A","N/A","","","","","SAFE","None","NOT_APPLICABLE","NOT_APPLICABLE"
"CORE-IIIT-AGARTALA","Indian Institute of Information Technology Agartala","ceiScore","true","1","CEI Intelligence Analysis","N/A","N/A","N/A","N/A","N/A","N/A","N/A","","","","","REVIEW","None (Internal Calculation)","INTERNAL_METHODOLOGY_VISIBLE","MISSING"
"CORE-IIIT-KURNOOL","Indian Institute of Information Technology Design And Manufacturing, Kurnool","seats","true","14","Joint Seat Allocation Authority (JoSAA)","N/A","N/A","N/A","2026-04-16T18:30:45.362Z","N/A","YES","N/A","true","","","","REVIEW","Convert string source to object {title, url, type}","VISIBLE_PARTIAL_STRING","VISIBLE_FRESH"
"CORE-IIIT-KURNOOL","Indian Institute of Information Technology Design And Manufacturing, Kurnool","cutoffs","","","N/A","N/A","N/A","N/A","N/A","N/A","N/A","N/A","","","","","SAFE","None","NOT_APPLICABLE","NOT_APPLICABLE"
"CORE-IIIT-KURNOOL","Indian Institute of Information Technology Design And Manufacturing, Kurnool","fees","","","N/A","N/A","N/A","N/A","N/A","N/A","N/A","N/A","","","","","SAFE","None","NOT_APPLICABLE","NOT_APPLICABLE"
"CORE-IIIT-KURNOOL","Indian Institute of Information Technology Design And Manufacturing, Kurnool","placements","","","N/A","N/A","N/A","N/A","N/A","N/A","N/A","N/A","","","","","SAFE","None","NOT_APPLICABLE","NOT_APPLICABLE"
"CORE-IIIT-KURNOOL","Indian Institute of Information Technology Design And Manufacturing, Kurnool","rankings","","","N/A","N/A","N/A","N/A","N/A","N/A","N/A","N/A","","","","","SAFE","None","NOT_APPLICABLE","NOT_APPLICABLE"
"CORE-IIIT-KURNOOL","Indian Institute of Information Technology Design And Manufacturing, Kurnool","ceiScore","true","1","CEI Intelligence Analysis","N/A","N/A","N/A","N/A","N/A","N/A","N/A","","","","","REVIEW","None (Internal Calculation)","INTERNAL_METHODOLOGY_VISIBLE","MISSING"
"CORE-INDIAN-INSTITUTE-OF-INFORMATION-TECHNOLOGY-ALLAHABAD","Indian Institute of Information Technology, Allahabad","seats","true","6","Official Authority","N/A","N/A","N/A","2026-04-16T18:30:45.361Z","N/A","YES","N/A","true","","","","REVIEW","Convert string source to object {title, url, type}","VISIBLE_PARTIAL_STRING","VISIBLE_FRESH"
"CORE-INDIAN-INSTITUTE-OF-INFORMATION-TECHNOLOGY-ALLAHABAD","Indian Institute of Information Technology, Allahabad","cutoffs","true","1","JoSAA Round 1","https://josaa.admissions.nic.in/applicant/SeatAllotmentResult/CurrentORCR.aspx","primary_authority","N/A","2026-04-16T15:55:46.830Z","N/A","YES","N/A","true","","","","SAFE","None","VISIBLE_FULL","VISIBLE_FRESH"
"CORE-INDIAN-INSTITUTE-OF-INFORMATION-TECHNOLOGY-ALLAHABAD","Indian Institute of Information Technology, Allahabad","fees","true","1","Official Fee Structure","N/A","N/A","N/A","2026-05-01T13:15:40.672Z","N/A","YES","N/A","true","","","","REVIEW","Convert string source to object {title, url, type}","VISIBLE_PARTIAL_STRING","VISIBLE_FRESH"
"CORE-INDIAN-INSTITUTE-OF-INFORMATION-TECHNOLOGY-ALLAHABAD","Indian Institute of Information Technology, Allahabad","placements","true","4","N/A","N/A","N/A","N/A","N/A","N/A","N/A","N/A","true","","","","REVIEW","Promote item source to section-level primarySource","API_ONLY_NOT_RENDERED","MISSING"
"CORE-INDIAN-INSTITUTE-OF-INFORMATION-TECHNOLOGY-ALLAHABAD","Indian Institute of Information Technology, Allahabad","rankings","","","N/A","N/A","N/A","N/A","N/A","N/A","N/A","N/A","","","","","SAFE","None","NOT_APPLICABLE","NOT_APPLICABLE"
"CORE-INDIAN-INSTITUTE-OF-INFORMATION-TECHNOLOGY-ALLAHABAD","Indian Institute of Information Technology, Allahabad","ceiScore","true","1","CEI Intelligence Analysis","N/A","N/A","N/A","N/A","N/A","N/A","N/A","","","","","REVIEW","None (Internal Calculation)","INTERNAL_METHODOLOGY_VISIBLE","MISSING"
"CORE-INDIAN-INSTITUTE-OF-INFORMATION-TECHNOLOGY-DESIGN-MANUFACTURING-KANCHEEPURAM","Indian Institute of Information Technology, Design & Manufacturing, Kancheepuram","seats","true","20","Official Authority","N/A","N/A","N/A","2026-04-16T18:30:45.361Z","N/A","YES","N/A","true","","","","REVIEW","Convert string source to object {title, url, type}","VISIBLE_PARTIAL_STRING","VISIBLE_FRESH"
"CORE-INDIAN-INSTITUTE-OF-INFORMATION-TECHNOLOGY-DESIGN-MANUFACTURING-KANCHEEPURAM","Indian Institute of Information Technology, Design & Manufacturing, Kancheepuram","cutoffs","true","1","JoSAA Round 1","https://josaa.admissions.nic.in/applicant/SeatAllotmentResult/CurrentORCR.aspx","primary_authority","N/A","2026-04-16T15:55:46.830Z","N/A","YES","N/A","true","","","","SAFE","None","VISIBLE_FULL","VISIBLE_FRESH"
"CORE-INDIAN-INSTITUTE-OF-INFORMATION-TECHNOLOGY-DESIGN-MANUFACTURING-KANCHEEPURAM","Indian Institute of Information Technology, Design & Manufacturing, Kancheepuram","fees","","","N/A","N/A","N/A","N/A","N/A","N/A","N/A","N/A","","","","","SAFE","None","NOT_APPLICABLE","NOT_APPLICABLE"
"CORE-INDIAN-INSTITUTE-OF-INFORMATION-TECHNOLOGY-DESIGN-MANUFACTURING-KANCHEEPURAM","Indian Institute of Information Technology, Design & Manufacturing, Kancheepuram","placements","","","N/A","N/A","N/A","N/A","N/A","N/A","N/A","N/A","","","","","SAFE","None","NOT_APPLICABLE","NOT_APPLICABLE"
"CORE-INDIAN-INSTITUTE-OF-INFORMATION-TECHNOLOGY-DESIGN-MANUFACTURING-KANCHEEPURAM","Indian Institute of Information Technology, Design & Manufacturing, Kancheepuram","rankings","","","N/A","N/A","N/A","N/A","N/A","N/A","N/A","N/A","","","","","SAFE","None","NOT_APPLICABLE","NOT_APPLICABLE"
"CORE-INDIAN-INSTITUTE-OF-INFORMATION-TECHNOLOGY-DESIGN-MANUFACTURING-KANCHEEPURAM","Indian Institute of Information Technology, Design & Manufacturing, Kancheepuram","ceiScore","true","1","CEI Intelligence Analysis","N/A","N/A","N/A","N/A","N/A","N/A","N/A","","","","","REVIEW","None (Internal Calculation)","INTERNAL_METHODOLOGY_VISIBLE","MISSING"
"CORE-IIIT-DHARWAD","Indian Institute of Information Technology, Dharwad","seats","true","6","Joint Seat Allocation Authority (JoSAA)","N/A","N/A","N/A","2026-04-16T18:30:45.362Z","N/A","YES","N/A","true","","","","REVIEW","Convert string source to object {title, url, type}","VISIBLE_PARTIAL_STRING","VISIBLE_FRESH"
"CORE-IIIT-DHARWAD","Indian Institute of Information Technology, Dharwad","cutoffs","","","N/A","N/A","N/A","N/A","N/A","N/A","N/A","N/A","","","","","SAFE","None","NOT_APPLICABLE","NOT_APPLICABLE"
"CORE-IIIT-DHARWAD","Indian Institute of Information Technology, Dharwad","fees","","","N/A","N/A","N/A","N/A","N/A","N/A","N/A","N/A","","","","","SAFE","None","NOT_APPLICABLE","NOT_APPLICABLE"
"CORE-IIIT-DHARWAD","Indian Institute of Information Technology, Dharwad","placements","","","N/A","N/A","N/A","N/A","N/A","N/A","N/A","N/A","","","","","SAFE","None","NOT_APPLICABLE","NOT_APPLICABLE"
"CORE-IIIT-DHARWAD","Indian Institute of Information Technology, Dharwad","rankings","","","N/A","N/A","N/A","N/A","N/A","N/A","N/A","N/A","","","","","SAFE","None","NOT_APPLICABLE","NOT_APPLICABLE"
"CORE-IIIT-DHARWAD","Indian Institute of Information Technology, Dharwad","ceiScore","true","1","CEI Intelligence Analysis","N/A","N/A","N/A","N/A","N/A","N/A","N/A","","","","","REVIEW","None (Internal Calculation)","INTERNAL_METHODOLOGY_VISIBLE","MISSING"
"CORE-IIIT-KOTA","INDIAN INSTITUTE OF INFORMATION TECHNOLOGY, KOTA","seats","true","6","Official Authority","N/A","N/A","N/A","2026-04-16T18:30:45.360Z","N/A","YES","N/A","true","","","","REVIEW","Convert string source to object {title, url, type}","VISIBLE_PARTIAL_STRING","VISIBLE_FRESH"
"CORE-IIIT-KOTA","INDIAN INSTITUTE OF INFORMATION TECHNOLOGY, KOTA","cutoffs","true","1","JoSAA Round 1","https://josaa.admissions.nic.in/applicant/SeatAllotmentResult/CurrentORCR.aspx","primary_authority","N/A","2026-04-16T15:55:46.828Z","N/A","YES","N/A","true","","","","SAFE","None","VISIBLE_FULL","VISIBLE_FRESH"
"CORE-IIIT-KOTA","INDIAN INSTITUTE OF INFORMATION TECHNOLOGY, KOTA","fees","","","N/A","N/A","N/A","N/A","N/A","N/A","N/A","N/A","","","","","SAFE","None","NOT_APPLICABLE","NOT_APPLICABLE"
"CORE-IIIT-KOTA","INDIAN INSTITUTE OF INFORMATION TECHNOLOGY, KOTA","placements","","","N/A","N/A","N/A","N/A","N/A","N/A","N/A","N/A","","","","","SAFE","None","NOT_APPLICABLE","NOT_APPLICABLE"
"CORE-IIIT-KOTA","INDIAN INSTITUTE OF INFORMATION TECHNOLOGY, KOTA","rankings","","","N/A","N/A","N/A","N/A","N/A","N/A","N/A","N/A","","","","","SAFE","None","NOT_APPLICABLE","NOT_APPLICABLE"
"CORE-IIIT-KOTA","INDIAN INSTITUTE OF INFORMATION TECHNOLOGY, KOTA","ceiScore","true","1","CEI Intelligence Analysis","N/A","N/A","N/A","N/A","N/A","N/A","N/A","","","","","REVIEW","None (Internal Calculation)","INTERNAL_METHODOLOGY_VISIBLE","MISSING"
"CORE-IIIT-KOTTAYAM","INDIAN INSTITUTE OF INFORMATION TECHNOLOGY, KOTTAYAM","seats","true","8","Official Authority","N/A","N/A","N/A","2026-04-16T18:30:45.362Z","N/A","YES","N/A","true","","","","REVIEW","Convert string source to object {title, url, type}","VISIBLE_PARTIAL_STRING","VISIBLE_FRESH"
"CORE-IIIT-KOTTAYAM","INDIAN INSTITUTE OF INFORMATION TECHNOLOGY, KOTTAYAM","cutoffs","true","1","JoSAA Round 1","https://josaa.admissions.nic.in/applicant/SeatAllotmentResult/CurrentORCR.aspx","primary_authority","N/A","2026-04-16T15:55:46.833Z","N/A","YES","N/A","true","","","","SAFE","None","VISIBLE_FULL","VISIBLE_FRESH"
"CORE-IIIT-KOTTAYAM","INDIAN INSTITUTE OF INFORMATION TECHNOLOGY, KOTTAYAM","fees","","","N/A","N/A","N/A","N/A","N/A","N/A","N/A","N/A","","","","","SAFE","None","NOT_APPLICABLE","NOT_APPLICABLE"
"CORE-IIIT-KOTTAYAM","INDIAN INSTITUTE OF INFORMATION TECHNOLOGY, KOTTAYAM","placements","","","N/A","N/A","N/A","N/A","N/A","N/A","N/A","N/A","","","","","SAFE","None","NOT_APPLICABLE","NOT_APPLICABLE"
"CORE-IIIT-KOTTAYAM","INDIAN INSTITUTE OF INFORMATION TECHNOLOGY, KOTTAYAM","rankings","","","N/A","N/A","N/A","N/A","N/A","N/A","N/A","N/A","","","","","SAFE","None","NOT_APPLICABLE","NOT_APPLICABLE"
"CORE-IIIT-KOTTAYAM","INDIAN INSTITUTE OF INFORMATION TECHNOLOGY, KOTTAYAM","ceiScore","true","1","CEI Intelligence Analysis","N/A","N/A","N/A","N/A","N/A","N/A","N/A","","","","","REVIEW","None (Internal Calculation)","INTERNAL_METHODOLOGY_VISIBLE","MISSING"
"CORE-INDIAN-INSTITUTE-OF-INFORMATION-TECHNOLOGY-LUCKNOW","INDIAN INSTITUTE OF INFORMATION TECHNOLOGY, LUCKNOW","seats","true","14","Joint Seat Allocation Authority (JoSAA)","N/A","N/A","N/A","2026-04-16T18:30:45.362Z","N/A","YES","N/A","true","","","","REVIEW","Convert string source to object {title, url, type}","VISIBLE_PARTIAL_STRING","VISIBLE_FRESH"
"CORE-INDIAN-INSTITUTE-OF-INFORMATION-TECHNOLOGY-LUCKNOW","INDIAN INSTITUTE OF INFORMATION TECHNOLOGY, LUCKNOW","cutoffs","","","N/A","N/A","N/A","N/A","N/A","N/A","N/A","N/A","","","","","SAFE","None","NOT_APPLICABLE","NOT_APPLICABLE"
"CORE-INDIAN-INSTITUTE-OF-INFORMATION-TECHNOLOGY-LUCKNOW","INDIAN INSTITUTE OF INFORMATION TECHNOLOGY, LUCKNOW","fees","true","1","Official Fee Structure","N/A","N/A","N/A","2026-05-01T13:15:56.558Z","N/A","YES","N/A","true","","","","REVIEW","Convert string source to object {title, url, type}","VISIBLE_PARTIAL_STRING","VISIBLE_FRESH"
"CORE-INDIAN-INSTITUTE-OF-INFORMATION-TECHNOLOGY-LUCKNOW","INDIAN INSTITUTE OF INFORMATION TECHNOLOGY, LUCKNOW","placements","","","N/A","N/A","N/A","N/A","N/A","N/A","N/A","N/A","","","","","SAFE","None","NOT_APPLICABLE","NOT_APPLICABLE"
"CORE-INDIAN-INSTITUTE-OF-INFORMATION-TECHNOLOGY-LUCKNOW","INDIAN INSTITUTE OF INFORMATION TECHNOLOGY, LUCKNOW","rankings","","","N/A","N/A","N/A","N/A","N/A","N/A","N/A","N/A","","","","","SAFE","None","NOT_APPLICABLE","NOT_APPLICABLE"
"CORE-INDIAN-INSTITUTE-OF-INFORMATION-TECHNOLOGY-LUCKNOW","INDIAN INSTITUTE OF INFORMATION TECHNOLOGY, LUCKNOW","ceiScore","true","1","CEI Intelligence Analysis","N/A","N/A","N/A","N/A","N/A","N/A","N/A","","","","","REVIEW","None (Internal Calculation)","INTERNAL_METHODOLOGY_VISIBLE","MISSING"
"CORE-IIIT-NAGPUR","INDIAN INSTITUTE OF INFORMATION TECHNOLOGY, NAGPUR","seats","true","6","Official Authority","N/A","N/A","N/A","2026-04-16T18:30:45.362Z","N/A","YES","N/A","true","","","","REVIEW","Convert string source to object {title, url, type}","VISIBLE_PARTIAL_STRING","VISIBLE_FRESH"
"CORE-IIIT-NAGPUR","INDIAN INSTITUTE OF INFORMATION TECHNOLOGY, NAGPUR","cutoffs","true","1","JoSAA Round 1","https://josaa.admissions.nic.in/applicant/SeatAllotmentResult/CurrentORCR.aspx","primary_authority","N/A","2026-04-16T15:55:46.834Z","N/A","YES","N/A","true","","","","SAFE","None","VISIBLE_FULL","VISIBLE_FRESH"
"CORE-IIIT-NAGPUR","INDIAN INSTITUTE OF INFORMATION TECHNOLOGY, NAGPUR","fees","","","N/A","N/A","N/A","N/A","N/A","N/A","N/A","N/A","","","","","SAFE","None","NOT_APPLICABLE","NOT_APPLICABLE"
"CORE-IIIT-NAGPUR","INDIAN INSTITUTE OF INFORMATION TECHNOLOGY, NAGPUR","placements","","","N/A","N/A","N/A","N/A","N/A","N/A","N/A","N/A","","","","","SAFE","None","NOT_APPLICABLE","NOT_APPLICABLE"
"CORE-IIIT-NAGPUR","INDIAN INSTITUTE OF INFORMATION TECHNOLOGY, NAGPUR","rankings","","","N/A","N/A","N/A","N/A","N/A","N/A","N/A","N/A","","","","","SAFE","None","NOT_APPLICABLE","NOT_APPLICABLE"
"CORE-IIIT-NAGPUR","INDIAN INSTITUTE OF INFORMATION TECHNOLOGY, NAGPUR","ceiScore","true","1","CEI Intelligence Analysis","N/A","N/A","N/A","N/A","N/A","N/A","N/A","","","","","REVIEW","None (Internal Calculation)","INTERNAL_METHODOLOGY_VISIBLE","MISSING"
"CORE-IIIT-PUNE","INDIAN INSTITUTE OF INFORMATION TECHNOLOGY, PUNE","seats","true","4","Official Authority","N/A","N/A","N/A","2026-04-16T18:30:45.363Z","N/A","YES","N/A","true","","","","REVIEW","Convert string source to object {title, url, type}","VISIBLE_PARTIAL_STRING","VISIBLE_FRESH"
"CORE-IIIT-PUNE","INDIAN INSTITUTE OF INFORMATION TECHNOLOGY, PUNE","cutoffs","true","1","JoSAA Round 1","https://josaa.admissions.nic.in/applicant/SeatAllotmentResult/CurrentORCR.aspx","primary_authority","N/A","2026-04-16T15:55:46.834Z","N/A","YES","N/A","true","","","","SAFE","None","VISIBLE_FULL","VISIBLE_FRESH"
"CORE-IIIT-PUNE","INDIAN INSTITUTE OF INFORMATION TECHNOLOGY, PUNE","fees","","","N/A","N/A","N/A","N/A","N/A","N/A","N/A","N/A","","","","","SAFE","None","NOT_APPLICABLE","NOT_APPLICABLE"
"CORE-IIIT-PUNE","INDIAN INSTITUTE OF INFORMATION TECHNOLOGY, PUNE","placements","","","N/A","N/A","N/A","N/A","N/A","N/A","N/A","N/A","","","","","SAFE","None","NOT_APPLICABLE","NOT_APPLICABLE"
"CORE-IIIT-PUNE","INDIAN INSTITUTE OF INFORMATION TECHNOLOGY, PUNE","rankings","","","N/A","N/A","N/A","N/A","N/A","N/A","N/A","N/A","","","","","SAFE","None","NOT_APPLICABLE","NOT_APPLICABLE"
"CORE-IIIT-PUNE","INDIAN INSTITUTE OF INFORMATION TECHNOLOGY, PUNE","ceiScore","true","1","CEI Intelligence Analysis","N/A","N/A","N/A","N/A","N/A","N/A","N/A","","","","","REVIEW","None (Internal Calculation)","INTERNAL_METHODOLOGY_VISIBLE","MISSING"
"CORE-IIIT-RANCHI","INDIAN INSTITUTE OF INFORMATION TECHNOLOGY, RANCHI","seats","true","5","Official Authority","N/A","N/A","N/A","2026-04-16T18:30:45.362Z","N/A","YES","N/A","true","","","","REVIEW","Convert string source to object {title, url, type}","VISIBLE_PARTIAL_STRING","VISIBLE_FRESH"
"CORE-IIIT-RANCHI","INDIAN INSTITUTE OF INFORMATION TECHNOLOGY, RANCHI","cutoffs","true","1","JoSAA Round 1","https://josaa.admissions.nic.in/applicant/SeatAllotmentResult/CurrentORCR.aspx","primary_authority","N/A","2026-04-16T15:55:46.833Z","N/A","YES","N/A","true","","","","SAFE","None","VISIBLE_FULL","VISIBLE_FRESH"
"CORE-IIIT-RANCHI","INDIAN INSTITUTE OF INFORMATION TECHNOLOGY, RANCHI","fees","","","N/A","N/A","N/A","N/A","N/A","N/A","N/A","N/A","","","","","SAFE","None","NOT_APPLICABLE","NOT_APPLICABLE"
"CORE-IIIT-RANCHI","INDIAN INSTITUTE OF INFORMATION TECHNOLOGY, RANCHI","placements","","","N/A","N/A","N/A","N/A","N/A","N/A","N/A","N/A","","","","","SAFE","None","NOT_APPLICABLE","NOT_APPLICABLE"
"CORE-IIIT-RANCHI","INDIAN INSTITUTE OF INFORMATION TECHNOLOGY, RANCHI","rankings","","","N/A","N/A","N/A","N/A","N/A","N/A","N/A","N/A","","","","","SAFE","None","NOT_APPLICABLE","NOT_APPLICABLE"
"CORE-IIIT-RANCHI","INDIAN INSTITUTE OF INFORMATION TECHNOLOGY, RANCHI","ceiScore","true","1","CEI Intelligence Analysis","N/A","N/A","N/A","N/A","N/A","N/A","N/A","","","","","REVIEW","None (Internal Calculation)","INTERNAL_METHODOLOGY_VISIBLE","MISSING"
"CORE-IIIT-SENAPATI","INDIAN INSTITUTE OF INFORMATION TECHNOLOGY, SENAPATI","seats","true","12","Joint Seat Allocation Authority (JoSAA)","N/A","N/A","N/A","2026-04-16T18:30:45.361Z","N/A","YES","N/A","true","","","","REVIEW","Convert string source to object {title, url, type}","VISIBLE_PARTIAL_STRING","VISIBLE_FRESH"
"CORE-IIIT-SENAPATI","INDIAN INSTITUTE OF INFORMATION TECHNOLOGY, SENAPATI","cutoffs","","","N/A","N/A","N/A","N/A","N/A","N/A","N/A","N/A","","","","","SAFE","None","NOT_APPLICABLE","NOT_APPLICABLE"
"CORE-IIIT-SENAPATI","INDIAN INSTITUTE OF INFORMATION TECHNOLOGY, SENAPATI","fees","","","N/A","N/A","N/A","N/A","N/A","N/A","N/A","N/A","","","","","SAFE","None","NOT_APPLICABLE","NOT_APPLICABLE"
"CORE-IIIT-SENAPATI","INDIAN INSTITUTE OF INFORMATION TECHNOLOGY, SENAPATI","placements","","","N/A","N/A","N/A","N/A","N/A","N/A","N/A","N/A","","","","","SAFE","None","NOT_APPLICABLE","NOT_APPLICABLE"
"CORE-IIIT-SENAPATI","INDIAN INSTITUTE OF INFORMATION TECHNOLOGY, SENAPATI","rankings","","","N/A","N/A","N/A","N/A","N/A","N/A","N/A","N/A","","","","","SAFE","None","NOT_APPLICABLE","NOT_APPLICABLE"
"CORE-IIIT-SENAPATI","INDIAN INSTITUTE OF INFORMATION TECHNOLOGY, SENAPATI","ceiScore","true","1","CEI Intelligence Analysis","N/A","N/A","N/A","N/A","N/A","N/A","N/A","","","","","REVIEW","None (Internal Calculation)","INTERNAL_METHODOLOGY_VISIBLE","MISSING"
"CORE-IIIT-CITY","INDIAN INSTITUTE OF INFORMATION TECHNOLOGY, SRI CITY","seats","true","6","Joint Seat Allocation Authority (JoSAA)","N/A","N/A","N/A","2026-04-16T18:30:45.360Z","N/A","YES","N/A","true","","","","REVIEW","Convert string source to object {title, url, type}","VISIBLE_PARTIAL_STRING","VISIBLE_FRESH"
"CORE-IIIT-CITY","INDIAN INSTITUTE OF INFORMATION TECHNOLOGY, SRI CITY","cutoffs","","","N/A","N/A","N/A","N/A","N/A","N/A","N/A","N/A","","","","","SAFE","None","NOT_APPLICABLE","NOT_APPLICABLE"
"CORE-IIIT-CITY","INDIAN INSTITUTE OF INFORMATION TECHNOLOGY, SRI CITY","fees","","","N/A","N/A","N/A","N/A","N/A","N/A","N/A","N/A","","","","","SAFE","None","NOT_APPLICABLE","NOT_APPLICABLE"
"CORE-IIIT-CITY","INDIAN INSTITUTE OF INFORMATION TECHNOLOGY, SRI CITY","placements","","","N/A","N/A","N/A","N/A","N/A","N/A","N/A","N/A","","","","","SAFE","None","NOT_APPLICABLE","NOT_APPLICABLE"
"CORE-IIIT-CITY","INDIAN INSTITUTE OF INFORMATION TECHNOLOGY, SRI CITY","rankings","","","N/A","N/A","N/A","N/A","N/A","N/A","N/A","N/A","","","","","SAFE","None","NOT_APPLICABLE","NOT_APPLICABLE"
"CORE-IIIT-CITY","INDIAN INSTITUTE OF INFORMATION TECHNOLOGY, SRI CITY","ceiScore","true","1","CEI Intelligence Analysis","N/A","N/A","N/A","N/A","N/A","N/A","N/A","","","","","REVIEW","None (Internal Calculation)","INTERNAL_METHODOLOGY_VISIBLE","MISSING"
"CORE-IIIT-SRIRANGAM","INDIAN INSTITUTE OF INFORMATION TECHNOLOGY, SRIRANGAM","seats","true","6","Joint Seat Allocation Authority (JoSAA)","N/A","N/A","N/A","2026-04-16T18:30:45.361Z","N/A","YES","N/A","true","","","","REVIEW","Convert string source to object {title, url, type}","VISIBLE_PARTIAL_STRING","VISIBLE_FRESH"
"CORE-IIIT-SRIRANGAM","INDIAN INSTITUTE OF INFORMATION TECHNOLOGY, SRIRANGAM","cutoffs","","","N/A","N/A","N/A","N/A","N/A","N/A","N/A","N/A","","","","","SAFE","None","NOT_APPLICABLE","NOT_APPLICABLE"
"CORE-IIIT-SRIRANGAM","INDIAN INSTITUTE OF INFORMATION TECHNOLOGY, SRIRANGAM","fees","","","N/A","N/A","N/A","N/A","N/A","N/A","N/A","N/A","","","","","SAFE","None","NOT_APPLICABLE","NOT_APPLICABLE"
"CORE-IIIT-SRIRANGAM","INDIAN INSTITUTE OF INFORMATION TECHNOLOGY, SRIRANGAM","placements","","","N/A","N/A","N/A","N/A","N/A","N/A","N/A","N/A","","","","","SAFE","None","NOT_APPLICABLE","NOT_APPLICABLE"
"CORE-IIIT-SRIRANGAM","INDIAN INSTITUTE OF INFORMATION TECHNOLOGY, SRIRANGAM","rankings","","","N/A","N/A","N/A","N/A","N/A","N/A","N/A","N/A","","","","","SAFE","None","NOT_APPLICABLE","NOT_APPLICABLE"
"CORE-IIIT-SRIRANGAM","INDIAN INSTITUTE OF INFORMATION TECHNOLOGY, SRIRANGAM","ceiScore","true","1","CEI Intelligence Analysis","N/A","N/A","N/A","N/A","N/A","N/A","N/A","","","","","REVIEW","None (Internal Calculation)","INTERNAL_METHODOLOGY_VISIBLE","MISSING"
"CORE-INDIAN-INSTITUTE-OF-INFORMATION-TECHNOLOGY-UNA","Indian Institute of Information Technology(IIIT) Una, Himachal Pradesh","seats","true","6","Official Authority","N/A","N/A","N/A","2026-04-16T18:30:45.360Z","N/A","YES","N/A","true","","","","REVIEW","Convert string source to object {title, url, type}","VISIBLE_PARTIAL_STRING","VISIBLE_FRESH"
"CORE-INDIAN-INSTITUTE-OF-INFORMATION-TECHNOLOGY-UNA","Indian Institute of Information Technology(IIIT) Una, Himachal Pradesh","cutoffs","true","1","JoSAA Round 1","https://josaa.admissions.nic.in/applicant/SeatAllotmentResult/CurrentORCR.aspx","primary_authority","N/A","2026-04-16T15:55:46.829Z","N/A","YES","N/A","true","","","","SAFE","None","VISIBLE_FULL","VISIBLE_FRESH"
"CORE-INDIAN-INSTITUTE-OF-INFORMATION-TECHNOLOGY-UNA","Indian Institute of Information Technology(IIIT) Una, Himachal Pradesh","fees","","","N/A","N/A","N/A","N/A","N/A","N/A","N/A","N/A","","","","","SAFE","None","NOT_APPLICABLE","NOT_APPLICABLE"
"CORE-INDIAN-INSTITUTE-OF-INFORMATION-TECHNOLOGY-UNA","Indian Institute of Information Technology(IIIT) Una, Himachal Pradesh","placements","","","N/A","N/A","N/A","N/A","N/A","N/A","N/A","N/A","","","","","SAFE","None","NOT_APPLICABLE","NOT_APPLICABLE"
"CORE-INDIAN-INSTITUTE-OF-INFORMATION-TECHNOLOGY-UNA","Indian Institute of Information Technology(IIIT) Una, Himachal Pradesh","rankings","","","N/A","N/A","N/A","N/A","N/A","N/A","N/A","N/A","","","","","SAFE","None","NOT_APPLICABLE","NOT_APPLICABLE"
"CORE-INDIAN-INSTITUTE-OF-INFORMATION-TECHNOLOGY-UNA","Indian Institute of Information Technology(IIIT) Una, Himachal Pradesh","ceiScore","true","1","CEI Intelligence Analysis","N/A","N/A","N/A","N/A","N/A","N/A","N/A","","","","","REVIEW","None (Internal Calculation)","INTERNAL_METHODOLOGY_VISIBLE","MISSING"
"CORE-INDIAN-INSTITUTE-OF-INFORMATION-TECHNOLOGY-VADODARA","Indian Institute of Information Technology(IIIT), Vadodara, Gujrat","seats","true","8","Joint Seat Allocation Authority (JoSAA)","N/A","N/A","N/A","2026-04-16T18:30:45.360Z","N/A","YES","N/A","true","","","","REVIEW","Convert string source to object {title, url, type}","VISIBLE_PARTIAL_STRING","VISIBLE_FRESH"
"CORE-INDIAN-INSTITUTE-OF-INFORMATION-TECHNOLOGY-VADODARA","Indian Institute of Information Technology(IIIT), Vadodara, Gujrat","cutoffs","","","N/A","N/A","N/A","N/A","N/A","N/A","N/A","N/A","","","","","SAFE","None","NOT_APPLICABLE","NOT_APPLICABLE"
"CORE-INDIAN-INSTITUTE-OF-INFORMATION-TECHNOLOGY-VADODARA","Indian Institute of Information Technology(IIIT), Vadodara, Gujrat","fees","","","N/A","N/A","N/A","N/A","N/A","N/A","N/A","N/A","","","","","SAFE","None","NOT_APPLICABLE","NOT_APPLICABLE"
"CORE-INDIAN-INSTITUTE-OF-INFORMATION-TECHNOLOGY-VADODARA","Indian Institute of Information Technology(IIIT), Vadodara, Gujrat","placements","","","N/A","N/A","N/A","N/A","N/A","N/A","N/A","N/A","","","","","SAFE","None","NOT_APPLICABLE","NOT_APPLICABLE"
"CORE-INDIAN-INSTITUTE-OF-INFORMATION-TECHNOLOGY-VADODARA","Indian Institute of Information Technology(IIIT), Vadodara, Gujrat","rankings","","","N/A","N/A","N/A","N/A","N/A","N/A","N/A","N/A","","","","","SAFE","None","NOT_APPLICABLE","NOT_APPLICABLE"
"CORE-INDIAN-INSTITUTE-OF-INFORMATION-TECHNOLOGY-VADODARA","Indian Institute of Information Technology(IIIT), Vadodara, Gujrat","ceiScore","true","1","CEI Intelligence Analysis","N/A","N/A","N/A","N/A","N/A","N/A","N/A","","","","","REVIEW","None (Internal Calculation)","INTERNAL_METHODOLOGY_VISIBLE","MISSING"
"CORE-IIT-VARANASI","Indian Institute of Technology (Banaras Hindu University), Varanasi","seats","true","34","Official Authority","N/A","N/A","N/A","2026-04-16T18:30:45.311Z","N/A","YES","N/A","true","","","","REVIEW","Convert string source to object {title, url, type}","VISIBLE_PARTIAL_STRING","VISIBLE_FRESH"
"CORE-IIT-VARANASI","Indian Institute of Technology (Banaras Hindu University), Varanasi","cutoffs","true","1","JoSAA Round 1","https://josaa.admissions.nic.in/applicant/SeatAllotmentResult/CurrentORCR.aspx","primary_authority","N/A","2026-04-16T15:55:46.750Z","N/A","YES","N/A","true","","","","SAFE","None","VISIBLE_FULL","VISIBLE_FRESH"
"CORE-IIT-VARANASI","Indian Institute of Technology (Banaras Hindu University), Varanasi","fees","","","N/A","N/A","N/A","N/A","N/A","N/A","N/A","N/A","","","","","SAFE","None","NOT_APPLICABLE","NOT_APPLICABLE"
"CORE-IIT-VARANASI","Indian Institute of Technology (Banaras Hindu University), Varanasi","placements","","","N/A","N/A","N/A","N/A","N/A","N/A","N/A","N/A","","","","","SAFE","None","NOT_APPLICABLE","NOT_APPLICABLE"
"CORE-IIT-VARANASI","Indian Institute of Technology (Banaras Hindu University), Varanasi","rankings","","","N/A","N/A","N/A","N/A","N/A","N/A","N/A","N/A","","","","","SAFE","None","NOT_APPLICABLE","NOT_APPLICABLE"
"CORE-IIT-VARANASI","Indian Institute of Technology (Banaras Hindu University), Varanasi","ceiScore","true","1","CEI Intelligence Analysis","N/A","N/A","N/A","N/A","N/A","N/A","N/A","","","","","REVIEW","None (Internal Calculation)","INTERNAL_METHODOLOGY_VISIBLE","MISSING"
"CORE-IIT-DHANBAD","Indian Institute of Technology (Indian School of Mines), Dhanbad","seats","true","36","Official Authority","N/A","N/A","N/A","2026-04-16T18:30:45.309Z","N/A","YES","N/A","true","","","","REVIEW","Convert string source to object {title, url, type}","VISIBLE_PARTIAL_STRING","VISIBLE_FRESH"
"CORE-IIT-DHANBAD","Indian Institute of Technology (Indian School of Mines), Dhanbad","cutoffs","true","1","JoSAA Round 1","https://josaa.admissions.nic.in/applicant/SeatAllotmentResult/CurrentORCR.aspx","primary_authority","N/A","2026-04-16T15:55:46.747Z","N/A","YES","N/A","true","","","","SAFE","None","VISIBLE_FULL","VISIBLE_FRESH"
"CORE-IIT-DHANBAD","Indian Institute of Technology (Indian School of Mines), Dhanbad","fees","","","N/A","N/A","N/A","N/A","N/A","N/A","N/A","N/A","","","","","SAFE","None","NOT_APPLICABLE","NOT_APPLICABLE"
"CORE-IIT-DHANBAD","Indian Institute of Technology (Indian School of Mines), Dhanbad","placements","","","N/A","N/A","N/A","N/A","N/A","N/A","N/A","N/A","","","","","SAFE","None","NOT_APPLICABLE","NOT_APPLICABLE"
"CORE-IIT-DHANBAD","Indian Institute of Technology (Indian School of Mines), Dhanbad","rankings","","","N/A","N/A","N/A","N/A","N/A","N/A","N/A","N/A","","","","","SAFE","None","NOT_APPLICABLE","NOT_APPLICABLE"
"CORE-IIT-DHANBAD","Indian Institute of Technology (Indian School of Mines), Dhanbad","ceiScore","true","1","CEI Intelligence Analysis","N/A","N/A","N/A","N/A","N/A","N/A","N/A","","","","","REVIEW","None (Internal Calculation)","INTERNAL_METHODOLOGY_VISIBLE","MISSING"
"CORE-IIT-BHILAI","Indian Institute of Technology Bhilai","seats","true","14","Official Authority","N/A","N/A","N/A","2026-04-16T18:30:45.313Z","N/A","YES","N/A","true","","","","REVIEW","Convert string source to object {title, url, type}","VISIBLE_PARTIAL_STRING","VISIBLE_FRESH"
"CORE-IIT-BHILAI","Indian Institute of Technology Bhilai","cutoffs","true","1","JoSAA Round 1","https://josaa.admissions.nic.in/applicant/SeatAllotmentResult/CurrentORCR.aspx","primary_authority","N/A","2026-04-16T15:55:46.753Z","N/A","YES","N/A","true","","","","SAFE","None","VISIBLE_FULL","VISIBLE_FRESH"
"CORE-IIT-BHILAI","Indian Institute of Technology Bhilai","fees","","","N/A","N/A","N/A","N/A","N/A","N/A","N/A","N/A","","","","","SAFE","None","NOT_APPLICABLE","NOT_APPLICABLE"
"CORE-IIT-BHILAI","Indian Institute of Technology Bhilai","placements","","","N/A","N/A","N/A","N/A","N/A","N/A","N/A","N/A","","","","","SAFE","None","NOT_APPLICABLE","NOT_APPLICABLE"
"CORE-IIT-BHILAI","Indian Institute of Technology Bhilai","rankings","","","N/A","N/A","N/A","N/A","N/A","N/A","N/A","N/A","","","","","SAFE","None","NOT_APPLICABLE","NOT_APPLICABLE"
"CORE-IIT-BHILAI","Indian Institute of Technology Bhilai","ceiScore","true","1","CEI Intelligence Analysis","N/A","N/A","N/A","N/A","N/A","N/A","N/A","","","","","REVIEW","None (Internal Calculation)","INTERNAL_METHODOLOGY_VISIBLE","MISSING"
"CORE-IIT-BOMBAY","Indian Institute of Technology Bombay","seats","true","32","Official Authority","N/A","N/A","N/A","2026-04-16T18:30:45.294Z","N/A","YES","N/A","true","","","","REVIEW","Convert string source to object {title, url, type}","VISIBLE_PARTIAL_STRING","VISIBLE_FRESH"
"CORE-IIT-BOMBAY","Indian Institute of Technology Bombay","cutoffs","true","1","JoSAA Round 1","https://josaa.admissions.nic.in/applicant/SeatAllotmentResult/CurrentORCR.aspx","primary_authority","N/A","2026-04-16T15:55:46.725Z","N/A","YES","N/A","true","","","","SAFE","None","VISIBLE_FULL","VISIBLE_FRESH"
"CORE-IIT-BOMBAY","Indian Institute of Technology Bombay","fees","true","1","Official Fee Structure","N/A","N/A","N/A","2026-05-01T13:16:38.952Z","N/A","YES","N/A","true","","","","REVIEW","Convert string source to object {title, url, type}","VISIBLE_PARTIAL_STRING","VISIBLE_FRESH"
"CORE-IIT-BOMBAY","Indian Institute of Technology Bombay","placements","true","4","N/A","N/A","N/A","N/A","N/A","N/A","N/A","N/A","true","","","","REVIEW","Promote item source to section-level primarySource","API_ONLY_NOT_RENDERED","MISSING"
"CORE-IIT-BOMBAY","Indian Institute of Technology Bombay","rankings","","","N/A","N/A","N/A","N/A","N/A","N/A","N/A","N/A","","","","","SAFE","None","NOT_APPLICABLE","NOT_APPLICABLE"
"CORE-IIT-BOMBAY","Indian Institute of Technology Bombay","ceiScore","true","1","CEI Intelligence Analysis","N/A","N/A","N/A","N/A","N/A","N/A","N/A","","","","","REVIEW","None (Internal Calculation)","INTERNAL_METHODOLOGY_VISIBLE","MISSING"
"CORE-IIT-DELHI","Indian Institute of Technology Delhi","seats","true","44","Official Authority","N/A","N/A","N/A","2026-04-16T18:30:45.298Z","N/A","YES","N/A","true","","","","REVIEW","Convert string source to object {title, url, type}","VISIBLE_PARTIAL_STRING","VISIBLE_FRESH"
"CORE-IIT-DELHI","Indian Institute of Technology Delhi","cutoffs","true","1","JoSAA Round 1","https://josaa.admissions.nic.in/applicant/SeatAllotmentResult/CurrentORCR.aspx","primary_authority","N/A","2026-04-16T15:55:46.729Z","N/A","YES","N/A","true","","","","SAFE","None","VISIBLE_FULL","VISIBLE_FRESH"
"CORE-IIT-DELHI","Indian Institute of Technology Delhi","fees","true","1","Official Fee Structure","N/A","N/A","N/A","2026-05-01T13:16:42.944Z","N/A","YES","N/A","true","","","","REVIEW","Convert string source to object {title, url, type}","VISIBLE_PARTIAL_STRING","VISIBLE_FRESH"
"CORE-IIT-DELHI","Indian Institute of Technology Delhi","placements","true","4","N/A","N/A","N/A","N/A","N/A","N/A","N/A","N/A","true","","","","REVIEW","Promote item source to section-level primarySource","API_ONLY_NOT_RENDERED","MISSING"
"CORE-IIT-DELHI","Indian Institute of Technology Delhi","rankings","","","N/A","N/A","N/A","N/A","N/A","N/A","N/A","N/A","","","","","SAFE","None","NOT_APPLICABLE","NOT_APPLICABLE"
"CORE-IIT-DELHI","Indian Institute of Technology Delhi","ceiScore","true","1","CEI Intelligence Analysis","N/A","N/A","N/A","N/A","N/A","N/A","N/A","","","","","REVIEW","None (Internal Calculation)","INTERNAL_METHODOLOGY_VISIBLE","MISSING"
"CORE-IIT-GUWAHATI","Indian Institute of Technology Guwahati","seats","true","24","Official Authority","N/A","N/A","N/A","2026-04-16T18:30:45.313Z","N/A","YES","N/A","true","","","","REVIEW","Convert string source to object {title, url, type}","VISIBLE_PARTIAL_STRING","VISIBLE_FRESH"
"CORE-IIT-GUWAHATI","Indian Institute of Technology Guwahati","cutoffs","true","1","JoSAA Round 1","https://josaa.admissions.nic.in/applicant/SeatAllotmentResult/CurrentORCR.aspx","primary_authority","N/A","2026-04-16T15:55:46.753Z","N/A","YES","N/A","true","","","","SAFE","None","VISIBLE_FULL","VISIBLE_FRESH"
"CORE-IIT-GUWAHATI","Indian Institute of Technology Guwahati","fees","true","1","Official Fee Structure","N/A","N/A","N/A","2026-05-01T13:16:46.292Z","N/A","YES","N/A","true","","","","REVIEW","Convert string source to object {title, url, type}","VISIBLE_PARTIAL_STRING","VISIBLE_FRESH"
"CORE-IIT-GUWAHATI","Indian Institute of Technology Guwahati","placements","true","3","N/A","N/A","N/A","N/A","N/A","N/A","N/A","N/A","true","","","","REVIEW","Promote item source to section-level primarySource","API_ONLY_NOT_RENDERED","MISSING"
"CORE-IIT-GUWAHATI","Indian Institute of Technology Guwahati","rankings","","","N/A","N/A","N/A","N/A","N/A","N/A","N/A","N/A","","","","","SAFE","None","NOT_APPLICABLE","NOT_APPLICABLE"
"CORE-IIT-GUWAHATI","Indian Institute of Technology Guwahati","ceiScore","true","1","CEI Intelligence Analysis","N/A","N/A","N/A","N/A","N/A","N/A","N/A","","","","","REVIEW","None (Internal Calculation)","INTERNAL_METHODOLOGY_VISIBLE","MISSING"
"CORE-IIT-HYDERABAD","Indian Institute of Technology Hyderabad","seats","true","30","Official Authority","N/A","N/A","N/A","2026-04-16T18:30:45.303Z","N/A","YES","N/A","true","","","","REVIEW","Convert string source to object {title, url, type}","VISIBLE_PARTIAL_STRING","VISIBLE_FRESH"
"CORE-IIT-HYDERABAD","Indian Institute of Technology Hyderabad","cutoffs","true","1","JoSAA Round 1","https://josaa.admissions.nic.in/applicant/SeatAllotmentResult/CurrentORCR.aspx","primary_authority","N/A","2026-04-16T15:55:46.733Z","N/A","YES","N/A","true","","","","SAFE","None","VISIBLE_FULL","VISIBLE_FRESH"
"CORE-IIT-HYDERABAD","Indian Institute of Technology Hyderabad","fees","true","1","Official Fee Structure","N/A","N/A","N/A","2026-05-01T13:16:49.886Z","N/A","YES","N/A","true","","","","REVIEW","Convert string source to object {title, url, type}","VISIBLE_PARTIAL_STRING","VISIBLE_FRESH"
"CORE-IIT-HYDERABAD","Indian Institute of Technology Hyderabad","placements","true","4","N/A","N/A","N/A","N/A","N/A","N/A","N/A","N/A","true","","","","REVIEW","Promote item source to section-level primarySource","API_ONLY_NOT_RENDERED","MISSING"
"CORE-IIT-HYDERABAD","Indian Institute of Technology Hyderabad","rankings","","","N/A","N/A","N/A","N/A","N/A","N/A","N/A","N/A","","","","","SAFE","None","NOT_APPLICABLE","NOT_APPLICABLE"
"CORE-IIT-HYDERABAD","Indian Institute of Technology Hyderabad","ceiScore","true","1","CEI Intelligence Analysis","N/A","N/A","N/A","N/A","N/A","N/A","N/A","","","","","REVIEW","None (Internal Calculation)","INTERNAL_METHODOLOGY_VISIBLE","MISSING"
"CORE-IIT-JAMMU","Indian Institute of Technology Jammu","seats","true","16","Official Authority","N/A","N/A","N/A","2026-04-16T18:30:45.314Z","N/A","YES","N/A","true","","","","REVIEW","Convert string source to object {title, url, type}","VISIBLE_PARTIAL_STRING","VISIBLE_FRESH"
"CORE-IIT-JAMMU","Indian Institute of Technology Jammu","cutoffs","true","1","JoSAA Round 1","https://josaa.admissions.nic.in/applicant/SeatAllotmentResult/CurrentORCR.aspx","primary_authority","N/A","2026-04-16T15:55:46.756Z","N/A","YES","N/A","true","","","","SAFE","None","VISIBLE_FULL","VISIBLE_FRESH"
"CORE-IIT-JAMMU","Indian Institute of Technology Jammu","fees","","","N/A","N/A","N/A","N/A","N/A","N/A","N/A","N/A","","","","","SAFE","None","NOT_APPLICABLE","NOT_APPLICABLE"
"CORE-IIT-JAMMU","Indian Institute of Technology Jammu","placements","","","N/A","N/A","N/A","N/A","N/A","N/A","N/A","N/A","","","","","SAFE","None","NOT_APPLICABLE","NOT_APPLICABLE"
"CORE-IIT-JAMMU","Indian Institute of Technology Jammu","rankings","","","N/A","N/A","N/A","N/A","N/A","N/A","N/A","N/A","","","","","SAFE","None","NOT_APPLICABLE","NOT_APPLICABLE"
"CORE-IIT-JAMMU","Indian Institute of Technology Jammu","ceiScore","true","1","CEI Intelligence Analysis","N/A","N/A","N/A","N/A","N/A","N/A","N/A","","","","","REVIEW","None (Internal Calculation)","INTERNAL_METHODOLOGY_VISIBLE","MISSING"
"CORE-IIT-KANPUR","Indian Institute of Technology Kanpur","seats","true","28","Official Authority","N/A","N/A","N/A","2026-04-16T18:30:45.304Z","N/A","YES","N/A","true","","","","REVIEW","Convert string source to object {title, url, type}","VISIBLE_PARTIAL_STRING","VISIBLE_FRESH"
"CORE-IIT-KANPUR","Indian Institute of Technology Kanpur","cutoffs","true","1","JoSAA Round 1","https://josaa.admissions.nic.in/applicant/SeatAllotmentResult/CurrentORCR.aspx","primary_authority","N/A","2026-04-16T15:55:46.736Z","N/A","YES","N/A","true","","","","SAFE","None","VISIBLE_FULL","VISIBLE_FRESH"
"CORE-IIT-KANPUR","Indian Institute of Technology Kanpur","fees","true","1","Official Fee Structure","N/A","N/A","N/A","2026-05-01T13:16:56.559Z","N/A","YES","N/A","true","","","","REVIEW","Convert string source to object {title, url, type}","VISIBLE_PARTIAL_STRING","VISIBLE_FRESH"
"CORE-IIT-KANPUR","Indian Institute of Technology Kanpur","placements","true","3","N/A","N/A","N/A","N/A","N/A","N/A","N/A","N/A","true","","","","REVIEW","Promote item source to section-level primarySource","API_ONLY_NOT_RENDERED","MISSING"
"CORE-IIT-KANPUR","Indian Institute of Technology Kanpur","rankings","","","N/A","N/A","N/A","N/A","N/A","N/A","N/A","N/A","","","","","SAFE","None","NOT_APPLICABLE","NOT_APPLICABLE"
"CORE-IIT-KANPUR","Indian Institute of Technology Kanpur","ceiScore","true","1","CEI Intelligence Analysis","N/A","N/A","N/A","N/A","N/A","N/A","N/A","","","","","REVIEW","None (Internal Calculation)","INTERNAL_METHODOLOGY_VISIBLE","MISSING"
"CORE-IIT-KHARAGPUR","Indian Institute of Technology Kharagpur","seats","true","46","Official Authority","N/A","N/A","N/A","2026-04-16T18:30:45.301Z","N/A","YES","N/A","true","","","","REVIEW","Convert string source to object {title, url, type}","VISIBLE_PARTIAL_STRING","VISIBLE_FRESH"
"CORE-IIT-KHARAGPUR","Indian Institute of Technology Kharagpur","cutoffs","true","1","JoSAA Round 1","https://josaa.admissions.nic.in/applicant/SeatAllotmentResult/CurrentORCR.aspx","primary_authority","N/A","2026-04-16T15:55:46.730Z","N/A","YES","N/A","true","","","","SAFE","None","VISIBLE_FULL","VISIBLE_FRESH"
"CORE-IIT-KHARAGPUR","Indian Institute of Technology Kharagpur","fees","true","1","Official Fee Structure","N/A","N/A","N/A","2026-05-01T13:17:00.157Z","N/A","YES","N/A","true","","","","REVIEW","Convert string source to object {title, url, type}","VISIBLE_PARTIAL_STRING","VISIBLE_FRESH"
"CORE-IIT-KHARAGPUR","Indian Institute of Technology Kharagpur","placements","true","3","N/A","N/A","N/A","N/A","N/A","N/A","N/A","N/A","true","","","","REVIEW","Promote item source to section-level primarySource","API_ONLY_NOT_RENDERED","MISSING"
"CORE-IIT-KHARAGPUR","Indian Institute of Technology Kharagpur","rankings","","","N/A","N/A","N/A","N/A","N/A","N/A","N/A","N/A","","","","","SAFE","None","NOT_APPLICABLE","NOT_APPLICABLE"
"CORE-IIT-KHARAGPUR","Indian Institute of Technology Kharagpur","ceiScore","true","1","CEI Intelligence Analysis","N/A","N/A","N/A","N/A","N/A","N/A","N/A","","","","","REVIEW","None (Internal Calculation)","INTERNAL_METHODOLOGY_VISIBLE","MISSING"
"CORE-IIT-MADRAS","Indian Institute of Technology Madras","seats","true","34","Official Authority","N/A","N/A","N/A","2026-04-16T18:30:45.305Z","N/A","YES","N/A","true","","","","REVIEW","Convert string source to object {title, url, type}","VISIBLE_PARTIAL_STRING","VISIBLE_FRESH"
"CORE-IIT-MADRAS","Indian Institute of Technology Madras","cutoffs","true","1","JoSAA Round 1","https://josaa.admissions.nic.in/applicant/SeatAllotmentResult/CurrentORCR.aspx","primary_authority","N/A","2026-04-16T15:55:46.738Z","N/A","YES","N/A","true","","","","SAFE","None","VISIBLE_FULL","VISIBLE_FRESH"
"CORE-IIT-MADRAS","Indian Institute of Technology Madras","fees","true","1","Official Fee Structure","N/A","N/A","N/A","2026-05-01T13:17:03.621Z","N/A","YES","N/A","true","","","","REVIEW","Convert string source to object {title, url, type}","VISIBLE_PARTIAL_STRING","VISIBLE_FRESH"
"CORE-IIT-MADRAS","Indian Institute of Technology Madras","placements","true","5","N/A","N/A","N/A","N/A","N/A","N/A","N/A","N/A","true","","","","REVIEW","Promote item source to section-level primarySource","API_ONLY_NOT_RENDERED","MISSING"
"CORE-IIT-MADRAS","Indian Institute of Technology Madras","rankings","","","N/A","N/A","N/A","N/A","N/A","N/A","N/A","N/A","","","","","SAFE","None","NOT_APPLICABLE","NOT_APPLICABLE"
"CORE-IIT-MADRAS","Indian Institute of Technology Madras","ceiScore","true","1","CEI Intelligence Analysis","N/A","N/A","N/A","N/A","N/A","N/A","N/A","","","","","REVIEW","None (Internal Calculation)","INTERNAL_METHODOLOGY_VISIBLE","MISSING"
"CORE-IIT-ROORKEE","Indian Institute of Technology Roorkee","seats","true","38","Official Authority","N/A","N/A","N/A","2026-04-16T18:30:45.308Z","N/A","YES","N/A","true","","","","REVIEW","Convert string source to object {title, url, type}","VISIBLE_PARTIAL_STRING","VISIBLE_FRESH"
"CORE-IIT-ROORKEE","Indian Institute of Technology Roorkee","cutoffs","true","1","JoSAA Round 1","https://josaa.admissions.nic.in/applicant/SeatAllotmentResult/CurrentORCR.aspx","primary_authority","N/A","2026-04-16T15:55:46.744Z","N/A","YES","N/A","true","","","","SAFE","None","VISIBLE_FULL","VISIBLE_FRESH"
"CORE-IIT-ROORKEE","Indian Institute of Technology Roorkee","fees","true","1","Official Fee Structure","N/A","N/A","N/A","2026-05-01T13:17:07.129Z","N/A","YES","N/A","true","","","","REVIEW","Convert string source to object {title, url, type}","VISIBLE_PARTIAL_STRING","VISIBLE_FRESH"
"CORE-IIT-ROORKEE","Indian Institute of Technology Roorkee","placements","true","3","N/A","N/A","N/A","N/A","N/A","N/A","N/A","N/A","true","","","","REVIEW","Promote item source to section-level primarySource","API_ONLY_NOT_RENDERED","MISSING"
"CORE-IIT-ROORKEE","Indian Institute of Technology Roorkee","rankings","","","N/A","N/A","N/A","N/A","N/A","N/A","N/A","N/A","","","","","SAFE","None","NOT_APPLICABLE","NOT_APPLICABLE"
"CORE-IIT-ROORKEE","Indian Institute of Technology Roorkee","ceiScore","true","1","CEI Intelligence Analysis","N/A","N/A","N/A","N/A","N/A","N/A","N/A","","","","","REVIEW","None (Internal Calculation)","INTERNAL_METHODOLOGY_VISIBLE","MISSING"
"CORE-IIT-BHUBANESHWAR","Indian Institute of Technology, Bhubaneshwar","seats","true","16","Joint Seat Allocation Authority (JoSAA)","N/A","N/A","N/A","2026-04-16T18:30:45.292Z","N/A","YES","N/A","true","","","","REVIEW","Convert string source to object {title, url, type}","VISIBLE_PARTIAL_STRING","VISIBLE_FRESH"
"CORE-IIT-BHUBANESHWAR","Indian Institute of Technology, Bhubaneshwar","cutoffs","","","N/A","N/A","N/A","N/A","N/A","N/A","N/A","N/A","","","","","SAFE","None","NOT_APPLICABLE","NOT_APPLICABLE"
"CORE-IIT-BHUBANESHWAR","Indian Institute of Technology, Bhubaneshwar","fees","","","N/A","N/A","N/A","N/A","N/A","N/A","N/A","N/A","","","","","SAFE","None","NOT_APPLICABLE","NOT_APPLICABLE"
"CORE-IIT-BHUBANESHWAR","Indian Institute of Technology, Bhubaneshwar","placements","","","N/A","N/A","N/A","N/A","N/A","N/A","N/A","N/A","","","","","SAFE","None","NOT_APPLICABLE","NOT_APPLICABLE"
"CORE-IIT-BHUBANESHWAR","Indian Institute of Technology, Bhubaneshwar","rankings","","","N/A","N/A","N/A","N/A","N/A","N/A","N/A","N/A","","","","","SAFE","None","NOT_APPLICABLE","NOT_APPLICABLE"
"CORE-IIT-BHUBANESHWAR","Indian Institute of Technology, Bhubaneshwar","ceiScore","true","1","CEI Intelligence Analysis","N/A","N/A","N/A","N/A","N/A","N/A","N/A","","","","","REVIEW","None (Internal Calculation)","INTERNAL_METHODOLOGY_VISIBLE","MISSING"
"CORE-IIT-DHARWAD","Indian Institute of Technology, Dharwad","seats","true","24","Official Authority","N/A","N/A","N/A","2026-04-16T18:30:45.315Z","N/A","YES","N/A","true","","","","REVIEW","Convert string source to object {title, url, type}","VISIBLE_PARTIAL_STRING","VISIBLE_FRESH"
"CORE-IIT-DHARWAD","Indian Institute of Technology, Dharwad","cutoffs","true","1","JoSAA Round 1","https://josaa.admissions.nic.in/applicant/SeatAllotmentResult/CurrentORCR.aspx","primary_authority","N/A","2026-04-16T15:55:46.756Z","N/A","YES","N/A","true","","","","SAFE","None","VISIBLE_FULL","VISIBLE_FRESH"
"CORE-IIT-DHARWAD","Indian Institute of Technology, Dharwad","fees","","","N/A","N/A","N/A","N/A","N/A","N/A","N/A","N/A","","","","","SAFE","None","NOT_APPLICABLE","NOT_APPLICABLE"
"CORE-IIT-DHARWAD","Indian Institute of Technology, Dharwad","placements","","","N/A","N/A","N/A","N/A","N/A","N/A","N/A","N/A","","","","","SAFE","None","NOT_APPLICABLE","NOT_APPLICABLE"
"CORE-IIT-DHARWAD","Indian Institute of Technology, Dharwad","rankings","","","N/A","N/A","N/A","N/A","N/A","N/A","N/A","N/A","","","","","SAFE","None","NOT_APPLICABLE","NOT_APPLICABLE"
"CORE-IIT-DHARWAD","Indian Institute of Technology, Dharwad","ceiScore","true","1","CEI Intelligence Analysis","N/A","N/A","N/A","N/A","N/A","N/A","N/A","","","","","REVIEW","None (Internal Calculation)","INTERNAL_METHODOLOGY_VISIBLE","MISSING"
"CORE-IIT-GANDHINAGAR","Indian Institute of Technology, Gandhinagar","seats","true","16","Official Authority","N/A","N/A","N/A","2026-04-16T18:30:45.306Z","N/A","YES","N/A","true","","","","REVIEW","Convert string source to object {title, url, type}","VISIBLE_PARTIAL_STRING","VISIBLE_FRESH"
"CORE-IIT-GANDHINAGAR","Indian Institute of Technology, Gandhinagar","cutoffs","true","1","JoSAA Round 1","https://josaa.admissions.nic.in/applicant/SeatAllotmentResult/CurrentORCR.aspx","primary_authority","N/A","2026-04-16T15:55:46.740Z","N/A","YES","N/A","true","","","","SAFE","None","VISIBLE_FULL","VISIBLE_FRESH"
"CORE-IIT-GANDHINAGAR","Indian Institute of Technology, Gandhinagar","fees","","","N/A","N/A","N/A","N/A","N/A","N/A","N/A","N/A","","","","","SAFE","None","NOT_APPLICABLE","NOT_APPLICABLE"
"CORE-IIT-GANDHINAGAR","Indian Institute of Technology, Gandhinagar","placements","","","N/A","N/A","N/A","N/A","N/A","N/A","N/A","N/A","","","","","SAFE","None","NOT_APPLICABLE","NOT_APPLICABLE"
"CORE-IIT-GANDHINAGAR","Indian Institute of Technology, Gandhinagar","rankings","","","N/A","N/A","N/A","N/A","N/A","N/A","N/A","N/A","","","","","SAFE","None","NOT_APPLICABLE","NOT_APPLICABLE"
"CORE-IIT-GANDHINAGAR","Indian Institute of Technology, Gandhinagar","ceiScore","true","1","CEI Intelligence Analysis","N/A","N/A","N/A","N/A","N/A","N/A","N/A","","","","","REVIEW","None (Internal Calculation)","INTERNAL_METHODOLOGY_VISIBLE","MISSING"
"CORE-IIT-GOA","Indian Institute of Technology, Goa","seats","true","8","Official Authority","N/A","N/A","N/A","2026-04-16T18:30:45.314Z","N/A","YES","N/A","true","","","","REVIEW","Convert string source to object {title, url, type}","VISIBLE_PARTIAL_STRING","VISIBLE_FRESH"
"CORE-IIT-GOA","Indian Institute of Technology, Goa","cutoffs","true","1","JoSAA Round 1","https://josaa.admissions.nic.in/applicant/SeatAllotmentResult/CurrentORCR.aspx","primary_authority","N/A","2026-04-16T15:55:46.754Z","N/A","YES","N/A","true","","","","SAFE","None","VISIBLE_FULL","VISIBLE_FRESH"
"CORE-IIT-GOA","Indian Institute of Technology, Goa","fees","","","N/A","N/A","N/A","N/A","N/A","N/A","N/A","N/A","","","","","SAFE","None","NOT_APPLICABLE","NOT_APPLICABLE"
"CORE-IIT-GOA","Indian Institute of Technology, Goa","placements","","","N/A","N/A","N/A","N/A","N/A","N/A","N/A","N/A","","","","","SAFE","None","NOT_APPLICABLE","NOT_APPLICABLE"
"CORE-IIT-GOA","Indian Institute of Technology, Goa","rankings","","","N/A","N/A","N/A","N/A","N/A","N/A","N/A","N/A","","","","","SAFE","None","NOT_APPLICABLE","NOT_APPLICABLE"
"CORE-IIT-GOA","Indian Institute of Technology, Goa","ceiScore","true","1","CEI Intelligence Analysis","N/A","N/A","N/A","N/A","N/A","N/A","N/A","","","","","REVIEW","None (Internal Calculation)","INTERNAL_METHODOLOGY_VISIBLE","MISSING"
"CORE-IIT-INDORE","Indian Institute of Technology, Indore","seats","true","18","Official Authority","N/A","N/A","N/A","2026-04-16T18:30:45.300Z","N/A","YES","N/A","true","","","","REVIEW","Convert string source to object {title, url, type}","VISIBLE_PARTIAL_STRING","VISIBLE_FRESH"
"CORE-IIT-INDORE","Indian Institute of Technology, Indore","cutoffs","true","1","JoSAA Round 1","https://josaa.admissions.nic.in/applicant/SeatAllotmentResult/CurrentORCR.aspx","primary_authority","N/A","2026-04-16T15:55:46.730Z","N/A","YES","N/A","true","","","","SAFE","None","VISIBLE_FULL","VISIBLE_FRESH"
"CORE-IIT-INDORE","Indian Institute of Technology, Indore","fees","","","N/A","N/A","N/A","N/A","N/A","N/A","N/A","N/A","","","","","SAFE","None","NOT_APPLICABLE","NOT_APPLICABLE"
"CORE-IIT-INDORE","Indian Institute of Technology, Indore","placements","","","N/A","N/A","N/A","N/A","N/A","N/A","N/A","N/A","","","","","SAFE","None","NOT_APPLICABLE","NOT_APPLICABLE"
"CORE-IIT-INDORE","Indian Institute of Technology, Indore","rankings","","","N/A","N/A","N/A","N/A","N/A","N/A","N/A","N/A","","","","","SAFE","None","NOT_APPLICABLE","NOT_APPLICABLE"
"CORE-IIT-INDORE","Indian Institute of Technology, Indore","ceiScore","true","1","CEI Intelligence Analysis","N/A","N/A","N/A","N/A","N/A","N/A","N/A","","","","","REVIEW","None (Internal Calculation)","INTERNAL_METHODOLOGY_VISIBLE","MISSING"
"CORE-IIT-JODHPUR","Indian Institute of Technology, Jodhpur","seats","true","22","Official Authority","N/A","N/A","N/A","2026-04-16T18:30:45.304Z","N/A","YES","N/A","true","","","","REVIEW","Convert string source to object {title, url, type}","VISIBLE_PARTIAL_STRING","VISIBLE_FRESH"
"CORE-IIT-JODHPUR","Indian Institute of Technology, Jodhpur","cutoffs","true","1","JoSAA Round 1","https://josaa.admissions.nic.in/applicant/SeatAllotmentResult/CurrentORCR.aspx","primary_authority","N/A","2026-04-16T15:55:46.734Z","N/A","YES","N/A","true","","","","SAFE","None","VISIBLE_FULL","VISIBLE_FRESH"
"CORE-IIT-JODHPUR","Indian Institute of Technology, Jodhpur","fees","","","N/A","N/A","N/A","N/A","N/A","N/A","N/A","N/A","","","","","SAFE","None","NOT_APPLICABLE","NOT_APPLICABLE"
"CORE-IIT-JODHPUR","Indian Institute of Technology, Jodhpur","placements","","","N/A","N/A","N/A","N/A","N/A","N/A","N/A","N/A","","","","","SAFE","None","NOT_APPLICABLE","NOT_APPLICABLE"
"CORE-IIT-JODHPUR","Indian Institute of Technology, Jodhpur","rankings","","","N/A","N/A","N/A","N/A","N/A","N/A","N/A","N/A","","","","","SAFE","None","NOT_APPLICABLE","NOT_APPLICABLE"
"CORE-IIT-JODHPUR","Indian Institute of Technology, Jodhpur","ceiScore","true","1","CEI Intelligence Analysis","N/A","N/A","N/A","N/A","N/A","N/A","N/A","","","","","REVIEW","None (Internal Calculation)","INTERNAL_METHODOLOGY_VISIBLE","MISSING"
"CORE-IIT-MANDI","Indian Institute of Technology, Mandi","seats","true","24","Official Authority","N/A","N/A","N/A","2026-04-16T18:30:45.296Z","N/A","YES","N/A","true","","","","REVIEW","Convert string source to object {title, url, type}","VISIBLE_PARTIAL_STRING","VISIBLE_FRESH"
"CORE-IIT-MANDI","Indian Institute of Technology, Mandi","cutoffs","true","1","JoSAA Round 1","https://josaa.admissions.nic.in/applicant/SeatAllotmentResult/CurrentORCR.aspx","primary_authority","N/A","2026-04-16T15:55:46.728Z","N/A","YES","N/A","true","","","","SAFE","None","VISIBLE_FULL","VISIBLE_FRESH"
"CORE-IIT-MANDI","Indian Institute of Technology, Mandi","fees","","","N/A","N/A","N/A","N/A","N/A","N/A","N/A","N/A","","","","","SAFE","None","NOT_APPLICABLE","NOT_APPLICABLE"
"CORE-IIT-MANDI","Indian Institute of Technology, Mandi","placements","","","N/A","N/A","N/A","N/A","N/A","N/A","N/A","N/A","","","","","SAFE","None","NOT_APPLICABLE","NOT_APPLICABLE"
"CORE-IIT-MANDI","Indian Institute of Technology, Mandi","rankings","","","N/A","N/A","N/A","N/A","N/A","N/A","N/A","N/A","","","","","SAFE","None","NOT_APPLICABLE","NOT_APPLICABLE"
"CORE-IIT-MANDI","Indian Institute of Technology, Mandi","ceiScore","true","1","CEI Intelligence Analysis","N/A","N/A","N/A","N/A","N/A","N/A","N/A","","","","","REVIEW","None (Internal Calculation)","INTERNAL_METHODOLOGY_VISIBLE","MISSING"
"CORE-IIT-PALAKKAD","Indian Institute of Technology, Palakkad","seats","true","10","Official Authority","N/A","N/A","N/A","2026-04-16T18:30:45.314Z","N/A","YES","N/A","true","","","","REVIEW","Convert string source to object {title, url, type}","VISIBLE_PARTIAL_STRING","VISIBLE_FRESH"
"CORE-IIT-PALAKKAD","Indian Institute of Technology, Palakkad","cutoffs","true","1","JoSAA Round 1","https://josaa.admissions.nic.in/applicant/SeatAllotmentResult/CurrentORCR.aspx","primary_authority","N/A","2026-04-16T15:55:46.754Z","N/A","YES","N/A","true","","","","SAFE","None","VISIBLE_FULL","VISIBLE_FRESH"
"CORE-IIT-PALAKKAD","Indian Institute of Technology, Palakkad","fees","","","N/A","N/A","N/A","N/A","N/A","N/A","N/A","N/A","","","","","SAFE","None","NOT_APPLICABLE","NOT_APPLICABLE"
"CORE-IIT-PALAKKAD","Indian Institute of Technology, Palakkad","placements","","","N/A","N/A","N/A","N/A","N/A","N/A","N/A","N/A","","","","","SAFE","None","NOT_APPLICABLE","NOT_APPLICABLE"
"CORE-IIT-PALAKKAD","Indian Institute of Technology, Palakkad","rankings","","","N/A","N/A","N/A","N/A","N/A","N/A","N/A","N/A","","","","","SAFE","None","NOT_APPLICABLE","NOT_APPLICABLE"
"CORE-IIT-PALAKKAD","Indian Institute of Technology, Palakkad","ceiScore","true","1","CEI Intelligence Analysis","N/A","N/A","N/A","N/A","N/A","N/A","N/A","","","","","REVIEW","None (Internal Calculation)","INTERNAL_METHODOLOGY_VISIBLE","MISSING"
"CORE-IIT-PATNA","Indian Institute of Technology, Patna","seats","true","64","Official Authority","N/A","N/A","N/A","2026-04-16T18:30:45.306Z","N/A","YES","N/A","true","","","","REVIEW","Convert string source to object {title, url, type}","VISIBLE_PARTIAL_STRING","VISIBLE_FRESH"
"CORE-IIT-PATNA","Indian Institute of Technology, Patna","cutoffs","true","1","JoSAA Round 1","https://josaa.admissions.nic.in/applicant/SeatAllotmentResult/CurrentORCR.aspx","primary_authority","N/A","2026-04-16T15:55:46.742Z","N/A","YES","N/A","true","","","","SAFE","None","VISIBLE_FULL","VISIBLE_FRESH"
"CORE-IIT-PATNA","Indian Institute of Technology, Patna","fees","","","N/A","N/A","N/A","N/A","N/A","N/A","N/A","N/A","","","","","SAFE","None","NOT_APPLICABLE","NOT_APPLICABLE"
"CORE-IIT-PATNA","Indian Institute of Technology, Patna","placements","","","N/A","N/A","N/A","N/A","N/A","N/A","N/A","N/A","","","","","SAFE","None","NOT_APPLICABLE","NOT_APPLICABLE"
"CORE-IIT-PATNA","Indian Institute of Technology, Patna","rankings","","","N/A","N/A","N/A","N/A","N/A","N/A","N/A","N/A","","","","","SAFE","None","NOT_APPLICABLE","NOT_APPLICABLE"
"CORE-IIT-PATNA","Indian Institute of Technology, Patna","ceiScore","true","1","CEI Intelligence Analysis","N/A","N/A","N/A","N/A","N/A","N/A","N/A","","","","","REVIEW","None (Internal Calculation)","INTERNAL_METHODOLOGY_VISIBLE","MISSING"
"CORE-IIT-ROPAR","Indian Institute of Technology, Ropar","seats","true","22","Official Authority","N/A","N/A","N/A","2026-04-16T18:30:45.310Z","N/A","YES","N/A","true","","","","REVIEW","Convert string source to object {title, url, type}","VISIBLE_PARTIAL_STRING","VISIBLE_FRESH"
"CORE-IIT-ROPAR","Indian Institute of Technology, Ropar","cutoffs","true","1","JoSAA Round 2","https://josaa.admissions.nic.in/applicant/SeatAllotmentResult/CurrentORCR.aspx","primary_authority","N/A","2026-04-16T15:56:08.523Z","N/A","YES","N/A","true","","","","SAFE","None","VISIBLE_FULL","VISIBLE_FRESH"
"CORE-IIT-ROPAR","Indian Institute of Technology, Ropar","fees","","","N/A","N/A","N/A","N/A","N/A","N/A","N/A","N/A","","","","","SAFE","None","NOT_APPLICABLE","NOT_APPLICABLE"
"CORE-IIT-ROPAR","Indian Institute of Technology, Ropar","placements","","","N/A","N/A","N/A","N/A","N/A","N/A","N/A","N/A","","","","","SAFE","None","NOT_APPLICABLE","NOT_APPLICABLE"
"CORE-IIT-ROPAR","Indian Institute of Technology, Ropar","rankings","","","N/A","N/A","N/A","N/A","N/A","N/A","N/A","N/A","","","","","SAFE","None","NOT_APPLICABLE","NOT_APPLICABLE"
"CORE-IIT-ROPAR","Indian Institute of Technology, Ropar","ceiScore","true","1","CEI Intelligence Analysis","N/A","N/A","N/A","N/A","N/A","N/A","N/A","","","","","REVIEW","None (Internal Calculation)","INTERNAL_METHODOLOGY_VISIBLE","MISSING"
"CORE-IIT-TIRUPATI","Indian Institute of Technology, Tirupati","seats","true","12","Official Authority","N/A","N/A","N/A","2026-04-16T18:30:45.314Z","N/A","YES","N/A","true","","","","REVIEW","Convert string source to object {title, url, type}","VISIBLE_PARTIAL_STRING","VISIBLE_FRESH"
"CORE-IIT-TIRUPATI","Indian Institute of Technology, Tirupati","cutoffs","true","1","JoSAA Round 1","https://josaa.admissions.nic.in/applicant/SeatAllotmentResult/CurrentORCR.aspx","primary_authority","N/A","2026-04-16T15:55:46.755Z","N/A","YES","N/A","true","","","","SAFE","None","VISIBLE_FULL","VISIBLE_FRESH"
"CORE-IIT-TIRUPATI","Indian Institute of Technology, Tirupati","fees","","","N/A","N/A","N/A","N/A","N/A","N/A","N/A","N/A","","","","","SAFE","None","NOT_APPLICABLE","NOT_APPLICABLE"
"CORE-IIT-TIRUPATI","Indian Institute of Technology, Tirupati","placements","","","N/A","N/A","N/A","N/A","N/A","N/A","N/A","N/A","","","","","SAFE","None","NOT_APPLICABLE","NOT_APPLICABLE"
"CORE-IIT-TIRUPATI","Indian Institute of Technology, Tirupati","rankings","","","N/A","N/A","N/A","N/A","N/A","N/A","N/A","N/A","","","","","SAFE","None","NOT_APPLICABLE","NOT_APPLICABLE"
"CORE-IIT-TIRUPATI","Indian Institute of Technology, Tirupati","ceiScore","true","1","CEI Intelligence Analysis","N/A","N/A","N/A","N/A","N/A","N/A","N/A","","","","","REVIEW","None (Internal Calculation)","INTERNAL_METHODOLOGY_VISIBLE","MISSING"
"CORE-INSTITUTE-OF-ENGINEERING-AND-TECHNOLOGY-DR-H-S-GOUR-UNIVERSITY-SAGAR","Institute of Engineering and Technology, Dr. H. S. Gour University. Sagar (A Central University)","seats","true","6","Official Authority","N/A","N/A","N/A","2026-04-16T18:30:45.372Z","N/A","YES","N/A","true","","","","REVIEW","Convert string source to object {title, url, type}","VISIBLE_PARTIAL_STRING","VISIBLE_FRESH"
"CORE-INSTITUTE-OF-ENGINEERING-AND-TECHNOLOGY-DR-H-S-GOUR-UNIVERSITY-SAGAR","Institute of Engineering and Technology, Dr. H. S. Gour University. Sagar (A Central University)","cutoffs","true","1","JoSAA Round 1","https://josaa.admissions.nic.in/applicant/SeatAllotmentResult/CurrentORCR.aspx","primary_authority","N/A","2026-04-16T15:55:46.848Z","N/A","YES","N/A","true","","","","SAFE","None","VISIBLE_FULL","VISIBLE_FRESH"
"CORE-INSTITUTE-OF-ENGINEERING-AND-TECHNOLOGY-DR-H-S-GOUR-UNIVERSITY-SAGAR","Institute of Engineering and Technology, Dr. H. S. Gour University. Sagar (A Central University)","fees","","","N/A","N/A","N/A","N/A","N/A","N/A","N/A","N/A","","","","","SAFE","None","NOT_APPLICABLE","NOT_APPLICABLE"
"CORE-INSTITUTE-OF-ENGINEERING-AND-TECHNOLOGY-DR-H-S-GOUR-UNIVERSITY-SAGAR","Institute of Engineering and Technology, Dr. H. S. Gour University. Sagar (A Central University)","placements","","","N/A","N/A","N/A","N/A","N/A","N/A","N/A","N/A","","","","","SAFE","None","NOT_APPLICABLE","NOT_APPLICABLE"
"CORE-INSTITUTE-OF-ENGINEERING-AND-TECHNOLOGY-DR-H-S-GOUR-UNIVERSITY-SAGAR","Institute of Engineering and Technology, Dr. H. S. Gour University. Sagar (A Central University)","rankings","","","N/A","N/A","N/A","N/A","N/A","N/A","N/A","N/A","","","","","SAFE","None","NOT_APPLICABLE","NOT_APPLICABLE"
"CORE-INSTITUTE-OF-ENGINEERING-AND-TECHNOLOGY-DR-H-S-GOUR-UNIVERSITY-SAGAR","Institute of Engineering and Technology, Dr. H. S. Gour University. Sagar (A Central University)","ceiScore","true","1","CEI Intelligence Analysis","N/A","N/A","N/A","N/A","N/A","N/A","N/A","","","","","REVIEW","None (Internal Calculation)","INTERNAL_METHODOLOGY_VISIBLE","MISSING"
"CORE-INSTITUTE-OF-INFRASTRUCTURE-TECHNOLOGY-RESEARCH-AND-MANAGEMENT-IITRAM","INSTITUTE OF INFRASTRUCTURE TECHNOLOGY RESEARCH AND MANAGEMENT (IITRAM)","seats","true","4","Joint Seat Allocation Authority (JoSAA)","N/A","N/A","N/A","2026-04-16T18:30:45.365Z","N/A","YES","N/A","true","","","","REVIEW","Convert string source to object {title, url, type}","VISIBLE_PARTIAL_STRING","VISIBLE_FRESH"
"CORE-INSTITUTE-OF-INFRASTRUCTURE-TECHNOLOGY-RESEARCH-AND-MANAGEMENT-IITRAM","INSTITUTE OF INFRASTRUCTURE TECHNOLOGY RESEARCH AND MANAGEMENT (IITRAM)","cutoffs","","","N/A","N/A","N/A","N/A","N/A","N/A","N/A","N/A","","","","","SAFE","None","NOT_APPLICABLE","NOT_APPLICABLE"
"CORE-INSTITUTE-OF-INFRASTRUCTURE-TECHNOLOGY-RESEARCH-AND-MANAGEMENT-IITRAM","INSTITUTE OF INFRASTRUCTURE TECHNOLOGY RESEARCH AND MANAGEMENT (IITRAM)","fees","","","N/A","N/A","N/A","N/A","N/A","N/A","N/A","N/A","","","","","SAFE","None","NOT_APPLICABLE","NOT_APPLICABLE"
"CORE-INSTITUTE-OF-INFRASTRUCTURE-TECHNOLOGY-RESEARCH-AND-MANAGEMENT-IITRAM","INSTITUTE OF INFRASTRUCTURE TECHNOLOGY RESEARCH AND MANAGEMENT (IITRAM)","placements","","","N/A","N/A","N/A","N/A","N/A","N/A","N/A","N/A","","","","","SAFE","None","NOT_APPLICABLE","NOT_APPLICABLE"
"CORE-INSTITUTE-OF-INFRASTRUCTURE-TECHNOLOGY-RESEARCH-AND-MANAGEMENT-IITRAM","INSTITUTE OF INFRASTRUCTURE TECHNOLOGY RESEARCH AND MANAGEMENT (IITRAM)","rankings","","","N/A","N/A","N/A","N/A","N/A","N/A","N/A","N/A","","","","","SAFE","None","NOT_APPLICABLE","NOT_APPLICABLE"
"CORE-INSTITUTE-OF-INFRASTRUCTURE-TECHNOLOGY-RESEARCH-AND-MANAGEMENT-IITRAM","INSTITUTE OF INFRASTRUCTURE TECHNOLOGY RESEARCH AND MANAGEMENT (IITRAM)","ceiScore","true","1","CEI Intelligence Analysis","N/A","N/A","N/A","N/A","N/A","N/A","N/A","","","","","REVIEW","None (Internal Calculation)","INTERNAL_METHODOLOGY_VISIBLE","MISSING"
"CORE-INTERNATIONAL-INSTITUTE-OF-INFORMATION-TECHNOLOGY","INTERNATIONAL INSTITUTE OF INFORMATION TECHNOLOGY","seats","true","6","Joint Seat Allocation Authority (JoSAA)","N/A","N/A","N/A","2026-04-16T18:30:45.369Z","N/A","YES","N/A","true","","","","REVIEW","Convert string source to object {title, url, type}","VISIBLE_PARTIAL_STRING","VISIBLE_FRESH"
"CORE-INTERNATIONAL-INSTITUTE-OF-INFORMATION-TECHNOLOGY","INTERNATIONAL INSTITUTE OF INFORMATION TECHNOLOGY","cutoffs","","","N/A","N/A","N/A","N/A","N/A","N/A","N/A","N/A","","","","","SAFE","None","NOT_APPLICABLE","NOT_APPLICABLE"
"CORE-INTERNATIONAL-INSTITUTE-OF-INFORMATION-TECHNOLOGY","INTERNATIONAL INSTITUTE OF INFORMATION TECHNOLOGY","fees","","","N/A","N/A","N/A","N/A","N/A","N/A","N/A","N/A","","","","","SAFE","None","NOT_APPLICABLE","NOT_APPLICABLE"
"CORE-INTERNATIONAL-INSTITUTE-OF-INFORMATION-TECHNOLOGY","INTERNATIONAL INSTITUTE OF INFORMATION TECHNOLOGY","placements","","","N/A","N/A","N/A","N/A","N/A","N/A","N/A","N/A","","","","","SAFE","None","NOT_APPLICABLE","NOT_APPLICABLE"
"CORE-INTERNATIONAL-INSTITUTE-OF-INFORMATION-TECHNOLOGY","INTERNATIONAL INSTITUTE OF INFORMATION TECHNOLOGY","rankings","","","N/A","N/A","N/A","N/A","N/A","N/A","N/A","N/A","","","","","SAFE","None","NOT_APPLICABLE","NOT_APPLICABLE"
"CORE-INTERNATIONAL-INSTITUTE-OF-INFORMATION-TECHNOLOGY","INTERNATIONAL INSTITUTE OF INFORMATION TECHNOLOGY","ceiScore","true","1","CEI Intelligence Analysis","N/A","N/A","N/A","N/A","N/A","N/A","N/A","","","","","REVIEW","None (Internal Calculation)","INTERNAL_METHODOLOGY_VISIBLE","MISSING"
"CORE-INTERNATIONAL-INSTITUTE-OF-INFORMATION-TECHNOLOGY-BHUBANESHWAR","INTERNATIONAL INSTITUTE OF INFORMATION TECHNOLOGY BHUBANESHWAR","seats","true","5","Joint Seat Allocation Authority (JoSAA)","N/A","N/A","N/A","2026-04-16T18:30:45.370Z","N/A","YES","N/A","true","","","","REVIEW","Convert string source to object {title, url, type}","VISIBLE_PARTIAL_STRING","VISIBLE_FRESH"
"CORE-INTERNATIONAL-INSTITUTE-OF-INFORMATION-TECHNOLOGY-BHUBANESHWAR","INTERNATIONAL INSTITUTE OF INFORMATION TECHNOLOGY BHUBANESHWAR","cutoffs","","","N/A","N/A","N/A","N/A","N/A","N/A","N/A","N/A","","","","","SAFE","None","NOT_APPLICABLE","NOT_APPLICABLE"
"CORE-INTERNATIONAL-INSTITUTE-OF-INFORMATION-TECHNOLOGY-BHUBANESHWAR","INTERNATIONAL INSTITUTE OF INFORMATION TECHNOLOGY BHUBANESHWAR","fees","","","N/A","N/A","N/A","N/A","N/A","N/A","N/A","N/A","","","","","SAFE","None","NOT_APPLICABLE","NOT_APPLICABLE"
"CORE-INTERNATIONAL-INSTITUTE-OF-INFORMATION-TECHNOLOGY-BHUBANESHWAR","INTERNATIONAL INSTITUTE OF INFORMATION TECHNOLOGY BHUBANESHWAR","placements","","","N/A","N/A","N/A","N/A","N/A","N/A","N/A","N/A","","","","","SAFE","None","NOT_APPLICABLE","NOT_APPLICABLE"
"CORE-INTERNATIONAL-INSTITUTE-OF-INFORMATION-TECHNOLOGY-BHUBANESHWAR","INTERNATIONAL INSTITUTE OF INFORMATION TECHNOLOGY BHUBANESHWAR","rankings","","","N/A","N/A","N/A","N/A","N/A","N/A","N/A","N/A","","","","","SAFE","None","NOT_APPLICABLE","NOT_APPLICABLE"
"CORE-INTERNATIONAL-INSTITUTE-OF-INFORMATION-TECHNOLOGY-BHUBANESHWAR","INTERNATIONAL INSTITUTE OF INFORMATION TECHNOLOGY BHUBANESHWAR","ceiScore","true","1","CEI Intelligence Analysis","N/A","N/A","N/A","N/A","N/A","N/A","N/A","","","","","REVIEW","None (Internal Calculation)","INTERNAL_METHODOLOGY_VISIBLE","MISSING"
"CORE-NIT-JAIPUR","Malviya National Institute of Technology, Jaipur","seats","true","36","Official Authority","N/A","N/A","N/A","2026-04-16T18:30:45.317Z","N/A","YES","N/A","true","","","","REVIEW","Convert string source to object {title, url, type}","VISIBLE_PARTIAL_STRING","VISIBLE_FRESH"
"CORE-NIT-JAIPUR","Malviya National Institute of Technology, Jaipur","cutoffs","true","1","JoSAA Round 1","https://josaa.admissions.nic.in/applicant/SeatAllotmentResult/CurrentORCR.aspx","primary_authority","N/A","2026-04-16T15:55:46.761Z","N/A","YES","N/A","true","","","","SAFE","None","VISIBLE_FULL","VISIBLE_FRESH"
"CORE-NIT-JAIPUR","Malviya National Institute of Technology, Jaipur","fees","","","N/A","N/A","N/A","N/A","N/A","N/A","N/A","N/A","","","","","SAFE","None","NOT_APPLICABLE","NOT_APPLICABLE"
"CORE-NIT-JAIPUR","Malviya National Institute of Technology, Jaipur","placements","","","N/A","N/A","N/A","N/A","N/A","N/A","N/A","N/A","","","","","SAFE","None","NOT_APPLICABLE","NOT_APPLICABLE"
"CORE-NIT-JAIPUR","Malviya National Institute of Technology, Jaipur","rankings","","","N/A","N/A","N/A","N/A","N/A","N/A","N/A","N/A","","","","","SAFE","None","NOT_APPLICABLE","NOT_APPLICABLE"
"CORE-NIT-JAIPUR","Malviya National Institute of Technology, Jaipur","ceiScore","true","1","CEI Intelligence Analysis","N/A","N/A","N/A","N/A","N/A","N/A","N/A","","","","","REVIEW","None (Internal Calculation)","INTERNAL_METHODOLOGY_VISIBLE","MISSING"
"CORE-MAULANA-AZAD-NATIONAL-INSTITUTE-OF-TECHNOLOGY-BHOPAL","Maulana Azad National Institute of Technology, Bhopal","seats","true","48","Official Authority","N/A","N/A","N/A","2026-04-16T18:30:45.318Z","N/A","YES","N/A","true","","","","REVIEW","Convert string source to object {title, url, type}","VISIBLE_PARTIAL_STRING","VISIBLE_FRESH"
"CORE-MAULANA-AZAD-NATIONAL-INSTITUTE-OF-TECHNOLOGY-BHOPAL","Maulana Azad National Institute of Technology, Bhopal","cutoffs","true","1","JoSAA Round 1","https://josaa.admissions.nic.in/applicant/SeatAllotmentResult/CurrentORCR.aspx","primary_authority","N/A","2026-04-16T15:55:46.764Z","N/A","YES","N/A","true","","","","SAFE","None","VISIBLE_FULL","VISIBLE_FRESH"
"CORE-MAULANA-AZAD-NATIONAL-INSTITUTE-OF-TECHNOLOGY-BHOPAL","Maulana Azad National Institute of Technology, Bhopal","fees","true","1","Official Fee Structure","N/A","N/A","N/A","2026-05-01T13:18:02.736Z","N/A","YES","N/A","true","","","","REVIEW","Convert string source to object {title, url, type}","VISIBLE_PARTIAL_STRING","VISIBLE_FRESH"
"CORE-MAULANA-AZAD-NATIONAL-INSTITUTE-OF-TECHNOLOGY-BHOPAL","Maulana Azad National Institute of Technology, Bhopal","placements","true","4","N/A","N/A","N/A","N/A","N/A","N/A","N/A","N/A","true","","","","REVIEW","Promote item source to section-level primarySource","API_ONLY_NOT_RENDERED","MISSING"
"CORE-MAULANA-AZAD-NATIONAL-INSTITUTE-OF-TECHNOLOGY-BHOPAL","Maulana Azad National Institute of Technology, Bhopal","rankings","","","N/A","N/A","N/A","N/A","N/A","N/A","N/A","N/A","","","","","SAFE","None","NOT_APPLICABLE","NOT_APPLICABLE"
"CORE-MAULANA-AZAD-NATIONAL-INSTITUTE-OF-TECHNOLOGY-BHOPAL","Maulana Azad National Institute of Technology, Bhopal","ceiScore","true","1","CEI Intelligence Analysis","N/A","N/A","N/A","N/A","N/A","N/A","N/A","","","","","REVIEW","None (Internal Calculation)","INTERNAL_METHODOLOGY_VISIBLE","MISSING"
"CORE-MIZORAM-UNIVERSITY-AIZAWL","Mizoram University, Aizawl","seats","true","6","Official Authority","N/A","N/A","N/A","2026-04-16T18:30:45.367Z","N/A","YES","N/A","true","","","","REVIEW","Convert string source to object {title, url, type}","VISIBLE_PARTIAL_STRING","VISIBLE_FRESH"
"CORE-MIZORAM-UNIVERSITY-AIZAWL","Mizoram University, Aizawl","cutoffs","true","1","JoSAA Round 1","https://josaa.admissions.nic.in/applicant/SeatAllotmentResult/CurrentORCR.aspx","primary_authority","N/A","2026-04-16T15:55:46.840Z","N/A","YES","N/A","true","","","","SAFE","None","VISIBLE_FULL","VISIBLE_FRESH"
"CORE-MIZORAM-UNIVERSITY-AIZAWL","Mizoram University, Aizawl","fees","","","N/A","N/A","N/A","N/A","N/A","N/A","N/A","N/A","","","","","SAFE","None","NOT_APPLICABLE","NOT_APPLICABLE"
"CORE-MIZORAM-UNIVERSITY-AIZAWL","Mizoram University, Aizawl","placements","","","N/A","N/A","N/A","N/A","N/A","N/A","N/A","N/A","","","","","SAFE","None","NOT_APPLICABLE","NOT_APPLICABLE"
"CORE-MIZORAM-UNIVERSITY-AIZAWL","Mizoram University, Aizawl","rankings","","","N/A","N/A","N/A","N/A","N/A","N/A","N/A","N/A","","","","","SAFE","None","NOT_APPLICABLE","NOT_APPLICABLE"
"CORE-MIZORAM-UNIVERSITY-AIZAWL","Mizoram University, Aizawl","ceiScore","true","1","CEI Intelligence Analysis","N/A","N/A","N/A","N/A","N/A","N/A","N/A","","","","","REVIEW","None (Internal Calculation)","INTERNAL_METHODOLOGY_VISIBLE","MISSING"
"CORE-MOTILAL-NEHRU-NATIONAL-INSTITUTE-OF-TECHNOLOGY-ALLAHABAD","Motilal Nehru National Institute of Technology, Allahabad","seats","true","40","Official Authority","N/A","N/A","N/A","2026-04-16T18:30:45.319Z","N/A","YES","N/A","true","","","","REVIEW","Convert string source to object {title, url, type}","VISIBLE_PARTIAL_STRING","VISIBLE_FRESH"
"CORE-MOTILAL-NEHRU-NATIONAL-INSTITUTE-OF-TECHNOLOGY-ALLAHABAD","Motilal Nehru National Institute of Technology, Allahabad","cutoffs","true","1","JoSAA Round 1","https://josaa.admissions.nic.in/applicant/SeatAllotmentResult/CurrentORCR.aspx","primary_authority","N/A","2026-04-16T15:55:46.767Z","N/A","YES","N/A","true","","","","SAFE","None","VISIBLE_FULL","VISIBLE_FRESH"
"CORE-MOTILAL-NEHRU-NATIONAL-INSTITUTE-OF-TECHNOLOGY-ALLAHABAD","Motilal Nehru National Institute of Technology, Allahabad","fees","true","1","Official Fee Structure","N/A","N/A","N/A","2026-05-01T13:18:10.365Z","N/A","YES","N/A","true","","","","REVIEW","Convert string source to object {title, url, type}","VISIBLE_PARTIAL_STRING","VISIBLE_FRESH"
"CORE-MOTILAL-NEHRU-NATIONAL-INSTITUTE-OF-TECHNOLOGY-ALLAHABAD","Motilal Nehru National Institute of Technology, Allahabad","placements","true","3","N/A","N/A","N/A","N/A","N/A","N/A","N/A","N/A","true","","","","REVIEW","Promote item source to section-level primarySource","API_ONLY_NOT_RENDERED","MISSING"
"CORE-MOTILAL-NEHRU-NATIONAL-INSTITUTE-OF-TECHNOLOGY-ALLAHABAD","Motilal Nehru National Institute of Technology, Allahabad","rankings","","","N/A","N/A","N/A","N/A","N/A","N/A","N/A","N/A","","","","","SAFE","None","NOT_APPLICABLE","NOT_APPLICABLE"
"CORE-MOTILAL-NEHRU-NATIONAL-INSTITUTE-OF-TECHNOLOGY-ALLAHABAD","Motilal Nehru National Institute of Technology, Allahabad","ceiScore","true","1","CEI Intelligence Analysis","N/A","N/A","N/A","N/A","N/A","N/A","N/A","","","","","REVIEW","None (Internal Calculation)","INTERNAL_METHODOLOGY_VISIBLE","MISSING"
"CORE-NATIONAL-INSTITUTE-OF-ADVANCED-MANUFACTURING-TECHNOLOGY-RANCHI","National Institute of Advanced Manufacturing Technology, Ranchi","seats","true","8","Official Authority","N/A","N/A","N/A","2026-04-16T18:30:45.367Z","N/A","YES","N/A","true","","","","REVIEW","Convert string source to object {title, url, type}","VISIBLE_PARTIAL_STRING","VISIBLE_FRESH"
"CORE-NATIONAL-INSTITUTE-OF-ADVANCED-MANUFACTURING-TECHNOLOGY-RANCHI","National Institute of Advanced Manufacturing Technology, Ranchi","cutoffs","true","1","JoSAA Round 1","https://josaa.admissions.nic.in/applicant/SeatAllotmentResult/CurrentORCR.aspx","primary_authority","N/A","2026-04-16T15:55:46.839Z","N/A","YES","N/A","true","","","","SAFE","None","VISIBLE_FULL","VISIBLE_FRESH"
"CORE-NATIONAL-INSTITUTE-OF-ADVANCED-MANUFACTURING-TECHNOLOGY-RANCHI","National Institute of Advanced Manufacturing Technology, Ranchi","fees","","","N/A","N/A","N/A","N/A","N/A","N/A","N/A","N/A","","","","","SAFE","None","NOT_APPLICABLE","NOT_APPLICABLE"
"CORE-NATIONAL-INSTITUTE-OF-ADVANCED-MANUFACTURING-TECHNOLOGY-RANCHI","National Institute of Advanced Manufacturing Technology, Ranchi","placements","","","N/A","N/A","N/A","N/A","N/A","N/A","N/A","N/A","","","","","SAFE","None","NOT_APPLICABLE","NOT_APPLICABLE"
"CORE-NATIONAL-INSTITUTE-OF-ADVANCED-MANUFACTURING-TECHNOLOGY-RANCHI","National Institute of Advanced Manufacturing Technology, Ranchi","rankings","","","N/A","N/A","N/A","N/A","N/A","N/A","N/A","N/A","","","","","SAFE","None","NOT_APPLICABLE","NOT_APPLICABLE"
"CORE-NATIONAL-INSTITUTE-OF-ADVANCED-MANUFACTURING-TECHNOLOGY-RANCHI","National Institute of Advanced Manufacturing Technology, Ranchi","ceiScore","true","1","CEI Intelligence Analysis","N/A","N/A","N/A","N/A","N/A","N/A","N/A","","","","","REVIEW","None (Internal Calculation)","INTERNAL_METHODOLOGY_VISIBLE","MISSING"
"CORE-NIT-ARUNACHAL-PRADESH","National Institute of Technology Arunachal Pradesh","seats","true","24","Official Authority","N/A","N/A","N/A","2026-04-16T18:30:45.339Z","N/A","YES","N/A","true","","","","REVIEW","Convert string source to object {title, url, type}","VISIBLE_PARTIAL_STRING","VISIBLE_FRESH"
"CORE-NIT-ARUNACHAL-PRADESH","National Institute of Technology Arunachal Pradesh","cutoffs","true","1","JoSAA Round 1","https://josaa.admissions.nic.in/applicant/SeatAllotmentResult/CurrentORCR.aspx","primary_authority","N/A","2026-04-16T15:55:46.799Z","N/A","YES","N/A","true","","","","SAFE","None","VISIBLE_FULL","VISIBLE_FRESH"
"CORE-NIT-ARUNACHAL-PRADESH","National Institute of Technology Arunachal Pradesh","fees","","","N/A","N/A","N/A","N/A","N/A","N/A","N/A","N/A","","","","","SAFE","None","NOT_APPLICABLE","NOT_APPLICABLE"
"CORE-NIT-ARUNACHAL-PRADESH","National Institute of Technology Arunachal Pradesh","placements","","","N/A","N/A","N/A","N/A","N/A","N/A","N/A","N/A","","","","","SAFE","None","NOT_APPLICABLE","NOT_APPLICABLE"
"CORE-NIT-ARUNACHAL-PRADESH","National Institute of Technology Arunachal Pradesh","rankings","","","N/A","N/A","N/A","N/A","N/A","N/A","N/A","N/A","","","","","SAFE","None","NOT_APPLICABLE","NOT_APPLICABLE"
"CORE-NIT-ARUNACHAL-PRADESH","National Institute of Technology Arunachal Pradesh","ceiScore","true","1","CEI Intelligence Analysis","N/A","N/A","N/A","N/A","N/A","N/A","N/A","","","","","REVIEW","None (Internal Calculation)","INTERNAL_METHODOLOGY_VISIBLE","MISSING"
"CORE-NIT-DELHI","National Institute of Technology Delhi","seats","true","32","Official Authority","N/A","N/A","N/A","2026-04-16T18:30:45.323Z","N/A","YES","N/A","true","","","","REVIEW","Convert string source to object {title, url, type}","VISIBLE_PARTIAL_STRING","VISIBLE_FRESH"
"CORE-NIT-DELHI","National Institute of Technology Delhi","cutoffs","true","1","JoSAA Round 1","https://josaa.admissions.nic.in/applicant/SeatAllotmentResult/CurrentORCR.aspx","primary_authority","N/A","2026-04-16T15:55:46.773Z","N/A","YES","N/A","true","","","","SAFE","None","VISIBLE_FULL","VISIBLE_FRESH"
"CORE-NIT-DELHI","National Institute of Technology Delhi","fees","","","N/A","N/A","N/A","N/A","N/A","N/A","N/A","N/A","","","","","SAFE","None","NOT_APPLICABLE","NOT_APPLICABLE"
"CORE-NIT-DELHI","National Institute of Technology Delhi","placements","","","N/A","N/A","N/A","N/A","N/A","N/A","N/A","N/A","","","","","SAFE","None","NOT_APPLICABLE","NOT_APPLICABLE"
"CORE-NIT-DELHI","National Institute of Technology Delhi","rankings","","","N/A","N/A","N/A","N/A","N/A","N/A","N/A","N/A","","","","","SAFE","None","NOT_APPLICABLE","NOT_APPLICABLE"
"CORE-NIT-DELHI","National Institute of Technology Delhi","ceiScore","true","1","CEI Intelligence Analysis","N/A","N/A","N/A","N/A","N/A","N/A","N/A","","","","","REVIEW","None (Internal Calculation)","INTERNAL_METHODOLOGY_VISIBLE","MISSING"
"CORE-NIT-GOA","National Institute of Technology Goa","seats","true","30","Official Authority","N/A","N/A","N/A","2026-04-16T18:30:45.327Z","N/A","YES","N/A","true","","","","REVIEW","Convert string source to object {title, url, type}","VISIBLE_PARTIAL_STRING","VISIBLE_FRESH"
"CORE-NIT-GOA","National Institute of Technology Goa","cutoffs","true","1","JoSAA Round 1","https://josaa.admissions.nic.in/applicant/SeatAllotmentResult/CurrentORCR.aspx","primary_authority","N/A","2026-04-16T15:55:46.776Z","N/A","YES","N/A","true","","","","SAFE","None","VISIBLE_FULL","VISIBLE_FRESH"
"CORE-NIT-GOA","National Institute of Technology Goa","fees","","","N/A","N/A","N/A","N/A","N/A","N/A","N/A","N/A","","","","","SAFE","None","NOT_APPLICABLE","NOT_APPLICABLE"
"CORE-NIT-GOA","National Institute of Technology Goa","placements","","","N/A","N/A","N/A","N/A","N/A","N/A","N/A","N/A","","","","","SAFE","None","NOT_APPLICABLE","NOT_APPLICABLE"
"CORE-NIT-GOA","National Institute of Technology Goa","rankings","","","N/A","N/A","N/A","N/A","N/A","N/A","N/A","N/A","","","","","SAFE","None","NOT_APPLICABLE","NOT_APPLICABLE"
"CORE-NIT-GOA","National Institute of Technology Goa","ceiScore","true","1","CEI Intelligence Analysis","N/A","N/A","N/A","N/A","N/A","N/A","N/A","","","","","REVIEW","None (Internal Calculation)","INTERNAL_METHODOLOGY_VISIBLE","MISSING"
"CORE-NIT-MANIPUR","National Institute of Technology Manipur","seats","true","20","Official Authority","N/A","N/A","N/A","2026-04-16T18:30:45.348Z","N/A","YES","N/A","true","","","","REVIEW","Convert string source to object {title, url, type}","VISIBLE_PARTIAL_STRING","VISIBLE_FRESH"
"CORE-NIT-MANIPUR","National Institute of Technology Manipur","cutoffs","true","1","JoSAA Round 1","https://josaa.admissions.nic.in/applicant/SeatAllotmentResult/CurrentORCR.aspx","primary_authority","N/A","2026-04-16T15:55:46.805Z","N/A","YES","N/A","true","","","","SAFE","None","VISIBLE_FULL","VISIBLE_FRESH"
"CORE-NIT-MANIPUR","National Institute of Technology Manipur","fees","","","N/A","N/A","N/A","N/A","N/A","N/A","N/A","N/A","","","","","SAFE","None","NOT_APPLICABLE","NOT_APPLICABLE"
"CORE-NIT-MANIPUR","National Institute of Technology Manipur","placements","","","N/A","N/A","N/A","N/A","N/A","N/A","N/A","N/A","","","","","SAFE","None","NOT_APPLICABLE","NOT_APPLICABLE"
"CORE-NIT-MANIPUR","National Institute of Technology Manipur","rankings","","","N/A","N/A","N/A","N/A","N/A","N/A","N/A","N/A","","","","","SAFE","None","NOT_APPLICABLE","NOT_APPLICABLE"
"CORE-NIT-MANIPUR","National Institute of Technology Manipur","ceiScore","true","1","CEI Intelligence Analysis","N/A","N/A","N/A","N/A","N/A","N/A","N/A","","","","","REVIEW","None (Internal Calculation)","INTERNAL_METHODOLOGY_VISIBLE","MISSING"
"CORE-NIT-MEGHALAYA","National Institute of Technology Meghalaya","seats","true","20","Official Authority","N/A","N/A","N/A","2026-04-16T18:30:45.331Z","N/A","YES","N/A","true","","","","REVIEW","Convert string source to object {title, url, type}","VISIBLE_PARTIAL_STRING","VISIBLE_FRESH"
"CORE-NIT-MEGHALAYA","National Institute of Technology Meghalaya","cutoffs","true","1","JoSAA Round 1","https://josaa.admissions.nic.in/applicant/SeatAllotmentResult/CurrentORCR.aspx","primary_authority","N/A","2026-04-16T15:55:46.782Z","N/A","YES","N/A","true","","","","SAFE","None","VISIBLE_FULL","VISIBLE_FRESH"
"CORE-NIT-MEGHALAYA","National Institute of Technology Meghalaya","fees","","","N/A","N/A","N/A","N/A","N/A","N/A","N/A","N/A","","","","","SAFE","None","NOT_APPLICABLE","NOT_APPLICABLE"
"CORE-NIT-MEGHALAYA","National Institute of Technology Meghalaya","placements","","","N/A","N/A","N/A","N/A","N/A","N/A","N/A","N/A","","","","","SAFE","None","NOT_APPLICABLE","NOT_APPLICABLE"
"CORE-NIT-MEGHALAYA","National Institute of Technology Meghalaya","rankings","","","N/A","N/A","N/A","N/A","N/A","N/A","N/A","N/A","","","","","SAFE","None","NOT_APPLICABLE","NOT_APPLICABLE"
"CORE-NIT-MEGHALAYA","National Institute of Technology Meghalaya","ceiScore","true","1","CEI Intelligence Analysis","N/A","N/A","N/A","N/A","N/A","N/A","N/A","","","","","REVIEW","None (Internal Calculation)","INTERNAL_METHODOLOGY_VISIBLE","MISSING"
"CORE-NIT-MIZORAM","National Institute of Technology Mizoram","seats","true","28","Official Authority","N/A","N/A","N/A","2026-04-16T18:30:45.348Z","N/A","YES","N/A","true","","","","REVIEW","Convert string source to object {title, url, type}","VISIBLE_PARTIAL_STRING","VISIBLE_FRESH"
"CORE-NIT-MIZORAM","National Institute of Technology Mizoram","cutoffs","true","1","JoSAA Round 1","https://josaa.admissions.nic.in/applicant/SeatAllotmentResult/CurrentORCR.aspx","primary_authority","N/A","2026-04-16T15:55:46.806Z","N/A","YES","N/A","true","","","","SAFE","None","VISIBLE_FULL","VISIBLE_FRESH"
"CORE-NIT-MIZORAM","National Institute of Technology Mizoram","fees","","","N/A","N/A","N/A","N/A","N/A","N/A","N/A","N/A","","","","","SAFE","None","NOT_APPLICABLE","NOT_APPLICABLE"
"CORE-NIT-MIZORAM","National Institute of Technology Mizoram","placements","","","N/A","N/A","N/A","N/A","N/A","N/A","N/A","N/A","","","","","SAFE","None","NOT_APPLICABLE","NOT_APPLICABLE"
"CORE-NIT-MIZORAM","National Institute of Technology Mizoram","rankings","","","N/A","N/A","N/A","N/A","N/A","N/A","N/A","N/A","","","","","SAFE","None","NOT_APPLICABLE","NOT_APPLICABLE"
"CORE-NIT-MIZORAM","National Institute of Technology Mizoram","ceiScore","true","1","CEI Intelligence Analysis","N/A","N/A","N/A","N/A","N/A","N/A","N/A","","","","","REVIEW","None (Internal Calculation)","INTERNAL_METHODOLOGY_VISIBLE","MISSING"
"CORE-NIT-NAGALAND","National Institute of Technology Nagaland","seats","true","24","Official Authority","N/A","N/A","N/A","2026-04-16T18:30:45.332Z","N/A","YES","N/A","true","","","","REVIEW","Convert string source to object {title, url, type}","VISIBLE_PARTIAL_STRING","VISIBLE_FRESH"
"CORE-NIT-NAGALAND","National Institute of Technology Nagaland","cutoffs","true","1","JoSAA Round 1","https://josaa.admissions.nic.in/applicant/SeatAllotmentResult/CurrentORCR.aspx","primary_authority","N/A","2026-04-16T15:55:46.783Z","N/A","YES","N/A","true","","","","SAFE","None","VISIBLE_FULL","VISIBLE_FRESH"
"CORE-NIT-NAGALAND","National Institute of Technology Nagaland","fees","","","N/A","N/A","N/A","N/A","N/A","N/A","N/A","N/A","","","","","SAFE","None","NOT_APPLICABLE","NOT_APPLICABLE"
"CORE-NIT-NAGALAND","National Institute of Technology Nagaland","placements","","","N/A","N/A","N/A","N/A","N/A","N/A","N/A","N/A","","","","","SAFE","None","NOT_APPLICABLE","NOT_APPLICABLE"
"CORE-NIT-NAGALAND","National Institute of Technology Nagaland","rankings","","","N/A","N/A","N/A","N/A","N/A","N/A","N/A","N/A","","","","","SAFE","None","NOT_APPLICABLE","NOT_APPLICABLE"
"CORE-NIT-NAGALAND","National Institute of Technology Nagaland","ceiScore","true","1","CEI Intelligence Analysis","N/A","N/A","N/A","N/A","N/A","N/A","N/A","","","","","REVIEW","None (Internal Calculation)","INTERNAL_METHODOLOGY_VISIBLE","MISSING"
"CORE-NIT-PUDUCHERRY","National Institute of Technology Puducherry","seats","true","20","Official Authority","N/A","N/A","N/A","2026-04-16T18:30:45.336Z","N/A","YES","N/A","true","","","","REVIEW","Convert string source to object {title, url, type}","VISIBLE_PARTIAL_STRING","VISIBLE_FRESH"
"CORE-NIT-PUDUCHERRY","National Institute of Technology Puducherry","cutoffs","true","1","JoSAA Round 1","https://josaa.admissions.nic.in/applicant/SeatAllotmentResult/CurrentORCR.aspx","primary_authority","N/A","2026-04-16T15:55:46.796Z","N/A","YES","N/A","true","","","","SAFE","None","VISIBLE_FULL","VISIBLE_FRESH"
"CORE-NIT-PUDUCHERRY","National Institute of Technology Puducherry","fees","","","N/A","N/A","N/A","N/A","N/A","N/A","N/A","N/A","","","","","SAFE","None","NOT_APPLICABLE","NOT_APPLICABLE"
"CORE-NIT-PUDUCHERRY","National Institute of Technology Puducherry","placements","","","N/A","N/A","N/A","N/A","N/A","N/A","N/A","N/A","","","","","SAFE","None","NOT_APPLICABLE","NOT_APPLICABLE"
"CORE-NIT-PUDUCHERRY","National Institute of Technology Puducherry","rankings","","","N/A","N/A","N/A","N/A","N/A","N/A","N/A","N/A","","","","","SAFE","None","NOT_APPLICABLE","NOT_APPLICABLE"
"CORE-NIT-PUDUCHERRY","National Institute of Technology Puducherry","ceiScore","true","1","CEI Intelligence Analysis","N/A","N/A","N/A","N/A","N/A","N/A","N/A","","","","","REVIEW","None (Internal Calculation)","INTERNAL_METHODOLOGY_VISIBLE","MISSING"
"CORE-NIT-SIKKIM","National Institute of Technology Sikkim","seats","true","24","Official Authority","N/A","N/A","N/A","2026-04-16T18:30:45.338Z","N/A","YES","N/A","true","","","","REVIEW","Convert string source to object {title, url, type}","VISIBLE_PARTIAL_STRING","VISIBLE_FRESH"
"CORE-NIT-SIKKIM","National Institute of Technology Sikkim","cutoffs","true","1","JoSAA Round 1","https://josaa.admissions.nic.in/applicant/SeatAllotmentResult/CurrentORCR.aspx","primary_authority","N/A","2026-04-16T15:55:46.798Z","N/A","YES","N/A","true","","","","SAFE","None","VISIBLE_FULL","VISIBLE_FRESH"
"CORE-NIT-SIKKIM","National Institute of Technology Sikkim","fees","","","N/A","N/A","N/A","N/A","N/A","N/A","N/A","N/A","","","","","SAFE","None","NOT_APPLICABLE","NOT_APPLICABLE"
"CORE-NIT-SIKKIM","National Institute of Technology Sikkim","placements","","","N/A","N/A","N/A","N/A","N/A","N/A","N/A","N/A","","","","","SAFE","None","NOT_APPLICABLE","NOT_APPLICABLE"
"CORE-NIT-SIKKIM","National Institute of Technology Sikkim","rankings","","","N/A","N/A","N/A","N/A","N/A","N/A","N/A","N/A","","","","","SAFE","None","NOT_APPLICABLE","NOT_APPLICABLE"
"CORE-NIT-SIKKIM","National Institute of Technology Sikkim","ceiScore","true","1","CEI Intelligence Analysis","N/A","N/A","N/A","N/A","N/A","N/A","N/A","","","","","REVIEW","None (Internal Calculation)","INTERNAL_METHODOLOGY_VISIBLE","MISSING"
"CORE-NIT-UTTARAKHAND","National Institute of Technology Uttarakhand","seats","true","20","Official Authority","N/A","N/A","N/A","2026-04-16T18:30:45.353Z","N/A","YES","N/A","true","","","","REVIEW","Convert string source to object {title, url, type}","VISIBLE_PARTIAL_STRING","VISIBLE_FRESH"
"CORE-NIT-UTTARAKHAND","National Institute of Technology Uttarakhand","cutoffs","true","1","JoSAA Round 1","https://josaa.admissions.nic.in/applicant/SeatAllotmentResult/CurrentORCR.aspx","primary_authority","N/A","2026-04-16T15:55:46.816Z","N/A","YES","N/A","true","","","","SAFE","None","VISIBLE_FULL","VISIBLE_FRESH"
"CORE-NIT-UTTARAKHAND","National Institute of Technology Uttarakhand","fees","","","N/A","N/A","N/A","N/A","N/A","N/A","N/A","N/A","","","","","SAFE","None","NOT_APPLICABLE","NOT_APPLICABLE"
"CORE-NIT-UTTARAKHAND","National Institute of Technology Uttarakhand","placements","","","N/A","N/A","N/A","N/A","N/A","N/A","N/A","N/A","","","","","SAFE","None","NOT_APPLICABLE","NOT_APPLICABLE"
"CORE-NIT-UTTARAKHAND","National Institute of Technology Uttarakhand","rankings","","","N/A","N/A","N/A","N/A","N/A","N/A","N/A","N/A","","","","","SAFE","None","NOT_APPLICABLE","NOT_APPLICABLE"
"CORE-NIT-UTTARAKHAND","National Institute of Technology Uttarakhand","ceiScore","true","1","CEI Intelligence Analysis","N/A","N/A","N/A","N/A","N/A","N/A","N/A","","","","","REVIEW","None (Internal Calculation)","INTERNAL_METHODOLOGY_VISIBLE","MISSING"
"CORE-NIT-AGARTALA","National Institute of Technology, Agartala","seats","true","46","Official Authority","N/A","N/A","N/A","2026-04-16T18:30:45.320Z","N/A","YES","N/A","true","","","","REVIEW","Convert string source to object {title, url, type}","VISIBLE_PARTIAL_STRING","VISIBLE_FRESH"
"CORE-NIT-AGARTALA","National Institute of Technology, Agartala","cutoffs","true","1","JoSAA Round 1","https://josaa.admissions.nic.in/applicant/SeatAllotmentResult/CurrentORCR.aspx","primary_authority","N/A","2026-04-16T15:55:46.769Z","N/A","YES","N/A","true","","","","SAFE","None","VISIBLE_FULL","VISIBLE_FRESH"
"CORE-NIT-AGARTALA","National Institute of Technology, Agartala","fees","","","N/A","N/A","N/A","N/A","N/A","N/A","N/A","N/A","","","","","SAFE","None","NOT_APPLICABLE","NOT_APPLICABLE"
"CORE-NIT-AGARTALA","National Institute of Technology, Agartala","placements","","","N/A","N/A","N/A","N/A","N/A","N/A","N/A","N/A","","","","","SAFE","None","NOT_APPLICABLE","NOT_APPLICABLE"
"CORE-NIT-AGARTALA","National Institute of Technology, Agartala","rankings","","","N/A","N/A","N/A","N/A","N/A","N/A","N/A","N/A","","","","","SAFE","None","NOT_APPLICABLE","NOT_APPLICABLE"
"CORE-NIT-AGARTALA","National Institute of Technology, Agartala","ceiScore","true","1","CEI Intelligence Analysis","N/A","N/A","N/A","N/A","N/A","N/A","N/A","","","","","REVIEW","None (Internal Calculation)","INTERNAL_METHODOLOGY_VISIBLE","MISSING"
"CORE-NIT-ANDHRA-PRADESH","NATIONAL INSTITUTE OF TECHNOLOGY, ANDHRA PRADESH","seats","true","32","Official Authority","N/A","N/A","N/A","2026-04-16T18:30:45.358Z","N/A","YES","N/A","true","","","","REVIEW","Convert string source to object {title, url, type}","VISIBLE_PARTIAL_STRING","VISIBLE_FRESH"
"CORE-NIT-ANDHRA-PRADESH","NATIONAL INSTITUTE OF TECHNOLOGY, ANDHRA PRADESH","cutoffs","true","1","JoSAA Round 1","https://josaa.admissions.nic.in/applicant/SeatAllotmentResult/CurrentORCR.aspx","primary_authority","N/A","2026-04-16T15:55:46.826Z","N/A","YES","N/A","true","","","","SAFE","None","VISIBLE_FULL","VISIBLE_FRESH"
"CORE-NIT-ANDHRA-PRADESH","NATIONAL INSTITUTE OF TECHNOLOGY, ANDHRA PRADESH","fees","","","N/A","N/A","N/A","N/A","N/A","N/A","N/A","N/A","","","","","SAFE","None","NOT_APPLICABLE","NOT_APPLICABLE"
"CORE-NIT-ANDHRA-PRADESH","NATIONAL INSTITUTE OF TECHNOLOGY, ANDHRA PRADESH","placements","","","N/A","N/A","N/A","N/A","N/A","N/A","N/A","N/A","","","","","SAFE","None","NOT_APPLICABLE","NOT_APPLICABLE"
"CORE-NIT-ANDHRA-PRADESH","NATIONAL INSTITUTE OF TECHNOLOGY, ANDHRA PRADESH","rankings","","","N/A","N/A","N/A","N/A","N/A","N/A","N/A","N/A","","","","","SAFE","None","NOT_APPLICABLE","NOT_APPLICABLE"
"CORE-NIT-ANDHRA-PRADESH","NATIONAL INSTITUTE OF TECHNOLOGY, ANDHRA PRADESH","ceiScore","true","1","CEI Intelligence Analysis","N/A","N/A","N/A","N/A","N/A","N/A","N/A","","","","","REVIEW","None (Internal Calculation)","INTERNAL_METHODOLOGY_VISIBLE","MISSING"
"CORE-NIT-CALICUT","National Institute of Technology, Calicut","seats","true","48","Official Authority","N/A","N/A","N/A","2026-04-16T18:30:45.322Z","N/A","YES","N/A","true","","","","REVIEW","Convert string source to object {title, url, type}","VISIBLE_PARTIAL_STRING","VISIBLE_FRESH"
"CORE-NIT-CALICUT","National Institute of Technology, Calicut","cutoffs","true","1","JoSAA Round 1","https://josaa.admissions.nic.in/applicant/SeatAllotmentResult/CurrentORCR.aspx","primary_authority","N/A","2026-04-16T15:55:46.770Z","N/A","YES","N/A","true","","","","SAFE","None","VISIBLE_FULL","VISIBLE_FRESH"
"CORE-NIT-CALICUT","National Institute of Technology, Calicut","fees","","","N/A","N/A","N/A","N/A","N/A","N/A","N/A","N/A","","","","","SAFE","None","NOT_APPLICABLE","NOT_APPLICABLE"
"CORE-NIT-CALICUT","National Institute of Technology, Calicut","placements","","","N/A","N/A","N/A","N/A","N/A","N/A","N/A","N/A","","","","","SAFE","None","NOT_APPLICABLE","NOT_APPLICABLE"
"CORE-NIT-CALICUT","National Institute of Technology, Calicut","rankings","","","N/A","N/A","N/A","N/A","N/A","N/A","N/A","N/A","","","","","SAFE","None","NOT_APPLICABLE","NOT_APPLICABLE"
"CORE-NIT-CALICUT","National Institute of Technology, Calicut","ceiScore","true","1","CEI Intelligence Analysis","N/A","N/A","N/A","N/A","N/A","N/A","N/A","","","","","REVIEW","None (Internal Calculation)","INTERNAL_METHODOLOGY_VISIBLE","MISSING"
"CORE-NIT-DURGAPUR","National Institute of Technology, Durgapur","seats","true","46","Official Authority","N/A","N/A","N/A","2026-04-16T18:30:45.325Z","N/A","YES","N/A","true","","","","REVIEW","Convert string source to object {title, url, type}","VISIBLE_PARTIAL_STRING","VISIBLE_FRESH"
"CORE-NIT-DURGAPUR","National Institute of Technology, Durgapur","cutoffs","true","1","JoSAA Round 1","https://josaa.admissions.nic.in/applicant/SeatAllotmentResult/CurrentORCR.aspx","primary_authority","N/A","2026-04-16T15:55:46.774Z","N/A","YES","N/A","true","","","","SAFE","None","VISIBLE_FULL","VISIBLE_FRESH"
"CORE-NIT-DURGAPUR","National Institute of Technology, Durgapur","fees","","","N/A","N/A","N/A","N/A","N/A","N/A","N/A","N/A","","","","","SAFE","None","NOT_APPLICABLE","NOT_APPLICABLE"
"CORE-NIT-DURGAPUR","National Institute of Technology, Durgapur","placements","","","N/A","N/A","N/A","N/A","N/A","N/A","N/A","N/A","","","","","SAFE","None","NOT_APPLICABLE","NOT_APPLICABLE"
"CORE-NIT-DURGAPUR","National Institute of Technology, Durgapur","rankings","","","N/A","N/A","N/A","N/A","N/A","N/A","N/A","N/A","","","","","SAFE","None","NOT_APPLICABLE","NOT_APPLICABLE"
"CORE-NIT-DURGAPUR","National Institute of Technology, Durgapur","ceiScore","true","1","CEI Intelligence Analysis","N/A","N/A","N/A","N/A","N/A","N/A","N/A","","","","","REVIEW","None (Internal Calculation)","INTERNAL_METHODOLOGY_VISIBLE","MISSING"
"CORE-NIT-HAMIRPUR","National Institute of Technology, Hamirpur","seats","true","48","Official Authority","N/A","N/A","N/A","2026-04-16T18:30:45.329Z","N/A","YES","N/A","true","","","","REVIEW","Convert string source to object {title, url, type}","VISIBLE_PARTIAL_STRING","VISIBLE_FRESH"
"CORE-NIT-HAMIRPUR","National Institute of Technology, Hamirpur","cutoffs","true","1","JoSAA Round 1","https://josaa.admissions.nic.in/applicant/SeatAllotmentResult/CurrentORCR.aspx","primary_authority","N/A","2026-04-16T15:55:46.777Z","N/A","YES","N/A","true","","","","SAFE","None","VISIBLE_FULL","VISIBLE_FRESH"
"CORE-NIT-HAMIRPUR","National Institute of Technology, Hamirpur","fees","","","N/A","N/A","N/A","N/A","N/A","N/A","N/A","N/A","","","","","SAFE","None","NOT_APPLICABLE","NOT_APPLICABLE"
"CORE-NIT-HAMIRPUR","National Institute of Technology, Hamirpur","placements","","","N/A","N/A","N/A","N/A","N/A","N/A","N/A","N/A","","","","","SAFE","None","NOT_APPLICABLE","NOT_APPLICABLE"
"CORE-NIT-HAMIRPUR","National Institute of Technology, Hamirpur","rankings","","","N/A","N/A","N/A","N/A","N/A","N/A","N/A","N/A","","","","","SAFE","None","NOT_APPLICABLE","NOT_APPLICABLE"
"CORE-NIT-HAMIRPUR","National Institute of Technology, Hamirpur","ceiScore","true","1","CEI Intelligence Analysis","N/A","N/A","N/A","N/A","N/A","N/A","N/A","","","","","REVIEW","None (Internal Calculation)","INTERNAL_METHODOLOGY_VISIBLE","MISSING"
"CORE-NIT-JAMSHEDPUR","National Institute of Technology, Jamshedpur","seats","true","32","Official Authority","N/A","N/A","N/A","2026-04-16T18:30:45.340Z","N/A","YES","N/A","true","","","","REVIEW","Convert string source to object {title, url, type}","VISIBLE_PARTIAL_STRING","VISIBLE_FRESH"
"CORE-NIT-JAMSHEDPUR","National Institute of Technology, Jamshedpur","cutoffs","true","1","JoSAA Round 1","https://josaa.admissions.nic.in/applicant/SeatAllotmentResult/CurrentORCR.aspx","primary_authority","N/A","2026-04-16T15:55:46.800Z","N/A","YES","N/A","true","","","","SAFE","None","VISIBLE_FULL","VISIBLE_FRESH"
"CORE-NIT-JAMSHEDPUR","National Institute of Technology, Jamshedpur","fees","","","N/A","N/A","N/A","N/A","N/A","N/A","N/A","N/A","","","","","SAFE","None","NOT_APPLICABLE","NOT_APPLICABLE"
"CORE-NIT-JAMSHEDPUR","National Institute of Technology, Jamshedpur","placements","","","N/A","N/A","N/A","N/A","N/A","N/A","N/A","N/A","","","","","SAFE","None","NOT_APPLICABLE","NOT_APPLICABLE"
"CORE-NIT-JAMSHEDPUR","National Institute of Technology, Jamshedpur","rankings","","","N/A","N/A","N/A","N/A","N/A","N/A","N/A","N/A","","","","","SAFE","None","NOT_APPLICABLE","NOT_APPLICABLE"
"CORE-NIT-JAMSHEDPUR","National Institute of Technology, Jamshedpur","ceiScore","true","1","CEI Intelligence Analysis","N/A","N/A","N/A","N/A","N/A","N/A","N/A","","","","","REVIEW","None (Internal Calculation)","INTERNAL_METHODOLOGY_VISIBLE","MISSING"
"CORE-NIT-SURATHKAL","National Institute of Technology, Karnataka","seats","true","44","Official Authority","N/A","N/A","N/A","2026-04-16T18:30:45.330Z","N/A","YES","N/A","true","","","","REVIEW","Convert string source to object {title, url, type}","VISIBLE_PARTIAL_STRING","VISIBLE_FRESH"
"CORE-NIT-SURATHKAL","National Institute of Technology, Karnataka","cutoffs","true","1","JoSAA Round 1","https://josaa.admissions.nic.in/applicant/SeatAllotmentResult/CurrentORCR.aspx","primary_authority","N/A","2026-04-16T15:55:46.780Z","N/A","YES","N/A","true","","","","SAFE","None","VISIBLE_FULL","VISIBLE_FRESH"
"CORE-NIT-SURATHKAL","National Institute of Technology, Karnataka","fees","","","N/A","N/A","N/A","N/A","N/A","N/A","N/A","N/A","","","","","SAFE","None","NOT_APPLICABLE","NOT_APPLICABLE"
"CORE-NIT-SURATHKAL","National Institute of Technology, Karnataka","placements","","","N/A","N/A","N/A","N/A","N/A","N/A","N/A","N/A","","","","","SAFE","None","NOT_APPLICABLE","NOT_APPLICABLE"
"CORE-NIT-SURATHKAL","National Institute of Technology, Karnataka","rankings","","","N/A","N/A","N/A","N/A","N/A","N/A","N/A","N/A","","","","","SAFE","None","NOT_APPLICABLE","NOT_APPLICABLE"
"CORE-NIT-SURATHKAL","National Institute of Technology, Karnataka","ceiScore","true","1","CEI Intelligence Analysis","N/A","N/A","N/A","N/A","N/A","N/A","N/A","","","","","REVIEW","None (Internal Calculation)","INTERNAL_METHODOLOGY_VISIBLE","MISSING"
"CORE-NIT-KURUKSHETRA","National Institute of Technology, Kurukshetra","seats","true","80","Official Authority","N/A","N/A","N/A","2026-04-16T18:30:45.342Z","N/A","YES","N/A","true","","","","REVIEW","Convert string source to object {title, url, type}","VISIBLE_PARTIAL_STRING","VISIBLE_FRESH"
"CORE-NIT-KURUKSHETRA","National Institute of Technology, Kurukshetra","cutoffs","true","1","JoSAA Round 1","https://josaa.admissions.nic.in/applicant/SeatAllotmentResult/CurrentORCR.aspx","primary_authority","N/A","2026-04-16T15:55:46.803Z","N/A","YES","N/A","true","","","","SAFE","None","VISIBLE_FULL","VISIBLE_FRESH"
"CORE-NIT-KURUKSHETRA","National Institute of Technology, Kurukshetra","fees","","","N/A","N/A","N/A","N/A","N/A","N/A","N/A","N/A","","","","","SAFE","None","NOT_APPLICABLE","NOT_APPLICABLE"
"CORE-NIT-KURUKSHETRA","National Institute of Technology, Kurukshetra","placements","","","N/A","N/A","N/A","N/A","N/A","N/A","N/A","N/A","","","","","SAFE","None","NOT_APPLICABLE","NOT_APPLICABLE"
"CORE-NIT-KURUKSHETRA","National Institute of Technology, Kurukshetra","rankings","","","N/A","N/A","N/A","N/A","N/A","N/A","N/A","N/A","","","","","SAFE","None","NOT_APPLICABLE","NOT_APPLICABLE"
"CORE-NIT-KURUKSHETRA","National Institute of Technology, Kurukshetra","ceiScore","true","1","CEI Intelligence Analysis","N/A","N/A","N/A","N/A","N/A","N/A","N/A","","","","","REVIEW","None (Internal Calculation)","INTERNAL_METHODOLOGY_VISIBLE","MISSING"
"CORE-NIT-PATNA","National Institute of Technology, Patna","seats","true","72","Official Authority","N/A","N/A","N/A","2026-04-16T18:30:45.333Z","N/A","YES","N/A","true","","","","REVIEW","Convert string source to object {title, url, type}","VISIBLE_PARTIAL_STRING","VISIBLE_FRESH"
"CORE-NIT-PATNA","National Institute of Technology, Patna","cutoffs","true","1","JoSAA Round 1","https://josaa.admissions.nic.in/applicant/SeatAllotmentResult/CurrentORCR.aspx","primary_authority","N/A","2026-04-16T15:55:46.791Z","N/A","YES","N/A","true","","","","SAFE","None","VISIBLE_FULL","VISIBLE_FRESH"
"CORE-NIT-PATNA","National Institute of Technology, Patna","fees","","","N/A","N/A","N/A","N/A","N/A","N/A","N/A","N/A","","","","","SAFE","None","NOT_APPLICABLE","NOT_APPLICABLE"
"CORE-NIT-PATNA","National Institute of Technology, Patna","placements","","","N/A","N/A","N/A","N/A","N/A","N/A","N/A","N/A","","","","","SAFE","None","NOT_APPLICABLE","NOT_APPLICABLE"
"CORE-NIT-PATNA","National Institute of Technology, Patna","rankings","","","N/A","N/A","N/A","N/A","N/A","N/A","N/A","N/A","","","","","SAFE","None","NOT_APPLICABLE","NOT_APPLICABLE"
"CORE-NIT-PATNA","National Institute of Technology, Patna","ceiScore","true","1","CEI Intelligence Analysis","N/A","N/A","N/A","N/A","N/A","N/A","N/A","","","","","REVIEW","None (Internal Calculation)","INTERNAL_METHODOLOGY_VISIBLE","MISSING"
"CORE-NIT-RAIPUR","National Institute of Technology, Raipur","seats","true","48","Official Authority","N/A","N/A","N/A","2026-04-16T18:30:45.336Z","N/A","YES","N/A","true","","","","REVIEW","Convert string source to object {title, url, type}","VISIBLE_PARTIAL_STRING","VISIBLE_FRESH"
"CORE-NIT-RAIPUR","National Institute of Technology, Raipur","cutoffs","true","1","JoSAA Round 1","https://josaa.admissions.nic.in/applicant/SeatAllotmentResult/CurrentORCR.aspx","primary_authority","N/A","2026-04-16T15:55:46.796Z","N/A","YES","N/A","true","","","","SAFE","None","VISIBLE_FULL","VISIBLE_FRESH"
"CORE-NIT-RAIPUR","National Institute of Technology, Raipur","fees","","","N/A","N/A","N/A","N/A","N/A","N/A","N/A","N/A","","","","","SAFE","None","NOT_APPLICABLE","NOT_APPLICABLE"
"CORE-NIT-RAIPUR","National Institute of Technology, Raipur","placements","","","N/A","N/A","N/A","N/A","N/A","N/A","N/A","N/A","","","","","SAFE","None","NOT_APPLICABLE","NOT_APPLICABLE"
"CORE-NIT-RAIPUR","National Institute of Technology, Raipur","rankings","","","N/A","N/A","N/A","N/A","N/A","N/A","N/A","N/A","","","","","SAFE","None","NOT_APPLICABLE","NOT_APPLICABLE"
"CORE-NIT-RAIPUR","National Institute of Technology, Raipur","ceiScore","true","1","CEI Intelligence Analysis","N/A","N/A","N/A","N/A","N/A","N/A","N/A","","","","","REVIEW","None (Internal Calculation)","INTERNAL_METHODOLOGY_VISIBLE","MISSING"
"CORE-NIT-ROURKELA","National Institute of Technology, Rourkela","seats","true","96","Official Authority","N/A","N/A","N/A","2026-04-16T18:30:45.349Z","N/A","YES","N/A","true","","","","REVIEW","Convert string source to object {title, url, type}","VISIBLE_PARTIAL_STRING","VISIBLE_FRESH"
"CORE-NIT-ROURKELA","National Institute of Technology, Rourkela","cutoffs","true","1","JoSAA Round 1","https://josaa.admissions.nic.in/applicant/SeatAllotmentResult/CurrentORCR.aspx","primary_authority","N/A","2026-04-16T15:55:46.808Z","N/A","YES","N/A","true","","","","SAFE","None","VISIBLE_FULL","VISIBLE_FRESH"
"CORE-NIT-ROURKELA","National Institute of Technology, Rourkela","fees","","","N/A","N/A","N/A","N/A","N/A","N/A","N/A","N/A","","","","","SAFE","None","NOT_APPLICABLE","NOT_APPLICABLE"
"CORE-NIT-ROURKELA","National Institute of Technology, Rourkela","placements","","","N/A","N/A","N/A","N/A","N/A","N/A","N/A","N/A","","","","","SAFE","None","NOT_APPLICABLE","NOT_APPLICABLE"
"CORE-NIT-ROURKELA","National Institute of Technology, Rourkela","rankings","","","N/A","N/A","N/A","N/A","N/A","N/A","N/A","N/A","","","","","SAFE","None","NOT_APPLICABLE","NOT_APPLICABLE"
"CORE-NIT-ROURKELA","National Institute of Technology, Rourkela","ceiScore","true","1","CEI Intelligence Analysis","N/A","N/A","N/A","N/A","N/A","N/A","N/A","","","","","REVIEW","None (Internal Calculation)","INTERNAL_METHODOLOGY_VISIBLE","MISSING"
"CORE-NIT-SILCHAR","National Institute of Technology, Silchar","seats","true","24","Official Authority","N/A","N/A","N/A","2026-04-16T18:30:45.351Z","N/A","YES","N/A","true","","","","REVIEW","Convert string source to object {title, url, type}","VISIBLE_PARTIAL_STRING","VISIBLE_FRESH"
"CORE-NIT-SILCHAR","National Institute of Technology, Silchar","cutoffs","true","1","JoSAA Round 1","https://josaa.admissions.nic.in/applicant/SeatAllotmentResult/CurrentORCR.aspx","primary_authority","N/A","2026-04-16T15:55:46.810Z","N/A","YES","N/A","true","","","","SAFE","None","VISIBLE_FULL","VISIBLE_FRESH"
"CORE-NIT-SILCHAR","National Institute of Technology, Silchar","fees","","","N/A","N/A","N/A","N/A","N/A","N/A","N/A","N/A","","","","","SAFE","None","NOT_APPLICABLE","NOT_APPLICABLE"
"CORE-NIT-SILCHAR","National Institute of Technology, Silchar","placements","","","N/A","N/A","N/A","N/A","N/A","N/A","N/A","N/A","","","","","SAFE","None","NOT_APPLICABLE","NOT_APPLICABLE"
"CORE-NIT-SILCHAR","National Institute of Technology, Silchar","rankings","","","N/A","N/A","N/A","N/A","N/A","N/A","N/A","N/A","","","","","SAFE","None","NOT_APPLICABLE","NOT_APPLICABLE"
"CORE-NIT-SILCHAR","National Institute of Technology, Silchar","ceiScore","true","1","CEI Intelligence Analysis","N/A","N/A","N/A","N/A","N/A","N/A","N/A","","","","","REVIEW","None (Internal Calculation)","INTERNAL_METHODOLOGY_VISIBLE","MISSING"
"CORE-NIT-SRINAGAR","National Institute of Technology, Srinagar","seats","true","46","Official Authority","N/A","N/A","N/A","2026-04-16T18:30:45.352Z","N/A","YES","N/A","true","","","","REVIEW","Convert string source to object {title, url, type}","VISIBLE_PARTIAL_STRING","VISIBLE_FRESH"
"CORE-NIT-SRINAGAR","National Institute of Technology, Srinagar","cutoffs","true","1","JoSAA Round 1","https://josaa.admissions.nic.in/applicant/SeatAllotmentResult/CurrentORCR.aspx","primary_authority","N/A","2026-04-16T15:55:46.812Z","N/A","YES","N/A","true","","","","SAFE","None","VISIBLE_FULL","VISIBLE_FRESH"
"CORE-NIT-SRINAGAR","National Institute of Technology, Srinagar","fees","","","N/A","N/A","N/A","N/A","N/A","N/A","N/A","N/A","","","","","SAFE","None","NOT_APPLICABLE","NOT_APPLICABLE"
"CORE-NIT-SRINAGAR","National Institute of Technology, Srinagar","placements","","","N/A","N/A","N/A","N/A","N/A","N/A","N/A","N/A","","","","","SAFE","None","NOT_APPLICABLE","NOT_APPLICABLE"
"CORE-NIT-SRINAGAR","National Institute of Technology, Srinagar","rankings","","","N/A","N/A","N/A","N/A","N/A","N/A","N/A","N/A","","","","","SAFE","None","NOT_APPLICABLE","NOT_APPLICABLE"
"CORE-NIT-SRINAGAR","National Institute of Technology, Srinagar","ceiScore","true","1","CEI Intelligence Analysis","N/A","N/A","N/A","N/A","N/A","N/A","N/A","","","","","REVIEW","None (Internal Calculation)","INTERNAL_METHODOLOGY_VISIBLE","MISSING"
"CORE-NIT-TRICHY","National Institute of Technology, Tiruchirapalli","seats","true","40","Official Authority","N/A","N/A","N/A","2026-04-16T18:30:45.353Z","N/A","YES","N/A","true","","","","REVIEW","Convert string source to object {title, url, type}","VISIBLE_PARTIAL_STRING","VISIBLE_FRESH"
"CORE-NIT-TRICHY","National Institute of Technology, Tiruchirapalli","cutoffs","true","1","JoSAA Round 1","https://josaa.admissions.nic.in/applicant/SeatAllotmentResult/CurrentORCR.aspx","primary_authority","N/A","2026-04-16T15:55:46.815Z","N/A","YES","N/A","true","","","","SAFE","None","VISIBLE_FULL","VISIBLE_FRESH"
"CORE-NIT-TRICHY","National Institute of Technology, Tiruchirapalli","fees","true","1","Official Fee Structure","N/A","N/A","N/A","2026-05-01T13:19:39.201Z","N/A","YES","N/A","true","","","","REVIEW","Convert string source to object {title, url, type}","VISIBLE_PARTIAL_STRING","VISIBLE_FRESH"
"CORE-NIT-TRICHY","National Institute of Technology, Tiruchirapalli","placements","true","4","N/A","N/A","N/A","N/A","N/A","N/A","N/A","N/A","true","","","","REVIEW","Promote item source to section-level primarySource","API_ONLY_NOT_RENDERED","MISSING"
"CORE-NIT-TRICHY","National Institute of Technology, Tiruchirapalli","rankings","","","N/A","N/A","N/A","N/A","N/A","N/A","N/A","N/A","","","","","SAFE","None","NOT_APPLICABLE","NOT_APPLICABLE"
"CORE-NIT-TRICHY","National Institute of Technology, Tiruchirapalli","ceiScore","true","1","CEI Intelligence Analysis","N/A","N/A","N/A","N/A","N/A","N/A","N/A","","","","","REVIEW","None (Internal Calculation)","INTERNAL_METHODOLOGY_VISIBLE","MISSING"
"CORE-NIT-WARANGAL","National Institute of Technology, Warangal","seats","true","64","Official Authority","N/A","N/A","N/A","2026-04-16T18:30:45.354Z","N/A","YES","N/A","true","","","","REVIEW","Convert string source to object {title, url, type}","VISIBLE_PARTIAL_STRING","VISIBLE_FRESH"
"CORE-NIT-WARANGAL","National Institute of Technology, Warangal","cutoffs","true","1","JoSAA Round 1","https://josaa.admissions.nic.in/applicant/SeatAllotmentResult/CurrentORCR.aspx","primary_authority","N/A","2026-04-16T15:55:46.818Z","N/A","YES","N/A","true","","","","SAFE","None","VISIBLE_FULL","VISIBLE_FRESH"
"CORE-NIT-WARANGAL","National Institute of Technology, Warangal","fees","","","N/A","N/A","N/A","N/A","N/A","N/A","N/A","N/A","","","","","SAFE","None","NOT_APPLICABLE","NOT_APPLICABLE"
"CORE-NIT-WARANGAL","National Institute of Technology, Warangal","placements","","","N/A","N/A","N/A","N/A","N/A","N/A","N/A","N/A","","","","","SAFE","None","NOT_APPLICABLE","NOT_APPLICABLE"
"CORE-NIT-WARANGAL","National Institute of Technology, Warangal","rankings","","","N/A","N/A","N/A","N/A","N/A","N/A","N/A","N/A","","","","","SAFE","None","NOT_APPLICABLE","NOT_APPLICABLE"
"CORE-NIT-WARANGAL","National Institute of Technology, Warangal","ceiScore","true","1","CEI Intelligence Analysis","N/A","N/A","N/A","N/A","N/A","N/A","N/A","","","","","REVIEW","None (Internal Calculation)","INTERNAL_METHODOLOGY_VISIBLE","MISSING"
"CORE-IIIT-JABALPUR","Pandhi Dwarka Prasad Mishra Indian Institute of Information Technology & Manufacturing , Jabalpur","seats","true","8","Official Authority","N/A","N/A","N/A","2026-04-16T18:30:45.361Z","N/A","YES","N/A","true","","","","REVIEW","Convert string source to object {title, url, type}","VISIBLE_PARTIAL_STRING","VISIBLE_FRESH"
"CORE-IIIT-JABALPUR","Pandhi Dwarka Prasad Mishra Indian Institute of Information Technology & Manufacturing , Jabalpur","cutoffs","true","1","JoSAA Round 1","https://josaa.admissions.nic.in/applicant/SeatAllotmentResult/CurrentORCR.aspx","primary_authority","N/A","2026-04-16T15:55:46.831Z","N/A","YES","N/A","true","","","","SAFE","None","VISIBLE_FULL","VISIBLE_FRESH"
"CORE-IIIT-JABALPUR","Pandhi Dwarka Prasad Mishra Indian Institute of Information Technology & Manufacturing , Jabalpur","fees","","","N/A","N/A","N/A","N/A","N/A","N/A","N/A","N/A","","","","","SAFE","None","NOT_APPLICABLE","NOT_APPLICABLE"
"CORE-IIIT-JABALPUR","Pandhi Dwarka Prasad Mishra Indian Institute of Information Technology & Manufacturing , Jabalpur","placements","","","N/A","N/A","N/A","N/A","N/A","N/A","N/A","N/A","","","","","SAFE","None","NOT_APPLICABLE","NOT_APPLICABLE"
"CORE-IIIT-JABALPUR","Pandhi Dwarka Prasad Mishra Indian Institute of Information Technology & Manufacturing , Jabalpur","rankings","","","N/A","N/A","N/A","N/A","N/A","N/A","N/A","N/A","","","","","SAFE","None","NOT_APPLICABLE","NOT_APPLICABLE"
"CORE-IIIT-JABALPUR","Pandhi Dwarka Prasad Mishra Indian Institute of Information Technology & Manufacturing , Jabalpur","ceiScore","true","1","CEI Intelligence Analysis","N/A","N/A","N/A","N/A","N/A","N/A","N/A","","","","","REVIEW","None (Internal Calculation)","INTERNAL_METHODOLOGY_VISIBLE","MISSING"
"CORE-PUDUCHERRY-TECHNOLOGICAL-UNIVERSITY-PUDUCHERRY","Puducherry Technological University, Puducherry","seats","true","14","Official Authority","N/A","N/A","N/A","2026-04-16T18:30:45.370Z","N/A","YES","N/A","true","","","","REVIEW","Convert string source to object {title, url, type}","VISIBLE_PARTIAL_STRING","VISIBLE_FRESH"
"CORE-PUDUCHERRY-TECHNOLOGICAL-UNIVERSITY-PUDUCHERRY","Puducherry Technological University, Puducherry","cutoffs","true","1","JoSAA Round 1","https://josaa.admissions.nic.in/applicant/SeatAllotmentResult/CurrentORCR.aspx","primary_authority","N/A","2026-04-16T15:55:46.845Z","N/A","YES","N/A","true","","","","SAFE","None","VISIBLE_FULL","VISIBLE_FRESH"
"CORE-PUDUCHERRY-TECHNOLOGICAL-UNIVERSITY-PUDUCHERRY","Puducherry Technological University, Puducherry","fees","","","N/A","N/A","N/A","N/A","N/A","N/A","N/A","N/A","","","","","SAFE","None","NOT_APPLICABLE","NOT_APPLICABLE"
"CORE-PUDUCHERRY-TECHNOLOGICAL-UNIVERSITY-PUDUCHERRY","Puducherry Technological University, Puducherry","placements","","","N/A","N/A","N/A","N/A","N/A","N/A","N/A","N/A","","","","","SAFE","None","NOT_APPLICABLE","NOT_APPLICABLE"
"CORE-PUDUCHERRY-TECHNOLOGICAL-UNIVERSITY-PUDUCHERRY","Puducherry Technological University, Puducherry","rankings","","","N/A","N/A","N/A","N/A","N/A","N/A","N/A","N/A","","","","","SAFE","None","NOT_APPLICABLE","NOT_APPLICABLE"
"CORE-PUDUCHERRY-TECHNOLOGICAL-UNIVERSITY-PUDUCHERRY","Puducherry Technological University, Puducherry","ceiScore","true","1","CEI Intelligence Analysis","N/A","N/A","N/A","N/A","N/A","N/A","N/A","","","","","REVIEW","None (Internal Calculation)","INTERNAL_METHODOLOGY_VISIBLE","MISSING"
"CORE-PUNJAB-ENGINEERING-COLLEGE-CHANDIGARH","Punjab Engineering College , Chandigarh","seats","true","24","Official Authority","N/A","N/A","N/A","2026-04-16T18:30:45.369Z","N/A","YES","N/A","true","","","","REVIEW","Convert string source to object {title, url, type}","VISIBLE_PARTIAL_STRING","VISIBLE_FRESH"
"CORE-PUNJAB-ENGINEERING-COLLEGE-CHANDIGARH","Punjab Engineering College , Chandigarh","cutoffs","true","1","JoSAA Round 1","https://josaa.admissions.nic.in/applicant/SeatAllotmentResult/CurrentORCR.aspx","primary_authority","N/A","2026-04-16T15:55:46.843Z","N/A","YES","N/A","true","","","","SAFE","None","VISIBLE_FULL","VISIBLE_FRESH"
"CORE-PUNJAB-ENGINEERING-COLLEGE-CHANDIGARH","Punjab Engineering College , Chandigarh","fees","","","N/A","N/A","N/A","N/A","N/A","N/A","N/A","N/A","","","","","SAFE","None","NOT_APPLICABLE","NOT_APPLICABLE"
"CORE-PUNJAB-ENGINEERING-COLLEGE-CHANDIGARH","Punjab Engineering College , Chandigarh","placements","","","N/A","N/A","N/A","N/A","N/A","N/A","N/A","N/A","","","","","SAFE","None","NOT_APPLICABLE","NOT_APPLICABLE"
"CORE-PUNJAB-ENGINEERING-COLLEGE-CHANDIGARH","Punjab Engineering College , Chandigarh","rankings","","","N/A","N/A","N/A","N/A","N/A","N/A","N/A","N/A","","","","","SAFE","None","NOT_APPLICABLE","NOT_APPLICABLE"
"CORE-PUNJAB-ENGINEERING-COLLEGE-CHANDIGARH","Punjab Engineering College , Chandigarh","ceiScore","true","1","CEI Intelligence Analysis","N/A","N/A","N/A","N/A","N/A","N/A","N/A","","","","","REVIEW","None (Internal Calculation)","INTERNAL_METHODOLOGY_VISIBLE","MISSING"
"CORE-SANT-LONGOWAL-INSTITUTE-OF-ENGINEERING-AND-TECHNOLOGY","Sant Longowal Institute of Engineering and Technology","seats","true","15","Official Authority","N/A","N/A","N/A","2026-04-16T18:30:45.367Z","N/A","YES","N/A","true","","","","REVIEW","Convert string source to object {title, url, type}","VISIBLE_PARTIAL_STRING","VISIBLE_FRESH"
"CORE-SANT-LONGOWAL-INSTITUTE-OF-ENGINEERING-AND-TECHNOLOGY","Sant Longowal Institute of Engineering and Technology","cutoffs","true","1","JoSAA Round 1","https://josaa.admissions.nic.in/applicant/SeatAllotmentResult/CurrentORCR.aspx","primary_authority","N/A","2026-04-16T15:55:46.839Z","N/A","YES","N/A","true","","","","SAFE","None","VISIBLE_FULL","VISIBLE_FRESH"
"CORE-SANT-LONGOWAL-INSTITUTE-OF-ENGINEERING-AND-TECHNOLOGY","Sant Longowal Institute of Engineering and Technology","fees","","","N/A","N/A","N/A","N/A","N/A","N/A","N/A","N/A","","","","","SAFE","None","NOT_APPLICABLE","NOT_APPLICABLE"
"CORE-SANT-LONGOWAL-INSTITUTE-OF-ENGINEERING-AND-TECHNOLOGY","Sant Longowal Institute of Engineering and Technology","placements","","","N/A","N/A","N/A","N/A","N/A","N/A","N/A","N/A","","","","","SAFE","None","NOT_APPLICABLE","NOT_APPLICABLE"
"CORE-SANT-LONGOWAL-INSTITUTE-OF-ENGINEERING-AND-TECHNOLOGY","Sant Longowal Institute of Engineering and Technology","rankings","","","N/A","N/A","N/A","N/A","N/A","N/A","N/A","N/A","","","","","SAFE","None","NOT_APPLICABLE","NOT_APPLICABLE"
"CORE-SANT-LONGOWAL-INSTITUTE-OF-ENGINEERING-AND-TECHNOLOGY","Sant Longowal Institute of Engineering and Technology","ceiScore","true","1","CEI Intelligence Analysis","N/A","N/A","N/A","N/A","N/A","N/A","N/A","","","","","REVIEW","None (Internal Calculation)","INTERNAL_METHODOLOGY_VISIBLE","MISSING"
"CORE-SARDAR-VALLABHBHAI-NATIONAL-INSTITUTE-OF-TECHNOLOGY-SURAT","Sardar Vallabhbhai National Institute of Technology, Surat","seats","true","54","Official Authority","N/A","N/A","N/A","2026-04-16T18:30:45.355Z","N/A","YES","N/A","true","","","","REVIEW","Convert string source to object {title, url, type}","VISIBLE_PARTIAL_STRING","VISIBLE_FRESH"
"CORE-SARDAR-VALLABHBHAI-NATIONAL-INSTITUTE-OF-TECHNOLOGY-SURAT","Sardar Vallabhbhai National Institute of Technology, Surat","cutoffs","true","1","JoSAA Round 1","https://josaa.admissions.nic.in/applicant/SeatAllotmentResult/CurrentORCR.aspx","primary_authority","N/A","2026-04-16T15:55:46.822Z","N/A","YES","N/A","true","","","","SAFE","None","VISIBLE_FULL","VISIBLE_FRESH"
"CORE-SARDAR-VALLABHBHAI-NATIONAL-INSTITUTE-OF-TECHNOLOGY-SURAT","Sardar Vallabhbhai National Institute of Technology, Surat","fees","true","1","Official Fee Structure","N/A","N/A","N/A","2026-05-01T13:20:00.356Z","N/A","YES","N/A","true","","","","REVIEW","Convert string source to object {title, url, type}","VISIBLE_PARTIAL_STRING","VISIBLE_FRESH"
"CORE-SARDAR-VALLABHBHAI-NATIONAL-INSTITUTE-OF-TECHNOLOGY-SURAT","Sardar Vallabhbhai National Institute of Technology, Surat","placements","true","3","N/A","N/A","N/A","N/A","N/A","N/A","N/A","N/A","true","","","","REVIEW","Promote item source to section-level primarySource","API_ONLY_NOT_RENDERED","MISSING"
"CORE-SARDAR-VALLABHBHAI-NATIONAL-INSTITUTE-OF-TECHNOLOGY-SURAT","Sardar Vallabhbhai National Institute of Technology, Surat","rankings","","","N/A","N/A","N/A","N/A","N/A","N/A","N/A","N/A","","","","","SAFE","None","NOT_APPLICABLE","NOT_APPLICABLE"
"CORE-SARDAR-VALLABHBHAI-NATIONAL-INSTITUTE-OF-TECHNOLOGY-SURAT","Sardar Vallabhbhai National Institute of Technology, Surat","ceiScore","true","1","CEI Intelligence Analysis","N/A","N/A","N/A","N/A","N/A","N/A","N/A","","","","","REVIEW","None (Internal Calculation)","INTERNAL_METHODOLOGY_VISIBLE","MISSING"
"CORE-SCHOOL-OF-ENGINEERING-TEZPUR-UNIVERSITY-NAPAAM-TEZPUR","School of Engineering, Tezpur University, Napaam, Tezpur","seats","true","13","Official Authority","N/A","N/A","N/A","2026-04-16T18:30:45.368Z","N/A","YES","N/A","true","","","","REVIEW","Convert string source to object {title, url, type}","VISIBLE_PARTIAL_STRING","VISIBLE_FRESH"
"CORE-SCHOOL-OF-ENGINEERING-TEZPUR-UNIVERSITY-NAPAAM-TEZPUR","School of Engineering, Tezpur University, Napaam, Tezpur","cutoffs","true","1","JoSAA Round 1","https://josaa.admissions.nic.in/applicant/SeatAllotmentResult/CurrentORCR.aspx","primary_authority","N/A","2026-04-16T15:55:46.841Z","N/A","YES","N/A","true","","","","SAFE","None","VISIBLE_FULL","VISIBLE_FRESH"
"CORE-SCHOOL-OF-ENGINEERING-TEZPUR-UNIVERSITY-NAPAAM-TEZPUR","School of Engineering, Tezpur University, Napaam, Tezpur","fees","","","N/A","N/A","N/A","N/A","N/A","N/A","N/A","N/A","","","","","SAFE","None","NOT_APPLICABLE","NOT_APPLICABLE"
"CORE-SCHOOL-OF-ENGINEERING-TEZPUR-UNIVERSITY-NAPAAM-TEZPUR","School of Engineering, Tezpur University, Napaam, Tezpur","placements","","","N/A","N/A","N/A","N/A","N/A","N/A","N/A","N/A","","","","","SAFE","None","NOT_APPLICABLE","NOT_APPLICABLE"
"CORE-SCHOOL-OF-ENGINEERING-TEZPUR-UNIVERSITY-NAPAAM-TEZPUR","School of Engineering, Tezpur University, Napaam, Tezpur","rankings","","","N/A","N/A","N/A","N/A","N/A","N/A","N/A","N/A","","","","","SAFE","None","NOT_APPLICABLE","NOT_APPLICABLE"
"CORE-SCHOOL-OF-ENGINEERING-TEZPUR-UNIVERSITY-NAPAAM-TEZPUR","School of Engineering, Tezpur University, Napaam, Tezpur","ceiScore","true","1","CEI Intelligence Analysis","N/A","N/A","N/A","N/A","N/A","N/A","N/A","","","","","REVIEW","None (Internal Calculation)","INTERNAL_METHODOLOGY_VISIBLE","MISSING"
"CORE-SCHOOL-OF-STUDIES-OF-ENGINEERING-AND-TECHNOLOGY-GURU-GHASIDAS-VISHWAVIDYALAYA-BILASPUR","School of Studies of Engineering and Technology, Guru Ghasidas Vishwavidyalaya, Bilaspur","seats","true","10","Official Authority","N/A","N/A","N/A","2026-04-16T18:30:45.366Z","N/A","YES","N/A","true","","","","REVIEW","Convert string source to object {title, url, type}","VISIBLE_PARTIAL_STRING","VISIBLE_FRESH"
"CORE-SCHOOL-OF-STUDIES-OF-ENGINEERING-AND-TECHNOLOGY-GURU-GHASIDAS-VISHWAVIDYALAYA-BILASPUR","School of Studies of Engineering and Technology, Guru Ghasidas Vishwavidyalaya, Bilaspur","cutoffs","true","1","JoSAA Round 1","https://josaa.admissions.nic.in/applicant/SeatAllotmentResult/CurrentORCR.aspx","primary_authority","N/A","2026-04-16T15:55:46.838Z","N/A","YES","N/A","true","","","","SAFE","None","VISIBLE_FULL","VISIBLE_FRESH"
"CORE-SCHOOL-OF-STUDIES-OF-ENGINEERING-AND-TECHNOLOGY-GURU-GHASIDAS-VISHWAVIDYALAYA-BILASPUR","School of Studies of Engineering and Technology, Guru Ghasidas Vishwavidyalaya, Bilaspur","fees","","","N/A","N/A","N/A","N/A","N/A","N/A","N/A","N/A","","","","","SAFE","None","NOT_APPLICABLE","NOT_APPLICABLE"
"CORE-SCHOOL-OF-STUDIES-OF-ENGINEERING-AND-TECHNOLOGY-GURU-GHASIDAS-VISHWAVIDYALAYA-BILASPUR","School of Studies of Engineering and Technology, Guru Ghasidas Vishwavidyalaya, Bilaspur","placements","","","N/A","N/A","N/A","N/A","N/A","N/A","N/A","N/A","","","","","SAFE","None","NOT_APPLICABLE","NOT_APPLICABLE"
"CORE-SCHOOL-OF-STUDIES-OF-ENGINEERING-AND-TECHNOLOGY-GURU-GHASIDAS-VISHWAVIDYALAYA-BILASPUR","School of Studies of Engineering and Technology, Guru Ghasidas Vishwavidyalaya, Bilaspur","rankings","","","N/A","N/A","N/A","N/A","N/A","N/A","N/A","N/A","","","","","SAFE","None","NOT_APPLICABLE","NOT_APPLICABLE"
"CORE-SCHOOL-OF-STUDIES-OF-ENGINEERING-AND-TECHNOLOGY-GURU-GHASIDAS-VISHWAVIDYALAYA-BILASPUR","School of Studies of Engineering and Technology, Guru Ghasidas Vishwavidyalaya, Bilaspur","ceiScore","true","1","CEI Intelligence Analysis","N/A","N/A","N/A","N/A","N/A","N/A","N/A","","","","","REVIEW","None (Internal Calculation)","INTERNAL_METHODOLOGY_VISIBLE","MISSING"
"CORE-SHRI-MATA-VAISHNO-DEVI-UNIVERSITY-KATRA-JAMMU-KASHMIR","Shri Mata Vaishno Devi University, Katra, Jammu & Kashmir","seats","true","9","Official Authority","N/A","N/A","N/A","2026-04-16T18:30:45.368Z","N/A","YES","N/A","true","","","","REVIEW","Convert string source to object {title, url, type}","VISIBLE_PARTIAL_STRING","VISIBLE_FRESH"
"CORE-SHRI-MATA-VAISHNO-DEVI-UNIVERSITY-KATRA-JAMMU-KASHMIR","Shri Mata Vaishno Devi University, Katra, Jammu & Kashmir","cutoffs","true","1","JoSAA Round 1","https://josaa.admissions.nic.in/applicant/SeatAllotmentResult/CurrentORCR.aspx","primary_authority","N/A","2026-04-16T15:55:46.841Z","N/A","YES","N/A","true","","","","SAFE","None","VISIBLE_FULL","VISIBLE_FRESH"
"CORE-SHRI-MATA-VAISHNO-DEVI-UNIVERSITY-KATRA-JAMMU-KASHMIR","Shri Mata Vaishno Devi University, Katra, Jammu & Kashmir","fees","","","N/A","N/A","N/A","N/A","N/A","N/A","N/A","N/A","","","","","SAFE","None","NOT_APPLICABLE","NOT_APPLICABLE"
"CORE-SHRI-MATA-VAISHNO-DEVI-UNIVERSITY-KATRA-JAMMU-KASHMIR","Shri Mata Vaishno Devi University, Katra, Jammu & Kashmir","placements","","","N/A","N/A","N/A","N/A","N/A","N/A","N/A","N/A","","","","","SAFE","None","NOT_APPLICABLE","NOT_APPLICABLE"
"CORE-SHRI-MATA-VAISHNO-DEVI-UNIVERSITY-KATRA-JAMMU-KASHMIR","Shri Mata Vaishno Devi University, Katra, Jammu & Kashmir","rankings","","","N/A","N/A","N/A","N/A","N/A","N/A","N/A","N/A","","","","","SAFE","None","NOT_APPLICABLE","NOT_APPLICABLE"
"CORE-SHRI-MATA-VAISHNO-DEVI-UNIVERSITY-KATRA-JAMMU-KASHMIR","Shri Mata Vaishno Devi University, Katra, Jammu & Kashmir","ceiScore","true","1","CEI Intelligence Analysis","N/A","N/A","N/A","N/A","N/A","N/A","N/A","","","","","REVIEW","None (Internal Calculation)","INTERNAL_METHODOLOGY_VISIBLE","MISSING"
"CORE-VISVESVARAYA-NATIONAL-INSTITUTE-OF-TECHNOLOGY-NAGPUR","Visvesvaraya National Institute of Technology, Nagpur","seats","true","36","Official Authority","N/A","N/A","N/A","2026-04-16T18:30:45.357Z","N/A","YES","N/A","true","","","","REVIEW","Convert string source to object {title, url, type}","VISIBLE_PARTIAL_STRING","VISIBLE_FRESH"
"CORE-VISVESVARAYA-NATIONAL-INSTITUTE-OF-TECHNOLOGY-NAGPUR","Visvesvaraya National Institute of Technology, Nagpur","cutoffs","true","1","JoSAA Round 1","https://josaa.admissions.nic.in/applicant/SeatAllotmentResult/CurrentORCR.aspx","primary_authority","N/A","2026-04-16T15:55:46.824Z","N/A","YES","N/A","true","","","","SAFE","None","VISIBLE_FULL","VISIBLE_FRESH"
"CORE-VISVESVARAYA-NATIONAL-INSTITUTE-OF-TECHNOLOGY-NAGPUR","Visvesvaraya National Institute of Technology, Nagpur","fees","true","1","Official Fee Structure","N/A","N/A","N/A","2026-05-01T13:20:13.924Z","N/A","YES","N/A","true","","","","REVIEW","Convert string source to object {title, url, type}","VISIBLE_PARTIAL_STRING","VISIBLE_FRESH"
"CORE-VISVESVARAYA-NATIONAL-INSTITUTE-OF-TECHNOLOGY-NAGPUR","Visvesvaraya National Institute of Technology, Nagpur","placements","true","3","N/A","N/A","N/A","N/A","N/A","N/A","N/A","N/A","true","","","","REVIEW","Promote item source to section-level primarySource","API_ONLY_NOT_RENDERED","MISSING"
"CORE-VISVESVARAYA-NATIONAL-INSTITUTE-OF-TECHNOLOGY-NAGPUR","Visvesvaraya National Institute of Technology, Nagpur","rankings","","","N/A","N/A","N/A","N/A","N/A","N/A","N/A","N/A","","","","","SAFE","None","NOT_APPLICABLE","NOT_APPLICABLE"
"CORE-VISVESVARAYA-NATIONAL-INSTITUTE-OF-TECHNOLOGY-NAGPUR","Visvesvaraya National Institute of Technology, Nagpur","ceiScore","true","1","CEI Intelligence Analysis","N/A","N/A","N/A","N/A","N/A","N/A","N/A","","","","","REVIEW","None (Internal Calculation)","INTERNAL_METHODOLOGY_VISIBLE","MISSING"
"Indian Institute of Engineering Science and Technology, Shibpur","Indian Institute of Engineering Science and Technology, Shibpur","seats","true","80","Joint Seat Allocation Authority (JoSAA)","N/A","N/A","N/A","2026-04-16T18:30:45.359Z","N/A","YES","N/A","true","","","","REVIEW","Convert string source to object {title, url, type}","VISIBLE_PARTIAL_STRING","VISIBLE_FRESH"
"Indian Institute of Engineering Science and Technology, Shibpur","Indian Institute of Engineering Science and Technology, Shibpur","cutoffs","true","1","JoSAA Round 1","https://josaa.admissions.nic.in/applicant/SeatAllotmentResult/CurrentORCR.aspx","primary_authority","N/A","2026-04-16T15:55:46.826Z","N/A","YES","N/A","true","","","","SAFE","None","VISIBLE_FULL","VISIBLE_FRESH"
"Indian Institute of Engineering Science and Technology, Shibpur","Indian Institute of Engineering Science and Technology, Shibpur","fees","","","N/A","N/A","N/A","N/A","N/A","N/A","N/A","N/A","","","","","SAFE","None","NOT_APPLICABLE","NOT_APPLICABLE"
"Indian Institute of Engineering Science and Technology, Shibpur","Indian Institute of Engineering Science and Technology, Shibpur","placements","","","N/A","N/A","N/A","N/A","N/A","N/A","N/A","N/A","","","","","SAFE","None","NOT_APPLICABLE","NOT_APPLICABLE"
"Indian Institute of Engineering Science and Technology, Shibpur","Indian Institute of Engineering Science and Technology, Shibpur","rankings","","","N/A","N/A","N/A","N/A","N/A","N/A","N/A","N/A","","","","","SAFE","None","NOT_APPLICABLE","NOT_APPLICABLE"
"Indian Institute of Engineering Science and Technology, Shibpur","Indian Institute of Engineering Science and Technology, Shibpur","ceiScore","true","1","CEI Intelligence Analysis","N/A","N/A","N/A","N/A","N/A","N/A","N/A","","","","","REVIEW","None (Internal Calculation)","INTERNAL_METHODOLOGY_VISIBLE","MISSING"